fixture,spec,strategy,model,n_runs,cache_hit_rate,context_utilization_peak,dbt_models_failed,dbt_models_succeeded,dbt_success,dollar_cost_total,extraneous_columns,gt_f1_overall,gt_field_accuracy_overall,gt_precision_overall,gt_recall_overall,gt_recall_strict,gt_tables_materialized,latency_ms_total,llm_calls_total,llm_retries_total,produced_column_count,ran_ok,target_columns_covered,tokens_input_cached,tokens_input_peak,tokens_input_total,tokens_input_uncached,tokens_output_total,tokens_thoughts_total,tokens_tool_use_prompt_total,type_mismatches,wall_clock_seconds
master_v2,ensemble_vote_writer_model_mistral128b_context_mode_live_query_tool_enable_self_correction_false,ensemble_vote,nvidia/mistral-medium-3.5-128b,3,0.0,0.0,0.0,5.0,1.0,0.0,0.0,0.9977924944812362,0.7425356716324093,0.9955947136563876,1.0,1.0,1.0,1559757.2742809523,70.0,0.0,57.0,1.0,1.0,0.0,9379.666666666666,377879.0,377879.0,41884.666666666664,0.0,0.0,0.0,1576.9463053333334
master_v2,ensemble_vote_writer_model_mistral128b_context_mode_live_query_tool_enable_self_correction_true,ensemble_vote,nvidia/mistral-medium-3.5-128b,3,0.0,0.0,0.0,5.0,1.0,0.0,0.0,0.9977924944812362,0.7425356716324093,0.9955947136563876,1.0,1.0,1.0,495861.59794742224,70.0,0.0,57.0,1.0,1.0,0.0,9379.666666666666,377879.0,377879.0,41884.666666666664,0.0,0.0,0.0,527.1915576666667
master_v2,ensemble_vote_writer_model_mistral128b_context_mode_metadata_only_enable_self_correction_false,ensemble_vote,nvidia/mistral-medium-3.5-128b,3,0.0,0.0,0.0,5.0,1.0,0.0,0.0,0.9977924944812362,0.6554151738009931,0.9955947136563876,1.0,1.0,1.0,1350354.641054466,29.0,0.0,57.0,0.6666666666666666,1.0,0.0,4637.0,88388.0,88388.0,32203.0,0.0,0.0,1.0,1022.431801
master_v2,ensemble_vote_writer_model_mistral128b_context_mode_metadata_only_enable_self_correction_true,ensemble_vote,nvidia/mistral-medium-3.5-128b,3,0.0,0.0,0.0,5.0,1.0,0.0,0.0,0.9977924944812362,0.6554151738009931,0.9955947136563876,1.0,1.0,1.0,151967.11860509822,29.0,0.0,57.0,0.6666666666666666,1.0,0.0,4637.0,88388.0,88388.0,32203.0,0.0,0.0,1.0,146.84885
master_v2,ensemble_vote_writer_model_qwen35b_context_mode_live_query_tool_enable_self_correction_false,ensemble_vote,ise-ollama/qwen3.6:35b-a3b,3,0.0,0.0,2.5,2.5,0.0,7.45806,0.0,0.7495030610826163,0.7171678340104337,1.0,0.602433628318584,0.602433628318584,0.5,2616485.1134389825,161.0,0.0,28.0,0.6666666666666666,0.49122807017543857,0.0,14173.0,1365572.0,1365572.0,126040.0,0.0,0.0,0.0,1844.7259106666668
master_v2,ensemble_vote_writer_model_qwen35b_context_mode_live_query_tool_enable_self_correction_true,ensemble_vote,ise-ollama/qwen3.6:35b-a3b,3,0.0,0.0,0.0,5.0,1.0,8.1699725,0.0,0.9977924944812362,0.7507071468979822,0.9955947136563876,1.0,1.0,1.0,1492366.1230420475,177.0,0.0,57.0,0.6666666666666666,1.0,0.0,14173.0,1492139.0,1492139.0,141855.5,0.0,0.0,0.0,1065.9644383333334
master_v2,ensemble_vote_writer_model_qwen35b_context_mode_metadata_only_enable_self_correction_false,ensemble_vote,ise-ollama/qwen3.6:35b-a3b,3,0.0,0.0,2.6666666666666665,2.3333333333333335,0.0,0.7404733333333335,0.0,0.3434265592567774,0.6274086079596615,0.7838833129089933,0.22876106194690266,0.22876106194690266,0.4666666666666667,1098469.6281339857,25.0,0.0,26.333333333333332,1.0,0.4619883040935672,0.0,5262.333333333333,86314.0,86314.0,61780.666666666664,0.0,0.0,0.0,1114.103946
master_v2,ensemble_vote_writer_model_qwen35b_context_mode_metadata_only_enable_self_correction_true,ensemble_vote,ise-ollama/qwen3.6:35b-a3b,3,0.0,0.0,0.3333333333333333,4.666666666666667,0.6666666666666666,0.9206500000000001,0.0,0.8157111585464265,0.6304215287864137,0.8409654251380717,0.7960176991150443,0.7960176991150443,0.9333333333333333,802140.1542876556,30.333333333333332,0.0,53.333333333333336,1.0,0.935672514619883,0.0,5262.333333333333,108744.0,108744.0,75386.0,0.0,0.0,0.0,871.1503833333334
master_v2,plan_then_execute_planner_model_mistral128b_context_mode_live_query_tool_enable_self_correction_false,plan_then_execute,nvidia/mistral-medium-3.5-128b,3,0.0,0.0,1.0,4.0,0.0,0.0,0.0,0.8621553884711778,0.6618847390551571,0.9942196531791907,0.7610619469026548,0.7610619469026548,0.8,1855188.7520979946,17.0,0.0,46.0,0.3333333333333333,0.8070175438596491,0.0,10564.0,83850.0,83850.0,14863.0,0.0,0.0,0.0,1852.6112603333333
master_v2,plan_then_execute_planner_model_mistral128b_context_mode_live_query_tool_enable_self_correction_true,plan_then_execute,nvidia/mistral-medium-3.5-128b,3,0.0,0.0,0.0,5.0,1.0,0.0,0.0,0.9977924944812362,0.7022125840719089,0.9955947136563876,1.0,1.0,1.0,1425408.011107902,22.5,0.0,57.0,0.6666666666666666,1.0,0.0,9347.0,109418.5,109418.5,19943.0,0.0,0.0,0.0,1591.2905660000001
master_v2,plan_then_execute_planner_model_mistral128b_context_mode_metadata_only_enable_self_correction_false,plan_then_execute,nvidia/mistral-medium-3.5-128b,3,,,,,,,,,,,,,,,,,,0.0,,,,,,,,,,1801.498773
master_v2,plan_then_execute_planner_model_mistral128b_context_mode_metadata_only_enable_self_correction_true,plan_then_execute,nvidia/mistral-medium-3.5-128b,3,0.0,0.0,0.0,5.0,1.0,0.0,0.0,0.9977924944812362,0.6250864290653089,0.9955947136563876,1.0,1.0,1.0,1249089.880299951,7.5,0.0,57.0,0.6666666666666666,1.0,0.0,4073.5,28052.0,28052.0,14346.0,0.0,0.0,0.0,1464.7718650000002
master_v2,plan_then_execute_planner_model_qwen35b_context_mode_live_query_tool_enable_self_correction_false,plan_then_execute,ise-ollama/qwen3.6:35b-a3b,3,0.0,0.0,1.0,4.0,0.0,1.3968800000000003,1.0,0.8621553884711778,0.6904183083242518,0.9942196531791907,0.7610619469026548,0.7610619469026548,0.8,1186901.7788160054,31.0,0.0,46.0,0.3333333333333333,0.7894736842105263,0.0,12487.0,239246.0,239246.0,40130.0,0.0,0.0,0.0,688.3314313333334
master_v2,plan_then_execute_planner_model_qwen35b_context_mode_live_query_tool_enable_self_correction_true,plan_then_execute,ise-ollama/qwen3.6:35b-a3b,3,0.0,0.0,1.0,4.0,0.0,3.854430000000001,1.0,0.8621553884711778,0.6904183083242518,0.9942196531791907,0.7610619469026548,0.7610619469026548,0.8,1549424.1392569894,65.0,0.0,46.0,0.3333333333333333,0.7894736842105263,0.0,23700.0,696247.0,696247.0,74639.0,0.0,0.0,0.0,594.8680863333333
master_v2,plan_then_execute_planner_model_qwen35b_context_mode_metadata_only_enable_self_correction_false,plan_then_execute,ise-ollama/qwen3.6:35b-a3b,3,0.0,0.0,1.6666666666666667,3.3333333333333335,0.0,0.2449416666666667,0.0,0.6682845877892316,0.6523616640824399,0.8819539395310972,0.5668141592920354,0.5668141592920354,0.6666666666666667,1515245.7266059816,6.0,0.6666666666666666,39.333333333333336,1.0,0.6900584795321637,0.0,4036.3333333333335,22546.666666666668,22546.666666666668,26441.666666666668,0.0,0.0,0.0,2310.9425133333334
master_v2,plan_then_execute_planner_model_qwen35b_context_mode_metadata_only_enable_self_correction_true,plan_then_execute,ise-ollama/qwen3.6:35b-a3b,3,0.0,0.0,0.3333333333333333,4.666666666666667,0.6666666666666666,0.41655666666666674,0.0,0.9191632502890781,0.6077899511015614,0.956600714691927,0.8908554572271387,0.8908554572271387,0.9333333333333333,599940.8032836872,10.666666666666666,0.0,53.333333333333336,1.0,0.935672514619883,0.0,4371.333333333333,42096.0,42096.0,41215.333333333336,0.0,0.0,0.0,678.3714223333333
master_v2,plan_write_critique_planner_model_mistral128b_context_mode_live_query_tool,plan_write_critique,nvidia/mistral-medium-3.5-128b,3,0.0,0.0,0.5,4.5,0.5,0.0,0.0,0.9251717437118537,0.6651107379589016,0.9948646537112837,0.8710176991150442,0.8710176991150442,0.9,6013007.881908895,91.0,0.0,51.5,0.6666666666666666,0.9035087719298245,0.0,23712.5,936327.0,936327.0,48365.5,0.0,0.0,0.0,4705.974908
master_v2,plan_write_critique_planner_model_mistral128b_context_mode_metadata_only,plan_write_critique,nvidia/mistral-medium-3.5-128b,3,0.0,0.0,0.0,5.0,1.0,0.0,0.0,0.9977924944812362,0.6361179206738324,0.9955947136563876,1.0,1.0,1.0,1641827.7421159437,11.0,0.0,57.0,0.3333333333333333,1.0,0.0,11254.0,57255.0,57255.0,14345.0,0.0,0.0,0.0,1763.2746226666666
master_v2,plan_write_critique_planner_model_qwen35b_context_mode_live_query_tool,plan_write_critique,ise-ollama/qwen3.6:35b-a3b,3,0.0,0.0,0.0,5.0,1.0,3.0797425,2.5,0.9977924944812362,0.7164864274559763,0.9955947136563876,1.0,1.0,1.0,1651213.713475183,48.5,0.0,57.0,0.6666666666666666,0.956140350877193,0.0,25844.0,563359.0,563359.0,52589.5,0.0,0.0,0.0,1512.957559
master_v2,plan_write_critique_planner_model_qwen35b_context_mode_metadata_only,plan_write_critique,ise-ollama/qwen3.6:35b-a3b,3,0.0,0.0,0.3333333333333333,4.666666666666667,0.6666666666666666,0.3651016666666667,0.0,0.9525801258112168,0.6427416990278635,0.9951363601639887,0.9203539823008849,0.9203539823008849,0.9333333333333333,1423400.8726159956,9.333333333333334,0.0,53.333333333333336,1.0,0.935672514619883,0.0,5243.0,37140.333333333336,37140.333333333336,35880.0,0.0,0.0,0.0,6166.9695716666665
master_v2,structured_per_table_writer_model_mistral128b_context_mode_live_query_tool_enable_self_correction_false,structured_per_table,nvidia/mistral-medium-3.5-128b,3,0.0,0.0,0.3333333333333333,4.666666666666667,0.6666666666666666,0.0,0.0,0.9726560296304214,0.7500975767694756,0.9953563665372674,0.9532448377581121,0.9532448377581121,0.9333333333333333,1130075.0075229711,22.0,0.0,53.666666666666664,1.0,0.9415204678362573,0.0,9406.0,121633.0,121633.0,13464.0,0.0,0.0,0.0,1146.5106143333335
master_v2,structured_per_table_writer_model_mistral128b_context_mode_live_query_tool_enable_self_correction_true,structured_per_table,nvidia/mistral-medium-3.5-128b,3,0.0,0.0,0.0,5.0,1.0,0.0,0.0,0.9977924944812362,0.7460347392461291,0.9955947136563876,1.0,1.0,1.0,135691.1295163421,22.666666666666668,0.0,57.0,1.0,1.0,0.0,9406.0,124407.66666666667,124407.66666666667,13990.666666666666,0.0,0.0,0.0,171.032214
master_v2,structured_per_table_writer_model_mistral128b_context_mode_metadata_only_enable_self_correction_false,structured_per_table,nvidia/mistral-medium-3.5-128b,3,0.0,0.0,1.0,4.0,0.3333333333333333,0.0,0.0,0.8427662353406435,0.6749250193693817,0.9949473418281148,0.7728613569321534,0.7728613569321534,0.8,477195.4971106825,7.0,0.0,45.666666666666664,1.0,0.8011695906432749,0.0,3363.0,19992.666666666668,19992.666666666668,9850.0,0.0,0.0,0.0,492.952196
master_v2,structured_per_table_writer_model_mistral128b_context_mode_metadata_only_enable_self_correction_true,structured_per_table,nvidia/mistral-medium-3.5-128b,3,0.0,0.0,0.0,5.0,1.0,0.0,0.0,0.9977924944812362,0.6519999161899973,0.9955947136563876,1.0,1.0,1.0,160851.05134298647,8.666666666666666,0.0,57.0,1.0,1.0,0.0,3550.3333333333335,26324.0,26324.0,14009.666666666666,0.0,0.0,0.0,210.02347566666668
master_v2,structured_per_table_writer_model_qwen35b_context_mode_live_query_tool_enable_self_correction_false,structured_per_table,ise-ollama/qwen3.6:35b-a3b,3,0.0,0.0,2.0,3.0,0.0,2.331551666666667,3.0,0.711243738080199,0.7178214705783703,0.9944889883357159,0.5668141592920354,0.5668141592920354,0.6,1364991.2426769806,47.666666666666664,0.0,35.0,1.0,0.5614035087719298,0.0,15434.666666666666,430410.6666666667,430410.6666666667,35899.666666666664,0.0,0.0,0.0,1381.9986383333332
master_v2,structured_per_table_writer_model_qwen35b_context_mode_live_query_tool_enable_self_correction_true,structured_per_table,ise-ollama/qwen3.6:35b-a3b,3,0.0,0.0,0.3333333333333333,4.666666666666667,0.6666666666666666,3.6664616666666667,3.0,0.9525801258112168,0.7203976529253818,0.9951363601639887,0.9203539823008849,0.9203539823008849,0.9333333333333333,1091568.7359409349,71.0,0.0,53.333333333333336,1.0,0.8830409356725146,0.0,18179.666666666668,675257.6666666666,675257.6666666666,58034.666666666664,0.0,0.0,0.0,1158.9911673333334
master_v2,structured_per_table_writer_model_qwen35b_context_mode_metadata_only_enable_self_correction_false,structured_per_table,ise-ollama/qwen3.6:35b-a3b,3,0.0,0.0,2.3333333333333335,2.6666666666666665,0.0,0.215845,0.0,0.5322915216526957,0.7169539693815157,0.9785809474197943,0.41755162241887905,0.41755162241887905,0.5333333333333333,576912.2942586933,6.666666666666667,0.0,31.666666666666668,1.0,0.5555555555555556,0.0,4675.333333333333,21915.666666666668,21915.666666666668,21253.333333333332,0.0,0.0,0.0,594.3224236666666
master_v2,structured_per_table_writer_model_qwen35b_context_mode_metadata_only_enable_self_correction_true,structured_per_table,ise-ollama/qwen3.6:35b-a3b,3,0.0,0.0,0.3333333333333333,4.666666666666667,0.6666666666666666,0.43902,0.0,0.9254772358318367,0.6399629027484143,0.9947897236025564,0.8806784660766962,0.8806784660766962,0.9333333333333333,1200205.3544976928,12.666666666666666,0.0,53.666666666666664,1.0,0.9415204678362573,0.0,4964.333333333333,47707.666666666664,47707.666666666664,40096.333333333336,0.0,0.0,0.0,1278.7863873333333
master_v2,write_then_critique_writer_model_mistral128b_context_mode_live_query_tool_enable_self_correction_false,write_then_critique,nvidia/mistral-medium-3.5-128b,3,0.0,0.0,0.0,5.0,1.0,0.0,0.0,0.9977924944812362,0.7368470676975297,0.9955947136563876,1.0,1.0,1.0,3573825.8269386133,73.5,0.0,57.0,0.6666666666666666,1.0,0.0,8099.5,369311.0,369311.0,48522.5,0.0,0.0,0.0,2994.4849833333333
master_v2,write_then_critique_writer_model_mistral128b_context_mode_live_query_tool_enable_self_correction_true,write_then_critique,nvidia/mistral-medium-3.5-128b,3,0.0,0.0,0.0,5.0,1.0,0.0,0.0,0.9977924944812362,0.7368470676975297,0.9955947136563876,1.0,1.0,1.0,371016.01682268665,73.5,0.0,57.0,0.6666666666666666,1.0,0.0,8099.5,369311.0,369311.0,48522.5,0.0,0.0,0.0,1289.2094346666665
master_v2,write_then_critique_writer_model_mistral128b_context_mode_metadata_only_enable_self_correction_false,write_then_critique,nvidia/mistral-medium-3.5-128b,3,0.0,0.0,0.0,5.0,1.0,0.0,0.0,0.9977924944812362,0.6583380476459866,0.9955947136563876,1.0,1.0,1.0,1419731.3337730337,22.0,0.0,57.0,0.6666666666666666,1.0,0.0,6787.5,79037.5,79037.5,27648.5,0.0,0.0,0.0,1557.2791046666666
master_v2,write_then_critique_writer_model_mistral128b_context_mode_metadata_only_enable_self_correction_true,write_then_critique,nvidia/mistral-medium-3.5-128b,3,0.0,0.0,0.0,5.0,1.0,0.0,0.0,0.9977924944812362,0.6583380476459866,0.9955947136563876,1.0,1.0,1.0,111116.02498907814,22.0,0.0,57.0,0.6666666666666666,1.0,0.0,6787.5,79037.5,79037.5,27648.5,0.0,0.0,0.0,694.045167
master_v2,write_then_critique_writer_model_qwen35b_context_mode_live_query_tool_enable_self_correction_false,write_then_critique,ise-ollama/qwen3.6:35b-a3b,3,0.0,0.0,1.3333333333333333,3.6666666666666665,0.3333333333333333,4.362801666666667,2.6666666666666665,0.7146936839720834,0.762192570157035,0.9907086975517606,0.5963126843657817,0.5963126843657817,0.7333333333333334,5059758.19164632,94.0,1.3333333333333333,43.666666666666664,1.0,0.7192982456140351,0.0,17464.0,771447.0,771447.0,101113.33333333333,0.0,0.0,0.0,6631.890173666667
master_v2,write_then_critique_writer_model_qwen35b_context_mode_live_query_tool_enable_self_correction_true,write_then_critique,ise-ollama/qwen3.6:35b-a3b,3,0.0,0.0,0.0,5.0,1.0,4.318022500000001,4.0,0.9299739414762069,0.7227461850292585,0.9949071834177892,0.8805309734513274,0.8805309734513274,1.0,751575.5000979335,94.0,0.0,58.0,0.6666666666666666,0.9473684210526316,0.0,16914.0,754456.0,754456.0,109148.5,0.0,0.0,0.0,3741.562565
master_v2,write_then_critique_writer_model_qwen35b_context_mode_metadata_only_enable_self_correction_false,write_then_critique,ise-ollama/qwen3.6:35b-a3b,3,0.0,0.0,2.0,3.0,0.0,0.7597349999999999,0.0,0.7343183718985224,0.6631380851564338,0.9924642049736248,0.5827433628318585,0.5827433628318585,0.6,3151635.657361992,21.0,2.0,33.0,0.3333333333333333,0.5789473684210527,0.0,8713.0,90065.0,90065.0,61882.0,0.0,0.0,0.0,7556.508914666667
master_v2,write_then_critique_writer_model_qwen35b_context_mode_metadata_only_enable_self_correction_true,write_then_critique,ise-ollama/qwen3.6:35b-a3b,3,0.0,0.0,0.0,5.0,1.0,0.8753825,0.0,0.9929902967168829,0.6345869748224725,0.9955521839498822,0.9904867256637169,0.9904867256637169,1.0,1909944.7851434452,23.0,0.0,57.0,0.6666666666666666,1.0,0.0,11874.0,103923.0,103923.0,71153.5,0.0,0.0,0.0,6078.091890333333
master_v2,write_tools_freeform_inline_dbt_writer_model_mistral128b_context_mode_live_query_tool,write_tools_freeform,nvidia/mistral-medium-3.5-128b,3,0.0,0.0,0.0,5.0,1.0,0.0,0.0,0.9977924944812362,0.7508957194041109,0.9955947136563876,1.0,1.0,1.0,2368412.9535513856,40.0,0.0,57.0,1.0,1.0,0.0,31261.0,844180.3333333334,844180.3333333334,12144.333333333334,0.0,0.0,0.0,2433.339829
master_v2,write_tools_freeform_inline_dbt_writer_model_mistral128b_context_mode_metadata_only,write_tools_freeform,nvidia/mistral-medium-3.5-128b,3,0.0,0.0,0.0,2.5,0.5,0.0,0.0,,,,0.0,0.0,0.0,1173808.960463575,25.0,0.0,0.0,0.6666666666666666,0.0,0.0,9019.0,180411.5,180411.5,5495.5,0.0,0.0,0.0,1443.8923109999998
master_v2,write_tools_freeform_inline_dbt_writer_model_qwen35b_context_mode_live_query_tool,write_tools_freeform,ise-ollama/qwen3.6:35b-a3b,3,0.0,0.0,0.0,0.0,0.0,0.34838666666666673,,,,,,,0.0,140901.431422295,8.0,0.0,0.0,1.0,,0.0,10197.333333333334,67242.0,67242.0,2435.3333333333335,0.0,0.0,,155.020751
master_v2,write_tools_freeform_inline_dbt_writer_model_qwen35b_context_mode_metadata_only,write_tools_freeform,ise-ollama/qwen3.6:35b-a3b,3,0.0,0.0,0.0,3.6666666666666665,1.0,0.5097916666666668,0.0,0.975609756097561,0.795,0.9523809523809523,1.0,1.0,0.06666666666666667,465953.9626336409,19.333333333333332,0.0,42.333333333333336,1.0,1.0,0.0,8959.0,87816.0,87816.0,14142.333333333334,0.0,0.0,0.0,578.2590646666667
master_v2,write_tools_freeform_writer_model_mistral128b_context_mode_live_query_tool_enable_self_correction_false,write_tools_freeform,nvidia/mistral-medium-3.5-128b,3,0.0,0.0,0.0,5.0,1.0,0.0,0.0,0.9977924944812362,0.7495128543591678,0.9955947136563876,1.0,1.0,1.0,1002988.2179055166,13.5,0.0,57.0,0.6666666666666666,1.0,0.0,24045.0,210810.0,210810.0,7043.0,0.0,0.0,0.0,2108.710322666667
master_v2,write_tools_freeform_writer_model_mistral128b_context_mode_live_query_tool_enable_self_correction_true,write_tools_freeform,nvidia/mistral-medium-3.5-128b,3,0.0,0.0,0.0,5.0,1.0,0.0,0.0,0.9977924944812362,0.7364803989356129,0.9955947136563876,1.0,1.0,1.0,1303617.4926306873,20.0,0.0,57.0,1.0,1.0,0.0,31453.333333333332,367898.6666666667,367898.6666666667,15114.666666666666,0.0,0.0,0.0,1343.304243
master_v2,write_tools_freeform_writer_model_mistral128b_context_mode_metadata_only_enable_self_correction_false,write_tools_freeform,nvidia/mistral-medium-3.5-128b,3,0.0,0.0,2.0,3.0,0.3333333333333333,0.0,0.0,0.9299739414762069,0.6496376551853855,0.9949071834177892,0.5870206489675516,0.5870206489675516,0.6,476226.2820123627,7.0,0.0,34.333333333333336,1.0,0.6023391812865497,0.0,7482.333333333333,34342.666666666664,34342.666666666664,5497.666666666667,0.0,0.0,0.0,491.8310833333333
master_v2,write_tools_freeform_writer_model_mistral128b_context_mode_metadata_only_enable_self_correction_true,write_tools_freeform,nvidia/mistral-medium-3.5-128b,3,0.0,0.0,0.0,5.0,1.0,0.0,0.0,0.9977924944812362,0.663628554067928,0.9955947136563876,1.0,1.0,1.0,981563.3619409807,15.333333333333334,0.0,57.0,1.0,1.0,0.0,15506.333333333334,116760.33333333333,116760.33333333333,9324.333333333334,0.0,0.0,0.0,1020.8235813333333
master_v2,write_tools_freeform_writer_model_qwen35b_context_mode_live_query_tool_enable_self_correction_false,write_tools_freeform,ise-ollama/qwen3.6:35b-a3b,3,0.0,0.0,0.6666666666666666,0.0,0.0,0.7052233333333333,,,,,,,0.0,292041.22482832946,12.333333333333334,0.0,0.0,1.0,,0.0,15585.333333333334,132614.0,132614.0,8430.666666666666,0.0,0.0,,306.7729693333333
master_v2,write_tools_freeform_writer_model_qwen35b_context_mode_live_query_tool_enable_self_correction_true,write_tools_freeform,ise-ollama/qwen3.6:35b-a3b,3,0.0,0.0,0.0,0.0,0.0,0.257765,,,,,,,0.0,143700.14890068464,5.333333333333333,0.0,0.0,1.0,,0.0,11752.0,47397.666666666664,47397.666666666664,4155.333333333333,0.0,0.0,,157.784329
master_v2,write_tools_freeform_writer_model_qwen35b_context_mode_metadata_only_enable_self_correction_false,write_tools_freeform,ise-ollama/qwen3.6:35b-a3b,3,0.0,0.0,0.3333333333333333,1.6666666666666667,0.3333333333333333,0.16007666666666667,0.0,0.9188825722843694,0.7117468464011872,0.9733003027800715,0.8805309734513274,0.8805309734513274,0.33333333333333337,283059.92719468486,5.333333333333333,0.0,19.666666666666668,1.0,0.9035087719298245,0.0,6577.666666666667,26809.0,26809.0,5206.333333333333,0.0,0.0,0.0,298.098707
master_v2,write_tools_freeform_writer_model_qwen35b_context_mode_metadata_only_enable_self_correction_true,write_tools_freeform,ise-ollama/qwen3.6:35b-a3b,3,0.0,0.0,0.0,2.0,0.6666666666666666,0.4222883333333333,0.0,0.9867011252893986,0.7164688750602384,0.97398783301867,1.0,1.0,0.4,451527.10819000396,11.333333333333334,0.0,23.333333333333332,1.0,1.0,0.0,7228.666666666667,68763.0,68763.0,15694.666666666666,0.0,0.0,0.0,495.01074900000003
messy_data_v2,ensemble_vote_writer_model_mistral128b_context_mode_live_query_tool_enable_self_correction_false,ensemble_vote,nvidia/mistral-medium-3.5-128b,3,0.0,0.0,0.6666666666666666,4.333333333333333,0.3333333333333333,0.0,0.0,0.9125898693323454,0.7427598044969065,0.9946646428775989,0.8489154824233358,0.8489154824233358,0.8666666666666667,1500091.3721180696,71.0,0.0,49.666666666666664,1.0,0.8713450292397661,0.0,6517.333333333333,310078.0,310078.0,34502.666666666664,0.0,0.0,0.0,1517.003435
messy_data_v2,ensemble_vote_writer_model_mistral128b_context_mode_live_query_tool_enable_self_correction_true,ensemble_vote,nvidia/mistral-medium-3.5-128b,3,0.0,0.0,0.0,5.0,1.0,0.0,0.0,0.9977611940298508,0.7509468691373757,0.9955323901712584,1.0,1.0,1.0,1177010.1114533704,81.33333333333333,0.0,57.0,1.0,1.0,0.0,7251.333333333333,365949.0,365949.0,39322.0,0.0,0.0,0.0,1232.1216026666666
messy_data_v2,ensemble_vote_writer_model_mistral128b_context_mode_metadata_only_enable_self_correction_false,ensemble_vote,nvidia/mistral-medium-3.5-128b,3,0.0,0.0,0.3333333333333333,4.666666666666667,0.6666666666666666,0.0,0.0,0.8357725466064713,0.6687164782345343,0.875962254424652,0.8047868362004488,0.8047868362004488,0.9333333333333333,661523.0274686668,32.0,0.0,53.333333333333336,1.0,0.935672514619883,0.0,4497.0,94300.0,94300.0,22809.666666666668,0.0,0.0,0.0,677.2827346666667
messy_data_v2,ensemble_vote_writer_model_mistral128b_context_mode_metadata_only_enable_self_correction_true,ensemble_vote,nvidia/mistral-medium-3.5-128b,3,0.0,0.0,0.0,5.0,1.0,0.0,0.0,0.8783582089552239,0.6583278438778557,0.8763961280714818,0.8803290949887809,0.8803290949887809,1.0,182928.2419536321,32.333333333333336,0.0,57.0,1.0,1.0,0.0,4497.0,95594.33333333333,95594.33333333333,23274.333333333332,0.0,0.0,0.0,217.137742
messy_data_v2,ensemble_vote_writer_model_qwen35b_context_mode_live_query_tool_enable_self_correction_false,ensemble_vote,ise-ollama/qwen3.6:35b-a3b,3,0.0,0.0,1.3333333333333333,3.6666666666666665,0.0,3.7830400000000006,0.0,0.7746961801609121,0.7376863240528858,0.9925824175824176,0.6537023186237846,0.6537023186237846,0.7333333333333334,1502405.0230162684,99.0,0.0,42.666666666666664,1.0,0.7485380116959064,0.0,12093.0,674183.0,674183.0,82425.0,0.0,0.0,0.0,1520.8504833333334
messy_data_v2,ensemble_vote_writer_model_qwen35b_context_mode_live_query_tool_enable_self_correction_true,ensemble_vote,ise-ollama/qwen3.6:35b-a3b,3,0.0,0.0,0.3333333333333333,4.666666666666667,0.6666666666666666,5.121058333333335,0.0,0.955175531681098,0.733768826767194,0.9950985165244287,0.9244577412116679,0.9244577412116679,0.9333333333333333,1411137.4395792857,123.33333333333333,0.0,53.333333333333336,1.0,0.935672514619883,0.0,16919.333333333332,922219.3333333334,922219.3333333334,101992.33333333333,0.0,0.0,0.0,1477.9307933333334
messy_data_v2,ensemble_vote_writer_model_qwen35b_context_mode_metadata_only_enable_self_correction_false,ensemble_vote,ise-ollama/qwen3.6:35b-a3b,3,0.0,0.0,1.3333333333333333,3.6666666666666665,0.0,0.7684283333333334,0.3333333333333333,0.7932605161605302,0.6272814218741076,0.9551797448782373,0.6826227873348292,0.6826227873348292,0.7333333333333334,1151459.696922005,26.0,0.0,41.666666666666664,1.0,0.7251461988304093,0.0,5189.0,84626.0,84626.0,69059.66666666667,0.0,0.0,0.0,1167.2369436666668
messy_data_v2,ensemble_vote_writer_model_qwen35b_context_mode_metadata_only_enable_self_correction_true,ensemble_vote,ise-ollama/qwen3.6:35b-a3b,3,0.0,0.0,0.0,5.0,1.0,0.890495,0.3333333333333333,0.9679104477611941,0.6402556433627311,0.9657483246463142,0.9700822737471952,0.9700822737471952,1.0,653277.7686173018,28.666666666666668,0.0,57.0,1.0,0.9941520467836257,0.0,6839.333333333333,98093.0,98093.0,80006.0,0.0,0.0,0.0,711.7585436666667
messy_data_v2,plan_then_execute_planner_model_mistral128b_context_mode_live_query_tool_enable_self_correction_false,plan_then_execute,nvidia/mistral-medium-3.5-128b,3,0.0,0.0,0.0,5.0,1.0,0.0,0.0,0.9977611940298508,0.7079749389402145,0.9955323901712584,1.0,1.0,1.0,1825670.715569926,19.0,0.0,57.0,0.3333333333333333,1.0,0.0,7459.0,78481.0,78481.0,12369.0,0.0,0.0,0.0,1829.8950069999999
messy_data_v2,plan_then_execute_planner_model_mistral128b_context_mode_live_query_tool_enable_self_correction_true,plan_then_execute,nvidia/mistral-medium-3.5-128b,3,0.0,0.0,0.0,5.0,1.0,0.0,0.0,0.9977611940298508,0.7116385260698737,0.9955323901712584,1.0,1.0,1.0,1748766.6184889968,20.5,0.0,57.0,0.6666666666666666,1.0,0.0,6236.5,83881.0,83881.0,12328.5,0.0,0.0,0.0,1792.794696
messy_data_v2,plan_then_execute_planner_model_mistral128b_context_mode_metadata_only_enable_self_correction_false,plan_then_execute,nvidia/mistral-medium-3.5-128b,3,0.0,0.0,0.0,5.0,1.0,0.0,0.0,0.9977611940298508,0.6109164277370712,0.9955323901712584,1.0,1.0,1.0,1308074.298243984,7.0,0.0,57.0,0.3333333333333333,1.0,0.0,4475.0,26616.0,26616.0,12214.0,0.0,0.0,0.0,1642.1460323333333
messy_data_v2,plan_then_execute_planner_model_mistral128b_context_mode_metadata_only_enable_self_correction_true,plan_then_execute,nvidia/mistral-medium-3.5-128b,3,0.0,0.0,0.0,5.0,1.0,0.0,0.0,0.9977611940298508,0.5962089837527875,0.9955323901712584,1.0,1.0,1.0,913356.5806325132,6.0,0.0,57.0,0.6666666666666666,1.0,0.0,3906.0,21493.0,21493.0,9240.5,0.0,0.0,0.0,1229.336266
messy_data_v2,plan_then_execute_planner_model_qwen35b_context_mode_live_query_tool_enable_self_correction_false,plan_then_execute,ise-ollama/qwen3.6:35b-a3b,3,0.0,0.0,1.0,4.0,0.0,0.6195850000000002,0.0,0.7835737311283841,0.6677682342430149,0.8962183206864058,0.6960857641485914,0.6960857641485914,0.8,1226574.2846416784,14.333333333333334,0.0,46.0,1.0,0.8070175438596491,0.0,11827.666666666666,88384.33333333333,88384.33333333333,35532.666666666664,0.0,0.0,0.0,1242.5228483333333
messy_data_v2,plan_then_execute_planner_model_qwen35b_context_mode_live_query_tool_enable_self_correction_true,plan_then_execute,ise-ollama/qwen3.6:35b-a3b,3,0.0,0.0,0.0,5.0,1.0,0.8522066666666669,0.0,0.9212200032001548,0.6961192976395765,0.9197341339610933,0.9227125405135876,0.9227125405135876,1.0,353240.4739274595,19.666666666666668,0.0,57.0,1.0,1.0,0.0,11827.666666666666,127671.33333333333,127671.33333333333,42770.0,0.0,0.0,0.0,402.956926
messy_data_v2,plan_then_execute_planner_model_qwen35b_context_mode_metadata_only_enable_self_correction_false,plan_then_execute,ise-ollama/qwen3.6:35b-a3b,3,0.0,0.0,1.3333333333333333,3.6666666666666665,0.0,0.25845333333333337,0.0,0.8372806586414014,0.607875785141867,0.9938009049773756,0.7260034904013961,0.7260034904013961,0.7333333333333334,1072520.9703027066,6.0,0.6666666666666666,42.666666666666664,1.0,0.7485380116959064,0.0,3812.0,21461.0,21461.0,30229.666666666668,0.0,0.0,1.3333333333333333,1863.2627846666667
messy_data_v2,plan_then_execute_planner_model_qwen35b_context_mode_metadata_only_enable_self_correction_true,plan_then_execute,ise-ollama/qwen3.6:35b-a3b,3,0.0,0.0,0.3333333333333333,4.666666666666667,0.6666666666666666,0.43946,0.0,0.955175531681098,0.6096016163377542,0.9950985165244287,0.9244577412116679,0.9244577412116679,0.9333333333333333,359748.1892012972,10.666666666666666,0.0,53.333333333333336,1.0,0.935672514619883,0.0,4976.0,42031.666666666664,42031.666666666664,45860.333333333336,0.0,0.0,1.3333333333333333,437.635482
messy_data_v2,plan_write_critique_planner_model_mistral128b_context_mode_live_query_tool,plan_write_critique,nvidia/mistral-medium-3.5-128b,3,0.0,0.0,0.3333333333333333,4.666666666666667,0.6666666666666666,0.0,0.0,0.955175531681098,0.7156496498028017,0.9950985165244287,0.9244577412116679,0.9244577412116679,0.9333333333333333,2598813.803963077,72.33333333333333,0.0,53.333333333333336,1.0,0.935672514619883,0.0,24973.666666666668,834554.0,834554.0,42250.333333333336,0.0,0.0,0.0,2694.105578333333
messy_data_v2,plan_write_critique_planner_model_mistral128b_context_mode_metadata_only,plan_write_critique,nvidia/mistral-medium-3.5-128b,3,0.0,0.0,0.0,5.0,1.0,0.0,0.0,0.9977611940298508,0.6184559838589785,0.9955323901712584,1.0,1.0,1.0,2603555.141514109,20.0,0.0,57.0,0.3333333333333333,1.0,0.0,9980.0,95453.0,95453.0,26334.0,0.0,0.0,0.0,2092.898581
messy_data_v2,plan_write_critique_planner_model_qwen35b_context_mode_live_query_tool,plan_write_critique,ise-ollama/qwen3.6:35b-a3b,3,0.0,0.0,0.3333333333333333,4.666666666666667,0.6666666666666666,4.632486666666667,2.6666666666666665,0.9224519833389068,0.6859356286996482,0.994668652271035,0.8770880079780603,0.8770880079780603,0.9333333333333333,2529716.9955650363,63.666666666666664,0.3333333333333333,54.333333333333336,1.0,0.9064327485380117,0.0,28022.666666666668,859288.3333333334,859288.3333333334,67209.0,0.0,0.0,0.0,2998.2876969999998
messy_data_v2,plan_write_critique_planner_model_qwen35b_context_mode_metadata_only,plan_write_critique,ise-ollama/qwen3.6:35b-a3b,3,0.0,0.0,0.3333333333333333,4.666666666666667,0.6666666666666666,0.6808966666666667,0.0,0.955175531681098,0.6174914890064441,0.9950985165244287,0.9244577412116679,0.9244577412116679,0.9333333333333333,3901335.113830661,15.333333333333334,2.0,53.333333333333336,1.0,0.935672514619883,0.0,7928.0,68015.33333333333,68015.33333333333,68164.0,0.0,0.0,0.0,8691.207011666665
messy_data_v2,structured_per_table_writer_model_mistral128b_context_mode_live_query_tool_enable_self_correction_false,structured_per_table,nvidia/mistral-medium-3.5-128b,3,0.0,0.0,0.0,5.0,1.0,0.0,0.0,0.9977611940298508,0.7480443170153269,0.9955323901712584,1.0,1.0,1.0,1915595.5951068997,25.0,0.0,57.0,1.0,1.0,0.0,8449.333333333334,116815.0,116815.0,10708.333333333334,0.0,0.0,0.0,1931.7503156666667
messy_data_v2,structured_per_table_writer_model_mistral128b_context_mode_live_query_tool_enable_self_correction_true,structured_per_table,nvidia/mistral-medium-3.5-128b,3,0.0,0.0,0.0,5.0,1.0,0.0,0.0,0.9977611940298508,0.7480443170153269,0.9955323901712584,1.0,1.0,1.0,136234.05820471817,25.0,0.0,57.0,1.0,1.0,0.0,8449.333333333334,116815.0,116815.0,10708.333333333334,0.0,0.0,0.0,166.46446066666667
messy_data_v2,structured_per_table_writer_model_mistral128b_context_mode_metadata_only_enable_self_correction_false,structured_per_table,nvidia/mistral-medium-3.5-128b,3,0.0,0.0,0.6666666666666666,4.333333333333333,0.3333333333333333,0.0,0.0,0.5239399343208233,0.7116960202016172,0.5678360730855146,0.4899027673896784,0.4899027673896784,0.8666666666666667,1425177.2312889902,9.333333333333334,0.0,49.666666666666664,1.0,0.8713450292397661,0.0,3411.3333333333335,26852.666666666668,26852.666666666668,7316.666666666667,0.0,0.0,0.6666666666666666,1440.9995346666667
messy_data_v2,structured_per_table_writer_model_mistral128b_context_mode_metadata_only_enable_self_correction_true,structured_per_table,nvidia/mistral-medium-3.5-128b,3,0.0,0.0,0.0,5.0,1.0,0.0,0.0,0.6395522388059702,0.6762021314568355,0.6381236038719286,0.6409872849663426,0.6409872849663426,1.0,130948.18417802647,10.333333333333334,0.0,57.0,1.0,1.0,0.0,3411.3333333333335,30466.0,30466.0,8665.666666666666,0.0,0.0,0.6666666666666666,170.75059299999998
messy_data_v2,structured_per_table_writer_model_qwen35b_context_mode_live_query_tool_enable_self_correction_false,structured_per_table,ise-ollama/qwen3.6:35b-a3b,3,0.0,0.0,1.6666666666666667,3.3333333333333335,0.0,1.0654433333333333,0.6666666666666666,0.7553892839784647,0.7359084069426147,0.9945054945054945,0.6237845923709798,0.6237845923709798,0.6666666666666666,818156.5926315719,26.333333333333332,0.0,38.333333333333336,1.0,0.6608187134502924,0.0,13501.333333333334,188695.66666666666,188695.66666666666,24393.0,0.0,0.0,0.0,834.5656066666667
messy_data_v2,structured_per_table_writer_model_qwen35b_context_mode_live_query_tool_enable_self_correction_true,structured_per_table,ise-ollama/qwen3.6:35b-a3b,3,0.0,0.0,0.3333333333333333,4.666666666666667,0.6666666666666666,2.256526666666667,3.3333333333333335,0.9125898693323454,0.7383951692857748,0.9946646428775989,0.8489154824233358,0.8489154824233358,0.9333333333333333,1337549.4782685225,49.666666666666664,0.0,54.0,1.0,0.8888888888888888,0.0,15029.666666666666,401266.0,401266.0,50039.333333333336,0.0,0.0,0.0,1407.464235
messy_data_v2,structured_per_table_writer_model_qwen35b_context_mode_metadata_only_enable_self_correction_false,structured_per_table,ise-ollama/qwen3.6:35b-a3b,3,0.0,0.0,1.6666666666666667,3.3333333333333335,0.0,0.21051500000000004,0.0,0.7941928365604508,0.6765152202856451,0.9932114190863821,0.6651707803540264,0.6651707803540264,0.6666666666666666,476834.1484802998,8.666666666666666,0.0,38.333333333333336,1.0,0.672514619883041,0.0,3786.0,27967.666666666668,27967.666666666668,14135.333333333334,0.0,0.0,0.0,492.552049
messy_data_v2,structured_per_table_writer_model_qwen35b_context_mode_metadata_only_enable_self_correction_true,structured_per_table,ise-ollama/qwen3.6:35b-a3b,3,0.0,0.0,0.0,5.0,1.0,0.3748583333333334,0.0,0.9977611940298508,0.6629853810484585,0.9955323901712584,1.0,1.0,1.0,607755.9316086845,12.333333333333334,0.0,57.0,1.0,1.0,0.0,7134.666666666667,45918.0,45918.0,29053.666666666668,0.0,0.0,0.0,672.1190276666666
messy_data_v2,write_then_critique_writer_model_mistral128b_context_mode_live_query_tool_enable_self_correction_false,write_then_critique,nvidia/mistral-medium-3.5-128b,3,0.0,0.0,0.0,5.0,1.0,0.0,0.0,0.9977611940298508,0.744646207213904,0.9955323901712584,1.0,1.0,1.0,4216181.433721804,56.666666666666664,0.0,57.0,1.0,1.0,0.0,7487.666666666667,264418.3333333333,264418.3333333333,30539.333333333332,0.0,0.0,0.0,4233.8354303333335
messy_data_v2,write_then_critique_writer_model_mistral128b_context_mode_live_query_tool_enable_self_correction_true,write_then_critique,nvidia/mistral-medium-3.5-128b,3,0.0,0.0,0.0,5.0,1.0,0.0,0.0,0.9977611940298508,0.7504867084350997,0.9955323901712584,1.0,1.0,1.0,503403.0196194023,57.333333333333336,0.0,57.0,1.0,1.0,0.0,7391.666666666667,268308.0,268308.0,29530.0,0.0,0.0,0.0,534.8574713333334
messy_data_v2,write_then_critique_writer_model_mistral128b_context_mode_metadata_only_enable_self_correction_false,write_then_critique,nvidia/mistral-medium-3.5-128b,3,0.0,0.0,0.6666666666666666,4.333333333333333,0.3333333333333333,0.0,0.0,0.9402600932117378,0.6528445979068166,0.9965877198006758,0.8945400149588631,0.8945400149588631,0.8666666666666667,2042895.8565909753,21.0,0.0,49.0,1.0,0.8596491228070176,0.0,6643.333333333333,75573.0,75573.0,18372.666666666668,0.0,0.0,0.0,2058.9284876666666
messy_data_v2,write_then_critique_writer_model_mistral128b_context_mode_metadata_only_enable_self_correction_true,write_then_critique,nvidia/mistral-medium-3.5-128b,3,0.0,0.0,0.3333333333333333,4.666666666666667,0.6666666666666666,0.0,0.0,0.955175531681098,0.6631241016852687,0.9950985165244287,0.9244577412116679,0.9244577412116679,0.9333333333333333,507900.15500396356,23.0,0.0,53.333333333333336,1.0,0.935672514619883,0.0,6643.333333333333,83050.0,83050.0,22749.0,0.0,0.0,0.0,567.3737366666667
messy_data_v2,write_then_critique_writer_model_qwen35b_context_mode_live_query_tool_enable_self_correction_false,write_then_critique,ise-ollama/qwen3.6:35b-a3b,3,0.0,0.0,1.0,4.0,0.0,5.041452500000002,0.0,0.8700042069835927,0.7343064692982456,0.9942307692307693,0.7733732236350037,0.7733732236350037,0.8,6093579.592460024,93.5,1.5,46.0,0.6666666666666666,0.8070175438596491,0.0,22082.0,927341.5,927341.5,80949.0,0.0,0.0,0.0,8019.4916066666665
messy_data_v2,write_then_critique_writer_model_qwen35b_context_mode_live_query_tool_enable_self_correction_true,write_then_critique,ise-ollama/qwen3.6:35b-a3b,3,0.0,0.0,1.0,4.0,0.0,8.50744,0.0,0.8700042069835927,0.746984649122807,0.9942307692307693,0.7733732236350037,0.7733732236350037,0.8,7367080.153422663,158.0,1.0,46.0,0.3333333333333333,0.8070175438596491,0.0,28261.0,1564668.0,1564668.0,136820.0,0.0,0.0,0.0,8339.427194666667
messy_data_v2,write_then_critique_writer_model_qwen35b_context_mode_metadata_only_enable_self_correction_false,write_then_critique,ise-ollama/qwen3.6:35b-a3b,3,0.0,0.0,0.6666666666666666,4.333333333333333,0.3333333333333333,0.73035,0.0,0.9125898693323454,0.6406591889388172,0.9946646428775989,0.8489154824233358,0.8489154824233358,0.8666666666666667,3463975.8213502257,20.666666666666668,4.0,49.666666666666664,1.0,0.8713450292397661,0.0,7847.333333333333,86631.0,86631.0,59439.0,0.0,0.0,0.0,8161.161437666667
messy_data_v2,write_then_critique_writer_model_qwen35b_context_mode_metadata_only_enable_self_correction_true,write_then_critique,ise-ollama/qwen3.6:35b-a3b,3,0.0,0.0,0.0,5.0,1.0,0.6931625000000001,4.0,0.9338827005067217,0.6620134560327626,0.9948815797010138,0.8866866118175019,0.8866866118175019,1.0,4364475.188345473,20.5,7.0,58.0,0.6666666666666666,0.9473684210526316,0.0,7492.0,86144.5,86144.5,52488.0,0.0,0.0,0.0,11800.194552666668
messy_data_v2,write_tools_freeform_inline_dbt_writer_model_mistral128b_context_mode_live_query_tool,write_tools_freeform,nvidia/mistral-medium-3.5-128b,3,0.0,0.0,0.0,5.0,1.0,0.0,0.0,0.9977611940298508,0.745354146755867,0.9955323901712584,1.0,1.0,1.0,1304088.6593493535,33.666666666666664,0.0,57.0,1.0,1.0,0.0,31512.666666666668,704808.3333333334,704808.3333333334,11645.666666666666,0.0,0.0,0.0,1382.9732073333334
messy_data_v2,write_tools_freeform_inline_dbt_writer_model_mistral128b_context_mode_metadata_only,write_tools_freeform,nvidia/mistral-medium-3.5-128b,3,0.0,0.0,0.0,5.0,1.0,0.0,0.0,0.9685897364337623,0.6506592212519833,0.9671038671947008,0.9700822737471952,0.9700822737471952,1.0,730144.30923628,21.333333333333332,0.0,57.0,1.0,1.0,0.0,13083.333333333334,157374.0,157374.0,6034.666666666667,0.0,0.0,0.0,826.0108713333334
messy_data_v2,write_tools_freeform_inline_dbt_writer_model_qwen35b_context_mode_live_query_tool,write_tools_freeform,ise-ollama/qwen3.6:35b-a3b,3,0.0,0.0,0.0,1.6666666666666667,0.3333333333333333,0.9526816666666668,,,,,,,0.0,434268.05795394466,18.333333333333332,0.0,19.0,1.0,,0.0,13361.0,182807.33333333334,182807.33333333334,7729.0,0.0,0.0,,481.78382266666665
messy_data_v2,write_tools_freeform_inline_dbt_writer_model_qwen35b_context_mode_metadata_only,write_tools_freeform,ise-ollama/qwen3.6:35b-a3b,3,0.0,0.0,0.0,0.0,0.0,0.153375,,,,,,,0.0,132214.26110565758,6.333333333333333,0.0,0.0,1.0,,0.0,5427.333333333333,27493.666666666668,27493.666666666668,3181.3333333333335,0.0,0.0,,150.689824
messy_data_v2,write_tools_freeform_writer_model_mistral128b_context_mode_live_query_tool_enable_self_correction_false,write_tools_freeform,nvidia/mistral-medium-3.5-128b,3,0.0,0.0,0.0,5.0,1.0,0.0,0.0,0.9977611940298508,0.7248592970160348,0.9955323901712584,1.0,1.0,1.0,974687.7004032722,19.666666666666668,0.0,57.0,1.0,1.0,0.0,16561.666666666668,236080.33333333334,236080.33333333334,6942.666666666667,0.0,0.0,0.0,990.77391
messy_data_v2,write_tools_freeform_writer_model_mistral128b_context_mode_live_query_tool_enable_self_correction_true,write_tools_freeform,nvidia/mistral-medium-3.5-128b,3,0.0,0.0,0.0,5.0,1.0,0.0,0.0,0.9977611940298508,0.7382039573820396,0.9955323901712584,1.0,1.0,1.0,628110.1088223901,14.0,0.0,57.0,1.0,1.0,0.0,17266.333333333332,165138.33333333334,165138.33333333334,6310.0,0.0,0.0,0.0,658.1954109999999
messy_data_v2,write_tools_freeform_writer_model_mistral128b_context_mode_metadata_only_enable_self_correction_false,write_tools_freeform,nvidia/mistral-medium-3.5-128b,3,0.0,0.0,0.0,5.0,1.0,0.0,0.0,0.9977611940298508,0.6712328767123288,0.9955323901712584,1.0,1.0,1.0,409226.2628616833,7.0,0.0,57.0,1.0,1.0,0.0,5997.666666666667,29712.333333333332,29712.333333333332,3821.6666666666665,0.0,0.0,0.0,424.947611
messy_data_v2,write_tools_freeform_writer_model_mistral128b_context_mode_metadata_only_enable_self_correction_true,write_tools_freeform,nvidia/mistral-medium-3.5-128b,3,0.0,0.0,0.0,5.0,1.0,0.0,0.0,0.9977611940298508,0.6670206364376482,0.9955323901712584,1.0,1.0,1.0,251930.64895468706,7.0,0.0,57.0,1.0,1.0,0.0,5744.0,28918.0,28918.0,3380.0,0.0,0.0,0.0,281.68146633333333
messy_data_v2,write_tools_freeform_writer_model_qwen35b_context_mode_live_query_tool_enable_self_correction_false,write_tools_freeform,ise-ollama/qwen3.6:35b-a3b,3,0.0,0.0,0.0,0.0,0.0,1.092346666666667,,,,,,,0.0,391648.9942960082,12.666666666666666,0.0,0.0,1.0,,0.0,15825.333333333334,214325.0,214325.0,4144.333333333333,0.0,0.0,,406.113087
messy_data_v2,write_tools_freeform_writer_model_qwen35b_context_mode_live_query_tool_enable_self_correction_true,write_tools_freeform,ise-ollama/qwen3.6:35b-a3b,3,0.0,0.0,0.6666666666666666,2.3333333333333335,0.0,2.025931666666668,0.0,0.8700042069835927,0.7425986842105263,0.9942307692307693,0.7733732236350037,0.7733732236350037,0.26666666666666666,722679.7505800545,42.666666666666664,0.0,27.333333333333332,1.0,0.8070175438596491,0.0,16334.0,387395.3333333333,387395.3333333333,17791.0,0.0,0.0,0.0,786.1431573333333
messy_data_v2,write_tools_freeform_writer_model_qwen35b_context_mode_metadata_only_enable_self_correction_false,write_tools_freeform,ise-ollama/qwen3.6:35b-a3b,3,0.0,0.0,1.0,4.0,0.0,0.1876216666666667,0.0,0.8369970405618159,0.6218481169139064,0.9574691266180628,0.743455497382199,0.743455497382199,0.8,248947.75240166928,5.666666666666667,0.0,46.0,1.0,0.8070175438596491,0.0,8715.333333333334,29715.333333333332,29715.333333333332,7809.0,0.0,0.0,0.0,264.79102966666665
messy_data_v2,write_tools_freeform_writer_model_qwen35b_context_mode_metadata_only_enable_self_correction_true,write_tools_freeform,ise-ollama/qwen3.6:35b-a3b,3,0.0,0.0,0.3333333333333333,2.0,0.3333333333333333,0.5345383333333333,0.0,0.8700042069835927,0.5927905701754386,0.9942307692307693,0.7733732236350037,0.7733732236350037,0.26666666666666666,812734.8781332839,17.333333333333332,0.0,24.0,1.0,0.8070175438596491,0.0,10002.666666666666,90999.33333333333,90999.33333333333,15908.333333333334,0.0,0.0,0.0,858.9367396666667
missing_relations_v2,ensemble_vote_writer_model_mistral128b_context_mode_live_query_tool_enable_self_correction_false,ensemble_vote,nvidia/mistral-medium-3.5-128b,3,0.0,0.0,0.0,5.0,1.0,0.0,0.0,0.8783157649176982,0.5848252961654087,0.9042370407388257,0.8564971751412429,0.8564971751412429,1.0,1971205.097501496,99.0,0.0,57.0,1.0,1.0,0.0,8867.0,496103.0,496103.0,31182.0,0.0,0.0,0.0,1989.3558783333333
missing_relations_v2,ensemble_vote_writer_model_mistral128b_context_mode_live_query_tool_enable_self_correction_true,ensemble_vote,nvidia/mistral-medium-3.5-128b,3,0.0,0.0,0.0,5.0,1.0,0.0,0.0,0.8783157649176982,0.5848252961654087,0.9042370407388257,0.8564971751412429,0.8564971751412429,1.0,619369.0848531163,99.0,0.0,57.0,1.0,1.0,0.0,8867.0,496103.0,496103.0,31182.0,0.0,0.0,0.0,651.537066
missing_relations_v2,ensemble_vote_writer_model_mistral128b_context_mode_metadata_only_enable_self_correction_false,ensemble_vote,nvidia/mistral-medium-3.5-128b,3,0.0,0.0,0.0,5.0,1.0,0.0,0.0,0.9384080212809495,0.6046330496226112,0.96415770609319,0.9167608286252354,0.9167608286252354,1.0,927650.2544239823,30.0,0.0,57.0,1.0,1.0,0.0,3505.6666666666665,85979.0,85979.0,26116.333333333332,0.0,0.0,0.0,943.6076113333334
missing_relations_v2,ensemble_vote_writer_model_mistral128b_context_mode_metadata_only_enable_self_correction_true,ensemble_vote,nvidia/mistral-medium-3.5-128b,3,0.0,0.0,0.0,5.0,1.0,0.0,0.0,0.9384080212809495,0.6046330496226112,0.96415770609319,0.9167608286252354,0.9167608286252354,1.0,195059.71361937313,30.0,0.0,57.0,1.0,1.0,0.0,3505.6666666666665,85979.0,85979.0,26116.333333333332,0.0,0.0,0.0,225.24077333333335
missing_relations_v2,ensemble_vote_writer_model_qwen35b_context_mode_live_query_tool_enable_self_correction_false,ensemble_vote,ise-ollama/qwen3.6:35b-a3b,3,0.0,0.0,1.0,4.0,0.3333333333333333,5.236996666666667,0.0,0.8188134632235452,0.5418374727996493,1.0,0.7167608286252354,0.7167608286252354,0.8,1633833.4816590166,135.0,0.0,47.0,1.0,0.8245614035087719,0.0,12205.333333333334,963521.0,963521.0,83878.33333333333,0.0,0.0,0.0,1653.5329563333332
missing_relations_v2,ensemble_vote_writer_model_qwen35b_context_mode_live_query_tool_enable_self_correction_true,ensemble_vote,ise-ollama/qwen3.6:35b-a3b,3,0.0,0.0,0.0,5.0,1.0,5.4446166666666675,0.0,1.0,0.5797869493067823,1.0,1.0,1.0,1.0,1031508.3330994336,141.33333333333334,0.0,57.0,1.0,1.0,0.0,12205.333333333334,998226.3333333334,998226.3333333334,90697.0,0.0,0.0,0.0,1090.0666106666667
missing_relations_v2,ensemble_vote_writer_model_qwen35b_context_mode_metadata_only_enable_self_correction_false,ensemble_vote,ise-ollama/qwen3.6:35b-a3b,3,0.0,0.0,0.6666666666666666,4.333333333333333,0.3333333333333333,0.702966666666667,0.0,0.8683333683990689,0.5449171199171199,0.96415770609319,0.7913370998116761,0.7913370998116761,0.8666666666666667,803888.473732523,26.0,0.0,50.0,1.0,0.8771929824561403,0.0,5259.0,85570.0,85570.0,55023.333333333336,0.0,0.0,0.0,819.9659703333333
missing_relations_v2,ensemble_vote_writer_model_qwen35b_context_mode_metadata_only_enable_self_correction_true,ensemble_vote,ise-ollama/qwen3.6:35b-a3b,3,0.0,0.0,0.0,5.0,1.0,0.7273916666666669,0.0,0.9384080212809495,0.5487707355661426,0.96415770609319,0.9167608286252354,0.9167608286252354,1.0,181787.92601176733,26.666666666666668,0.0,57.0,1.0,1.0,0.0,5259.0,88017.33333333333,88017.33333333333,57461.0,0.0,0.0,0.0,221.765146
missing_relations_v2,plan_then_execute_planner_model_mistral128b_context_mode_live_query_tool_enable_self_correction_false,plan_then_execute,nvidia/mistral-medium-3.5-128b,3,0.0,0.0,0.0,5.0,1.0,0.0,0.0,1.0,0.6051067929982334,1.0,1.0,1.0,1.0,1171129.8688440584,21.0,0.0,57.0,0.3333333333333333,1.0,0.0,5565.0,81687.0,81687.0,12585.0,0.0,0.0,0.0,1637.2656476666666
missing_relations_v2,plan_then_execute_planner_model_mistral128b_context_mode_live_query_tool_enable_self_correction_true,plan_then_execute,nvidia/mistral-medium-3.5-128b,3,0.0,0.0,0.0,5.0,1.0,0.0,0.0,1.0,0.6051067929982334,1.0,1.0,1.0,1.0,105903.81048896234,21.0,0.0,57.0,0.3333333333333333,1.0,0.0,5565.0,81687.0,81687.0,12585.0,0.0,0.0,0.0,1252.8342793333334
missing_relations_v2,plan_then_execute_planner_model_mistral128b_context_mode_metadata_only_enable_self_correction_false,plan_then_execute,nvidia/mistral-medium-3.5-128b,3,,,,,,,,,,,,,,,,,,0.0,,,,,,,,,,1801.4316833333332
missing_relations_v2,plan_then_execute_planner_model_mistral128b_context_mode_metadata_only_enable_self_correction_true,plan_then_execute,nvidia/mistral-medium-3.5-128b,3,,,,,,,,,,,,,,,,,,0.0,,,,,,,,,,1801.4445766666668
missing_relations_v2,plan_then_execute_planner_model_qwen35b_context_mode_live_query_tool_enable_self_correction_false,plan_then_execute,ise-ollama/qwen3.6:35b-a3b,3,0.0,0.0,0.6666666666666666,4.333333333333333,0.3333333333333333,0.8230683333333333,0.0,0.8528735632183908,0.5566380231577878,1.0,0.7589453860640302,0.7589453860640302,0.8666666666666667,978045.4068421774,21.666666666666668,0.0,50.333333333333336,1.0,0.8830409356725146,0.0,10004.333333333334,132898.0,132898.0,31715.666666666668,0.0,0.0,0.0,994.199876
missing_relations_v2,plan_then_execute_planner_model_qwen35b_context_mode_live_query_tool_enable_self_correction_true,plan_then_execute,ise-ollama/qwen3.6:35b-a3b,3,0.0,0.0,0.0,5.0,1.0,0.8715566666666666,0.0,1.0,0.5734168406402227,1.0,1.0,1.0,1.0,171744.55742732002,23.0,0.0,57.0,1.0,1.0,0.0,10004.333333333334,139962.0,139962.0,34349.333333333336,0.0,0.0,0.0,211.56305033333334
missing_relations_v2,plan_then_execute_planner_model_qwen35b_context_mode_metadata_only_enable_self_correction_false,plan_then_execute,ise-ollama/qwen3.6:35b-a3b,3,0.0,0.0,0.0,5.0,1.0,0.27181,0.0,1.0,0.5209035918848027,1.0,1.0,1.0,1.0,1007846.3497907409,6.333333333333333,0.0,57.0,1.0,1.0,0.0,4786.333333333333,22557.333333333332,22557.333333333332,31804.666666666668,0.0,0.0,0.0,1023.451203
missing_relations_v2,plan_then_execute_planner_model_qwen35b_context_mode_metadata_only_enable_self_correction_true,plan_then_execute,ise-ollama/qwen3.6:35b-a3b,3,0.0,0.0,0.0,5.0,1.0,0.27181,0.0,1.0,0.5209035918848027,1.0,1.0,1.0,1.0,32097.520826985903,6.333333333333333,0.0,57.0,1.0,1.0,0.0,4786.333333333333,22557.333333333332,22557.333333333332,31804.666666666668,0.0,0.0,0.0,61.576302
missing_relations_v2,plan_write_critique_planner_model_mistral128b_context_mode_live_query_tool,plan_write_critique,nvidia/mistral-medium-3.5-128b,3,0.0,0.0,0.0,5.0,1.0,0.0,0.0,1.0,0.5724265296290348,1.0,1.0,1.0,1.0,6054258.900694912,74.0,0.0,57.0,0.6666666666666666,1.0,0.0,29050.0,975476.0,975476.0,34396.5,0.0,0.0,0.0,4699.2976813333335
missing_relations_v2,plan_write_critique_planner_model_mistral128b_context_mode_metadata_only,plan_write_critique,nvidia/mistral-medium-3.5-128b,3,,,,,,,,,,,,,,,,,,0.0,,,,,,,,,,1801.5533853333334
missing_relations_v2,plan_write_critique_planner_model_qwen35b_context_mode_live_query_tool,plan_write_critique,ise-ollama/qwen3.6:35b-a3b,3,0.0,0.0,0.0,5.0,1.0,4.189350000000001,0.0,1.0,0.5681708687971736,1.0,1.0,1.0,1.0,1812992.9285339313,64.0,0.0,57.0,0.6666666666666666,1.0,0.0,25642.0,791332.5,791332.5,46537.5,0.0,0.0,0.0,1358.6672673333333
missing_relations_v2,plan_write_critique_planner_model_qwen35b_context_mode_metadata_only,plan_write_critique,ise-ollama/qwen3.6:35b-a3b,3,0.0,0.0,0.0,5.0,1.0,0.5375916666666667,0.0,1.0,0.5444569348535946,1.0,1.0,1.0,1.0,2210111.417982029,14.0,1.6666666666666667,57.0,1.0,1.0,0.0,7230.0,55175.666666666664,55175.666666666664,52342.666666666664,0.0,0.0,0.0,6558.917432333334
missing_relations_v2,structured_per_table_writer_model_mistral128b_context_mode_live_query_tool_enable_self_correction_false,structured_per_table,nvidia/mistral-medium-3.5-128b,3,0.0,0.0,0.0,5.0,1.0,0.0,0.0,0.6688245670625834,0.5688717776415776,0.669099538989868,0.6685499058380414,0.6685499058380414,1.0,1118340.4166293622,24.333333333333332,0.0,57.0,1.0,1.0,0.0,9506.0,127412.33333333333,127412.33333333333,10988.666666666666,0.0,0.0,0.3333333333333333,1134.4738366666666
missing_relations_v2,structured_per_table_writer_model_mistral128b_context_mode_live_query_tool_enable_self_correction_true,structured_per_table,nvidia/mistral-medium-3.5-128b,3,0.0,0.0,0.0,5.0,1.0,0.0,0.0,0.6688245670625834,0.5688717776415776,0.669099538989868,0.6685499058380414,0.6685499058380414,1.0,123009.69266332686,24.333333333333332,0.0,57.0,1.0,1.0,0.0,9506.0,127412.33333333333,127412.33333333333,10988.666666666666,0.0,0.0,0.3333333333333333,153.16467033333333
missing_relations_v2,structured_per_table_writer_model_mistral128b_context_mode_metadata_only_enable_self_correction_false,structured_per_table,nvidia/mistral-medium-3.5-128b,3,0.0,0.0,0.3333333333333333,4.666666666666667,0.6666666666666666,0.0,0.0,0.8610369498597292,0.6048414036111511,0.9283154121863799,0.8033898305084746,0.8033898305084746,0.9333333333333333,527508.3526387267,8.0,0.0,52.666666666666664,1.0,0.9239766081871345,0.0,3229.6666666666665,22413.666666666668,22413.666666666668,7543.666666666667,0.0,0.0,0.0,542.8784046666667
missing_relations_v2,structured_per_table_writer_model_mistral128b_context_mode_metadata_only_enable_self_correction_true,structured_per_table,nvidia/mistral-medium-3.5-128b,3,0.0,0.0,0.0,5.0,1.0,0.0,0.0,0.8768160425618988,0.6028568837023952,0.9283154121863799,0.8335216572504708,0.8335216572504708,1.0,109404.53042493512,8.333333333333334,0.0,57.0,1.0,1.0,0.0,3229.6666666666665,23480.666666666668,23480.666666666668,7826.666666666667,0.0,0.0,0.0,143.91339733333334
missing_relations_v2,structured_per_table_writer_model_qwen35b_context_mode_live_query_tool_enable_self_correction_false,structured_per_table,ise-ollama/qwen3.6:35b-a3b,3,0.0,0.0,0.6666666666666666,4.333333333333333,0.3333333333333333,1.7768483333333336,0.0,0.9211280560873304,0.590801188964445,1.0,0.8595103578154426,0.8595103578154426,0.8666666666666667,901326.2974125877,42.666666666666664,0.0,49.0,1.0,0.8596491228070176,0.0,13920.333333333334,331908.6666666667,331908.6666666667,23461.0,0.0,0.0,0.0,918.0468406666666
missing_relations_v2,structured_per_table_writer_model_qwen35b_context_mode_live_query_tool_enable_self_correction_true,structured_per_table,ise-ollama/qwen3.6:35b-a3b,3,0.0,0.0,0.0,5.0,1.0,1.8827,0.0,1.0,0.569990899844762,1.0,1.0,1.0,1.0,321077.8115830326,45.666666666666664,0.0,57.0,1.0,1.0,0.0,13920.333333333334,349834.0,349834.0,26706.0,0.0,0.0,0.0,366.31368233333336
missing_relations_v2,structured_per_table_writer_model_qwen35b_context_mode_metadata_only_enable_self_correction_false,structured_per_table,ise-ollama/qwen3.6:35b-a3b,3,0.0,0.0,1.3333333333333333,3.6666666666666665,0.3333333333333333,0.21695333333333333,0.0,0.7760239808886722,0.5592668045512696,1.0,0.6708097928436911,0.6708097928436911,0.7333333333333333,451473.76649064245,8.0,0.0,43.0,1.0,0.7543859649122807,0.0,3853.6666666666665,25202.0,25202.0,18188.666666666668,0.0,0.0,0.0,466.99554
missing_relations_v2,structured_per_table_writer_model_qwen35b_context_mode_metadata_only_enable_self_correction_true,structured_per_table,ise-ollama/qwen3.6:35b-a3b,3,0.0,0.0,0.0,5.0,1.0,0.3169766666666667,0.0,1.0,0.5651731706011456,1.0,1.0,1.0,1.0,251754.52344299993,11.0,0.0,57.0,1.0,1.0,0.0,4820.333333333333,37406.666666666664,37406.666666666664,25988.666666666668,0.0,0.0,0.0,300.834618
missing_relations_v2,write_then_critique_writer_model_mistral128b_context_mode_live_query_tool_enable_self_correction_false,write_then_critique,nvidia/mistral-medium-3.5-128b,3,0.0,0.0,0.0,5.0,1.0,0.0,0.0,0.9700395703787451,0.6028516372974536,0.970211161387632,0.9698681732580038,0.9698681732580038,1.0,5178274.099728238,81.0,0.0,57.0,1.0,1.0,0.0,9831.666666666666,390858.0,390858.0,32807.0,0.0,0.0,0.0,5195.686952666667
missing_relations_v2,write_then_critique_writer_model_mistral128b_context_mode_live_query_tool_enable_self_correction_true,write_then_critique,nvidia/mistral-medium-3.5-128b,3,0.0,0.0,0.0,5.0,1.0,0.0,0.0,0.9700395703787451,0.6028516372974536,0.970211161387632,0.9698681732580038,0.9698681732580038,1.0,418972.4200894416,81.0,0.0,57.0,1.0,1.0,0.0,9831.666666666666,390858.0,390858.0,32807.0,0.0,0.0,0.0,450.782377
missing_relations_v2,write_then_critique_writer_model_mistral128b_context_mode_metadata_only_enable_self_correction_false,write_then_critique,nvidia/mistral-medium-3.5-128b,3,0.0,0.0,0.3333333333333333,4.666666666666667,0.6666666666666666,0.0,0.0,0.8880511907790033,0.609735887288285,0.9300505188173508,0.8564971751412429,0.8564971751412429,0.9333333333333333,2245820.413725276,20.666666666666668,0.0,52.666666666666664,1.0,0.9239766081871345,0.0,5718.0,67728.0,67728.0,17221.666666666668,0.0,0.0,0.0,2261.6557836666666
missing_relations_v2,write_then_critique_writer_model_mistral128b_context_mode_metadata_only_enable_self_correction_true,write_then_critique,nvidia/mistral-medium-3.5-128b,3,0.0,0.0,0.3333333333333333,4.666666666666667,0.6666666666666666,0.0,0.0,0.8608900276398967,0.6064472463691639,0.9343688674808219,0.8033898305084746,0.8033898305084746,0.9333333333333333,540213.5880069594,22.0,0.0,53.333333333333336,1.0,0.935672514619883,0.0,5870.666666666667,72687.0,72687.0,18432.666666666668,0.0,0.0,0.0,593.4943346666668
missing_relations_v2,write_then_critique_writer_model_qwen35b_context_mode_live_query_tool_enable_self_correction_false,write_then_critique,ise-ollama/qwen3.6:35b-a3b,3,0.0,0.0,0.5,4.5,0.5,4.3025725,0.0,0.8896551724137931,0.5713551711953111,1.0,0.8192090395480226,0.8192090395480226,0.9,5916408.920584945,116.5,1.0,52.0,0.6666666666666666,0.9122807017543859,0.0,13114.0,782312.5,782312.5,78202.0,0.0,0.0,0.0,6647.964524
missing_relations_v2,write_then_critique_writer_model_qwen35b_context_mode_live_query_tool_enable_self_correction_true,write_then_critique,ise-ollama/qwen3.6:35b-a3b,3,0.0,0.0,0.0,5.0,1.0,4.194050000000001,0.0,1.0,0.5950698570740325,1.0,1.0,1.0,1.0,4538171.519529045,108.5,3.5,57.0,0.6666666666666666,1.0,0.0,12743.0,749188.5,749188.5,89621.5,0.0,0.0,0.0,5924.428336
missing_relations_v2,write_then_critique_writer_model_qwen35b_context_mode_metadata_only_enable_self_correction_false,write_then_critique,ise-ollama/qwen3.6:35b-a3b,3,0.0,0.0,1.0,4.0,0.0,0.6113575000000001,0.0,0.8816920841309956,0.5952636353721967,1.0,0.7892655367231638,0.7892655367231638,0.8,3251369.683614728,18.5,6.5,45.0,0.6666666666666666,0.7894736842105263,0.0,6589.0,71477.5,71477.5,50794.0,0.0,0.0,0.0,10110.299342
missing_relations_v2,write_then_critique_writer_model_qwen35b_context_mode_metadata_only_enable_self_correction_true,write_then_critique,ise-ollama/qwen3.6:35b-a3b,3,,,,,,,,,,,,,,,,,,0.0,,,,,,,,,,9992.582988666667
missing_relations_v2,write_tools_freeform_inline_dbt_writer_model_mistral128b_context_mode_live_query_tool,write_tools_freeform,nvidia/mistral-medium-3.5-128b,3,0.0,0.0,0.0,5.0,1.0,0.0,0.0,0.8768160425618988,0.5828896264178101,0.9283154121863799,0.8335216572504708,0.8335216572504708,1.0,1088456.859062222,30.0,0.0,57.0,1.0,1.0,0.0,28184.0,494195.3333333333,494195.3333333333,7443.0,0.0,0.0,0.0,1151.8659683333335
missing_relations_v2,write_tools_freeform_inline_dbt_writer_model_mistral128b_context_mode_metadata_only,write_tools_freeform,nvidia/mistral-medium-3.5-128b,3,0.0,0.0,0.0,5.0,1.0,0.0,0.0,0.9384080212809495,0.5973197663698707,0.96415770609319,0.9167608286252354,0.9167608286252354,1.0,526361.0482819495,16.666666666666668,0.0,57.0,1.0,1.0,0.0,10883.0,106834.33333333333,106834.33333333333,4851.333333333333,0.0,0.0,0.0,606.7806743333333
missing_relations_v2,write_tools_freeform_inline_dbt_writer_model_qwen35b_context_mode_live_query_tool,write_tools_freeform,ise-ollama/qwen3.6:35b-a3b,3,0.0,0.0,0.0,2.3333333333333335,0.6666666666666666,1.0043333333333335,0.0,1.0,0.4238505747126437,1.0,1.0,1.0,0.13333333333333333,410429.80361605686,18.0,0.0,27.666666666666668,1.0,1.0,0.0,14485.0,194363.66666666666,194363.66666666666,6503.0,0.0,0.0,0.0,439.557748
missing_relations_v2,write_tools_freeform_inline_dbt_writer_model_qwen35b_context_mode_metadata_only,write_tools_freeform,ise-ollama/qwen3.6:35b-a3b,3,0.0,0.0,0.0,1.6666666666666667,0.3333333333333333,0.11814333333333334,0.0,1.0,0.5228842139071784,1.0,1.0,1.0,0.3333333333333333,132861.17979170135,4.333333333333333,0.0,19.0,1.0,1.0,0.0,5902.333333333333,18976.333333333332,18976.333333333332,4652.333333333333,0.0,0.0,0.0,152.18150433333335
missing_relations_v2,write_tools_freeform_writer_model_mistral128b_context_mode_live_query_tool_enable_self_correction_false,write_tools_freeform,nvidia/mistral-medium-3.5-128b,3,0.0,0.0,0.0,5.0,1.0,0.0,0.0,0.8768160425618988,0.5986633775255904,0.9283154121863799,0.8335216572504708,0.8335216572504708,1.0,682786.5438049776,15.0,0.0,57.0,1.0,1.0,0.0,16831.666666666668,184396.66666666666,184396.66666666666,5445.666666666667,0.0,0.0,0.0,698.556151
missing_relations_v2,write_tools_freeform_writer_model_mistral128b_context_mode_live_query_tool_enable_self_correction_true,write_tools_freeform,nvidia/mistral-medium-3.5-128b,3,0.0,0.0,0.0,5.0,1.0,0.0,0.0,0.8910725294399384,0.5950727849735877,0.9304204415025796,0.8610169491525423,0.8610169491525423,1.0,686359.33220598,18.0,0.0,57.0,1.0,1.0,0.0,21773.666666666668,244987.33333333334,244987.33333333334,9373.666666666666,0.0,0.0,0.0,716.7872616666667
missing_relations_v2,write_tools_freeform_writer_model_mistral128b_context_mode_metadata_only_enable_self_correction_false,write_tools_freeform,nvidia/mistral-medium-3.5-128b,3,0.0,0.0,1.3333333333333333,3.6666666666666665,0.3333333333333333,0.0,0.0,0.6763657775954135,0.6092076824835445,0.96415770609319,0.5725047080979284,0.5725047080979284,0.7333333333333334,368155.3279235668,7.333333333333333,0.0,42.0,1.0,0.7368421052631579,0.0,5471.666666666667,28230.333333333332,28230.333333333332,3243.6666666666665,0.0,0.0,0.0,383.59371933333335
missing_relations_v2,write_tools_freeform_writer_model_mistral128b_context_mode_metadata_only_enable_self_correction_true,write_tools_freeform,nvidia/mistral-medium-3.5-128b,3,0.0,0.0,0.0,5.0,1.0,0.0,0.0,1.0,0.6014819182931129,1.0,1.0,1.0,1.0,475556.64373908076,11.0,0.0,56.666666666666664,1.0,0.9941520467836257,0.0,6715.0,54306.333333333336,54306.333333333336,3952.6666666666665,0.0,0.0,0.0,505.29029133333336
missing_relations_v2,write_tools_freeform_writer_model_qwen35b_context_mode_live_query_tool_enable_self_correction_false,write_tools_freeform,ise-ollama/qwen3.6:35b-a3b,3,0.0,0.0,0.0,1.6666666666666667,0.3333333333333333,0.6247216666666667,0.0,1.0,0.5901718323430223,1.0,1.0,1.0,0.3333333333333333,258946.79879729907,11.666666666666666,0.0,19.0,1.0,1.0,0.0,14769.0,118046.33333333333,118046.33333333333,6898.0,0.0,0.0,0.0,273.58579100000003
missing_relations_v2,write_tools_freeform_writer_model_qwen35b_context_mode_live_query_tool_enable_self_correction_true,write_tools_freeform,ise-ollama/qwen3.6:35b-a3b,3,0.0,0.0,0.0,3.3333333333333335,0.6666666666666666,1.1006916666666668,,,,,,,0.0,459391.25191276736,19.333333333333332,0.0,38.0,1.0,,0.0,13660.666666666666,209445.0,209445.0,10693.333333333334,0.0,0.0,,493.8033423333333
missing_relations_v2,write_tools_freeform_writer_model_qwen35b_context_mode_metadata_only_enable_self_correction_false,write_tools_freeform,ise-ollama/qwen3.6:35b-a3b,3,0.0,0.0,0.0,1.6666666666666667,0.3333333333333333,0.13981500000000002,0.0,1.0,0.6036614742251486,1.0,1.0,1.0,0.3333333333333333,172731.64846465806,4.666666666666667,0.0,19.0,1.0,1.0,0.0,7062.666666666667,21767.333333333332,21767.333333333332,6195.666666666667,0.0,0.0,0.0,187.45763266666665
missing_relations_v2,write_tools_freeform_writer_model_qwen35b_context_mode_metadata_only_enable_self_correction_true,write_tools_freeform,ise-ollama/qwen3.6:35b-a3b,3,0.0,0.0,0.0,2.3333333333333335,1.0,0.24896666666666667,,,,,,,0.0,293993.9036116314,6.666666666666667,0.0,27.666666666666668,1.0,,0.0,11089.333333333334,39759.666666666664,39759.666666666664,10033.666666666666,0.0,0.0,,327.52759933333334
wrong_field_names_v2,ensemble_vote_writer_model_mistral128b_context_mode_live_query_tool_enable_self_correction_false,ensemble_vote,nvidia/mistral-medium-3.5-128b,3,0.0,0.0,0.0,5.0,1.0,0.0,0.0,1.0,0.7968072184626063,1.0,1.0,1.0,1.0,1804626.4441879077,61.0,0.0,57.0,1.0,1.0,0.0,6146.333333333333,254741.0,254741.0,26600.0,0.0,0.0,0.0,1821.510757
wrong_field_names_v2,ensemble_vote_writer_model_mistral128b_context_mode_live_query_tool_enable_self_correction_true,ensemble_vote,nvidia/mistral-medium-3.5-128b,3,0.0,0.0,0.0,5.0,1.0,0.0,0.0,1.0,0.7968072184626063,1.0,1.0,1.0,1.0,336776.84636079357,61.0,0.0,57.0,1.0,1.0,0.0,6146.333333333333,254741.0,254741.0,26600.0,0.0,0.0,0.0,367.77821
wrong_field_names_v2,ensemble_vote_writer_model_mistral128b_context_mode_metadata_only_enable_self_correction_false,ensemble_vote,nvidia/mistral-medium-3.5-128b,3,0.0,0.0,0.6666666666666666,4.333333333333333,0.3333333333333333,0.0,0.0,0.8996884742102086,0.7555309279271047,1.0,0.8304307974335472,0.8304307974335472,0.8666666666666667,2200624.0112970797,26.0,0.0,50.333333333333336,1.0,0.8830409356725146,0.0,4293.0,77943.33333333333,77943.33333333333,34446.666666666664,0.0,0.0,0.0,2217.0581469999997
wrong_field_names_v2,ensemble_vote_writer_model_mistral128b_context_mode_metadata_only_enable_self_correction_true,ensemble_vote,nvidia/mistral-medium-3.5-128b,3,0.0,0.0,0.0,5.0,1.0,0.0,0.0,1.0,0.7229741454103765,1.0,1.0,1.0,1.0,348533.28331671463,27.0,0.0,57.0,1.0,1.0,0.0,4293.0,81422.33333333333,81422.33333333333,35845.666666666664,0.0,0.0,0.0,394.35847333333334
wrong_field_names_v2,ensemble_vote_writer_model_qwen35b_context_mode_live_query_tool_enable_self_correction_false,ensemble_vote,ise-ollama/qwen3.6:35b-a3b,3,0.0,0.0,0.5,4.5,0.5,4.06341,0.0,0.9396507447354905,0.766828235763046,1.0,0.8923006416131989,0.8923006416131989,0.9,1743185.2073585615,101.0,0.0,51.5,0.6666666666666666,0.9035087719298245,0.0,12752.0,714848.5,714848.5,97833.5,0.0,0.0,0.0,1482.6906436666666
wrong_field_names_v2,ensemble_vote_writer_model_qwen35b_context_mode_live_query_tool_enable_self_correction_true,ensemble_vote,ise-ollama/qwen3.6:35b-a3b,3,0.0,0.0,0.0,5.0,1.0,4.165324999999999,0.0,1.0,0.7747917751171265,1.0,1.0,1.0,1.0,649198.2702284149,103.5,0.0,57.0,0.6666666666666666,1.0,0.0,12752.0,732670.5,732670.5,100394.5,0.0,0.0,0.0,533.0610896666667
wrong_field_names_v2,ensemble_vote_writer_model_qwen35b_context_mode_metadata_only_enable_self_correction_false,ensemble_vote,ise-ollama/qwen3.6:35b-a3b,3,0.0,0.0,1.3333333333333333,3.6666666666666665,0.0,0.8060366666666668,0.3333333333333333,0.7712386583681597,0.7920542662619556,1.0,0.6364191872899481,0.6364191872899481,0.7333333333333334,782892.3853171,28.0,0.0,43.333333333333336,1.0,0.7543859649122807,0.0,5380.666666666667,97342.0,97342.0,63865.333333333336,0.0,0.0,0.0,798.9373313333333
wrong_field_names_v2,ensemble_vote_writer_model_qwen35b_context_mode_metadata_only_enable_self_correction_true,ensemble_vote,ise-ollama/qwen3.6:35b-a3b,3,0.0,0.0,0.3333333333333333,4.666666666666667,0.6666666666666666,0.8964666666666667,0.3333333333333333,0.9745107712547278,0.7398842579146723,1.0,0.952642835319279,0.952642835319279,0.9333333333333333,301369.9385856938,30.666666666666668,0.0,53.666666666666664,1.0,0.935672514619883,0.0,5380.666666666667,108055.33333333333,108055.33333333333,71238.0,0.0,0.0,0.0,362.4090663333333
wrong_field_names_v2,plan_then_execute_planner_model_mistral128b_context_mode_live_query_tool_enable_self_correction_false,plan_then_execute,nvidia/mistral-medium-3.5-128b,3,0.0,0.0,0.0,5.0,1.0,0.0,0.0,1.0,0.7937922956793337,1.0,1.0,1.0,1.0,1099690.6095924643,17.0,0.0,57.0,0.6666666666666666,1.0,0.0,5986.0,70087.0,70087.0,11988.0,0.0,0.0,1.0,1393.7124703333334
wrong_field_names_v2,plan_then_execute_planner_model_mistral128b_context_mode_live_query_tool_enable_self_correction_true,plan_then_execute,nvidia/mistral-medium-3.5-128b,3,0.0,0.0,0.0,5.0,1.0,0.0,0.0,1.0,0.7934235641159119,1.0,1.0,1.0,1.0,737304.8820919066,16.333333333333332,0.0,57.0,1.0,1.0,0.0,6064.333333333333,67637.0,67637.0,12628.0,0.0,0.0,0.6666666666666666,768.1751193333333
wrong_field_names_v2,plan_then_execute_planner_model_mistral128b_context_mode_metadata_only_enable_self_correction_false,plan_then_execute,nvidia/mistral-medium-3.5-128b,3,0.0,0.0,0.0,5.0,1.0,0.0,0.0,1.0,0.7674388339406559,1.0,1.0,1.0,1.0,1237515.5222142348,6.0,0.0,57.0,0.3333333333333333,1.0,0.0,3804.0,21183.0,21183.0,10236.0,0.0,0.0,0.0,1618.7739323333333
wrong_field_names_v2,plan_then_execute_planner_model_mistral128b_context_mode_metadata_only_enable_self_correction_true,plan_then_execute,nvidia/mistral-medium-3.5-128b,3,0.0,0.0,0.0,5.0,1.0,0.0,0.0,1.0,0.7674388339406559,1.0,1.0,1.0,1.0,30267.369247972965,6.0,0.0,57.0,0.3333333333333333,1.0,0.0,3804.0,21183.0,21183.0,10236.0,0.0,0.0,0.0,1221.0932183333334
wrong_field_names_v2,plan_then_execute_planner_model_qwen35b_context_mode_live_query_tool_enable_self_correction_false,plan_then_execute,ise-ollama/qwen3.6:35b-a3b,3,0.0,0.0,2.0,3.0,0.3333333333333333,0.6054683333333334,0.0,0.9396507447354905,0.6917018815492118,1.0,0.5948670944087993,0.5948670944087993,0.6,821249.942975924,17.666666666666668,0.0,34.333333333333336,1.0,0.6023391812865497,0.0,7982.0,95680.33333333333,95680.33333333333,25413.333333333332,0.0,0.0,0.0,837.5263513333333
wrong_field_names_v2,plan_then_execute_planner_model_qwen35b_context_mode_live_query_tool_enable_self_correction_true,plan_then_execute,ise-ollama/qwen3.6:35b-a3b,3,0.0,0.0,0.0,5.0,1.0,0.833655,0.0,1.0,0.7100034704147146,1.0,1.0,1.0,1.0,308641.36146743357,23.333333333333332,0.0,57.0,1.0,1.0,0.0,9669.333333333334,132976.33333333334,132976.33333333334,33754.666666666664,0.0,0.0,0.0,349.82320066666665
wrong_field_names_v2,plan_then_execute_planner_model_qwen35b_context_mode_metadata_only_enable_self_correction_false,plan_then_execute,ise-ollama/qwen3.6:35b-a3b,3,0.0,0.0,2.3333333333333335,2.6666666666666665,0.0,0.28025500000000003,0.0,0.5933250397489259,0.7797529683438885,1.0,0.4622670333027803,0.4622670333027803,0.5333333333333333,1169323.9083799708,6.666666666666667,0.0,31.666666666666668,1.0,0.5555555555555556,0.0,5088.0,25054.333333333332,25054.333333333332,30996.666666666668,0.0,0.0,0.0,1185.083286
wrong_field_names_v2,plan_then_execute_planner_model_qwen35b_context_mode_metadata_only_enable_self_correction_true,plan_then_execute,ise-ollama/qwen3.6:35b-a3b,3,0.0,0.0,0.0,5.0,1.0,0.37702,0.0,1.0,0.7184626062814506,1.0,1.0,1.0,1.0,240837.43724998203,9.0,0.0,57.0,1.0,1.0,0.0,5106.333333333333,34288.666666666664,34288.666666666664,41115.333333333336,0.0,0.0,0.0,286.038582
wrong_field_names_v2,plan_write_critique_planner_model_mistral128b_context_mode_live_query_tool,plan_write_critique,nvidia/mistral-medium-3.5-128b,3,0.0,0.0,0.0,5.0,1.0,0.0,0.0,1.0,0.7894325871941698,1.0,1.0,1.0,1.0,3261192.5193329807,66.5,0.0,57.0,0.6666666666666666,1.0,0.0,22870.0,1032581.0,1032581.0,24254.5,0.0,0.0,0.0,3405.954444666667
wrong_field_names_v2,plan_write_critique_planner_model_mistral128b_context_mode_metadata_only,plan_write_critique,nvidia/mistral-medium-3.5-128b,3,0.0,0.0,0.0,5.0,1.0,0.0,0.0,1.0,0.6755596043727226,1.0,1.0,1.0,1.0,1628777.9545329395,20.0,0.0,57.0,0.3333333333333333,1.0,0.0,10060.0,99191.0,99191.0,25522.0,0.0,0.0,0.0,1768.5027433333335
wrong_field_names_v2,plan_write_critique_planner_model_qwen35b_context_mode_live_query_tool,plan_write_critique,ise-ollama/qwen3.6:35b-a3b,3,0.0,0.0,0.6666666666666666,4.333333333333333,0.6666666666666666,2.643836666666667,0.0,0.9466595782385256,0.732501174970811,1.0,0.9080354414909869,0.9080354414909869,0.8666666666666667,1645484.8089230072,43.666666666666664,0.0,48.333333333333336,1.0,0.847953216374269,0.0,24021.0,476008.0,476008.0,52759.333333333336,0.0,0.0,0.0,1687.0474883333334
wrong_field_names_v2,plan_write_critique_planner_model_qwen35b_context_mode_metadata_only,plan_write_critique,ise-ollama/qwen3.6:35b-a3b,3,0.0,0.0,0.3333333333333333,4.666666666666667,0.6666666666666666,0.7725200000000001,0.0,0.9251777029554807,0.6776570904500151,1.0,0.8777879621142682,0.8777879621142682,0.9333333333333333,3386981.0217576064,19.666666666666668,2.6666666666666665,53.666666666666664,1.0,0.9415204678362573,0.0,7629.0,83698.33333333333,83698.33333333333,70805.66666666667,0.0,0.0,0.6666666666666666,8969.475855
wrong_field_names_v2,structured_per_table_writer_model_mistral128b_context_mode_live_query_tool_enable_self_correction_false,structured_per_table,nvidia/mistral-medium-3.5-128b,3,0.0,0.0,0.0,5.0,1.0,0.0,0.0,1.0,0.7945948290820753,1.0,1.0,1.0,1.0,807580.5334773613,19.0,0.0,57.0,1.0,1.0,0.0,6762.0,84618.66666666667,84618.66666666667,8710.666666666666,0.0,0.0,0.0,823.714959
wrong_field_names_v2,structured_per_table_writer_model_mistral128b_context_mode_live_query_tool_enable_self_correction_true,structured_per_table,nvidia/mistral-medium-3.5-128b,3,0.0,0.0,0.0,5.0,1.0,0.0,0.0,1.0,0.7945948290820753,1.0,1.0,1.0,1.0,99310.35937410586,19.0,0.0,57.0,1.0,1.0,0.0,6762.0,84618.66666666667,84618.66666666667,8710.666666666666,0.0,0.0,0.0,129.89152233333334
wrong_field_names_v2,structured_per_table_writer_model_mistral128b_context_mode_metadata_only_enable_self_correction_false,structured_per_table,nvidia/mistral-medium-3.5-128b,3,0.0,0.0,0.0,5.0,1.0,0.0,0.0,1.0,0.7633610966510498,1.0,1.0,1.0,1.0,780971.048544714,7.0,0.0,57.0,1.0,1.0,0.0,3315.3333333333335,19999.0,19999.0,10417.0,0.0,0.0,0.0,796.8839183333333
wrong_field_names_v2,structured_per_table_writer_model_mistral128b_context_mode_metadata_only_enable_self_correction_true,structured_per_table,nvidia/mistral-medium-3.5-128b,3,0.0,0.0,0.0,5.0,1.0,0.0,0.0,1.0,0.7633610966510498,1.0,1.0,1.0,1.0,35297.68939965288,7.0,0.0,57.0,1.0,1.0,0.0,3315.3333333333335,19999.0,19999.0,10417.0,0.0,0.0,0.0,65.579497
wrong_field_names_v2,structured_per_table_writer_model_qwen35b_context_mode_live_query_tool_enable_self_correction_false,structured_per_table,ise-ollama/qwen3.6:35b-a3b,3,0.0,0.0,0.6666666666666666,4.333333333333333,0.3333333333333333,1.4922083333333331,0.0,0.9091674563976837,0.789407595941027,1.0,0.8472349526428353,0.8472349526428353,0.8666666666666667,1344379.7137928195,35.666666666666664,0.0,49.333333333333336,1.0,0.8654970760233918,0.0,13763.0,270002.3333333333,270002.3333333333,28439.333333333332,0.0,0.0,0.0,1361.0369703333333
wrong_field_names_v2,structured_per_table_writer_model_qwen35b_context_mode_live_query_tool_enable_self_correction_true,structured_per_table,ise-ollama/qwen3.6:35b-a3b,3,0.0,0.0,0.0,5.0,1.0,1.5866166666666666,0.0,1.0,0.7659639076869686,1.0,1.0,1.0,1.0,261843.03292573895,38.0,0.0,57.0,1.0,1.0,0.0,13763.0,286349.0,286349.0,30974.333333333332,0.0,0.0,0.0,302.4560436666667
wrong_field_names_v2,structured_per_table_writer_model_qwen35b_context_mode_metadata_only_enable_self_correction_false,structured_per_table,ise-ollama/qwen3.6:35b-a3b,3,0.0,0.0,2.0,3.0,0.0,0.22267000000000003,0.0,0.7754659905345622,0.6557595712104674,1.0,0.6361136571952337,0.6361136571952337,0.6,578195.9734793636,7.0,0.0,33.666666666666664,1.0,0.5906432748538012,0.0,4644.333333333333,23331.666666666668,23331.666666666668,21202.333333333332,0.0,0.0,0.0,594.0285206666666
wrong_field_names_v2,structured_per_table_writer_model_qwen35b_context_mode_metadata_only_enable_self_correction_true,structured_per_table,ise-ollama/qwen3.6:35b-a3b,3,0.0,0.0,0.0,5.0,1.0,0.31062500000000004,0.0,1.0,0.6624154086413326,1.0,1.0,1.0,1.0,183689.83628966575,9.666666666666666,0.0,57.0,1.0,1.0,0.0,4857.333333333333,34212.666666666664,34212.666666666664,27912.333333333332,0.0,0.0,0.0,233.14001266666665
wrong_field_names_v2,write_then_critique_writer_model_mistral128b_context_mode_live_query_tool_enable_self_correction_false,write_then_critique,nvidia/mistral-medium-3.5-128b,3,0.0,0.0,0.0,5.0,1.0,0.0,0.0,1.0,0.7968072184626063,1.0,1.0,1.0,1.0,3787167.5051159402,61.333333333333336,0.0,57.0,1.0,1.0,0.0,7723.333333333333,272852.6666666667,272852.6666666667,41193.333333333336,0.0,0.0,0.0,3804.139037
wrong_field_names_v2,write_then_critique_writer_model_mistral128b_context_mode_live_query_tool_enable_self_correction_true,write_then_critique,nvidia/mistral-medium-3.5-128b,3,0.0,0.0,0.0,5.0,1.0,0.0,0.0,1.0,0.7968072184626063,1.0,1.0,1.0,1.0,2815373.709512021,61.666666666666664,0.0,57.0,1.0,1.0,0.0,7643.0,269046.0,269046.0,40384.333333333336,0.0,0.0,0.0,2846.3603333333335
wrong_field_names_v2,write_then_critique_writer_model_mistral128b_context_mode_metadata_only_enable_self_correction_false,write_then_critique,nvidia/mistral-medium-3.5-128b,3,0.0,0.0,0.0,5.0,1.0,0.0,0.0,1.0,0.7518653479090751,1.0,1.0,1.0,1.0,1251225.534345586,16.666666666666668,0.0,57.0,1.0,1.0,0.0,6399.666666666667,58660.333333333336,58660.333333333336,23522.333333333332,0.0,0.0,0.0,1271.2315363333335
wrong_field_names_v2,write_then_critique_writer_model_mistral128b_context_mode_metadata_only_enable_self_correction_true,write_then_critique,nvidia/mistral-medium-3.5-128b,3,0.0,0.0,0.0,5.0,1.0,0.0,0.0,1.0,0.7518653479090751,1.0,1.0,1.0,1.0,84225.12118006125,16.666666666666668,0.0,57.0,1.0,1.0,0.0,6399.666666666667,58660.333333333336,58660.333333333336,23522.333333333332,0.0,0.0,0.0,117.69743233333332
wrong_field_names_v2,write_then_critique_writer_model_qwen35b_context_mode_live_query_tool_enable_self_correction_false,write_then_critique,ise-ollama/qwen3.6:35b-a3b,3,0.0,0.0,0.6666666666666666,4.333333333333333,0.6666666666666666,2.543876666666667,0.0,0.8862937922556853,0.8087851508016347,1.0,0.8304307974335472,0.8304307974335472,0.8666666666666667,4053587.187769609,67.0,1.6666666666666667,50.333333333333336,1.0,0.8830409356725146,0.0,13944.0,437979.6666666667,437979.6666666667,70795.66666666667,0.0,0.0,0.0,6017.527684333333
wrong_field_names_v2,write_then_critique_writer_model_qwen35b_context_mode_live_query_tool_enable_self_correction_true,write_then_critique,ise-ollama/qwen3.6:35b-a3b,3,0.0,0.0,0.0,5.0,1.0,3.352571666666667,0.0,1.0,0.7765052923824397,1.0,1.0,1.0,1.0,2563906.3670214284,86.66666666666667,0.0,57.0,1.0,1.0,0.0,14644.333333333334,593390.0,593390.0,77124.33333333333,0.0,0.0,0.0,2596.7399336666667
wrong_field_names_v2,write_then_critique_writer_model_qwen35b_context_mode_metadata_only_enable_self_correction_false,write_then_critique,ise-ollama/qwen3.6:35b-a3b,3,0.0,0.0,0.5,4.5,0.5,0.5841350000000001,0.0,0.9396507447354905,0.7338972778794508,1.0,0.8923006416131989,0.8923006416131989,0.9,2514548.1933235712,16.0,2.0,51.5,0.6666666666666666,0.9035087719298245,0.0,7668.5,66487.0,66487.0,50340.0,0.0,0.0,0.0,6626.633345
wrong_field_names_v2,write_then_critique_writer_model_qwen35b_context_mode_metadata_only_enable_self_correction_true,write_then_critique,ise-ollama/qwen3.6:35b-a3b,3,0.0,0.0,0.0,5.0,1.0,0.6470083333333333,0.0,1.0,0.6876626756897449,1.0,1.0,1.0,1.0,1211411.960587012,18.333333333333332,3.6666666666666665,57.0,1.0,1.0,0.0,7669.0,75317.66666666667,75317.66666666667,54084.0,0.0,0.0,0.0,5527.299949666666
wrong_field_names_v2,write_tools_freeform_inline_dbt_writer_model_mistral128b_context_mode_live_query_tool,write_tools_freeform,nvidia/mistral-medium-3.5-128b,3,0.0,0.0,0.0,5.0,1.0,0.0,0.0,1.0,0.7987593267395453,1.0,1.0,1.0,1.0,782443.735721618,25.666666666666668,0.0,57.0,1.0,1.0,0.0,25066.333333333332,354845.3333333333,354845.3333333333,8578.0,0.0,0.0,0.0,843.0131996666667
wrong_field_names_v2,write_tools_freeform_inline_dbt_writer_model_mistral128b_context_mode_metadata_only,write_tools_freeform,nvidia/mistral-medium-3.5-128b,3,0.0,0.0,0.0,3.3333333333333335,0.6666666666666666,0.0,0.0,1.0,0.7354242581988547,1.0,1.0,1.0,0.6666666666666666,357494.7574670562,15.0,0.0,38.0,1.0,1.0,0.0,10156.333333333334,99221.66666666667,99221.66666666667,4752.0,0.0,0.0,0.0,415.8861176666667
wrong_field_names_v2,write_tools_freeform_inline_dbt_writer_model_qwen35b_context_mode_live_query_tool,write_tools_freeform,ise-ollama/qwen3.6:35b-a3b,3,0.0,0.0,0.0,3.3333333333333335,0.6666666666666666,1.1319949999999999,9.0,0.8985360928823827,0.7502978723404256,1.0,0.8157653528872594,0.8157653528872594,0.3333333333333333,475475.7225302844,20.333333333333332,0.0,38.0,1.0,0.8421052631578947,0.0,14385.0,217641.33333333334,217641.33333333334,8757.666666666666,0.0,0.0,0.0,515.344477
wrong_field_names_v2,write_tools_freeform_inline_dbt_writer_model_qwen35b_context_mode_metadata_only,write_tools_freeform,ise-ollama/qwen3.6:35b-a3b,3,0.0,0.0,0.0,2.6666666666666665,1.0,0.3741999999999999,0.0,1.0,0.9488888888888889,1.0,1.0,1.0,0.06666666666666667,397664.2177979423,15.333333333333334,0.0,32.0,1.0,1.0,0.0,7872.0,64267.666666666664,64267.666666666664,10572.333333333334,0.0,0.0,0.0,484.7717896666667
wrong_field_names_v2,write_tools_freeform_writer_model_mistral128b_context_mode_live_query_tool_enable_self_correction_false,write_tools_freeform,nvidia/mistral-medium-3.5-128b,3,0.0,0.0,0.0,5.0,1.0,0.0,0.0,1.0,0.7988027069234773,1.0,1.0,1.0,1.0,360061.97632445645,8.666666666666666,0.0,57.0,1.0,1.0,0.0,10849.666666666666,70938.33333333333,70938.33333333333,4617.0,0.0,0.0,0.0,376.05876966666665
wrong_field_names_v2,write_tools_freeform_writer_model_mistral128b_context_mode_live_query_tool_enable_self_correction_true,write_tools_freeform,nvidia/mistral-medium-3.5-128b,3,0.0,0.0,0.0,5.0,1.0,0.0,0.0,1.0,0.7956793336803748,1.0,1.0,1.0,1.0,314006.9553966362,10.333333333333334,0.0,57.0,1.0,1.0,0.0,11656.333333333334,81538.0,81538.0,5451.333333333333,0.0,0.0,0.0,344.22066333333333
wrong_field_names_v2,write_tools_freeform_writer_model_mistral128b_context_mode_metadata_only_enable_self_correction_false,write_tools_freeform,nvidia/mistral-medium-3.5-128b,3,0.0,0.0,0.0,5.0,1.0,0.0,0.0,1.0,0.7833593614436926,1.0,1.0,1.0,1.0,386002.02535872813,8.0,0.0,57.0,1.0,1.0,0.0,7835.0,38893.666666666664,38893.666666666664,4194.666666666667,0.0,0.0,0.0,401.92409
wrong_field_names_v2,write_tools_freeform_writer_model_mistral128b_context_mode_metadata_only_enable_self_correction_true,write_tools_freeform,nvidia/mistral-medium-3.5-128b,3,0.0,0.0,0.0,5.0,1.0,0.0,0.0,1.0,0.7954190525767829,1.0,1.0,1.0,1.0,485482.2618439309,11.333333333333334,0.0,57.0,1.0,1.0,0.0,9148.666666666666,76777.66666666667,76777.66666666667,5776.333333333333,0.0,0.0,0.0,516.9450016666667
wrong_field_names_v2,write_tools_freeform_writer_model_qwen35b_context_mode_live_query_tool_enable_self_correction_false,write_tools_freeform,ise-ollama/qwen3.6:35b-a3b,3,0.0,0.0,1.6666666666666667,0.0,0.0,0.5241950000000001,,,,,,,0.0,217466.87308801725,10.666666666666666,0.0,0.0,1.0,,0.0,11684.0,99355.0,99355.0,5484.0,0.0,0.0,,232.49186233333333
wrong_field_names_v2,write_tools_freeform_writer_model_qwen35b_context_mode_live_query_tool_enable_self_correction_true,write_tools_freeform,ise-ollama/qwen3.6:35b-a3b,3,0.0,0.0,0.0,1.6666666666666667,0.3333333333333333,0.38199166666666673,0.0,1.0,0.7986725663716814,1.0,1.0,1.0,0.3333333333333333,192835.20717760743,8.333333333333334,0.0,19.0,1.0,1.0,0.0,11600.666666666666,70862.66666666667,70862.66666666667,5535.666666666667,0.0,0.0,0.0,215.0530403333333
wrong_field_names_v2,write_tools_freeform_writer_model_qwen35b_context_mode_metadata_only_enable_self_correction_false,write_tools_freeform,ise-ollama/qwen3.6:35b-a3b,3,0.0,0.0,0.3333333333333333,1.0,0.3333333333333333,0.19599500000000003,,,,,,,0.0,225475.61035101535,5.0,0.0,13.0,1.0,,0.0,8631.666666666666,32201.666666666668,32201.666666666668,6997.333333333333,0.0,0.0,,238.53606233333332
wrong_field_names_v2,write_tools_freeform_writer_model_qwen35b_context_mode_metadata_only_enable_self_correction_true,write_tools_freeform,ise-ollama/qwen3.6:35b-a3b,3,0.0,0.0,0.0,0.6666666666666666,0.6666666666666666,0.18270000000000003,0.0,1.0,0.8888888888888888,1.0,1.0,1.0,0.06666666666666667,209559.32798968084,5.0,0.0,8.666666666666666,1.0,1.0,0.0,8773.333333333334,30004.333333333332,30004.333333333332,6535.666666666667,0.0,0.0,0.0,233.78004099999998
