CREATE SCHEMA IF NOT EXISTS fixture_messy_data_v2_golden;
SET search_path TO fixture_messy_data_v2_golden;


-- Target schema + ground truth data

CREATE TABLE "Account" ( "Id" text PRIMARY KEY, "Name" text NOT NULL, "ERP_Number__c" text UNIQUE, "Customer_Tier__c" text CHECK ("Customer_Tier__c" IN ('Gold','Silver','Bronze','Platinum')), "Region__c" text, "Industry" text, "Website" text, "BillingCity" text, "BillingCountry" text, "Legacy_Customer_ID__c" text UNIQUE, "CreatedDate" text DEFAULT CURRENT_TIMESTAMP, "LastModifiedDate" text DEFAULT CURRENT_TIMESTAMP, "IsDeleted" integer DEFAULT 0 );

CREATE TABLE "Contact" ( "Id" text PRIMARY KEY, "FirstName" text, "LastName" text NOT NULL, "Email" text, "Phone" text, "Title" text, "Role__c" text CHECK ("Role__c" IN ('Decision Maker','End User','Technical Contact','Executive Sponsor')), "Preferred_Language__c" text CHECK ("Preferred_Language__c" IN ('DE','EN','FR','ES','IT')), "AccountId" text REFERENCES "Account"("Id"), "Legacy_Contact_ID__c" text UNIQUE, "CreatedDate" text DEFAULT CURRENT_TIMESTAMP, "LastModifiedDate" text DEFAULT CURRENT_TIMESTAMP, "IsDeleted" integer DEFAULT 0 );

CREATE TABLE "Opportunity" ( "Id" text PRIMARY KEY, "Name" text NOT NULL, "StageName" text NOT NULL CHECK ("StageName" IN ( 'Prospecting','Qualification','Needs Analysis', 'Value Proposition','Id. Decision Makers', 'Perception Analysis','Proposal/Price Quote', 'Negotiation/Review','Closed Won','Closed Lost')), "CloseDate" text NOT NULL, "Amount" double precision, "CurrencyIsoCode" text DEFAULT 'EUR', "AccountId" text REFERENCES "Account"("Id"), "Legacy_Opportunity_ID__c" text UNIQUE, "CreatedDate" text DEFAULT CURRENT_TIMESTAMP, "LastModifiedDate" text DEFAULT CURRENT_TIMESTAMP, "IsDeleted" integer DEFAULT 0 );

CREATE TABLE "Project__c" ( "Id" text PRIMARY KEY, "Name" text NOT NULL, "Project_Status__c" text CHECK ("Project_Status__c" IN ('Active','Completed','In Planning','On Hold','Cancelled')), "Go_Live_Date__c" text, "Account__c" text REFERENCES "Account"("Id"), "Opportunity__c" text REFERENCES "Opportunity"("Id"), "Legacy_Project_ID__c" text UNIQUE, "CreatedDate" text DEFAULT CURRENT_TIMESTAMP, "LastModifiedDate" text DEFAULT CURRENT_TIMESTAMP, "IsDeleted" integer DEFAULT 0 );

CREATE TABLE "Installed_Asset__c" ( "Id" text PRIMARY KEY, "Name" text NOT NULL, "Serial_Number__c" text UNIQUE, "Warranty_End_Date__c" text, "Account__c" text REFERENCES "Account"("Id"), "Project__c" text REFERENCES "Project__c"("Id"), "Legacy_Asset_ID__c" text UNIQUE, "CreatedDate" text DEFAULT CURRENT_TIMESTAMP, "LastModifiedDate" text DEFAULT CURRENT_TIMESTAMP, "IsDeleted" integer DEFAULT 0 );

INSERT INTO "Account" ("Id", "Name", "ERP_Number__c", "Customer_Tier__c", "Region__c", "Industry", "Website", "BillingCity", "BillingCountry", "Legacy_Customer_ID__c") VALUES
  ('001000000000001', 'Pölitz Riehl Stiftung & Co. KG', 'ERP-13813', 'Platinum', 'DACH', 'Technology', 'http://www.hecker.net/', 'Ribnitz-Damgarten', 'Albanien', 'CUST-1001'),
  ('001000000000002', 'Franke e.G.', 'ERP-49712', 'Gold', 'UK', 'Technology', 'https://lachmann.de/', 'Bersenbrück', 'Israel', 'CUST-1002'),
  ('001000000000003', 'Schönland Freudenberger AG', 'ERP-47057', 'Platinum', 'Nordics', 'Healthcare', 'http://www.jopich.org/', 'Ilmenau', 'Kasachstan', 'CUST-1003'),
  ('001000000000004', 'Müller GmbH & Co. KGaA', 'ERP-91961', 'Gold', 'DACH', 'Technology', 'http://www.heser.net/', 'Bad Liebenwerda', 'Russische Föderation', 'CUST-1004'),
  ('001000000000005', 'Mälzer', 'ERP-34719', 'Platinum', 'Benelux', 'Technology', 'http://mude.com/', 'Neuruppin', 'Liechtenstein', 'CUST-1005'),
  ('001000000000006', 'Stolze', 'ERP-99110', 'Silver', 'DACH', 'Technology', 'https://www.franke.com/', 'Jüterbog', 'Nicaragua', 'CUST-1006'),
  ('001000000000007', 'Lachmann AG', 'ERP-87329', 'Bronze', 'Nordics', 'Healthcare', 'https://hauffer.com/', 'Zeulenroda', 'Argentinien', 'CUST-1007'),
  ('001000000000008', 'Scholz', 'ERP-55338', 'Platinum', 'DACH', 'Manufacturing', 'https://www.giess.com/', 'Spremberg', 'Australien', 'CUST-1008'),
  ('001000000000009', 'Bruder Albers GmbH & Co. KG', 'ERP-89145', 'Silver', 'Southern Europe', 'Technology', 'https://www.pruschke.net/', 'Göttingen', 'Mali', 'CUST-1009'),
  ('001000000000010', 'Bolzmann Peukert e.G.', 'ERP-57309', 'Bronze', 'DACH', 'Healthcare', 'https://hoelzenbecher.org/', 'Luckau', 'Heard- und McDonald-Inseln', 'CUST-1010'),
  ('001000000000011', 'Mende', 'ERP-72120', 'Gold', 'Nordics', 'Manufacturing', 'http://eigenwillig.com/', 'Meißen', 'Kirgisistan', 'CUST-1011'),
  ('001000000000012', 'Kaul', 'ERP-19756', 'Gold', 'UK', 'Healthcare', 'https://www.ruppert.org/', 'Gifhorn', 'Angola', 'CUST-1012'),
  ('001000000000013', 'Heintze', 'ERP-17966', 'Silver', 'UK', 'Finance', 'https://www.heydrich.de/', 'Merseburg', 'Ghana', 'CUST-1013'),
  ('001000000000014', 'Heinrich KG', 'ERP-47242', 'Gold', 'Benelux', 'Healthcare', 'https://www.junk.com/', 'Luckenwalde', 'Zentralafrikanische Republik', 'CUST-1014'),
  ('001000000000015', 'Stoll', 'ERP-19538', 'Platinum', 'Benelux', 'Healthcare', 'https://schueler.de/', 'Füssen', 'Cookinseln', 'CUST-1015'),
  ('001000000000016', 'Finke', 'ERP-95327', 'Silver', 'UK', 'Finance', 'http://austermuehle.net/', 'Eggenfelden', 'Dschibuti', 'CUST-1016'),
  ('001000000000017', 'Bachmann', 'ERP-57448', 'Bronze', 'DACH', 'Finance', 'http://www.krein.com/', 'Luckau', 'Britische Jungferninseln', 'CUST-1017'),
  ('001000000000018', 'Schüler Fritsch OHG mbH', 'ERP-28292', 'Platinum', 'Benelux', 'Technology', 'http://scheel.de/', 'Apolda', 'Angola', 'CUST-1018'),
  ('001000000000019', 'Drub AG & Co. OHG', 'ERP-52654', 'Silver', 'Nordics', 'Healthcare', 'http://www.gerlach.com/', 'Mainburg', 'Saudi-Arabien', 'CUST-1019'),
  ('001000000000020', 'Kostolzin Köster GbR', 'ERP-62755', 'Gold', 'Southern Europe', 'Manufacturing', 'https://www.hesse.com/', 'Neubrandenburg', 'Deutschland', 'CUST-1020'),
  ('001000000000021', 'Mende Neuschäfer GmbH & Co. KGaA', 'ERP-10668', 'Silver', 'Benelux', 'Finance', 'https://rust.de/', 'Koblenz', 'Mali', 'CUST-1021'),
  ('001000000000022', 'Dowerg Stumpf GbR', 'ERP-20120', 'Silver', 'DACH', 'Finance', 'http://naser.com/', 'Bad Langensalza', 'Kaimaninseln', 'CUST-1022'),
  ('001000000000023', 'Löffler GmbH & Co. KG', 'ERP-92821', 'Gold', 'Southern Europe', 'Healthcare', 'https://www.renner.com/', 'Geldern', 'Swasiland', 'CUST-1023'),
  ('001000000000024', 'Jacobi Jäckel', 'ERP-47842', 'Bronze', 'DACH', 'Healthcare', 'http://www.haering.de/', 'Melle', 'Martinique', 'CUST-1024'),
  ('001000000000025', 'Ruppersberger KG', 'ERP-19865', 'Gold', 'Southern Europe', 'Finance', 'http://soeding.de/', 'Iserlohn', 'Demokratische Republik Kongo', 'CUST-1025'),
  ('001000000000026', 'Steckel GmbH & Co. KGaA', 'ERP-59526', 'Silver', 'Nordics', 'Manufacturing', 'http://www.kraus.de/', 'Beilngries', 'Ungarn', 'CUST-1026'),
  ('001000000000027', 'Radisch AG', 'ERP-31414', 'Silver', 'Nordics', 'Healthcare', 'https://www.bloch.de/', 'Calw', 'Zypern', 'CUST-1027'),
  ('001000000000028', 'Kabus', 'ERP-71913', 'Silver', 'Benelux', 'Healthcare', 'https://www.reinhardt.de/', 'Bad Liebenwerda', 'Albanien', 'CUST-1028'),
  ('001000000000029', 'Bachmann Vollbrecht KG', 'ERP-46518', 'Platinum', 'Nordics', 'Manufacturing', 'http://www.wulf.net/', 'Ravensburg', 'San Marino', 'CUST-1029'),
  ('001000000000030', 'Krebs GmbH & Co. KGaA', 'ERP-55210', 'Silver', 'Benelux', 'Manufacturing', 'http://www.kramer.com/', 'Freising', 'Benin', 'CUST-1030'),
  ('001000000000031', 'Höfig Holsten GbR', 'ERP-80637', 'Platinum', 'UK', 'Manufacturing', 'https://www.pergande.de/', 'Holzminden', 'Ecuador', 'CUST-1031'),
  ('001000000000032', 'Austermühle Thies Stiftung & Co. KG', 'ERP-32649', 'Gold', 'Nordics', 'Finance', 'https://austermuehle.net/', 'Euskirchen', 'Sri Lanka', 'CUST-1032'),
  ('001000000000033', 'Juncken', 'ERP-16244', 'Bronze', 'Nordics', 'Manufacturing', 'https://juettner.de/', 'Siegen', 'Nepal', 'CUST-1033'),
  ('001000000000034', 'Heß', 'ERP-97860', 'Bronze', 'DACH', 'Technology', 'https://www.nette.de/', 'Görlitz', 'Honduras', 'CUST-1034'),
  ('001000000000035', 'Wagenknecht e.G.', 'ERP-43947', 'Gold', 'Nordics', 'Healthcare', 'https://www.aumann.net/', 'Heiligenstadt', 'Gabun', 'CUST-1035'),
  ('001000000000036', 'Steuer', 'ERP-12412', 'Bronze', 'Southern Europe', 'Technology', 'http://hoefig.com/', 'Lübeck', 'Malawi', 'CUST-1036'),
  ('001000000000037', 'Wulff', 'ERP-40006', 'Platinum', 'Southern Europe', 'Technology', 'http://www.reichmann.net/', 'Hannoversch Münden', 'Niederlande', 'CUST-1037'),
  ('001000000000038', 'Fechner Kroker GmbH', 'ERP-12066', 'Gold', 'Southern Europe', 'Technology', 'https://berger.de/', 'Bischofswerda', 'Antigua und Barbuda', 'CUST-1038'),
  ('001000000000039', 'Rogner GmbH', 'ERP-38767', 'Gold', 'Southern Europe', 'Technology', 'http://schuster.de/', 'Sömmerda', 'Äthiopien', 'CUST-1039'),
  ('001000000000040', 'Atzler AG & Co. KGaA', 'ERP-87433', 'Platinum', 'Nordics', 'Technology', 'https://seidel.de/', 'Grimmen', 'Namibia', 'CUST-1040'),
  ('001000000000041', 'Ackermann GmbH', 'ERP-27515', 'Platinum', 'DACH', 'Technology', 'https://gotthard.de/', 'Erkelenz', 'Honduras', 'CUST-1041'),
  ('001000000000042', 'Beckmann AG & Co. KGaA', 'ERP-80214', 'Bronze', 'DACH', 'Healthcare', 'https://hoelzenbecher.com/', 'Ansbach', 'Komoren', 'CUST-1042'),
  ('001000000000043', 'Drub KGaA', 'ERP-68830', 'Gold', 'Nordics', 'Healthcare', 'https://wohlgemut.net/', 'Hersbruck', 'Schweiz', 'CUST-1043'),
  ('001000000000044', 'Krebs Wulf AG', 'ERP-51821', 'Platinum', 'Benelux', 'Finance', 'http://plath.de/', 'Parsberg', 'Katar', 'CUST-1044'),
  ('001000000000045', 'Rust e.V.', 'ERP-82555', 'Bronze', 'Benelux', 'Technology', 'http://bachmann.de/', 'Hünfeld', 'Türkei', 'CUST-1045'),
  ('001000000000046', 'Scholl GmbH & Co. KG', 'ERP-74009', 'Bronze', 'Southern Europe', 'Finance', 'http://pieper.com/', 'Badalzungen', 'San Marino', 'CUST-1046'),
  ('001000000000047', 'Bien AG & Co. KGaA', 'ERP-84370', 'Bronze', 'Southern Europe', 'Healthcare', 'http://www.schuchhardt.de/', 'Warendorf', 'Weihnachtsinsel', 'CUST-1047'),
  ('001000000000048', 'Pergande KG', 'ERP-74214', 'Platinum', 'Nordics', 'Technology', 'http://www.bachmann.com/', 'Kitzingen', 'Madagaskar', 'CUST-1048'),
  ('001000000000049', 'Wagenknecht', 'ERP-21305', 'Silver', 'UK', 'Healthcare', 'http://ehlert.com/', 'Bad Kissingen', 'Argentinien', 'CUST-1049'),
  ('001000000000050', 'Hendriks Hiller Stiftung & Co. KG', 'ERP-84524', 'Silver', 'Nordics', 'Finance', 'https://stoll.org/', 'Worbis', 'Madagaskar', 'CUST-1050'),
  ('001000000000051', 'Kobelt KG', 'ERP-45802', 'Bronze', 'DACH', 'Manufacturing', 'http://kallert.com/', 'Brilon', 'Neukaledonien', 'CUST-1051'),
  ('001000000000052', 'Tröst', 'ERP-93124', 'Bronze', 'Benelux', 'Technology', 'http://schacht.de/', 'Kötzting', 'Britische Jungferninseln', 'CUST-1052'),
  ('001000000000053', 'Davids', 'ERP-94715', 'Silver', 'DACH', 'Technology', 'https://www.roemer.com/', 'Freising', 'Kamerun', 'CUST-1053'),
  ('001000000000054', 'auch Schlauchin e.G.', 'ERP-43817', 'Gold', 'Nordics', 'Technology', 'http://siering.com/', 'Stade', 'Vanuatu', 'CUST-1054'),
  ('001000000000055', 'Heintze Fechner AG & Co. KG', 'ERP-14275', 'Platinum', 'Benelux', 'Healthcare', 'https://bohnbach.com/', 'Wetzlar', 'Togo', 'CUST-1055'),
  ('001000000000056', 'Heß', 'ERP-49247', 'Platinum', 'UK', 'Healthcare', 'https://www.etzler.de/', 'Kötzting', 'Bhutan', 'CUST-1056'),
  ('001000000000057', 'Hölzenbecher', 'ERP-99184', 'Gold', 'Nordics', 'Manufacturing', 'http://www.trupp.net/', 'Hagenow', 'Kirgisistan', 'CUST-1057'),
  ('001000000000058', 'Salz', 'ERP-77824', 'Bronze', 'Benelux', 'Manufacturing', 'https://www.zahn.de/', 'Wittstock', 'Gibraltar', 'CUST-1058'),
  ('001000000000059', 'Gotthard', 'ERP-12221', 'Gold', 'Southern Europe', 'Finance', 'https://www.mude.com/', 'Dinslaken', 'Belarus', 'CUST-1059'),
  ('001000000000060', 'Beier GmbH & Co. OHG', 'ERP-69416', 'Gold', 'DACH', 'Healthcare', 'http://koester.com/', 'Wittenberg', 'Lesotho', 'CUST-1060'),
  ('001000000000061', 'Ruppersberger Löwer GmbH & Co. KG', 'ERP-21916', 'Gold', 'Nordics', 'Technology', 'https://ruppersberger.de/', 'Main-Höchst', 'Aruba', 'CUST-1061'),
  ('001000000000062', 'Mentzel Schulz GmbH & Co. KGaA', 'ERP-17425', 'Silver', 'Nordics', 'Healthcare', 'https://lange.de/', 'Neustrelitz', 'Venezuela', 'CUST-1062'),
  ('001000000000063', 'Hänel e.V.', 'ERP-69717', 'Silver', 'UK', 'Manufacturing', 'http://www.putz.de/', 'Norden', 'Antarktis', 'CUST-1063'),
  ('001000000000064', 'Peukert', 'ERP-94720', 'Bronze', 'UK', 'Healthcare', 'https://ackermann.net/', 'Siegen', 'Aserbaidschan', 'CUST-1064'),
  ('001000000000065', 'Trommler', 'ERP-58103', 'Gold', 'Benelux', 'Manufacturing', 'http://gertz.de/', 'Bremen', 'Amerikanisch-Samoa', 'CUST-1065'),
  ('001000000000066', 'Budig', 'ERP-87250', 'Bronze', 'Benelux', 'Technology', 'http://scholl.org/', 'Werdau', 'Französisch-Guayana', 'CUST-1066'),
  ('001000000000067', 'Klingelhöfer GmbH', 'ERP-82837', 'Bronze', 'DACH', 'Healthcare', 'https://zirme.de/', 'Mittweida', 'Mauritius', 'CUST-1067'),
  ('001000000000068', 'Vogt e.V.', 'ERP-61263', 'Bronze', 'DACH', 'Manufacturing', 'http://boerner.de/', 'Garmisch-Partenkirchen', 'Kongo', 'CUST-1068'),
  ('001000000000069', 'Bien Matthäi KGaA', 'ERP-30760', 'Silver', 'Benelux', 'Technology', 'http://schleich.net/', 'Hohenstein-Ernstthal', 'Falklandinseln', 'CUST-1069'),
  ('001000000000070', 'Werner', 'ERP-65394', 'Gold', 'DACH', 'Healthcare', 'http://bolander.com/', 'Zossen', 'Lesotho', 'CUST-1070'),
  ('001000000000071', 'Bärer', 'ERP-64420', 'Bronze', 'DACH', 'Finance', 'http://winkler.com/', 'Illertissen', 'Äußeres Ozeanien', 'CUST-1071'),
  ('001000000000072', 'Pohl', 'ERP-21217', 'Gold', 'Nordics', 'Healthcare', 'http://www.heydrich.com/', 'Wurzen', 'Panama', 'CUST-1072'),
  ('001000000000073', 'Staude Heintze KG', 'ERP-42518', 'Platinum', 'DACH', 'Technology', 'https://www.adler.com/', 'Flöha', 'Malediven', 'CUST-1073'),
  ('001000000000074', 'Flantz', 'ERP-86210', 'Silver', 'Benelux', 'Technology', 'https://schueler.net/', 'Starnberg', 'Jamaika', 'CUST-1074'),
  ('001000000000075', 'Sorgatz GmbH', 'ERP-17731', 'Silver', 'Benelux', 'Finance', 'http://tschentscher.org/', 'Chemnitz', 'Kroatien', 'CUST-1075'),
  ('001000000000076', 'Bauer Reising GbR', 'ERP-90742', 'Platinum', 'Nordics', 'Finance', 'http://bachmann.de/', 'Paderborn', 'Brunei Darussalam', 'CUST-1076'),
  ('001000000000077', 'Junitz Gutknecht e.V.', 'ERP-86395', 'Silver', 'DACH', 'Technology', 'https://www.hentschel.org/', 'Neustrelitz', 'Deutschland', 'CUST-1077'),
  ('001000000000078', 'Kruschwitz Holsten AG & Co. KGaA', 'ERP-90425', 'Platinum', 'UK', 'Manufacturing', 'http://nohlmans.de/', 'Stadtroda', 'Belarus', 'CUST-1078'),
  ('001000000000079', 'Junken', 'ERP-62542', 'Platinum', 'UK', 'Technology', 'https://www.spiess.de/', 'Einbeck', 'Tokelau', 'CUST-1079'),
  ('001000000000080', 'Neureuther Weinhage AG', 'ERP-99549', 'Platinum', 'Nordics', 'Manufacturing', 'https://www.bohnbach.net/', 'Kitzingen', 'Albanien', 'CUST-1080'),
  ('001000000000081', 'Ruppert', 'ERP-79027', 'Gold', 'UK', 'Finance', 'https://www.haase.de/', 'Bitterfeld', 'Neuseeland', 'CUST-1081'),
  ('001000000000082', 'Möchlichen', 'ERP-76968', 'Platinum', 'Southern Europe', 'Technology', 'https://www.zaenker.de/', 'Querfurt', 'Palau', 'CUST-1082'),
  ('001000000000083', 'Henk GmbH & Co. KG', 'ERP-20508', 'Platinum', 'DACH', 'Technology', 'http://www.hendriks.org/', 'Weißwasser', 'Brunei Darussalam', 'CUST-1083'),
  ('001000000000084', 'Kitzmann', 'ERP-55011', 'Silver', 'UK', 'Healthcare', 'https://doering.org/', 'Hildburghausen', 'Namibia', 'CUST-1084'),
  ('001000000000085', 'Thanel e.G.', 'ERP-46894', 'Gold', 'Southern Europe', 'Technology', 'https://www.heydrich.com/', 'Fürstenfeldbruck', 'Vanuatu', 'CUST-1085'),
  ('001000000000086', 'Schäfer', 'ERP-57333', 'Platinum', 'UK', 'Healthcare', 'https://liebelt.org/', 'Guben', 'Bahamas', 'CUST-1086'),
  ('001000000000087', 'Kroker Stiftung & Co. KGaA', 'ERP-88511', 'Bronze', 'UK', 'Technology', 'http://stiffel.de/', 'Hofgeismar', 'Slowenien', 'CUST-1087'),
  ('001000000000088', 'Jacob Stiftung & Co. KGaA', 'ERP-92979', 'Silver', 'UK', 'Finance', 'https://www.hermann.com/', 'Hersbruck', 'Ungarn', 'CUST-1088'),
  ('001000000000089', 'Hiller AG', 'ERP-87414', 'Silver', 'Southern Europe', 'Manufacturing', 'https://weihmann.net/', 'Calau', 'Amerikanische Jungferninseln', 'CUST-1089'),
  ('001000000000090', 'Ortmann Vollbrecht AG', 'ERP-99375', 'Bronze', 'UK', 'Manufacturing', 'https://steuer.de/', 'Eggenfelden', 'Ukraine', 'CUST-1090'),
  ('001000000000091', 'Hornich AG & Co. KGaA', 'ERP-48286', 'Silver', 'Nordics', 'Finance', 'http://schmiedecke.de/', 'Mühlhausen', 'Antigua und Barbuda', 'CUST-1091'),
  ('001000000000092', 'Kuhl', 'ERP-19628', 'Platinum', 'Benelux', 'Technology', 'http://www.lehmann.net/', 'Fulda', 'Ägypten', 'CUST-1092'),
  ('001000000000093', 'Steckel GmbH & Co. OHG', 'ERP-32881', 'Gold', 'Southern Europe', 'Finance', 'http://patberg.net/', 'Mühldorf am Inn', 'Turkmenistan', 'CUST-1093'),
  ('001000000000094', 'Grein Groth Rädel KGaA', 'ERP-10279', 'Silver', 'Southern Europe', 'Manufacturing', 'http://huebel.de/', 'Wolmirstedt', 'Afghanistan', 'CUST-1094'),
  ('001000000000095', 'Walter Junk KG', 'ERP-72033', 'Gold', 'Benelux', 'Finance', 'http://www.schueler.de/', 'Wetzlar', 'Jordanien', 'CUST-1095'),
  ('001000000000096', 'Wende Heintze e.G.', 'ERP-55444', 'Bronze', 'Benelux', 'Finance', 'https://www.lachmann.com/', 'Schlüchtern', 'Barbados', 'CUST-1096'),
  ('001000000000097', 'Kusch AG & Co. KG', 'ERP-78281', 'Bronze', 'DACH', 'Technology', 'http://www.oderwald.de/', 'Cloppenburg', 'Honduras', 'CUST-1097'),
  ('001000000000098', 'Seifert Schulz GmbH', 'ERP-44726', 'Platinum', 'UK', 'Healthcare', 'http://www.sauer.org/', 'Anklam', 'Vatikanstadt', 'CUST-1098'),
  ('001000000000099', 'Zorbach AG', 'ERP-36394', 'Platinum', 'Southern Europe', 'Manufacturing', 'http://www.fiebig.com/', 'Sankt Goar', 'Brunei Darussalam', 'CUST-1099'),
  ('001000000000100', 'Hauffer Heydrich KGaA', 'ERP-33179', 'Silver', 'UK', 'Healthcare', 'https://www.sager.com/', 'Hannoversch Münden', 'Trinidad und Tobago', 'CUST-1100'),
  ('001000000000101', 'Käster KG', 'ERP-10898', 'Silver', 'Southern Europe', 'Finance', 'https://www.nerger.com/', 'Kaiserslautern', 'Guinea-Bissau', 'CUST-1101'),
  ('001000000000102', 'Renner Gierschner OHG mbH', 'ERP-89672', 'Gold', 'Southern Europe', 'Healthcare', 'http://steckel.de/', 'Witzenhausen', 'Nigeria', 'CUST-1102'),
  ('001000000000103', 'Adler Nette GmbH', 'ERP-23286', 'Bronze', 'DACH', 'Finance', 'http://trupp.de/', 'Lörrach', 'Zentralafrikanische Republik', 'CUST-1103'),
  ('001000000000104', 'Scheuermann', 'ERP-75791', 'Silver', 'Southern Europe', 'Finance', 'https://www.dietz.de/', 'Soest', 'Mikronesien', 'CUST-1104'),
  ('001000000000105', 'Gutknecht KG', 'ERP-20435', 'Gold', 'Southern Europe', 'Finance', 'http://www.salz.de/', 'Beilngries', 'Suriname', 'CUST-1105'),
  ('001000000000106', 'Striebitz', 'ERP-52343', 'Bronze', 'DACH', 'Technology', 'http://giess.com/', 'Halberstadt', 'Kuwait', 'CUST-1106'),
  ('001000000000107', 'Lübs Dobes AG & Co. KGaA', 'ERP-29465', 'Gold', 'Nordics', 'Finance', 'https://holsten.com/', 'Gütersloh', 'Lesotho', 'CUST-1107'),
  ('001000000000108', 'Ehlert Hecker GbR', 'ERP-89499', 'Platinum', 'Benelux', 'Finance', 'http://www.scholtz.com/', 'Rudolstadt', 'Bhutan', 'CUST-1108'),
  ('001000000000109', 'Fiebig', 'ERP-81499', 'Gold', 'Benelux', 'Healthcare', 'http://beer.de/', 'Kelheim', 'Israel', 'CUST-1109'),
  ('001000000000110', 'Pohl', 'ERP-85969', 'Bronze', 'UK', 'Technology', 'https://www.mans.org/', 'Geithain', 'Vanuatu', 'CUST-1110'),
  ('001000000000111', 'Biggen Linke KGaA', 'ERP-15045', 'Platinum', 'Nordics', 'Manufacturing', 'https://www.juettner.org/', 'Ahaus', 'Griechenland', 'CUST-1111'),
  ('001000000000112', 'Reuter Johann Stiftung & Co. KGaA', 'ERP-15920', 'Gold', 'UK', 'Technology', 'http://www.naser.com/', 'Lichtenfels', 'Burundi', 'CUST-1112'),
  ('001000000000113', 'Bauer GmbH', 'ERP-31066', 'Gold', 'DACH', 'Technology', 'https://www.juncken.net/', 'Roth', 'Togo', 'CUST-1113'),
  ('001000000000114', 'Täsche Oestrovsky AG & Co. KGaA', 'ERP-54146', 'Gold', 'Nordics', 'Healthcare', 'http://www.wilmsen.com/', 'Reutlingen', 'Demokratische Republik Kongo', 'CUST-1114'),
  ('001000000000115', 'Stiffel GbR', 'ERP-58842', 'Silver', 'DACH', 'Technology', 'http://scheel.net/', 'Hannover', 'Äthiopien', 'CUST-1115'),
  ('001000000000116', 'Rose Kroker e.G.', 'ERP-63255', 'Platinum', 'DACH', 'Technology', 'http://ackermann.de/', 'Erding', 'Rumänien', 'CUST-1116'),
  ('001000000000117', 'Jungfer AG & Co. OHG', 'ERP-90576', 'Silver', 'Benelux', 'Technology', 'https://www.muehle.org/', 'Hammelburg', 'Algerien', 'CUST-1117'),
  ('001000000000118', 'Drubin', 'ERP-24590', 'Gold', 'UK', 'Manufacturing', 'http://www.mentzel.de/', 'Karlsruhe', 'Norwegen', 'CUST-1118'),
  ('001000000000119', 'Wernecke Hübel e.G.', 'ERP-97821', 'Bronze', 'Southern Europe', 'Finance', 'https://albers.com/', 'Crailsheim', 'Griechenland', 'CUST-1119'),
  ('001000000000120', 'Kabus', 'ERP-74818', 'Bronze', 'Southern Europe', 'Finance', 'http://www.reuter.de/', 'Herzberg', 'Belarus', 'CUST-1120');

INSERT INTO "Contact" ("Id", "FirstName", "LastName", "Email", "Phone", "Title", "Role__c", "Preferred_Language__c", "AccountId", "Legacy_Contact_ID__c") VALUES
  ('003000000000001', 'Gretchen', 'Seidel', NULL, '+494598300774', 'Arzt', 'Technical Contact', 'FR', '001000000000001', 'CON-00001'),
  ('003000000000002', 'Vlado', 'Junitz', 'loewersylwia@example.com', '+499136282027', 'Krankenschwester', 'Executive Sponsor', 'FR', '001000000000001', 'CON-00002'),
  ('003000000000003', 'Helge', 'Klemm', NULL, NULL, 'Friseur', 'Technical Contact', 'DE', '001000000000002', 'CON-00003'),
  ('003000000000004', 'Swetlana', 'Jacobi Jäckel', 'aenne28@example.com', '+493911740588', 'Chirurgiemechaniker', 'Technical Contact', 'FR', '001000000000002', 'CON-00004'),
  ('003000000000005', 'Eleonore', 'Weinhold', 'kreinimelda@example.org', '+498226557950', 'Erzieher', 'Technical Contact', 'EN', '001000000000002', 'CON-00005'),
  ('003000000000006', 'Klaus-Jürgen', 'Graf', 'petros26@example.net', '+498953319879', 'Polizist', 'Executive Sponsor', 'EN', '001000000000003', 'CON-00006'),
  ('003000000000007', 'Ramazan', 'Trupp', 'helfried22@example.org', '+496408084120', 'Pilot', 'Technical Contact', 'FR', '001000000000004', 'CON-00007'),
  ('003000000000008', 'Uschi', 'Sölzer', 'ttextor@example.com', '+499421467233', 'Artist', NULL, 'FR', '001000000000005', 'CON-00008'),
  ('003000000000009', 'Stephanie', 'Reichmann', 'roskothgerard@example.org', '+491500274558', 'Forstwirt', 'Decision Maker', 'FR', '001000000000006', 'CON-00009'),
  ('003000000000010', 'Bekir', 'Riehl', 'pwende@example.org', '+495135400448', 'Erzieher', NULL, 'DE', '001000000000007', 'CON-00010'),
  ('003000000000011', 'Paul', 'Walter', 'fliegnererdal@example.com', NULL, 'Chemikant', 'End User', 'DE', '001000000000007', 'CON-00011'),
  ('003000000000012', 'Dan', 'Heser', 'oderwaldwolf-dieter@example.net', '+493438769573', 'Winzer', 'Executive Sponsor', 'FR', '001000000000008', 'CON-00012'),
  ('003000000000013', 'Sonia', 'Graf', NULL, '+492153859838', 'Beamter', NULL, 'FR', '001000000000008', 'CON-00013'),
  ('003000000000014', 'Dariusz', 'Sauer', 'almuthjaehn@example.com', '+495964486405', 'Mechaniker', 'Executive Sponsor', 'EN', '001000000000009', 'CON-00014'),
  ('003000000000015', 'Björn', 'Nette', 'ygerlach@example.org', '+497251595197', 'Programmierer', 'Decision Maker', 'FR', '001000000000010', 'CON-00015'),
  ('003000000000016', 'Almuth', 'Kostolzin', 'bruderdorle@example.net', '+495728449206', 'Mechaniker', 'End User', 'EN', '001000000000011', 'CON-00016'),
  ('003000000000017', 'Andre', 'Pärtzelt', 'karl-peterkusch@example.net', '+493220699877', 'Koreanistiker', 'End User', 'EN', '001000000000012', 'CON-00017'),
  ('003000000000018', 'Sylvie', 'Mielcarek', 'gotthardtroest@example.net', '+494730831216', 'Mechaniker', 'End User', 'FR', '001000000000012', 'CON-00018'),
  ('003000000000019', 'Alfredo', 'Rudolph', NULL, '+491384619686', 'Polizist', 'End User', 'DE', '001000000000013', 'CON-00019'),
  ('003000000000020', 'Winfried', 'Weinhage', 'qhartmann@example.net', '+499346808632', 'Programmierer', 'Executive Sponsor', 'EN', '001000000000013', 'CON-00020'),
  ('003000000000021', 'Sergei', 'Bärer', 'ullrichhermine@example.com', '+496347514604', 'Fleischer', 'Decision Maker', 'FR', '001000000000014', 'CON-00021'),
  ('003000000000022', 'Marvin', 'Gotthard', 'hamanngeorgine@example.net', '+495310646749', 'Mechaniker', 'Executive Sponsor', 'FR', '001000000000015', 'CON-00022'),
  ('003000000000023', 'Senol', 'Hoffmann', NULL, '+492283657914', 'Pfleger', 'Decision Maker', 'EN', '001000000000016', 'CON-00023'),
  ('003000000000024', 'Marliese', 'Adler', 'mhoelzenbecher@example.net', '+497140896230', 'Artist', 'Executive Sponsor', 'FR', '001000000000017', 'CON-00024'),
  ('003000000000025', 'Madeleine', 'Eberhardt', 'noackbjoern@example.org', '+490378705797', 'Altenpfleger', 'Decision Maker', 'FR', '001000000000018', 'CON-00025'),
  ('003000000000026', 'Maren', 'Siering', 'pbirnbaum@example.net', '+493046604372', 'Drogist', 'End User', 'EN', '001000000000019', 'CON-00026'),
  ('003000000000027', 'Roland', 'Klemm', 'frediotto@example.org', '+492300956047', 'Krankenschwester', 'End User', 'FR', '001000000000019', 'CON-00027'),
  ('003000000000028', 'Ida', 'Jäkel', 'hoelzenbechernicolaus@example.net', '+494144385710', 'Programmierer', 'Executive Sponsor', 'DE', '001000000000019', 'CON-00028'),
  ('003000000000029', 'Senta', 'Speer', 'jacquelinegroettner@example.org', '+490292271466', 'Pfleger', 'End User', 'DE', '001000000000020', 'CON-00029'),
  ('003000000000030', 'Dennis', 'Hölzenbecher', 'rosetamara@example.com', '+490349182174', 'Artist', 'End User', 'DE', '001000000000020', 'CON-00030'),
  ('003000000000031', 'Branko', 'Hoffmann', 'isteckel@example.org', '+490192469388', 'Informatiker', 'Executive Sponsor', 'EN', '001000000000020', 'CON-00031'),
  ('003000000000032', 'Monja', 'Jockel', 'annekatrin79@example.com', '+495793588742', 'Altenpfleger', 'Decision Maker', 'DE', '001000000000021', 'CON-00032'),
  ('003000000000033', 'Aziz', 'Hering', 'roehrichtmiroslaw@example.net', '+490750538311', 'Krankenschwester', 'Executive Sponsor', 'EN', '001000000000022', 'CON-00033'),
  ('003000000000034', 'Nurten', 'Mohaupt', 'xbonbach@example.com', '+498692603797', 'Krankenschwester', 'Technical Contact', 'DE', '001000000000023', 'CON-00034'),
  ('003000000000035', 'Traute', 'Roskoth', 'claudio37@example.org', '+493925962774', 'Altenpfleger', NULL, 'EN', '001000000000023', 'CON-00035'),
  ('003000000000036', 'Adrian', 'Weihmann', 'natalimisicher@example.net', '+493020374864', 'Erzieher', 'Executive Sponsor', 'DE', '001000000000023', 'CON-00036'),
  ('003000000000037', 'Silvester', 'Liebelt', 'schustertheodora@example.com', '+491558913991', 'Altenpfleger', 'Decision Maker', 'EN', '001000000000024', 'CON-00037'),
  ('003000000000038', 'Gitta', 'Mitschke', 'heinz-willi72@example.com', '+498441375213', 'Chirurgiemechaniker', 'Decision Maker', 'DE', '001000000000024', 'CON-00038'),
  ('003000000000039', 'Guenter', 'Söding', 'sergei26@example.org', '+499634492025', 'Erzieher', 'Technical Contact', 'FR', '001000000000024', 'CON-00039'),
  ('003000000000040', 'Marcus', 'Zirme', 'werneckeanatol@example.net', NULL, 'Mechaniker', NULL, 'FR', '001000000000025', 'CON-00040'),
  ('003000000000041', 'Tim', 'Hamann', 'holzapfeljanine@example.com', '+495711788715', 'Ausbaufacharbeiter', 'Technical Contact', 'EN', '001000000000026', 'CON-00041'),
  ('003000000000042', 'Gerald', 'Thanel', 'wilmsvalerij@example.net', '+491113234284', 'Augenoptiker', 'Decision Maker', 'FR', '001000000000026', 'CON-00042'),
  ('003000000000043', 'Natalija', 'Wohlgemut', 'ubutte@example.net', '+499885194979', 'Florist', 'Decision Maker', 'FR', '001000000000026', 'CON-00043'),
  ('003000000000044', 'Ingbert', 'Röhrdanz', 'hermighausenkristiane@example.com', '+495546142048', 'Mathematiker', 'Decision Maker', 'FR', '001000000000027', 'CON-00044'),
  ('003000000000045', 'Siegried', 'Meyer', 'gstoll@example.org', '+494511538862', 'Mechaniker', 'Technical Contact', 'EN', '001000000000028', 'CON-00045'),
  ('003000000000046', 'Heidelinde', 'Beckmann', NULL, NULL, 'Drogist', 'Decision Maker', 'DE', '001000000000028', 'CON-00046'),
  ('003000000000047', 'Götz', 'Schenk', 'ingoheinrich@example.org', '+492104128595', 'Designer', 'Executive Sponsor', 'DE', '001000000000028', 'CON-00047'),
  ('003000000000048', 'Galina', 'Kuhl', 'walfrieddowerg@example.com', NULL, 'Pfleger', 'Executive Sponsor', 'EN', '001000000000029', 'CON-00048'),
  ('003000000000049', 'Hanne-Lore', 'Wirth', 'bachmanntuelay@example.net', '+491432927347', 'Winzer', 'Decision Maker', 'DE', '001000000000029', 'CON-00049'),
  ('003000000000050', 'Hans-Michael', 'Ebert', 'stolzefrancoise@example.org', '+497967736729', 'Techniker', 'Technical Contact', 'DE', '001000000000030', 'CON-00050'),
  ('003000000000051', 'Natali', 'Ditschlerin', 'henckknud@example.net', NULL, 'Winzer', 'Technical Contact', 'FR', '001000000000030', 'CON-00051'),
  ('003000000000052', 'Tilmann', 'Walter', 'claudiusmitschke@example.com', '+497506258557', 'Chirurgiemechaniker', 'Technical Contact', 'FR', '001000000000030', 'CON-00052'),
  ('003000000000053', 'Hans-Herbert', 'Mans', 'raedelviktor@example.org', NULL, 'Forstwirt', 'Technical Contact', 'EN', '001000000000031', 'CON-00053'),
  ('003000000000054', 'Goran', 'Jessel', 'boucseinraphaela@example.net', '+493155190882', 'Mechaniker', 'Technical Contact', 'FR', '001000000000032', 'CON-00054'),
  ('003000000000055', 'Hans-Wilhelm', 'Graf', 'alidapieper@example.com', '+493683583483', 'Chemikant', 'Executive Sponsor', 'FR', '001000000000032', 'CON-00055'),
  ('003000000000056', 'Ottokar', 'Winkler', 'albersannegrete@example.org', '+494970840683', 'Artist', 'Executive Sponsor', 'DE', '001000000000032', 'CON-00056'),
  ('003000000000057', 'Alicia', 'Säuberlich', 'zahnmadlen@example.com', '+495328122168', 'Drogist', 'End User', 'DE', '001000000000033', 'CON-00057'),
  ('003000000000058', 'Kilian', 'Franke', 'irmtraud88@example.com', '+498785202818', 'Florist', 'Decision Maker', 'FR', '001000000000033', 'CON-00058'),
  ('003000000000059', 'Hans-Erich', 'Döhn', 'fernando94@example.net', '+499888642217', 'Pfleger', 'End User', 'DE', '001000000000033', 'CON-00059'),
  ('003000000000060', 'Priska', 'Mans', 'bfritsch@example.org', '+493674088198', 'Programmierer', 'Technical Contact', 'EN', '001000000000034', 'CON-00060'),
  ('003000000000061', 'Bärbel', 'Heinz', 'wirthmarcus@example.org', '+497042218283', 'Ausbaufacharbeiter', 'Decision Maker', 'FR', '001000000000034', 'CON-00061'),
  ('003000000000062', 'Anja', 'Kaul', 'wilmsenrosemarie@example.org', '+497522713071', 'Krankenschwester', 'Decision Maker', 'EN', '001000000000034', 'CON-00062'),
  ('003000000000063', 'Janusz', 'Haering', 'itextor@example.org', NULL, 'Chemikant', 'Technical Contact', 'FR', '001000000000035', 'CON-00063'),
  ('003000000000064', 'Arnd', 'Hamann', 'kschaaf@example.com', '+497520882084', 'Pilot', 'End User', 'DE', '001000000000035', 'CON-00064'),
  ('003000000000065', 'Jurij', 'Förster', 'jhess@example.net', '+496928340607', 'Medizininformatiker', 'Technical Contact', 'FR', '001000000000035', 'CON-00065'),
  ('003000000000066', 'Gabor', 'Thanel', 'qbonbach@example.com', '+497393134228', 'Elektroniker', 'Executive Sponsor', 'FR', '001000000000036', 'CON-00066'),
  ('003000000000067', 'Rouven', 'Freudenberger', 'pedrorose@example.net', '+496710046693', 'Medizininformatiker', 'Executive Sponsor', 'DE', '001000000000036', 'CON-00067'),
  ('003000000000068', 'Xenia', 'Beier', 'qwinkler@example.com', '+495821123534', 'Erzieher', 'Technical Contact', 'EN', '001000000000036', 'CON-00068'),
  ('003000000000069', 'Nikolai', 'Mülichen', 'haaseguido@example.com', '+495768004566', 'Chemikant', 'Executive Sponsor', 'DE', '001000000000037', 'CON-00069'),
  ('003000000000070', 'Bela', 'Gotthard', 'mkarge@example.net', NULL, 'Artist', 'Decision Maker', 'FR', '001000000000037', 'CON-00070'),
  ('003000000000071', 'Hildegart', 'Weller', 'urbanjockel@example.net', '+490944939140', 'Mechaniker', 'Executive Sponsor', 'DE', '001000000000037', 'CON-00071'),
  ('003000000000072', 'Janna', 'Mitschke', 'simone66@example.org', NULL, 'Koreanistiker', 'Executive Sponsor', 'DE', '001000000000038', 'CON-00072'),
  ('003000000000073', 'Freya', 'Carsten', 'jacobi-jaeckelbianka@example.com', '+495210488191', 'Mathematiker', 'Executive Sponsor', 'EN', '001000000000038', 'CON-00073'),
  ('003000000000074', 'Carina', 'Schleich', 'annelise91@example.org', '+492271333283', 'Beamter', 'End User', 'FR', '001000000000039', 'CON-00074'),
  ('003000000000075', 'Ulf', 'Patberg', 'wulfkarz@example.net', '+499887697532', 'Altenpfleger', 'Decision Maker', 'EN', '001000000000039', 'CON-00075'),
  ('003000000000076', 'Klaus-Dieter', 'Hornich', 'hermannariane@example.net', '+494566881513', 'Ausbaufacharbeiter', 'Decision Maker', 'FR', '001000000000040', 'CON-00076'),
  ('003000000000077', 'Hans-Dietrich', 'Drub', NULL, NULL, 'Fachinformatiker', 'Decision Maker', 'EN', '001000000000041', 'CON-00077'),
  ('003000000000078', 'Malte', 'Steinberg', 'gudrunbeier@example.net', '+493453330354', 'Pfleger', NULL, 'FR', '001000000000041', 'CON-00078'),
  ('003000000000079', 'Isidor', 'Hermann', 'hatice39@example.com', NULL, 'Florist', 'End User', 'EN', '001000000000042', 'CON-00079'),
  ('003000000000080', 'Rabea', 'Austermühle', NULL, '+498730193259', 'Bankkaufmann', 'End User', 'FR', '001000000000043', 'CON-00080'),
  ('003000000000081', 'Daria', 'Junk', 'zenta33@example.com', '+495873210631', 'Chemikant', 'Executive Sponsor', 'FR', '001000000000043', 'CON-00081'),
  ('003000000000082', 'Jochen', 'Müller', 'vgutknecht@example.com', NULL, 'Florist', 'Technical Contact', 'FR', '001000000000044', 'CON-00082'),
  ('003000000000083', 'Aenne', 'Dehmel', 'baehrada@example.com', NULL, 'Asphaltbauer', 'End User', 'DE', '001000000000044', 'CON-00083'),
  ('003000000000084', 'Otto', 'Hofmann', 'qtrubin@example.net', '+499114681051', 'Binnenschiffer', 'Decision Maker', 'EN', '001000000000045', 'CON-00084'),
  ('003000000000085', 'Tina', 'Cichorius', 'ljubica57@example.org', '+491955164961', 'Arzt', 'Decision Maker', 'DE', '001000000000045', 'CON-00085'),
  ('003000000000086', 'Julius', 'Rohleder', 'estiebitz@example.com', NULL, 'Pilot', 'Technical Contact', 'DE', '001000000000046', 'CON-00086'),
  ('003000000000087', 'Erhardt', 'Scheel', 'ddoerschner@example.net', '+491808762154', 'Designer', 'Executive Sponsor', 'FR', '001000000000047', 'CON-00087'),
  ('003000000000088', 'Hanife', 'Briemer', 'weissgeraldine@example.org', '+498021820430', 'Erzieher', 'Technical Contact', 'DE', '001000000000047', 'CON-00088'),
  ('003000000000089', 'Guido', 'Reuter', 'kreszentiaheinz@example.com', '+493843863081', 'Friseur', NULL, 'EN', '001000000000048', 'CON-00089'),
  ('003000000000090', 'Kristin', 'Jungfer', NULL, '+493481930970', 'Bäcker', 'End User', 'DE', '001000000000049', 'CON-00090'),
  ('003000000000091', 'Nada', 'Sauer', 'ackermanncecilia@example.net', '+493421613590', 'Schornsteinfeger', 'Decision Maker', 'FR', '001000000000050', 'CON-00091'),
  ('003000000000092', 'Veli', 'Sorgatz', 'claudio94@example.net', NULL, 'Krankenschwester', 'Decision Maker', 'DE', '001000000000050', 'CON-00092'),
  ('003000000000093', 'Hartmuth', 'Seip', 'charlotte78@example.com', NULL, 'Elektroniker', NULL, 'FR', '001000000000050', 'CON-00093'),
  ('003000000000094', 'Mehdi', 'Herrmann', 'roskothsylvia@example.com', '+495593150595', 'Polizist', NULL, 'DE', '001000000000051', 'CON-00094'),
  ('003000000000095', 'Andy', 'Jacob', 'hoevelrosa-maria@example.org', NULL, 'Schornsteinfeger', 'Executive Sponsor', 'FR', '001000000000051', 'CON-00095'),
  ('003000000000096', 'Cindy', 'Karge', 'irena18@example.org', '+497244374249', 'Altenpfleger', 'Technical Contact', 'FR', '001000000000051', 'CON-00096'),
  ('003000000000097', 'Marlis', 'Keudel', NULL, '+499730317371', 'Beamter', 'Technical Contact', 'FR', '001000000000052', 'CON-00097'),
  ('003000000000098', 'Meike', 'Ring', 'junckenimmo@example.net', '+490908868214', 'Koreanistiker', 'Executive Sponsor', 'FR', '001000000000052', 'CON-00098'),
  ('003000000000099', 'Elvira', 'Huhn', 'cordulaullrich@example.org', '+490043921903', 'Programmierer', 'Executive Sponsor', 'FR', '001000000000052', 'CON-00099'),
  ('003000000000100', 'Bernd', 'Wende', 'sigfried80@example.org', '+490718169556', 'Friseur', NULL, 'FR', '001000000000053', 'CON-00100'),
  ('003000000000101', 'Burkhard', 'Rose', 'weimerdiane@example.com', '+494259314688', 'Bäcker', 'Technical Contact', 'EN', '001000000000053', 'CON-00101'),
  ('003000000000102', 'Olivia', 'Grein Groth', 'ludwigweinhage@example.org', '+496457712988', 'Asphaltbauer', 'Decision Maker', 'DE', '001000000000053', 'CON-00102'),
  ('003000000000103', 'Ilka', 'Scheibe', 'bmohaupt@example.com', '+499042154847', 'Polizist', 'Executive Sponsor', 'FR', '001000000000054', 'CON-00103'),
  ('003000000000104', 'Enno', 'Atzler', 'heringjose@example.org', '+496619087209', 'Fleischer', 'Executive Sponsor', 'FR', '001000000000055', 'CON-00104'),
  ('003000000000105', 'Kristin', 'Stiebitz', 'fiebiganneliese@example.com', '+499226831171', 'Informatiker', 'Executive Sponsor', 'FR', '001000000000055', 'CON-00105'),
  ('003000000000106', 'Senta', 'Trupp', 'vbiggen@example.net', '+492610039899', 'Augenoptiker', 'End User', 'EN', '001000000000056', 'CON-00106'),
  ('003000000000107', 'Cindy', 'Süßebier', 'erik76@example.com', '+491115442394', 'Chemikant', 'Executive Sponsor', 'FR', '001000000000056', 'CON-00107'),
  ('003000000000108', 'Cord', 'Koch II', 'fredohoevel@example.com', '+499154627031', 'Fleischer', 'End User', 'FR', '001000000000056', 'CON-00108'),
  ('003000000000109', 'Ekkehart', 'Naser', 'kbenthin@example.org', '+493523181718', 'Forstwirt', 'End User', 'EN', '001000000000057', 'CON-00109'),
  ('003000000000110', 'Heiderose', 'Vogt', 'mary10@example.org', '+493520183967', 'Beamter', 'Decision Maker', 'EN', '001000000000057', 'CON-00110'),
  ('003000000000111', 'Thorben', 'Steckel', 'ignaz29@example.org', NULL, 'Drogist', 'Decision Maker', 'DE', '001000000000057', 'CON-00111'),
  ('003000000000112', 'Ria', 'Bloch', 'mariana77@example.net', NULL, 'Altenpfleger', 'Executive Sponsor', 'FR', '001000000000058', 'CON-00112'),
  ('003000000000113', 'Massimo', 'Döring', 'alice66@example.org', '+495256253906', 'Pfleger', 'Decision Maker', 'FR', '001000000000058', 'CON-00113'),
  ('003000000000114', 'Uwe', 'Schottin', 'uli96@example.com', '+494463265234', 'Elektroniker', 'Executive Sponsor', 'EN', '001000000000058', 'CON-00114'),
  ('003000000000115', 'Elizabeth', 'Biggen', 'vneuschaefer@example.org', '+499132509069', 'Beamter', 'End User', 'EN', '001000000000059', 'CON-00115'),
  ('003000000000116', 'Joseph', 'Warmer', 'ana76@example.com', '+493418288064', 'Techniker', 'Executive Sponsor', 'EN', '001000000000059', 'CON-00116'),
  ('003000000000117', 'Melitta', 'Jäntsch', 'fadime83@example.org', '+496873570934', 'Medizininformatiker', 'Technical Contact', 'DE', '001000000000059', 'CON-00117'),
  ('003000000000118', 'Zehra', 'Holsten', 'walentina25@example.org', '+497059838904', 'Bäcker', 'Executive Sponsor', 'DE', '001000000000060', 'CON-00118'),
  ('003000000000119', 'Peer', 'Sager', NULL, '+497935815070', 'Pilot', 'Technical Contact', 'DE', '001000000000060', 'CON-00119'),
  ('003000000000120', 'Svea', 'Junken', 'friedhilde06@example.org', '+498207628414', 'Winzer', 'Decision Maker', 'FR', '001000000000061', 'CON-00120'),
  ('003000000000121', 'Claudius', 'Bauer', 'marleen57@example.com', '+490011818142', 'Schornsteinfeger', 'Decision Maker', 'EN', '001000000000062', 'CON-00121'),
  ('003000000000122', 'Corinna', 'Herrmann', 'ikade@example.net', '+490374658716', 'Mechaniker', 'Decision Maker', 'FR', '001000000000063', 'CON-00122'),
  ('003000000000123', 'Heini', 'Vollbrecht', 'ycaspar@example.com', '+490553316611', 'Erzieher', 'Decision Maker', 'DE', '001000000000063', 'CON-00123'),
  ('003000000000124', 'Hans-Michael', 'Hande', 'jenny57@example.com', '+498281303155', 'Asphaltbauer', 'Decision Maker', 'DE', '001000000000064', 'CON-00124'),
  ('003000000000125', 'Birthe', 'Schmidtke', 'bogdan87@example.net', '+497994396773', 'Forstwirt', 'Decision Maker', 'DE', '001000000000064', 'CON-00125'),
  ('003000000000126', 'Manfred', 'Kensy', 'owilms@example.org', NULL, 'Beamter', 'Executive Sponsor', 'DE', '001000000000065', 'CON-00126'),
  ('003000000000127', 'Yilmaz', 'Ortmann', 'riehlannemarie@example.org', NULL, 'Altenpfleger', 'End User', 'DE', '001000000000066', 'CON-00127'),
  ('003000000000128', 'Isabell', 'Schäfer', 'madeleinejuettner@example.org', '+496511096164', 'Koreanistiker', 'Executive Sponsor', 'FR', '001000000000067', 'CON-00128'),
  ('003000000000129', 'Brunhild', 'Gutknecht', 'heidrichsabina@example.com', '+493622159166', 'Techniker', 'Technical Contact', 'DE', '001000000000068', 'CON-00129'),
  ('003000000000130', 'Sigmar', 'Fechner', 'kunoriehl@example.org', '+492370427067', 'Augenoptiker', 'Technical Contact', 'EN', '001000000000069', 'CON-00130'),
  ('003000000000131', 'Liane', 'Eckbauer', 'ncarsten@example.com', '+492230456965', 'Koreanistiker', 'End User', 'FR', '001000000000069', 'CON-00131'),
  ('003000000000132', 'Tilmann', 'Beckmann', 'karl-heinzrudolph@example.net', NULL, 'Schornsteinfeger', 'Technical Contact', 'EN', '001000000000069', 'CON-00132'),
  ('003000000000133', 'Hans-Walter', 'Otto', 'trudel06@example.net', '+497030977903', 'Artist', 'End User', 'DE', '001000000000070', 'CON-00133'),
  ('003000000000134', 'Frieda', 'Ladeck', 'yputz@example.org', NULL, 'Designer', 'End User', 'DE', '001000000000070', 'CON-00134'),
  ('003000000000135', 'Melissa', 'Hartmann', 'katikreusel@example.com', '+490805757295', 'Designer', 'End User', 'DE', '001000000000070', 'CON-00135'),
  ('003000000000136', 'Dieter', 'Liebelt', 'finkeheidelinde@example.org', '+495295477697', 'Informatiker', 'Decision Maker', 'EN', '001000000000071', 'CON-00136'),
  ('003000000000137', 'Hassan', 'Döring', 'alida93@example.net', '+498275454950', 'Winzer', NULL, 'FR', '001000000000071', 'CON-00137'),
  ('003000000000138', 'Gitta', 'Müller', 'hans-albertpohl@example.net', '+496438258196', 'Informatiker', 'Technical Contact', 'EN', '001000000000071', 'CON-00138'),
  ('003000000000139', 'Anika', 'Weinhold', 'adelbertfliegner@example.net', '+493739304463', 'Bäcker', 'Executive Sponsor', 'EN', '001000000000072', 'CON-00139'),
  ('003000000000140', 'Myriam', 'Müller', 'lieselotte65@example.net', '+497431477374', 'Florist', 'Executive Sponsor', 'DE', '001000000000072', 'CON-00140'),
  ('003000000000141', 'Ingolf', 'Seifert', 'urseletzler@example.com', '+499300488937', 'Polizist', 'Decision Maker', 'FR', '001000000000072', 'CON-00141'),
  ('003000000000142', 'Cornelius', 'Reinhardt', 'friedo21@example.com', NULL, 'Fachinformatiker', NULL, 'FR', '001000000000073', 'CON-00142'),
  ('003000000000143', 'Gitte', 'Vogt', 'carstencindy@example.org', '+497151752021', 'Florist', 'Technical Contact', 'EN', '001000000000073', 'CON-00143'),
  ('003000000000144', 'Steffi', 'Müller', 'niklas03@example.com', '+495888932160', 'Fleischer', 'End User', 'FR', '001000000000073', 'CON-00144'),
  ('003000000000145', 'Detlef', 'Rust', 'reisingmichelle@example.net', '+498514767809', 'Winzer', 'End User', 'DE', '001000000000074', 'CON-00145'),
  ('003000000000146', 'Christiana', 'Holt', 'gherrmann@example.org', '+492304557496', 'Bankkaufmann', 'Decision Maker', 'FR', '001000000000075', 'CON-00146'),
  ('003000000000147', 'Elizabeth', 'Mosemann', 'greteleberhardt@example.net', '+491964980831', 'Asphaltbauer', 'End User', 'DE', '001000000000075', 'CON-00147'),
  ('003000000000148', 'Erhard', 'Rohleder', NULL, '+497943989158', 'Chemikant', 'Decision Maker', 'FR', '001000000000075', 'CON-00148'),
  ('003000000000149', 'Wendelin', 'Dussen van', 'mirellawirth@example.net', '+493570174452', 'Krankenschwester', 'Technical Contact', 'DE', '001000000000076', 'CON-00149'),
  ('003000000000150', 'Sabrina', 'Schacht', 'radischfrancis@example.org', '+499190863527', 'Artist', NULL, 'EN', '001000000000076', 'CON-00150'),
  ('003000000000151', 'Trudel', 'Knappe', 'jmangold@example.com', NULL, 'Binnenschiffer', 'Decision Maker', 'DE', '001000000000077', 'CON-00151'),
  ('003000000000152', 'Imre', 'Steckel', 'thieswernecke@example.org', '+494203785881', 'Altenpfleger', 'Technical Contact', 'DE', '001000000000078', 'CON-00152'),
  ('003000000000153', 'Dorota', 'Mans', 'ybolnbach@example.org', '+492683809681', 'Designer', 'Technical Contact', 'FR', '001000000000078', 'CON-00153'),
  ('003000000000154', 'Korinna', 'Mülichen', 'beatrix70@example.com', NULL, 'Forstwirt', 'Decision Maker', 'DE', '001000000000079', 'CON-00154'),
  ('003000000000155', 'Milena', 'Johann', 'guenterscholz@example.com', '+499218872793', 'Ausbaufacharbeiter', 'Technical Contact', 'DE', '001000000000080', 'CON-00155'),
  ('003000000000156', 'Friedl', 'Gude', 'davidsoswald@example.org', '+497090452627', 'Elektroniker', 'End User', 'FR', '001000000000081', 'CON-00156'),
  ('003000000000157', 'Victor', 'Kobelt', 'hildegundmatthaei@example.net', NULL, 'Chirurgiemechaniker', 'End User', 'EN', '001000000000081', 'CON-00157'),
  ('003000000000158', 'Irene', 'Freudenberger', 'raedelbrigitta@example.net', '+498963900973', 'Augenoptiker', 'Decision Maker', 'FR', '001000000000082', 'CON-00158'),
  ('003000000000159', 'Hans-Werner', 'Söding', 'hanne56@example.org', '+490285853270', 'Chirurgiemechaniker', 'Executive Sponsor', 'EN', '001000000000083', 'CON-00159'),
  ('003000000000160', 'Ramazan', 'Säuberlich', 'conrad48@example.com', NULL, 'Binnenschiffer', 'End User', 'DE', '001000000000083', 'CON-00160'),
  ('003000000000161', 'Magret', 'Kühnert', 'klaus-dieterackermann@example.net', '+490585961313', 'Artist', 'Decision Maker', 'DE', '001000000000084', 'CON-00161'),
  ('003000000000162', 'Ina', 'Drub', NULL, '+497729216988', 'Florist', 'Executive Sponsor', 'DE', '001000000000085', 'CON-00162'),
  ('003000000000163', 'Romuald', 'Ullmann', 'ualbers@example.org', NULL, 'Schornsteinfeger', 'Decision Maker', 'EN', '001000000000086', 'CON-00163'),
  ('003000000000164', 'Catherine', 'Heinrich', 'steffimuehle@example.org', '+494136868791', 'Ausbaufacharbeiter', 'Executive Sponsor', 'FR', '001000000000087', 'CON-00164'),
  ('003000000000165', 'Leonhard', 'Täsche', NULL, '+499430841674', 'Chirurgiemechaniker', 'Decision Maker', 'FR', '001000000000087', 'CON-00165'),
  ('003000000000166', 'Meral', 'Stolze', 'ludmillapechel@example.org', '+491112512933', 'Informatiker', 'Executive Sponsor', 'EN', '001000000000088', 'CON-00166'),
  ('003000000000167', 'Leonardo', 'Hellwig', 'trappadalbert@example.net', '+497792293564', 'Pfleger', NULL, 'EN', '001000000000088', 'CON-00167'),
  ('003000000000168', 'Dursun', 'Beyer', 'gerolfkuehnert@example.com', '+497213065845', 'Altenpfleger', 'End User', 'FR', '001000000000088', 'CON-00168'),
  ('003000000000169', 'Hans-Martin', 'Heser', 'reza69@example.net', '+493814023096', 'Bäcker', 'Executive Sponsor', 'EN', '001000000000089', 'CON-00169'),
  ('003000000000170', 'Nuran', 'Ditschlerin', 'fedorsiering@example.org', '+490858442230', 'Programmierer', 'End User', 'DE', '001000000000090', 'CON-00170'),
  ('003000000000171', 'Gustav', 'Ditschlerin', 'gustav58@example.net', '+494543038496', 'Bäcker', 'Executive Sponsor', 'EN', '001000000000091', 'CON-00171'),
  ('003000000000172', 'Henrik', 'Weimer', 'hanspeterkarge@example.net', '+495009682991', 'Forstwirt', 'Decision Maker', 'FR', '001000000000092', 'CON-00172'),
  ('003000000000173', 'Alfred', 'Beier', 'margretbaerer@example.net', '+490722498391', 'Binnenschiffer', 'Technical Contact', 'DE', '001000000000093', 'CON-00173'),
  ('003000000000174', 'Adolf', 'Schuster', 'dlindner@example.net', NULL, 'Informatiker', 'End User', 'FR', '001000000000093', 'CON-00174'),
  ('003000000000175', 'Abram', 'Bolander', 'skreusel@example.net', '+491886807493', 'Forstwirt', 'Decision Maker', 'EN', '001000000000094', 'CON-00175'),
  ('003000000000176', 'Fredo', 'Rohleder', 'sandor63@example.com', '+497700505684', 'Bankkaufmann', 'Technical Contact', 'EN', '001000000000094', 'CON-00176'),
  ('003000000000177', 'Ortwin', 'Kusch', 'speerdiedrich@example.net', NULL, 'Chirurgiemechaniker', 'End User', 'EN', '001000000000095', 'CON-00177'),
  ('003000000000178', 'Meik', 'Zorbach', 'zkabus@example.net', '+496800384902', 'Augenoptiker', 'End User', 'FR', '001000000000095', 'CON-00178'),
  ('003000000000179', 'Arnulf', 'Hentschel', 'birnbaumkarl-ernst@example.com', '+491814969980', 'Bankkaufmann', 'Decision Maker', 'FR', '001000000000096', 'CON-00179'),
  ('003000000000180', 'Edwin', 'Wohlgemut', 'stefani78@example.com', '+495339818501', 'Altenpfleger', NULL, 'FR', '001000000000097', 'CON-00180'),
  ('003000000000181', 'Desiree', 'Dörschner', 'lore49@example.org', NULL, 'Fleischer', 'End User', 'FR', '001000000000097', 'CON-00181'),
  ('003000000000182', 'Anita', 'Kruschwitz', 'scholzgrzegorz@example.org', '+499429701126', 'Binnenschiffer', 'End User', 'DE', '001000000000097', 'CON-00182'),
  ('003000000000183', 'Halil', 'Hahn', 'arnim62@example.com', '+491027525358', 'Koreanistiker', NULL, 'DE', '001000000000098', 'CON-00183'),
  ('003000000000184', 'Cäcilie', 'Kroker', 'jfreudenberger@example.net', NULL, 'Polizist', 'Decision Maker', 'EN', '001000000000099', 'CON-00184'),
  ('003000000000185', 'Ditmar', 'Schäfer', 'theda40@example.com', '+491883639654', 'Designer', 'End User', 'DE', '001000000000099', 'CON-00185'),
  ('003000000000186', 'Tomas', 'Pergande', 'ccichorius@example.com', '+491297837324', 'Informatiker', 'Executive Sponsor', 'DE', '001000000000100', 'CON-00186'),
  ('003000000000187', 'Juri', 'Tröst', 'calogerotrub@example.org', '+499517883054', 'Winzer', 'End User', 'DE', '001000000000100', 'CON-00187'),
  ('003000000000188', 'Mohamed', 'Reising', 'winkleredelgard@example.org', '+497470396780', 'Informatiker', 'Decision Maker', 'EN', '001000000000100', 'CON-00188'),
  ('003000000000189', 'Stanislaus', 'Dobes', 'schaefergertrud@example.com', '+497212101090', 'Fachinformatiker', 'Technical Contact', 'DE', '001000000000101', 'CON-00189'),
  ('003000000000190', 'Sybille', 'Flantz', 'anne-marielinke@example.org', '+491727863037', 'Medizininformatiker', 'End User', 'DE', '001000000000101', 'CON-00190'),
  ('003000000000191', 'Hartmut', 'Freudenberger', 'speerhansjoachim@example.org', '+498884099031', 'Schornsteinfeger', 'Technical Contact', 'DE', '001000000000102', 'CON-00191'),
  ('003000000000192', 'Elfriede', 'Jäkel', 'nadinkarge@example.net', '+499351447867', 'Elektroniker', NULL, 'EN', '001000000000102', 'CON-00192'),
  ('003000000000193', 'Tino', 'Heß', 'hans-guenter01@example.com', '+493490158004', 'Schornsteinfeger', NULL, 'FR', '001000000000102', 'CON-00193'),
  ('003000000000194', 'Miroslav', 'Gude', 'kkraus@example.com', '+498719947137', 'Chirurgiemechaniker', 'Technical Contact', 'FR', '001000000000103', 'CON-00194'),
  ('003000000000195', 'Annamaria', 'Weiß', 'oroht@example.com', '+493781189937', 'Informatiker', 'Technical Contact', 'DE', '001000000000103', 'CON-00195'),
  ('003000000000196', 'Eckard', 'auch Schlauchin', 'sibelhornig@example.net', '+496945071927', 'Florist', 'Executive Sponsor', 'EN', '001000000000103', 'CON-00196'),
  ('003000000000197', 'Gunhild', 'Conradi', NULL, '+491895870070', 'Techniker', 'Executive Sponsor', 'EN', '001000000000104', 'CON-00197'),
  ('003000000000198', 'Tomasz', 'Hövel', 'heinrichjolanta@example.com', NULL, 'Fachinformatiker', 'Decision Maker', 'EN', '001000000000104', 'CON-00198'),
  ('003000000000199', 'Constantin', 'Mülichen', 'jo58@example.net', NULL, 'Ausbaufacharbeiter', 'Decision Maker', 'DE', '001000000000105', 'CON-00199'),
  ('003000000000200', 'Janine', 'Eigenwillig', NULL, NULL, 'Binnenschiffer', 'End User', 'EN', '001000000000105', 'CON-00200'),
  ('003000000000201', 'Sofia', 'Grein Groth', 'gundibien@example.com', '+494925276436', 'Augenoptiker', 'End User', 'FR', '001000000000106', 'CON-00201'),
  ('003000000000202', 'Folker', 'Schlosser', 'mosemanngrete@example.com', '+496627687013', 'Mechaniker', 'Executive Sponsor', 'EN', '001000000000106', 'CON-00202'),
  ('003000000000203', 'Hans-Heinrich', 'Haering', 'hans-juergen34@example.com', '+490812624909', 'Drogist', 'Decision Maker', 'FR', '001000000000106', 'CON-00203'),
  ('003000000000204', 'Bärbel', 'Cichorius', 'heringpaulo@example.com', '+494814226099', 'Techniker', 'Executive Sponsor', 'DE', '001000000000107', 'CON-00204'),
  ('003000000000205', 'Bayram', 'Förster', 'andredoerschner@example.net', '+493960448488', 'Binnenschiffer', 'End User', 'EN', '001000000000108', 'CON-00205'),
  ('003000000000206', 'Andrej', 'Hein', 'cetzler@example.org', NULL, 'Winzer', NULL, 'DE', '001000000000108', 'CON-00206'),
  ('003000000000207', 'Sigrun', 'Mühle', 'koehlermarvin@example.org', '+491329453882', 'Beamter', 'Decision Maker', 'EN', '001000000000108', 'CON-00207'),
  ('003000000000208', 'Ekrem', 'Köhler', 'phoffmann@example.com', '+491438986238', 'Mechaniker', NULL, 'DE', '001000000000109', 'CON-00208'),
  ('003000000000209', 'Milka', 'Christoph', 'gertaanders@example.net', NULL, 'Winzer', 'Executive Sponsor', 'FR', '001000000000109', 'CON-00209'),
  ('003000000000210', 'Cathleen', 'Gröttner', 'bhartung@example.org', '+492372293939', 'Chemikant', 'Technical Contact', 'DE', '001000000000109', 'CON-00210'),
  ('003000000000211', 'Alois', 'Wohlgemut', 'dorothee05@example.net', '+499570820595', 'Fleischer', 'Decision Maker', 'FR', '001000000000110', 'CON-00211'),
  ('003000000000212', 'Gretchen', 'Förster', 'violettareising@example.com', '+492281047232', 'Mechaniker', 'Executive Sponsor', 'FR', '001000000000111', 'CON-00212'),
  ('003000000000213', 'Hans Jörg', 'Dussen van', 'solveig87@example.org', NULL, 'Artist', 'Decision Maker', 'EN', '001000000000111', 'CON-00213'),
  ('003000000000214', 'Wiebke', 'Dietz', 'xgumprich@example.org', '+498381317321', 'Chemikant', 'Decision Maker', 'DE', '001000000000111', 'CON-00214'),
  ('003000000000215', 'Franjo', 'Keudel', 'junckenberta@example.net', NULL, 'Drogist', 'Executive Sponsor', 'DE', '001000000000112', 'CON-00215'),
  ('003000000000216', 'Romana', 'Hoffmann', 'rosalinde88@example.org', '+494635688604', 'Fachinformatiker', 'End User', 'DE', '001000000000112', 'CON-00216'),
  ('003000000000217', 'Salih', 'Mangold', 'kathleenhoevel@example.org', NULL, 'Augenoptiker', 'End User', 'EN', '001000000000113', 'CON-00217'),
  ('003000000000218', 'Michaele', 'Beckmann', NULL, '+496492523879', 'Schornsteinfeger', NULL, 'EN', '001000000000113', 'CON-00218'),
  ('003000000000219', 'Jacek', 'Wagner', 'bertoldgute@example.org', '+497955899156', 'Bäcker', 'Decision Maker', 'DE', '001000000000113', 'CON-00219'),
  ('003000000000220', 'Lissi', 'Naser', NULL, '+490081966672', 'Drogist', 'Decision Maker', 'EN', '001000000000114', 'CON-00220'),
  ('003000000000221', 'Theodor', 'Mude', 'abrahamkensy@example.net', '+492430654519', 'Binnenschiffer', 'End User', 'DE', '001000000000115', 'CON-00221'),
  ('003000000000222', 'Gordon', 'Schenk', 'gert17@example.com', '+491678589662', 'Bankkaufmann', 'Executive Sponsor', 'FR', '001000000000116', 'CON-00222'),
  ('003000000000223', 'Aysel', 'Dowerg', 'hoelzenbecherkristine@example.com', '+499732620006', 'Artist', NULL, 'FR', '001000000000116', 'CON-00223'),
  ('003000000000224', 'Henry', 'Stolze', 'edelbert78@example.org', '+493761945338', 'Beamter', 'End User', 'DE', '001000000000116', 'CON-00224'),
  ('003000000000225', 'Emmy', 'Jopich', 'steinbergcharles@example.net', NULL, 'Mathematiker', 'Executive Sponsor', 'EN', '001000000000117', 'CON-00225'),
  ('003000000000226', 'Rosa-Maria', 'Heuser', 'sontaglena@example.com', '+497510386102', 'Pfleger', 'Executive Sponsor', 'FR', '001000000000117', 'CON-00226'),
  ('003000000000227', 'Dariusz', 'Käster', 'langernbernhardine@example.org', '+497346648231', 'Florist', 'Decision Maker', 'FR', '001000000000118', 'CON-00227'),
  ('003000000000228', 'Mario', 'Heinz', 'grein-grothapollonia@example.net', '+490869266092', 'Binnenschiffer', 'Executive Sponsor', 'DE', '001000000000118', 'CON-00228'),
  ('003000000000229', 'Elvira', 'Ebert', NULL, '+492903263923', 'Programmierer', 'End User', 'FR', '001000000000118', 'CON-00229'),
  ('003000000000230', 'Henrik', 'Fiebig', 'bweimer@example.net', '+497312644845', 'Forstwirt', NULL, 'EN', '001000000000119', 'CON-00230'),
  ('003000000000231', 'Inge', 'Mentzel', 'nevenka96@example.com', '+492054713600', 'Schornsteinfeger', 'Executive Sponsor', 'FR', '001000000000119', 'CON-00231'),
  ('003000000000232', 'Alexej', 'Ritter', 'conradiernst-august@example.net', '+493127412251', 'Medizininformatiker', 'Executive Sponsor', 'EN', '001000000000120', 'CON-00232'),
  ('003000000000233', 'Luis', 'Schomber', 'zernst@example.org', '+495567671949', 'Forstwirt', 'Technical Contact', 'DE', '001000000000120', 'CON-00233'),
  ('003000000000234', 'Alban', 'Weimer', 'emilia67@example.org', '+495890725052', 'Ausbaufacharbeiter', 'Decision Maker', 'EN', '001000000000075', 'CON-00234'),
  ('003000000000235', 'Andreas', 'Weinhold', 'guenter53@example.net', '+491037746825', 'Chemikant', 'Technical Contact', 'DE', '001000000000075', 'CON-00235'),
  ('003000000000236', 'Konstantinos', 'Hecker', 'riehlfriedbert@example.org', NULL, 'Artist', 'Executive Sponsor', 'DE', '001000000000088', 'CON-00236'),
  ('003000000000237', 'Thorben', 'Scheibe', 'iragirschner@example.com', NULL, 'Techniker', 'Executive Sponsor', 'FR', '001000000000088', 'CON-00237'),
  ('003000000000238', 'Rafael', 'Häring', 'mosemannjoseph@example.com', NULL, 'Fleischer', 'Decision Maker', 'EN', '001000000000059', 'CON-00238'),
  ('003000000000239', 'Reinhart', 'Hauffer', 'rosireising@example.net', '+497000357587', 'Altenpfleger', 'Executive Sponsor', 'EN', '001000000000103', 'CON-00239'),
  ('003000000000240', 'Malgorzata', 'Schmidtke', 'wilmsenhanns@example.org', '+493451501906', 'Bankkaufmann', 'Decision Maker', 'FR', '001000000000103', 'CON-00240'),
  ('003000000000241', 'Ivan', 'Heß', 'dankroker@example.org', NULL, 'Chirurgiemechaniker', 'Technical Contact', 'FR', '001000000000012', 'CON-00241'),
  ('003000000000242', 'Erkan', 'Gute', 'bonbachnora@example.net', NULL, 'Florist', NULL, 'EN', '001000000000012', 'CON-00242'),
  ('003000000000243', 'Theodora', 'Schlosser', 'roskothhans-wolfgang@example.org', '+491275278861', 'Pilot', 'Executive Sponsor', 'DE', '001000000000012', 'CON-00243'),
  ('003000000000244', 'Slawomir', 'Kobelt', 'girschnerapollonia@example.org', '+494189359002', 'Polizist', 'End User', 'DE', '001000000000112', 'CON-00244');

INSERT INTO "Opportunity" ("Id", "Name", "StageName", "CloseDate", "Amount", "CurrencyIsoCode", "AccountId", "Legacy_Opportunity_ID__c") VALUES
  ('006000000000001', 'Re-Contextualize Vertical Experiences', 'Closed Won', '2026-04-01', NULL, 'EUR', '001000000000001', 'OPP-00001'),
  ('006000000000002', 'Envisioneer Global Platforms', 'Closed Won', '2025-02-06', 383632.13, 'USD', '001000000000002', 'OPP-00002'),
  ('006000000000003', 'Synergize Intuitive Action-Items', 'Qualification', '2027-01-15', 325776.81, 'CHF', '001000000000002', 'OPP-00003'),
  ('006000000000004', 'Extend Leading-Edge Schemas', 'Closed Lost', '2025-08-01', 42543.61, 'CHF', '001000000000002', 'OPP-00004'),
  ('006000000000005', 'Envisioneer Magnetic Relationships', 'Prospecting', '2025-06-20', 254615.47, 'CHF', '001000000000002', 'OPP-00005'),
  ('006000000000006', 'Exploit Customized Markets', 'Prospecting', '2026-11-16', 304746.21, 'USD', '001000000000003', 'OPP-00006'),
  ('006000000000007', 'Unleash Dynamic Paradigms', 'Closed Lost', '2024-08-01', 3808.88, 'USD', '001000000000004', 'OPP-00007'),
  ('006000000000008', 'Benchmark Revolutionary Users', 'Prospecting', '2026-12-28', 25604.38, 'CHF', '001000000000004', 'OPP-00008'),
  ('006000000000009', 'Morph Customized Functionalities', 'Prospecting', '2026-06-17', 329382.47, 'GBP', '001000000000004', 'OPP-00009'),
  ('006000000000010', 'Implement Next-Generation Platforms', 'Prospecting', '2025-10-25', 60702.05, 'EUR', '001000000000004', 'OPP-00010'),
  ('006000000000011', 'Exploit World-Class Technologies', 'Prospecting', '2025-07-16', NULL, 'CHF', '001000000000005', 'OPP-00011'),
  ('006000000000012', 'Monetize Collaborative Systems', 'Closed Lost', '2026-05-22', 6868.26, 'USD', '001000000000005', 'OPP-00012'),
  ('006000000000013', 'Maximize User-Centric Schemas', 'Closed Won', '2025-03-02', 299137.54, 'EUR', '001000000000005', 'OPP-00013'),
  ('006000000000014', 'Drive Dynamic E-Tailers', 'Qualification', '2025-03-31', 384506.01, 'GBP', '001000000000006', 'OPP-00014'),
  ('006000000000015', 'Strategize Dynamic Partnerships', 'Prospecting', '2024-08-08', 410097.1, 'CHF', '001000000000006', 'OPP-00015'),
  ('006000000000016', 'Evolve Value-Added Initiatives', 'Qualification', '2027-01-26', NULL, 'GBP', '001000000000006', 'OPP-00016'),
  ('006000000000017', 'Leverage Out-Of-The-Box Convergence', 'Qualification', '2024-10-15', 218452.81, 'CHF', '001000000000007', 'OPP-00017'),
  ('006000000000018', 'Embrace Out-Of-The-Box Synergies', 'Closed Won', '2026-05-05', 333437.6, 'USD', '001000000000007', 'OPP-00018'),
  ('006000000000019', 'Facilitate Innovative Metrics', 'Closed Lost', '2025-08-08', 150721.39, 'USD', '001000000000008', 'OPP-00019'),
  ('006000000000020', 'Matrix Back-End Paradigms', 'Closed Won', '2024-09-01', 327920.68, 'CHF', '001000000000008', 'OPP-00020'),
  ('006000000000021', 'Grow Virtual E-Services', 'Prospecting', '2026-07-10', 362169.84, 'GBP', '001000000000009', 'OPP-00021'),
  ('006000000000022', 'Synergize Next-Generation Web-Readiness', 'Closed Lost', '2027-06-08', 304674.17, 'CHF', '001000000000010', 'OPP-00022'),
  ('006000000000023', 'Mesh Out-Of-The-Box Initiatives', 'Qualification', '2025-09-20', 261039.27, 'CHF', '001000000000011', 'OPP-00023'),
  ('006000000000024', 'Strategize Impactful Infrastructures', 'Closed Lost', '2027-03-11', NULL, 'EUR', '001000000000011', 'OPP-00024'),
  ('006000000000025', 'Target Distributed Metrics', 'Qualification', '2024-12-26', 62349.18, 'USD', '001000000000012', 'OPP-00025'),
  ('006000000000026', 'Synthesize End-To-End Portals', 'Closed Lost', '2025-01-16', 198412.58, 'USD', '001000000000013', 'OPP-00026'),
  ('006000000000027', 'Engineer Collaborative Portals', 'Closed Won', '2025-05-08', 278113.63, 'EUR', '001000000000013', 'OPP-00027'),
  ('006000000000028', 'Benchmark Front-End Niches', 'Prospecting', '2025-01-20', 158502.63, 'CHF', '001000000000014', 'OPP-00028'),
  ('006000000000029', 'Unleash Value-Added E-Business', 'Qualification', '2026-09-02', 477496.13, 'EUR', '001000000000014', 'OPP-00029'),
  ('006000000000030', 'Revolutionize Extensible Metrics', 'Qualification', '2025-04-19', 209834.29, 'GBP', '001000000000015', 'OPP-00030'),
  ('006000000000031', 'Visualize Compelling Metrics', 'Closed Lost', '2024-07-08', 275043.42, 'USD', '001000000000015', 'OPP-00031'),
  ('006000000000032', 'Exploit Interactive Markets', 'Prospecting', '2025-12-29', 176316.82, 'EUR', '001000000000015', 'OPP-00032'),
  ('006000000000033', 'Embrace Visionary Solutions', 'Qualification', '2027-02-05', NULL, 'EUR', '001000000000015', 'OPP-00033'),
  ('006000000000034', 'Re-Contextualize Extensible Initiatives', 'Closed Won', '2025-11-07', 72411.24, 'GBP', '001000000000016', 'OPP-00034'),
  ('006000000000035', 'Generate Robust Systems', 'Closed Lost', '2027-06-01', 168822.52, 'EUR', '001000000000016', 'OPP-00035'),
  ('006000000000036', 'Transform Revolutionary Networks', 'Closed Won', '2025-09-15', 176902.95, 'GBP', '001000000000017', 'OPP-00036'),
  ('006000000000037', 'E-Enable Next-Generation Mindshare', 'Closed Lost', '2024-08-04', 81201.91, 'GBP', '001000000000017', 'OPP-00037'),
  ('006000000000038', 'Embrace Real-Time Users', 'Closed Won', '2026-05-27', 1636.9, 'CHF', '001000000000017', 'OPP-00038'),
  ('006000000000039', 'Enable Granular Web Services', 'Closed Won', '2026-03-19', 207674.38, 'USD', '001000000000018', 'OPP-00039'),
  ('006000000000040', 'Mesh Sticky Synergies', 'Closed Won', '2026-06-19', 113271.87, 'CHF', '001000000000018', 'OPP-00040'),
  ('006000000000041', 'E-Enable Revolutionary Content', 'Closed Lost', '2026-07-22', NULL, 'USD', '001000000000018', 'OPP-00041'),
  ('006000000000042', 'Aggregate B2B Initiatives', 'Prospecting', '2026-11-30', 104820.14, 'USD', '001000000000019', 'OPP-00042'),
  ('006000000000043', 'Streamline Best-Of-Breed Architectures', 'Closed Lost', '2026-06-12', 80452.38, 'GBP', '001000000000020', 'OPP-00043'),
  ('006000000000044', 'Utilize Ubiquitous Info-Mediaries', 'Closed Won', '2024-07-30', 264593.04, 'EUR', '001000000000020', 'OPP-00044'),
  ('006000000000045', 'Extend Magnetic Methodologies', 'Qualification', '2026-06-25', 277823.25, 'USD', '001000000000020', 'OPP-00045'),
  ('006000000000046', 'Utilize Collaborative Infrastructures', 'Closed Lost', '2027-03-26', 32712.7, 'EUR', '001000000000021', 'OPP-00046'),
  ('006000000000047', 'Brand Synergistic Relationships', 'Closed Lost', '2026-02-10', 166380.96, 'CHF', '001000000000021', 'OPP-00047'),
  ('006000000000048', 'Drive Holistic Architectures', 'Closed Won', '2025-08-26', 278184.4, 'GBP', '001000000000021', 'OPP-00048'),
  ('006000000000049', 'Embrace End-To-End Channels', 'Qualification', '2024-09-20', 103336.23, 'USD', '001000000000021', 'OPP-00049'),
  ('006000000000050', 'Disintermediate Collaborative Systems', 'Closed Lost', '2025-12-18', 345659.61, 'GBP', '001000000000022', 'OPP-00050'),
  ('006000000000051', 'Enable Cross-Media Networks', 'Closed Lost', '2024-10-19', 51100.7, 'EUR', '001000000000022', 'OPP-00051'),
  ('006000000000052', 'Evolve Seamless Architectures', 'Closed Won', '2025-04-01', 441327.25, 'USD', '001000000000022', 'OPP-00052'),
  ('006000000000053', 'Expedite Web-Enabled Solutions', 'Closed Won', '2026-01-19', 411193.37, 'CHF', '001000000000023', 'OPP-00053'),
  ('006000000000054', 'Deliver End-To-End Applications', 'Prospecting', '2025-09-05', 389633.72, 'GBP', '001000000000023', 'OPP-00054'),
  ('006000000000055', 'Aggregate Frictionless Bandwidth', 'Qualification', '2026-04-09', 43912.43, 'GBP', '001000000000023', 'OPP-00055'),
  ('006000000000056', 'Morph Bricks-And-Clicks Models', 'Closed Lost', '2027-03-07', 256990.76, 'CHF', '001000000000024', 'OPP-00056'),
  ('006000000000057', 'Innovate Innovative Roi', 'Closed Won', '2027-01-09', 175417.43, 'CHF', '001000000000025', 'OPP-00057'),
  ('006000000000058', 'Re-Contextualize Magnetic Partnerships', 'Closed Lost', '2027-06-03', NULL, 'EUR', '001000000000025', 'OPP-00058'),
  ('006000000000059', 'Engage Global Convergence', 'Prospecting', '2025-03-26', 96734.97, 'CHF', '001000000000025', 'OPP-00059'),
  ('006000000000060', 'Evolve Visionary Experiences', 'Closed Lost', '2024-10-26', 264787.92, 'EUR', '001000000000025', 'OPP-00060'),
  ('006000000000061', 'Re-Intermediate Scalable Content', 'Prospecting', '2027-06-04', 428429.9, 'GBP', '001000000000026', 'OPP-00061'),
  ('006000000000062', 'Extend Sticky Relationships', 'Closed Won', '2024-12-23', 25371.58, 'CHF', '001000000000026', 'OPP-00062'),
  ('006000000000063', 'Morph Plug-And-Play Users', 'Closed Won', '2025-04-27', 169817.58, 'CHF', '001000000000027', 'OPP-00063'),
  ('006000000000064', 'Cultivate Virtual Vortals', 'Prospecting', '2027-03-04', 120228.71, 'USD', '001000000000027', 'OPP-00064'),
  ('006000000000065', 'Synthesize Open-Source E-Tailers', 'Closed Lost', '2025-12-06', 59720.75, 'EUR', '001000000000027', 'OPP-00065'),
  ('006000000000066', 'Productize Frictionless Info-Mediaries', 'Qualification', '2026-09-26', 231193.16, 'CHF', '001000000000027', 'OPP-00066'),
  ('006000000000067', 'Deploy Strategic Metrics', 'Qualification', '2027-01-23', 310510.75, 'USD', '001000000000028', 'OPP-00067'),
  ('006000000000068', 'Drive Compelling Channels', 'Qualification', '2026-10-28', 167496.67, 'USD', '001000000000028', 'OPP-00068'),
  ('006000000000069', 'Revolutionize Rich Web-Readiness', 'Qualification', '2024-07-09', 96307.32, 'USD', '001000000000029', 'OPP-00069'),
  ('006000000000070', 'Orchestrate Revolutionary Models', 'Closed Lost', '2026-12-22', 15207.08, 'GBP', '001000000000029', 'OPP-00070'),
  ('006000000000071', 'Architect Frictionless Roi', 'Closed Lost', '2026-04-14', 175749.78, 'GBP', '001000000000029', 'OPP-00071'),
  ('006000000000072', 'Incentivize Innovative Partnerships', 'Closed Won', '2025-09-02', 27501.29, 'CHF', '001000000000029', 'OPP-00072'),
  ('006000000000073', 'Target Virtual Experiences', 'Closed Won', '2025-11-02', 476276.13, 'GBP', '001000000000030', 'OPP-00073'),
  ('006000000000074', 'Orchestrate Next-Generation E-Commerce', 'Prospecting', '2026-03-01', 197610.8, 'CHF', '001000000000031', 'OPP-00074'),
  ('006000000000075', 'Brand 24/365 Architectures', 'Closed Lost', '2026-06-03', 357704.85, 'USD', '001000000000032', 'OPP-00075'),
  ('006000000000076', 'Engineer Viral Interfaces', 'Qualification', '2025-09-04', 354283.22, 'GBP', '001000000000032', 'OPP-00076'),
  ('006000000000077', 'Implement 24/365 Methodologies', 'Prospecting', '2024-10-31', 196224.44, 'CHF', '001000000000032', 'OPP-00077'),
  ('006000000000078', 'Engage Open-Source Web Services', 'Closed Lost', '2027-01-06', 15825.79, 'CHF', '001000000000032', 'OPP-00078'),
  ('006000000000079', 'Redefine Plug-And-Play Action-Items', 'Qualification', '2024-10-27', 219899.07, 'USD', '001000000000033', 'OPP-00079'),
  ('006000000000080', 'Whiteboard Proactive Infrastructures', 'Prospecting', '2027-04-01', 416156.95, 'GBP', '001000000000033', 'OPP-00080'),
  ('006000000000081', 'Facilitate Back-End Portals', 'Prospecting', '2024-09-28', 490574.05, 'USD', '001000000000034', 'OPP-00081'),
  ('006000000000082', 'E-Enable Distributed Technologies', 'Closed Lost', '2025-01-06', 38240.22, 'USD', '001000000000034', 'OPP-00082'),
  ('006000000000083', 'Benchmark Strategic Info-Mediaries', 'Prospecting', '2025-11-16', 152912.15, 'GBP', '001000000000034', 'OPP-00083'),
  ('006000000000084', 'Repurpose Clicks-And-Mortar Roi', 'Prospecting', '2025-07-15', 435187.54, 'CHF', '001000000000035', 'OPP-00084'),
  ('006000000000085', 'Engineer Best-Of-Breed Metrics', 'Closed Lost', '2024-12-15', 323344.07, 'USD', '001000000000036', 'OPP-00085'),
  ('006000000000086', 'Envisioneer Cutting-Edge Roi', 'Closed Lost', '2024-11-09', 70957.53, 'EUR', '001000000000037', 'OPP-00086'),
  ('006000000000087', 'Enhance Sticky Technologies', 'Closed Won', '2025-11-15', NULL, 'CHF', '001000000000037', 'OPP-00087'),
  ('006000000000088', 'Utilize Out-Of-The-Box Methodologies', 'Qualification', '2025-02-20', 153105.88, 'CHF', '001000000000038', 'OPP-00088'),
  ('006000000000089', 'Scale Efficient Synergies', 'Prospecting', '2026-06-16', 497709.02, 'USD', '001000000000038', 'OPP-00089'),
  ('006000000000090', 'Redefine Rich E-Services', 'Closed Won', '2025-03-25', 483424.14, 'USD', '001000000000038', 'OPP-00090'),
  ('006000000000091', 'Architect Intuitive Functionalities', 'Prospecting', '2025-07-11', 374680.99, 'CHF', '001000000000038', 'OPP-00091'),
  ('006000000000092', 'Transform Customized Partnerships', 'Qualification', '2026-01-22', 101743.05, 'EUR', '001000000000039', 'OPP-00092'),
  ('006000000000093', 'Evolve Bricks-And-Clicks E-Markets', 'Prospecting', '2026-01-09', 144533.12, 'EUR', '001000000000039', 'OPP-00093'),
  ('006000000000094', 'Productize Real-Time Applications', 'Qualification', '2025-02-08', 412661.89, 'CHF', '001000000000039', 'OPP-00094'),
  ('006000000000095', 'Cultivate Proactive Bandwidth', 'Closed Won', '2025-09-13', 160152.76, 'USD', '001000000000040', 'OPP-00095'),
  ('006000000000096', 'Aggregate Turn-Key Channels', 'Closed Lost', '2025-03-01', 195521.55, 'CHF', '001000000000040', 'OPP-00096'),
  ('006000000000097', 'Redefine Proactive Web Services', 'Closed Lost', '2026-10-31', 334945.68, 'GBP', '001000000000040', 'OPP-00097'),
  ('006000000000098', 'Mesh 24/365 Applications', 'Prospecting', '2024-10-24', 204146.28, 'USD', '001000000000041', 'OPP-00098'),
  ('006000000000099', 'Synthesize Revolutionary Paradigms', 'Closed Lost', '2025-09-29', 244845.96, 'GBP', '001000000000041', 'OPP-00099'),
  ('006000000000100', 'Generate World-Class Applications', 'Prospecting', '2025-04-28', 359111.1, 'USD', '001000000000041', 'OPP-00100'),
  ('006000000000101', 'Optimize Viral E-Services', 'Closed Lost', '2025-08-23', 496801.07, 'EUR', '001000000000042', 'OPP-00101'),
  ('006000000000102', 'Drive Leading-Edge Markets', 'Qualification', '2027-01-05', 482484.11, 'EUR', '001000000000043', 'OPP-00102'),
  ('006000000000103', 'Expedite Killer Experiences', 'Closed Lost', '2024-09-06', 402413.1, 'GBP', '001000000000043', 'OPP-00103'),
  ('006000000000104', 'Drive Distributed Communities', 'Qualification', '2025-05-21', 349397.17, 'EUR', '001000000000043', 'OPP-00104'),
  ('006000000000105', 'Incentivize Vertical Action-Items', 'Closed Lost', '2025-04-18', 26080.34, 'GBP', '001000000000043', 'OPP-00105'),
  ('006000000000106', 'Re-Intermediate Visionary Web Services', 'Prospecting', '2025-09-14', 431486.53, 'GBP', '001000000000044', 'OPP-00106'),
  ('006000000000107', 'Maximize Efficient E-Tailers', 'Closed Lost', '2026-05-22', 141388.22, 'EUR', '001000000000044', 'OPP-00107'),
  ('006000000000108', 'Brand Open-Source Deliverables', 'Qualification', '2024-07-17', 71382.59, 'USD', '001000000000045', 'OPP-00108'),
  ('006000000000109', 'Reinvent Impactful Markets', 'Closed Won', '2024-09-01', 90476.99, 'CHF', '001000000000045', 'OPP-00109'),
  ('006000000000110', 'Engage User-Centric Functionalities', 'Closed Won', '2026-01-01', 42800.06, 'USD', '001000000000046', 'OPP-00110'),
  ('006000000000111', 'Matrix Cross-Media Roi', 'Closed Lost', '2024-10-07', NULL, 'CHF', '001000000000047', 'OPP-00111'),
  ('006000000000112', 'Synergize Global Convergence', 'Closed Won', '2025-06-27', 49324.72, 'CHF', '001000000000047', 'OPP-00112'),
  ('006000000000113', 'Implement Integrated Roi', 'Closed Lost', '2025-02-16', 5531.3, 'GBP', '001000000000047', 'OPP-00113'),
  ('006000000000114', 'Embrace B2C Niches', 'Closed Won', '2026-07-31', NULL, 'EUR', '001000000000047', 'OPP-00114'),
  ('006000000000115', 'Synthesize B2B E-Markets', 'Prospecting', '2024-08-07', 159619.38, 'EUR', '001000000000048', 'OPP-00115'),
  ('006000000000116', 'Morph Back-End Portals', 'Prospecting', '2027-01-08', NULL, 'EUR', '001000000000048', 'OPP-00116'),
  ('006000000000117', 'Enable Cutting-Edge Convergence', 'Qualification', '2025-09-28', 260884.64, 'USD', '001000000000048', 'OPP-00117'),
  ('006000000000118', 'Drive Killer Niches', 'Closed Lost', '2024-11-26', 480693.48, 'USD', '001000000000048', 'OPP-00118'),
  ('006000000000119', 'Visualize Granular Supply-Chains', 'Prospecting', '2025-08-12', 458335.39, 'USD', '001000000000049', 'OPP-00119'),
  ('006000000000120', 'Strategize Clicks-And-Mortar Supply-Chains', 'Qualification', '2026-01-06', 11833.1, 'EUR', '001000000000050', 'OPP-00120'),
  ('006000000000121', 'Unleash Plug-And-Play E-Business', 'Closed Won', '2024-11-17', 380362.52, 'GBP', '001000000000050', 'OPP-00121'),
  ('006000000000122', 'Reinvent Synergistic Synergies', 'Prospecting', '2024-10-19', 449543.12, 'EUR', '001000000000050', 'OPP-00122'),
  ('006000000000123', 'Scale Value-Added Interfaces', 'Closed Won', '2026-07-16', 225073.42, 'EUR', '001000000000051', 'OPP-00123'),
  ('006000000000124', 'Generate Front-End Web Services', 'Closed Lost', '2026-04-21', 417476.91, 'EUR', '001000000000052', 'OPP-00124'),
  ('006000000000125', 'Morph Value-Added Interfaces', 'Prospecting', '2027-03-09', NULL, 'EUR', '001000000000052', 'OPP-00125'),
  ('006000000000126', 'Benchmark Bricks-And-Clicks Action-Items', 'Qualification', '2027-01-18', 50959.94, 'CHF', '001000000000052', 'OPP-00126'),
  ('006000000000127', 'Incubate End-To-End Users', 'Closed Won', '2025-05-17', 385295.41, 'USD', '001000000000053', 'OPP-00127'),
  ('006000000000128', 'Generate Value-Added Interfaces', 'Qualification', '2026-03-07', 134481.89, 'CHF', '001000000000053', 'OPP-00128'),
  ('006000000000129', 'Strategize Leading-Edge E-Tailers', 'Closed Won', '2025-04-09', NULL, 'USD', '001000000000053', 'OPP-00129'),
  ('006000000000130', 'E-Enable Turn-Key Initiatives', 'Closed Won', '2025-08-09', 198481.58, 'GBP', '001000000000054', 'OPP-00130'),
  ('006000000000131', 'Evolve Distributed Interfaces', 'Closed Won', '2027-07-03', NULL, 'EUR', '001000000000054', 'OPP-00131'),
  ('006000000000132', 'Aggregate Synergistic Models', 'Closed Lost', '2026-01-28', 61761.4, 'CHF', '001000000000054', 'OPP-00132'),
  ('006000000000133', 'Benchmark Bleeding-Edge Niches', 'Closed Lost', '2027-01-04', 376344.69, 'CHF', '001000000000055', 'OPP-00133'),
  ('006000000000134', 'Optimize Intuitive Technologies', 'Qualification', '2025-12-08', 221635.8, 'USD', '001000000000055', 'OPP-00134'),
  ('006000000000135', 'Engage Rich Partnerships', 'Closed Won', '2026-01-09', 189852.53, 'USD', '001000000000055', 'OPP-00135'),
  ('006000000000136', 'Scale Plug-And-Play Markets', 'Qualification', '2026-01-24', 294816.0, 'USD', '001000000000056', 'OPP-00136'),
  ('006000000000137', 'Innovate Dynamic Web Services', 'Prospecting', '2025-06-13', NULL, 'CHF', '001000000000056', 'OPP-00137'),
  ('006000000000138', 'Unleash Clicks-And-Mortar Content', 'Prospecting', '2026-06-07', 106777.3, 'CHF', '001000000000056', 'OPP-00138'),
  ('006000000000139', 'Innovate Scalable Relationships', 'Closed Won', '2026-10-09', 311100.07, 'CHF', '001000000000056', 'OPP-00139'),
  ('006000000000140', 'Synthesize Frictionless Bandwidth', 'Prospecting', '2025-02-19', 311495.86, 'EUR', '001000000000057', 'OPP-00140'),
  ('006000000000141', 'Morph B2C Web-Readiness', 'Closed Won', '2027-07-02', 474691.25, 'CHF', '001000000000057', 'OPP-00141'),
  ('006000000000142', 'E-Enable Ubiquitous Applications', 'Qualification', '2024-07-24', 421524.16, 'USD', '001000000000058', 'OPP-00142'),
  ('006000000000143', 'Engage Innovative Relationships', 'Closed Won', '2025-03-03', 396502.74, 'GBP', '001000000000058', 'OPP-00143'),
  ('006000000000144', 'Streamline World-Class Infrastructures', 'Prospecting', '2024-07-11', 319369.96, 'EUR', '001000000000058', 'OPP-00144'),
  ('006000000000145', 'Drive Cross-Media Action-Items', 'Closed Lost', '2026-08-09', 371649.15, 'USD', '001000000000059', 'OPP-00145'),
  ('006000000000146', 'Productize Vertical E-Business', 'Prospecting', '2024-08-13', 90824.07, 'CHF', '001000000000059', 'OPP-00146'),
  ('006000000000147', 'Mesh B2B Paradigms', 'Closed Won', '2027-06-11', 175264.51, 'CHF', '001000000000060', 'OPP-00147'),
  ('006000000000148', 'Reinvent Dot-Com Initiatives', 'Prospecting', '2025-12-15', NULL, 'USD', '001000000000060', 'OPP-00148'),
  ('006000000000149', 'Empower Magnetic Deliverables', 'Prospecting', '2025-05-27', 354167.29, 'EUR', '001000000000060', 'OPP-00149'),
  ('006000000000150', 'Integrate Magnetic Paradigms', 'Prospecting', '2024-10-15', NULL, 'CHF', '001000000000060', 'OPP-00150'),
  ('006000000000151', 'Incentivize Scalable Web-Readiness', 'Closed Won', '2025-07-04', 174009.01, 'CHF', '001000000000061', 'OPP-00151'),
  ('006000000000152', 'Mesh Strategic Users', 'Qualification', '2024-10-28', 122736.36, 'GBP', '001000000000062', 'OPP-00152'),
  ('006000000000153', 'Empower Global Metrics', 'Closed Lost', '2026-07-21', 146415.85, 'USD', '001000000000062', 'OPP-00153'),
  ('006000000000154', 'Facilitate Compelling Networks', 'Closed Lost', '2024-10-09', 191899.34, 'GBP', '001000000000062', 'OPP-00154'),
  ('006000000000155', 'Incubate Mission-Critical E-Business', 'Qualification', '2024-12-26', 488530.29, 'CHF', '001000000000063', 'OPP-00155'),
  ('006000000000156', 'Generate 24/365 Info-Mediaries', 'Qualification', '2024-09-07', 22336.78, 'USD', '001000000000063', 'OPP-00156'),
  ('006000000000157', 'Facilitate Visionary Initiatives', 'Qualification', '2025-05-12', 382909.02, 'USD', '001000000000063', 'OPP-00157'),
  ('006000000000158', 'Synthesize Efficient Eyeballs', 'Closed Won', '2025-09-21', 289563.36, 'GBP', '001000000000063', 'OPP-00158'),
  ('006000000000159', 'Mesh Mission-Critical Deliverables', 'Closed Lost', '2024-11-27', 277306.27, 'EUR', '001000000000064', 'OPP-00159'),
  ('006000000000160', 'Incentivize Robust Vortals', 'Closed Lost', '2024-09-15', 144082.11, 'USD', '001000000000065', 'OPP-00160'),
  ('006000000000161', 'Incentivize Interactive Platforms', 'Prospecting', '2025-07-05', 373751.63, 'CHF', '001000000000066', 'OPP-00161'),
  ('006000000000162', 'Embrace E-Business Relationships', 'Closed Lost', '2025-10-14', 287387.3, 'USD', '001000000000067', 'OPP-00162'),
  ('006000000000163', 'Maximize Robust Partnerships', 'Closed Won', '2024-11-04', 450894.94, 'GBP', '001000000000067', 'OPP-00163'),
  ('006000000000164', 'Incubate Efficient Solutions', 'Prospecting', '2025-06-18', 284250.22, 'GBP', '001000000000067', 'OPP-00164'),
  ('006000000000165', 'Transform Synergistic Partnerships', 'Closed Lost', '2027-05-17', 143551.42, 'GBP', '001000000000068', 'OPP-00165'),
  ('006000000000166', 'Reinvent Intuitive E-Services', 'Qualification', '2027-05-02', 395599.81, 'CHF', '001000000000069', 'OPP-00166'),
  ('006000000000167', 'Innovate Vertical Solutions', 'Qualification', '2026-09-08', 151475.28, 'CHF', '001000000000069', 'OPP-00167'),
  ('006000000000168', 'Harness Back-End Web Services', 'Prospecting', '2024-11-06', 42092.26, 'GBP', '001000000000069', 'OPP-00168'),
  ('006000000000169', 'Unleash Value-Added Content', 'Prospecting', '2026-10-31', 37995.74, 'USD', '001000000000070', 'OPP-00169'),
  ('006000000000170', 'Target Synergistic Metrics', 'Qualification', '2025-02-19', 71768.92, 'USD', '001000000000070', 'OPP-00170'),
  ('006000000000171', 'Generate End-To-End Metrics', 'Qualification', '2027-04-15', 359826.18, 'USD', '001000000000071', 'OPP-00171'),
  ('006000000000172', 'Transition Dot-Com Solutions', 'Closed Won', '2025-12-07', 230652.71, 'CHF', '001000000000071', 'OPP-00172'),
  ('006000000000173', 'Benchmark Transparent Info-Mediaries', 'Closed Lost', '2027-03-30', 297892.58, 'GBP', '001000000000071', 'OPP-00173'),
  ('006000000000174', 'Enhance Bleeding-Edge Content', 'Qualification', '2027-03-28', 331637.02, 'EUR', '001000000000071', 'OPP-00174'),
  ('006000000000175', 'Revolutionize 24/365 Applications', 'Prospecting', '2027-01-01', 289466.57, 'GBP', '001000000000072', 'OPP-00175'),
  ('006000000000176', 'Implement Bleeding-Edge Web Services', 'Prospecting', '2027-05-28', 136459.15, 'USD', '001000000000073', 'OPP-00176'),
  ('006000000000177', 'Syndicate Strategic Initiatives', 'Closed Lost', '2027-02-07', 91819.81, 'EUR', '001000000000073', 'OPP-00177'),
  ('006000000000178', 'Target One-To-One Relationships', 'Prospecting', '2024-11-11', 231888.13, 'CHF', '001000000000073', 'OPP-00178'),
  ('006000000000179', 'Transform Strategic Systems', 'Closed Won', '2026-04-27', 260479.44, 'GBP', '001000000000074', 'OPP-00179'),
  ('006000000000180', 'Streamline Cutting-Edge Interfaces', 'Qualification', '2026-02-25', 87898.81, 'EUR', '001000000000074', 'OPP-00180'),
  ('006000000000181', 'Scale B2B E-Services', 'Closed Won', '2026-05-21', 175446.2, 'EUR', '001000000000074', 'OPP-00181'),
  ('006000000000182', 'Morph Dot-Com Functionalities', 'Closed Won', '2024-08-13', 36273.55, 'EUR', '001000000000075', 'OPP-00182'),
  ('006000000000183', 'Envisioneer Synergistic Niches', 'Qualification', '2024-08-25', 311431.57, 'USD', '001000000000075', 'OPP-00183'),
  ('006000000000184', 'Facilitate B2C Initiatives', 'Closed Won', '2026-01-29', 25990.24, 'USD', '001000000000075', 'OPP-00184'),
  ('006000000000185', 'Morph Mission-Critical Solutions', 'Prospecting', '2024-11-02', 402850.67, 'CHF', '001000000000076', 'OPP-00185'),
  ('006000000000186', 'Engage Bleeding-Edge Web-Readiness', 'Closed Lost', '2025-02-27', 177780.46, 'EUR', '001000000000076', 'OPP-00186'),
  ('006000000000187', 'Incubate Web-Enabled Architectures', 'Prospecting', '2026-02-08', 340956.88, 'USD', '001000000000077', 'OPP-00187'),
  ('006000000000188', 'Embrace Scalable Experiences', 'Closed Lost', '2025-07-15', 440858.88, 'GBP', '001000000000077', 'OPP-00188'),
  ('006000000000189', 'Brand Innovative E-Commerce', 'Closed Won', '2026-07-19', 287907.18, 'CHF', '001000000000077', 'OPP-00189'),
  ('006000000000190', 'Envisioneer Extensible Markets', 'Qualification', '2027-04-21', 353873.42, 'CHF', '001000000000077', 'OPP-00190'),
  ('006000000000191', 'Brand E-Business Solutions', 'Closed Won', '2026-08-05', 70036.17, 'EUR', '001000000000078', 'OPP-00191'),
  ('006000000000192', 'Seize Scalable Interfaces', 'Prospecting', '2024-09-12', 280900.14, 'USD', '001000000000078', 'OPP-00192'),
  ('006000000000193', 'Brand B2C Roi', 'Closed Lost', '2025-06-10', 428970.5, 'CHF', '001000000000078', 'OPP-00193'),
  ('006000000000194', 'Expedite One-To-One Architectures', 'Closed Won', '2024-10-06', 344602.85, 'EUR', '001000000000079', 'OPP-00194'),
  ('006000000000195', 'Drive Extensible Methodologies', 'Closed Lost', '2027-06-21', 411764.09, 'CHF', '001000000000079', 'OPP-00195'),
  ('006000000000196', 'Brand 24/365 Web Services', 'Qualification', '2026-08-23', 85598.74, 'CHF', '001000000000079', 'OPP-00196'),
  ('006000000000197', 'Re-Contextualize Vertical Convergence', 'Closed Won', '2025-04-03', 349383.79, 'CHF', '001000000000079', 'OPP-00197'),
  ('006000000000198', 'Transition End-To-End E-Tailers', 'Closed Lost', '2025-11-15', 440200.92, 'EUR', '001000000000080', 'OPP-00198'),
  ('006000000000199', 'Empower B2C Systems', 'Closed Won', '2025-11-02', 334945.45, 'USD', '001000000000080', 'OPP-00199'),
  ('006000000000200', 'Exploit Transparent Systems', 'Qualification', '2026-07-03', 292806.95, 'EUR', '001000000000080', 'OPP-00200'),
  ('006000000000201', 'Seize Visionary Models', 'Closed Lost', '2025-01-19', 126723.59, 'USD', '001000000000080', 'OPP-00201'),
  ('006000000000202', 'Architect End-To-End Eyeballs', 'Qualification', '2026-06-18', 156306.07, 'EUR', '001000000000081', 'OPP-00202'),
  ('006000000000203', 'Matrix Value-Added Technologies', 'Closed Won', '2025-01-10', 414341.09, 'GBP', '001000000000081', 'OPP-00203'),
  ('006000000000204', 'Expedite Cutting-Edge Relationships', 'Prospecting', '2025-08-03', 207085.82, 'EUR', '001000000000082', 'OPP-00204'),
  ('006000000000205', 'Productize Enterprise Infrastructures', 'Closed Won', '2027-01-29', 373134.36, 'GBP', '001000000000082', 'OPP-00205'),
  ('006000000000206', 'Iterate Visionary Interfaces', 'Prospecting', '2026-11-07', NULL, 'GBP', '001000000000082', 'OPP-00206'),
  ('006000000000207', 'Synergize One-To-One Channels', 'Prospecting', '2026-10-28', 380307.81, 'EUR', '001000000000082', 'OPP-00207'),
  ('006000000000208', 'Synthesize Plug-And-Play Systems', 'Closed Lost', '2027-01-17', 420723.62, 'GBP', '001000000000083', 'OPP-00208'),
  ('006000000000209', 'Repurpose 24/7 Synergies', 'Closed Won', '2025-01-20', 223529.03, 'CHF', '001000000000084', 'OPP-00209'),
  ('006000000000210', 'Seize Leading-Edge Niches', 'Prospecting', '2026-03-10', 219083.81, 'EUR', '001000000000085', 'OPP-00210'),
  ('006000000000211', 'Facilitate Frictionless E-Services', 'Closed Won', '2026-11-21', 51536.72, 'USD', '001000000000085', 'OPP-00211'),
  ('006000000000212', 'Utilize Global Action-Items', 'Qualification', '2026-01-18', 205932.51, 'GBP', '001000000000086', 'OPP-00212'),
  ('006000000000213', 'Generate Visionary Synergies', 'Prospecting', '2026-01-18', 47708.67, 'EUR', '001000000000086', 'OPP-00213'),
  ('006000000000214', 'Utilize Rich Methodologies', 'Qualification', '2027-05-12', 411964.52, 'CHF', '001000000000087', 'OPP-00214'),
  ('006000000000215', 'Visualize Clicks-And-Mortar Action-Items', 'Prospecting', '2025-12-25', 375711.33, 'USD', '001000000000087', 'OPP-00215'),
  ('006000000000216', 'Harness Best-Of-Breed Models', 'Closed Won', '2027-02-07', 280099.43, 'CHF', '001000000000087', 'OPP-00216'),
  ('006000000000217', 'Strategize B2C Infrastructures', 'Prospecting', '2026-06-04', 213960.86, 'GBP', '001000000000087', 'OPP-00217'),
  ('006000000000218', 'Re-Contextualize World-Class Systems', 'Closed Lost', '2025-02-07', 9803.38, 'EUR', '001000000000088', 'OPP-00218'),
  ('006000000000219', 'E-Enable Vertical Platforms', 'Prospecting', '2025-11-01', 52622.38, 'EUR', '001000000000089', 'OPP-00219'),
  ('006000000000220', 'Evolve 24/7 Supply-Chains', 'Prospecting', '2024-12-01', 474092.08, 'GBP', '001000000000089', 'OPP-00220'),
  ('006000000000221', 'Transform Back-End Architectures', 'Prospecting', '2027-05-23', 474606.91, 'USD', '001000000000089', 'OPP-00221'),
  ('006000000000222', 'Enable Interactive Experiences', 'Closed Lost', '2026-01-28', NULL, 'USD', '001000000000090', 'OPP-00222'),
  ('006000000000223', 'Implement Leading-Edge Vortals', 'Closed Won', '2026-07-20', 221529.28, 'EUR', '001000000000090', 'OPP-00223'),
  ('006000000000224', 'Seize Ubiquitous Roi', 'Closed Won', '2026-06-07', 482649.7, 'GBP', '001000000000091', 'OPP-00224'),
  ('006000000000225', 'E-Enable Next-Generation Infrastructures', 'Closed Won', '2026-04-03', 272910.19, 'CHF', '001000000000092', 'OPP-00225'),
  ('006000000000226', 'Reinvent Cross-Media Networks', 'Prospecting', '2026-02-22', 307543.16, 'EUR', '001000000000092', 'OPP-00226'),
  ('006000000000227', 'Incentivize Open-Source Roi', 'Qualification', '2024-09-20', 263918.66, 'GBP', '001000000000092', 'OPP-00227'),
  ('006000000000228', 'Whiteboard World-Class Content', 'Qualification', '2026-12-31', NULL, 'GBP', '001000000000093', 'OPP-00228'),
  ('006000000000229', 'E-Enable User-Centric Networks', 'Closed Won', '2025-10-30', 270764.15, 'EUR', '001000000000093', 'OPP-00229'),
  ('006000000000230', 'Productize Intuitive E-Services', 'Closed Won', '2026-05-23', 73188.75, 'GBP', '001000000000093', 'OPP-00230'),
  ('006000000000231', 'Mesh Back-End Partnerships', 'Closed Won', '2027-01-31', 190684.01, 'GBP', '001000000000093', 'OPP-00231'),
  ('006000000000232', 'Architect Killer Relationships', 'Closed Won', '2027-05-22', 47736.58, 'CHF', '001000000000094', 'OPP-00232'),
  ('006000000000233', 'Innovate B2B Systems', 'Prospecting', '2026-09-02', 58214.27, 'USD', '001000000000094', 'OPP-00233'),
  ('006000000000234', 'Seize Real-Time Metrics', 'Closed Lost', '2025-07-06', 427607.57, 'GBP', '001000000000094', 'OPP-00234'),
  ('006000000000235', 'Repurpose Robust Relationships', 'Closed Won', '2025-08-02', 400317.76, 'USD', '001000000000095', 'OPP-00235'),
  ('006000000000236', 'Integrate Vertical Functionalities', 'Closed Won', '2024-07-10', 197202.9, 'GBP', '001000000000096', 'OPP-00236'),
  ('006000000000237', 'Drive World-Class Models', 'Closed Lost', '2025-01-18', 232013.37, 'GBP', '001000000000096', 'OPP-00237'),
  ('006000000000238', 'Productize Transparent Portals', 'Closed Won', '2026-01-26', 395393.37, 'USD', '001000000000097', 'OPP-00238'),
  ('006000000000239', 'Unleash Bleeding-Edge Web Services', 'Closed Lost', '2027-03-09', 197515.61, 'EUR', '001000000000097', 'OPP-00239'),
  ('006000000000240', 'Leverage Cross-Media Users', 'Closed Won', '2026-02-11', 195537.04, 'EUR', '001000000000098', 'OPP-00240'),
  ('006000000000241', 'Synergize Distributed Roi', 'Closed Won', '2024-11-13', 178130.41, 'GBP', '001000000000098', 'OPP-00241'),
  ('006000000000242', 'Cultivate Collaborative Functionalities', 'Closed Won', '2025-06-16', 386311.72, 'USD', '001000000000098', 'OPP-00242'),
  ('006000000000243', 'Transition Best-Of-Breed Systems', 'Qualification', '2025-12-17', 467905.82, 'CHF', '001000000000098', 'OPP-00243'),
  ('006000000000244', 'Re-Contextualize Killer Paradigms', 'Closed Won', '2025-02-13', 274879.36, 'EUR', '001000000000099', 'OPP-00244'),
  ('006000000000245', 'Visualize Back-End E-Markets', 'Qualification', '2025-04-17', NULL, 'GBP', '001000000000099', 'OPP-00245'),
  ('006000000000246', 'Iterate Frictionless Paradigms', 'Closed Lost', '2025-02-24', 121114.69, 'GBP', '001000000000099', 'OPP-00246'),
  ('006000000000247', 'Iterate Enterprise Communities', 'Closed Won', '2027-04-14', 16759.28, 'CHF', '001000000000100', 'OPP-00247'),
  ('006000000000248', 'Re-Contextualize Transparent Web-Readiness', 'Qualification', '2027-01-16', 189902.91, 'EUR', '001000000000101', 'OPP-00248'),
  ('006000000000249', 'Target Seamless Solutions', 'Prospecting', '2025-03-16', 114417.16, 'EUR', '001000000000101', 'OPP-00249'),
  ('006000000000250', 'Evolve Distributed Systems', 'Qualification', '2027-02-07', 337070.79, 'GBP', '001000000000101', 'OPP-00250'),
  ('006000000000251', 'Synthesize Dot-Com Functionalities', 'Closed Won', '2025-12-26', 185507.74, 'USD', '001000000000101', 'OPP-00251'),
  ('006000000000252', 'Synthesize 24/7 Technologies', 'Closed Lost', '2026-10-15', 203319.54, 'EUR', '001000000000102', 'OPP-00252'),
  ('006000000000253', 'Implement Interactive Synergies', 'Qualification', '2025-08-09', 187858.8, 'USD', '001000000000102', 'OPP-00253'),
  ('006000000000254', 'Monetize Best-Of-Breed Experiences', 'Closed Won', '2024-08-18', 478242.57, 'USD', '001000000000102', 'OPP-00254'),
  ('006000000000255', 'Deliver 24/7 Functionalities', 'Qualification', '2025-12-21', 327609.27, 'CHF', '001000000000102', 'OPP-00255'),
  ('006000000000256', 'Integrate Front-End Communities', 'Closed Lost', '2026-01-17', 191782.23, 'EUR', '001000000000103', 'OPP-00256'),
  ('006000000000257', 'Re-Contextualize Sticky Mindshare', 'Prospecting', '2026-07-27', 158427.62, 'EUR', '001000000000104', 'OPP-00257'),
  ('006000000000258', 'Orchestrate Cutting-Edge Web Services', 'Qualification', '2027-01-08', 294552.03, 'USD', '001000000000104', 'OPP-00258'),
  ('006000000000259', 'Productize Killer Architectures', 'Closed Won', '2026-09-09', 465499.11, 'CHF', '001000000000104', 'OPP-00259'),
  ('006000000000260', 'Productize Best-Of-Breed E-Commerce', 'Qualification', '2025-02-07', 222579.92, 'GBP', '001000000000104', 'OPP-00260'),
  ('006000000000261', 'Cultivate Extensible E-Tailers', 'Closed Won', '2025-06-15', 68862.72, 'USD', '001000000000105', 'OPP-00261'),
  ('006000000000262', 'Aggregate Killer Methodologies', 'Qualification', '2024-07-04', 487948.97, 'USD', '001000000000106', 'OPP-00262'),
  ('006000000000263', 'Harness Holistic Initiatives', 'Prospecting', '2025-08-08', NULL, 'USD', '001000000000107', 'OPP-00263'),
  ('006000000000264', 'Embrace Plug-And-Play Vortals', 'Prospecting', '2027-07-03', 325123.4, 'USD', '001000000000107', 'OPP-00264'),
  ('006000000000265', 'Innovate Value-Added Eyeballs', 'Prospecting', '2025-01-03', NULL, 'GBP', '001000000000108', 'OPP-00265'),
  ('006000000000266', 'Envisioneer Proactive Schemas', 'Prospecting', '2024-09-09', 377160.56, 'EUR', '001000000000108', 'OPP-00266'),
  ('006000000000267', 'Extend Intuitive Networks', 'Closed Lost', '2026-09-22', 46097.75, 'CHF', '001000000000109', 'OPP-00267'),
  ('006000000000268', 'Deliver Turn-Key Users', 'Qualification', '2024-07-04', 213928.61, 'GBP', '001000000000109', 'OPP-00268'),
  ('006000000000269', 'Maximize Bleeding-Edge Communities', 'Prospecting', '2026-02-27', 183492.44, 'GBP', '001000000000109', 'OPP-00269'),
  ('006000000000270', 'Productize Next-Generation Paradigms', 'Prospecting', '2024-09-15', NULL, 'EUR', '001000000000110', 'OPP-00270'),
  ('006000000000271', 'Grow Compelling Info-Mediaries', 'Prospecting', '2026-05-01', 170221.19, 'GBP', '001000000000110', 'OPP-00271'),
  ('006000000000272', 'Integrate Clicks-And-Mortar E-Business', 'Qualification', '2026-12-01', 131136.79, 'EUR', '001000000000110', 'OPP-00272'),
  ('006000000000273', 'E-Enable Best-Of-Breed Paradigms', 'Qualification', '2025-03-07', 398237.77, 'USD', '001000000000111', 'OPP-00273'),
  ('006000000000274', 'Facilitate Innovative Content', 'Closed Won', '2026-01-05', 148020.79, 'EUR', '001000000000112', 'OPP-00274'),
  ('006000000000275', 'Target Vertical Experiences', 'Closed Won', '2025-12-29', 175847.02, 'GBP', '001000000000112', 'OPP-00275'),
  ('006000000000276', 'Unleash Sticky Eyeballs', 'Prospecting', '2026-03-23', 36320.2, 'USD', '001000000000113', 'OPP-00276'),
  ('006000000000277', 'Deploy Cross-Platform Platforms', 'Prospecting', '2026-07-18', 79336.87, 'USD', '001000000000113', 'OPP-00277'),
  ('006000000000278', 'Orchestrate 24/365 Paradigms', 'Closed Won', '2026-04-08', 20727.97, 'EUR', '001000000000114', 'OPP-00278'),
  ('006000000000279', 'Facilitate Synergistic Models', 'Closed Won', '2025-04-15', 341422.69, 'EUR', '001000000000114', 'OPP-00279'),
  ('006000000000280', 'Deploy Seamless E-Commerce', 'Prospecting', '2025-05-04', 497936.84, 'GBP', '001000000000115', 'OPP-00280'),
  ('006000000000281', 'Deliver Synergistic Solutions', 'Closed Lost', '2024-12-09', 454897.68, 'USD', '001000000000116', 'OPP-00281'),
  ('006000000000282', 'Leverage Strategic Partnerships', 'Qualification', '2025-06-11', 475892.2, 'CHF', '001000000000116', 'OPP-00282'),
  ('006000000000283', 'E-Enable Front-End Applications', 'Closed Lost', '2026-04-07', 157124.61, 'EUR', '001000000000116', 'OPP-00283'),
  ('006000000000284', 'Streamline Bleeding-Edge Infrastructures', 'Prospecting', '2026-03-08', NULL, 'GBP', '001000000000116', 'OPP-00284'),
  ('006000000000285', 'Strategize Distributed E-Tailers', 'Prospecting', '2025-03-06', 347169.31, 'USD', '001000000000117', 'OPP-00285'),
  ('006000000000286', 'E-Enable E-Business Schemas', 'Prospecting', '2025-08-06', 298686.12, 'GBP', '001000000000118', 'OPP-00286'),
  ('006000000000287', 'Architect Compelling Metrics', 'Qualification', '2024-08-27', 197583.43, 'CHF', '001000000000118', 'OPP-00287'),
  ('006000000000288', 'Cultivate Best-Of-Breed E-Business', 'Prospecting', '2025-04-29', 60336.92, 'EUR', '001000000000119', 'OPP-00288'),
  ('006000000000289', 'Maximize One-To-One Methodologies', 'Closed Lost', '2026-07-05', 131956.27, 'GBP', '001000000000120', 'OPP-00289'),
  ('006000000000290', 'Iterate Dot-Com Bandwidth', 'Closed Lost', '2025-07-02', 351436.15, 'CHF', '001000000000120', 'OPP-00290'),
  ('006000000000291', 'Enable Back-End Convergence', 'Closed Lost', '2026-11-26', 99412.74, 'CHF', '001000000000120', 'OPP-00291'),
  ('006000000000292', 'Seize E-Business E-Markets', 'Qualification', '2024-10-22', 275246.31, 'CHF', '001000000000075', 'OPP-00292'),
  ('006000000000293', 'Incentivize Cross-Media Bandwidth', 'Prospecting', '2024-12-03', 407444.95, 'GBP', '001000000000075', 'OPP-00293'),
  ('006000000000294', 'Exploit Customized Content', 'Qualification', '2024-07-10', 407141.98, 'USD', '001000000000075', 'OPP-00294'),
  ('006000000000295', 'Productize World-Class Communities', 'Qualification', '2025-04-19', 23857.11, 'GBP', '001000000000088', 'OPP-00295'),
  ('006000000000296', 'Embrace Transparent Initiatives', 'Closed Lost', '2027-06-30', 19596.86, 'USD', '001000000000088', 'OPP-00296'),
  ('006000000000297', 'Integrate Vertical Niches', 'Closed Lost', '2026-03-24', 410085.9, 'GBP', '001000000000059', 'OPP-00297'),
  ('006000000000298', 'Expedite Mission-Critical Networks', 'Prospecting', '2026-10-09', 230784.38, 'CHF', '001000000000103', 'OPP-00298'),
  ('006000000000299', 'Transition Next-Generation Solutions', 'Closed Lost', '2026-09-02', 314671.32, 'EUR', '001000000000012', 'OPP-00299'),
  ('006000000000300', 'Scale Granular Info-Mediaries', 'Prospecting', '2025-07-14', 385351.25, 'GBP', '001000000000012', 'OPP-00300'),
  ('006000000000301', 'Redefine Proactive Solutions', 'Qualification', '2026-05-15', 483670.86, 'EUR', '001000000000112', 'OPP-00301'),
  ('006000000000302', 'Cultivate Frictionless Infrastructures', 'Closed Won', '2024-10-09', 231815.64, 'USD', '001000000000112', 'OPP-00302'),
  ('006000000000303', 'Benchmark One-To-One Action-Items', 'Closed Lost', '2024-12-02', 2021.7, 'CHF', '001000000000112', 'OPP-00303');

INSERT INTO "Project__c" ("Id", "Name", "Project_Status__c", "Go_Live_Date__c", "Account__c", "Opportunity__c", "Legacy_Project_ID__c") VALUES
  ('a00000000000001', 'Reichmann AG Impl.', 'Active', '2027-04-06', '001000000000002', '006000000000228', 'PROJ-00001'),
  ('a00000000000002', 'Hering Thies GmbH Impl.', 'In Planning', '2027-01-13', '001000000000002', '006000000000154', 'PROJ-00002'),
  ('a00000000000003', 'Geisler Impl.', 'In Planning', '2027-08-14', '001000000000002', '006000000000047', 'PROJ-00003'),
  ('a00000000000004', 'Bärer Impl.', 'Completed', '2027-01-29', '001000000000004', '006000000000183', 'PROJ-00004'),
  ('a00000000000005', 'Textor Impl.', 'Cancelled', '2028-06-15', '001000000000004', '006000000000253', 'PROJ-00005'),
  ('a00000000000006', 'Geißler Huhn AG Impl.', 'Active', '2027-03-10', '001000000000005', '006000000000060', 'PROJ-00006'),
  ('a00000000000007', 'Hoffmann Impl.', 'Completed', '2028-03-18', '001000000000005', '006000000000180', 'PROJ-00007'),
  ('a00000000000008', 'Gude GmbH & Co. KGaA Impl.', 'Completed', '2027-07-24', '001000000000005', '006000000000130', 'PROJ-00008'),
  ('a00000000000009', 'Junk Impl.', 'Active', '2028-02-25', '001000000000006', '006000000000168', 'PROJ-00009'),
  ('a00000000000010', 'Wagner Impl.', 'In Planning', NULL, '001000000000006', '006000000000057', 'PROJ-00010'),
  ('a00000000000011', 'Wilmsen GmbH Impl.', 'On Hold', '2025-10-16', '001000000000007', '006000000000242', 'PROJ-00011'),
  ('a00000000000012', 'Rudolph GbR Impl.', 'On Hold', '2026-01-24', '001000000000007', '006000000000198', 'PROJ-00012'),
  ('a00000000000013', 'Klemt Impl.', 'On Hold', NULL, '001000000000007', '006000000000205', 'PROJ-00013'),
  ('a00000000000014', 'Fiebig Impl.', 'Active', '2027-03-17', '001000000000011', '006000000000132', 'PROJ-00014'),
  ('a00000000000015', 'Haering Impl.', 'Completed', '2027-12-14', '001000000000011', '006000000000291', 'PROJ-00015'),
  ('a00000000000016', 'Seifert KG Impl.', 'In Planning', '2027-02-08', '001000000000012', '006000000000188', 'PROJ-00016'),
  ('a00000000000017', 'Mangold GmbH & Co. OHG Impl.', 'Completed', '2026-09-18', '001000000000013', '006000000000128', 'PROJ-00017'),
  ('a00000000000018', 'Heydrich Dörr GmbH & Co. OHG Impl.', 'Active', '2027-09-19', '001000000000013', '006000000000284', 'PROJ-00018'),
  ('a00000000000019', 'Süßebier Impl.', 'Cancelled', '2026-10-31', '001000000000013', '006000000000217', 'PROJ-00019'),
  ('a00000000000020', 'Beier Stiftung & Co. KG Impl.', 'In Planning', '2025-09-22', '001000000000015', '006000000000202', 'PROJ-00020'),
  ('a00000000000021', 'Hermann AG & Co. KGaA Impl.', 'Completed', '2025-11-28', '001000000000015', '006000000000045', 'PROJ-00021'),
  ('a00000000000022', 'Bolzmann KG Impl.', 'Active', NULL, '001000000000016', '006000000000240', 'PROJ-00022'),
  ('a00000000000023', 'Gieß KG Impl.', 'In Planning', '2028-05-31', '001000000000016', '006000000000091', 'PROJ-00023'),
  ('a00000000000024', 'Ditschlerin AG Impl.', 'Completed', '2025-07-24', '001000000000016', '006000000000137', 'PROJ-00024'),
  ('a00000000000025', 'Klemm Impl.', 'On Hold', '2028-03-20', '001000000000017', '006000000000082', 'PROJ-00025'),
  ('a00000000000026', 'Schenk Stiftung & Co. KGaA Impl.', 'Active', '2025-11-27', '001000000000017', '006000000000059', 'PROJ-00026'),
  ('a00000000000027', 'Römer e.G. Impl.', 'Completed', '2026-01-13', '001000000000019', '006000000000088', 'PROJ-00027'),
  ('a00000000000028', 'Nette KG Impl.', 'Active', '2027-03-08', '001000000000019', '006000000000276', 'PROJ-00028'),
  ('a00000000000029', 'Lübs Impl.', 'Cancelled', NULL, '001000000000020', '006000000000230', 'PROJ-00029'),
  ('a00000000000030', 'Hübel GmbH Impl.', 'Active', '2026-04-30', '001000000000020', '006000000000052', 'PROJ-00030'),
  ('a00000000000031', 'Rohleder GmbH & Co. KG Impl.', 'Cancelled', NULL, '001000000000021', '006000000000076', 'PROJ-00031'),
  ('a00000000000032', 'Matthäi Impl.', 'Cancelled', '2027-12-26', '001000000000021', '006000000000067', 'PROJ-00032'),
  ('a00000000000033', 'Zobel Impl.', 'On Hold', '2027-07-19', '001000000000021', '006000000000276', 'PROJ-00033'),
  ('a00000000000034', 'Hermann GmbH Impl.', 'On Hold', '2027-12-19', '001000000000022', '006000000000224', 'PROJ-00034'),
  ('a00000000000035', 'Flantz Margraf GmbH Impl.', 'On Hold', '2027-07-18', '001000000000022', '006000000000288', 'PROJ-00035'),
  ('a00000000000036', 'Textor e.G. Impl.', 'In Planning', '2028-02-24', '001000000000022', '006000000000120', 'PROJ-00036'),
  ('a00000000000037', 'Meister Impl.', 'Completed', '2026-05-27', '001000000000023', '006000000000095', 'PROJ-00037'),
  ('a00000000000038', 'Jacob GmbH Impl.', 'Cancelled', '2027-03-30', '001000000000023', '006000000000044', 'PROJ-00038'),
  ('a00000000000039', 'Seip Impl.', 'Active', '2026-01-18', '001000000000023', '006000000000118', 'PROJ-00039'),
  ('a00000000000040', 'Stiffel Impl.', 'Completed', '2027-10-22', '001000000000024', '006000000000133', 'PROJ-00040'),
  ('a00000000000041', 'Hörle KG Impl.', 'In Planning', NULL, '001000000000024', '006000000000134', 'PROJ-00041'),
  ('a00000000000042', 'Tschentscher Impl.', 'In Planning', NULL, '001000000000025', '006000000000021', 'PROJ-00042'),
  ('a00000000000043', 'Christoph e.V. Impl.', 'In Planning', '2028-05-25', '001000000000026', '006000000000103', 'PROJ-00043'),
  ('a00000000000044', 'Geisler GbR Impl.', 'Cancelled', '2026-01-10', '001000000000026', '006000000000259', 'PROJ-00044'),
  ('a00000000000045', 'Geißler Hornig GmbH Impl.', 'Active', '2027-06-06', '001000000000026', '006000000000115', 'PROJ-00045'),
  ('a00000000000046', 'Schulz AG & Co. KGaA Impl.', 'On Hold', '2027-04-04', '001000000000027', '006000000000148', 'PROJ-00046'),
  ('a00000000000047', 'Schlosser Impl.', 'In Planning', '2025-12-16', '001000000000028', '006000000000099', 'PROJ-00047'),
  ('a00000000000048', 'Kusch Impl.', 'Cancelled', '2027-10-14', '001000000000028', '006000000000118', 'PROJ-00048'),
  ('a00000000000049', 'Bohlander Impl.', 'Completed', '2026-03-08', '001000000000028', '006000000000258', 'PROJ-00049'),
  ('a00000000000050', 'Gröttner Sölzer AG & Co. OHG Impl.', 'Active', '2025-08-13', '001000000000029', '006000000000054', 'PROJ-00050'),
  ('a00000000000051', 'Kreusel Linke KG Impl.', 'In Planning', NULL, '001000000000029', '006000000000242', 'PROJ-00051'),
  ('a00000000000052', 'Adler Vogt GmbH Impl.', 'In Planning', NULL, '001000000000032', '006000000000071', 'PROJ-00052'),
  ('a00000000000053', 'Atzler Gerlach OHG mbH Impl.', 'On Hold', '2026-06-14', '001000000000033', '006000000000090', 'PROJ-00053'),
  ('a00000000000054', 'Klapp Impl.', 'Completed', '2028-06-08', '001000000000034', '006000000000056', 'PROJ-00054'),
  ('a00000000000055', 'Fechner GmbH & Co. KGaA Impl.', 'Active', '2027-01-17', '001000000000035', '006000000000139', 'PROJ-00055'),
  ('a00000000000056', 'Stiffel AG & Co. KG Impl.', 'In Planning', '2025-08-14', '001000000000036', '006000000000140', 'PROJ-00056'),
  ('a00000000000057', 'Winkler Süßebier AG & Co. OHG Impl.', 'Active', '2027-03-27', '001000000000037', '006000000000149', 'PROJ-00057'),
  ('a00000000000058', 'Wohlgemut Impl.', 'Active', '2026-03-28', '001000000000038', '006000000000043', 'PROJ-00058'),
  ('a00000000000059', 'Lindau Impl.', 'On Hold', '2028-06-25', '001000000000038', '006000000000175', 'PROJ-00059'),
  ('a00000000000060', 'Herrmann Impl.', 'Active', '2026-07-14', '001000000000038', '006000000000267', 'PROJ-00060'),
  ('a00000000000061', 'Schottin Impl.', 'Completed', '2027-04-28', '001000000000039', '006000000000144', 'PROJ-00061'),
  ('a00000000000062', 'Wirth Stiftung & Co. KGaA Impl.', 'In Planning', NULL, '001000000000039', '006000000000118', 'PROJ-00062'),
  ('a00000000000063', 'Bruder Impl.', 'Active', '2026-05-06', '001000000000040', '006000000000272', 'PROJ-00063'),
  ('a00000000000064', 'Wirth Schäfer e.G. Impl.', 'In Planning', NULL, '001000000000040', '006000000000024', 'PROJ-00064'),
  ('a00000000000065', 'Geisel e.V. Impl.', 'In Planning', '2027-08-21', '001000000000040', '006000000000224', 'PROJ-00065'),
  ('a00000000000066', 'Roht Kade e.G. Impl.', 'Completed', '2028-02-16', '001000000000041', '006000000000046', 'PROJ-00066'),
  ('a00000000000067', 'Speer Zirme e.G. Impl.', 'On Hold', '2027-03-26', '001000000000042', '006000000000111', 'PROJ-00067'),
  ('a00000000000068', 'Christoph OHG mbH Impl.', 'In Planning', '2025-10-03', '001000000000042', '006000000000124', 'PROJ-00068'),
  ('a00000000000069', 'Weitzel Lorch e.G. Impl.', 'Cancelled', '2026-03-22', '001000000000042', '006000000000239', 'PROJ-00069'),
  ('a00000000000070', 'Wagenknecht Mielcarek GmbH & Co. KG Impl.', 'Completed', '2028-03-26', '001000000000043', '006000000000232', 'PROJ-00070'),
  ('a00000000000071', 'Scheuermann GmbH & Co. KG Impl.', 'Cancelled', '2025-12-22', '001000000000043', '006000000000180', 'PROJ-00071'),
  ('a00000000000072', 'Biggen e.G. Impl.', 'On Hold', NULL, '001000000000044', '006000000000253', 'PROJ-00072'),
  ('a00000000000073', 'Fischer Schönland OHG mbH Impl.', 'Cancelled', '2026-04-13', '001000000000044', '006000000000133', 'PROJ-00073'),
  ('a00000000000074', 'Vollbrecht AG Impl.', 'Completed', '2027-09-30', '001000000000044', '006000000000280', 'PROJ-00074'),
  ('a00000000000075', 'Pruschke Impl.', 'In Planning', '2026-09-21', '001000000000045', '006000000000229', 'PROJ-00075'),
  ('a00000000000076', 'Trüb GmbH & Co. KGaA Impl.', 'Cancelled', '2027-02-04', '001000000000045', '006000000000290', 'PROJ-00076'),
  ('a00000000000077', 'Butte Impl.', 'Completed', '2028-01-22', '001000000000045', '006000000000248', 'PROJ-00077'),
  ('a00000000000078', 'Wieloch GmbH Impl.', 'Cancelled', '2028-01-25', '001000000000047', '006000000000286', 'PROJ-00078'),
  ('a00000000000079', 'Winkler Impl.', 'Completed', '2027-04-02', '001000000000047', '006000000000061', 'PROJ-00079'),
  ('a00000000000080', 'Freudenberger Preiß KG Impl.', 'On Hold', '2026-10-07', '001000000000048', '006000000000253', 'PROJ-00080'),
  ('a00000000000081', 'Lehmann Kaul AG & Co. KG Impl.', 'On Hold', '2026-06-15', '001000000000048', '006000000000015', 'PROJ-00081'),
  ('a00000000000082', 'Finke AG Impl.', 'In Planning', '2027-07-19', '001000000000049', '006000000000020', 'PROJ-00082'),
  ('a00000000000083', 'Söding GmbH & Co. KG Impl.', 'Completed', '2026-10-14', '001000000000050', '006000000000194', 'PROJ-00083'),
  ('a00000000000084', 'Holsten Impl.', 'Completed', '2027-09-06', '001000000000051', '006000000000132', 'PROJ-00084'),
  ('a00000000000085', 'Bohnbach Impl.', 'Cancelled', '2027-11-15', '001000000000051', '006000000000148', 'PROJ-00085'),
  ('a00000000000086', 'Kraus Impl.', 'On Hold', '2026-02-02', '001000000000052', '006000000000158', 'PROJ-00086'),
  ('a00000000000087', 'Drub Impl.', 'Completed', '2027-01-09', '001000000000052', '006000000000299', 'PROJ-00087'),
  ('a00000000000088', 'Rose Lehmann AG & Co. KGaA Impl.', 'In Planning', '2026-05-31', '001000000000053', '006000000000159', 'PROJ-00088'),
  ('a00000000000089', 'Ditschlerin Dörr KG Impl.', 'Completed', '2027-06-08', '001000000000053', '006000000000236', 'PROJ-00089'),
  ('a00000000000090', 'Franke Impl.', 'Cancelled', '2025-07-18', '001000000000053', '006000000000208', 'PROJ-00090'),
  ('a00000000000091', 'Beier e.V. Impl.', 'Cancelled', '2027-03-31', '001000000000054', '006000000000129', 'PROJ-00091'),
  ('a00000000000092', 'Butte Kuhl GmbH & Co. KGaA Impl.', 'In Planning', '2027-09-03', '001000000000055', '006000000000226', 'PROJ-00092'),
  ('a00000000000093', 'Hermann Walter KG Impl.', 'Active', NULL, '001000000000055', '006000000000241', 'PROJ-00093'),
  ('a00000000000094', 'Losekann Impl.', 'In Planning', '2026-10-27', '001000000000055', '006000000000284', 'PROJ-00094'),
  ('a00000000000095', 'Rust Impl.', 'Active', '2027-03-22', '001000000000059', '006000000000043', 'PROJ-00095'),
  ('a00000000000096', 'Linke Ditschlerin AG Impl.', 'Active', NULL, '001000000000061', '006000000000293', 'PROJ-00096'),
  ('a00000000000097', 'Briemer Fiebig KG Impl.', 'Completed', NULL, '001000000000065', '006000000000197', 'PROJ-00097'),
  ('a00000000000098', 'Naser Bärer AG Impl.', 'Cancelled', '2026-03-30', '001000000000065', '006000000000044', 'PROJ-00098'),
  ('a00000000000099', 'Aumann Textor KGaA Impl.', 'In Planning', '2028-05-31', '001000000000065', '006000000000263', 'PROJ-00099'),
  ('a00000000000100', 'Jäkel Tlustek GmbH & Co. KGaA Impl.', 'On Hold', '2027-07-30', '001000000000069', '006000000000125', 'PROJ-00100'),
  ('a00000000000101', 'Flantz Impl.', 'Active', '2026-12-07', '001000000000069', '006000000000121', 'PROJ-00101'),
  ('a00000000000102', 'Junitz GmbH & Co. KG Impl.', 'Active', '2026-01-13', '001000000000070', '006000000000287', 'PROJ-00102'),
  ('a00000000000103', 'Bohlander AG Impl.', 'On Hold', '2027-09-26', '001000000000072', '006000000000258', 'PROJ-00103'),
  ('a00000000000104', 'Drub Hellwig KG Impl.', 'Completed', '2025-09-05', '001000000000072', '006000000000260', 'PROJ-00104'),
  ('a00000000000105', 'Bähr Impl.', 'Cancelled', '2025-12-22', '001000000000073', '006000000000222', 'PROJ-00105'),
  ('a00000000000106', 'Drub e.V. Impl.', 'On Hold', '2028-06-11', '001000000000074', '006000000000280', 'PROJ-00106'),
  ('a00000000000107', 'Killer Rogner GmbH Impl.', 'In Planning', '2026-02-20', '001000000000076', '006000000000065', 'PROJ-00107'),
  ('a00000000000108', 'Hoffmann GbR Impl.', 'On Hold', '2027-07-02', '001000000000077', '006000000000132', 'PROJ-00108'),
  ('a00000000000109', 'Pohl Impl.', 'Active', '2026-03-04', '001000000000078', '006000000000091', 'PROJ-00109'),
  ('a00000000000110', 'Nerger Stiftung & Co. KGaA Impl.', 'Cancelled', '2027-01-02', '001000000000078', '006000000000121', 'PROJ-00110'),
  ('a00000000000111', 'Peukert Hellwig e.V. Impl.', 'Active', '2026-12-30', '001000000000079', '006000000000078', 'PROJ-00111'),
  ('a00000000000112', 'Drub Impl.', 'On Hold', '2027-06-29', '001000000000079', '006000000000292', 'PROJ-00112'),
  ('a00000000000113', 'Gerlach GbR Impl.', 'Cancelled', '2026-04-17', '001000000000079', '006000000000031', 'PROJ-00113'),
  ('a00000000000114', 'Lange Impl.', 'Completed', '2025-09-01', '001000000000080', '006000000000056', 'PROJ-00114'),
  ('a00000000000115', 'Dowerg Rudolph KG Impl.', 'Cancelled', NULL, '001000000000080', '006000000000128', 'PROJ-00115'),
  ('a00000000000116', 'Zänker Fischer AG Impl.', 'Active', '2026-01-11', '001000000000080', '006000000000210', 'PROJ-00116'),
  ('a00000000000117', 'Peukert GmbH Impl.', 'Active', '2026-03-07', '001000000000082', '006000000000123', 'PROJ-00117'),
  ('a00000000000118', 'Hövel Impl.', 'Completed', '2027-01-11', '001000000000082', '006000000000246', 'PROJ-00118'),
  ('a00000000000119', 'Ullrich AG Impl.', 'Cancelled', '2025-12-31', '001000000000083', '006000000000152', 'PROJ-00119'),
  ('a00000000000120', 'Ebert Impl.', 'On Hold', NULL, '001000000000083', '006000000000014', 'PROJ-00120'),
  ('a00000000000121', 'Römer Harloff GmbH & Co. OHG Impl.', 'In Planning', '2027-03-31', '001000000000084', '006000000000251', 'PROJ-00121'),
  ('a00000000000122', 'Hiller Hentschel GmbH Impl.', 'In Planning', '2025-07-21', '001000000000084', '006000000000112', 'PROJ-00122'),
  ('a00000000000123', 'Hartmann Beer GbR Impl.', 'In Planning', '2027-10-05', '001000000000084', '006000000000018', 'PROJ-00123'),
  ('a00000000000124', 'Langern Impl.', 'Completed', NULL, '001000000000085', '006000000000174', 'PROJ-00124'),
  ('a00000000000125', 'Hartmann Weihmann GbR Impl.', 'Completed', '2027-05-20', '001000000000085', '006000000000183', 'PROJ-00125'),
  ('a00000000000126', 'Berger e.V. Impl.', 'Cancelled', '2027-08-02', '001000000000085', '006000000000189', 'PROJ-00126'),
  ('a00000000000127', 'Söding Impl.', 'Active', '2027-02-14', '001000000000086', '006000000000259', 'PROJ-00127'),
  ('a00000000000128', 'Atzler Ackermann KG Impl.', 'Cancelled', '2027-12-06', '001000000000086', '006000000000244', 'PROJ-00128'),
  ('a00000000000129', 'Pohl Stadelmann AG & Co. KGaA Impl.', 'Cancelled', '2028-05-07', '001000000000086', '006000000000182', 'PROJ-00129'),
  ('a00000000000130', 'Ditschlerin Impl.', 'Active', '2028-06-17', '001000000000088', '006000000000054', 'PROJ-00130'),
  ('a00000000000131', 'Roskoth KG Impl.', 'Cancelled', NULL, '001000000000088', '006000000000049', 'PROJ-00131'),
  ('a00000000000132', 'Mülichen KG Impl.', 'Completed', '2027-08-30', '001000000000088', '006000000000254', 'PROJ-00132'),
  ('a00000000000133', 'Wilms AG & Co. OHG Impl.', 'In Planning', NULL, '001000000000091', '006000000000203', 'PROJ-00133'),
  ('a00000000000134', 'Etzler e.G. Impl.', 'Active', '2025-08-14', '001000000000091', '006000000000110', 'PROJ-00134'),
  ('a00000000000135', 'Thies Impl.', 'In Planning', '2026-06-03', '001000000000092', '006000000000065', 'PROJ-00135'),
  ('a00000000000136', 'Wagenknecht Impl.', 'On Hold', '2027-03-02', '001000000000092', '006000000000032', 'PROJ-00136'),
  ('a00000000000137', 'Caspar Impl.', 'Active', '2027-09-23', '001000000000093', '006000000000162', 'PROJ-00137'),
  ('a00000000000138', 'Striebitz Impl.', 'In Planning', '2028-05-24', '001000000000095', '006000000000104', 'PROJ-00138'),
  ('a00000000000139', 'Fechner GbR Impl.', 'Cancelled', '2027-02-13', '001000000000095', '006000000000060', 'PROJ-00139'),
  ('a00000000000140', 'Hering Kusch AG & Co. OHG Impl.', 'Cancelled', '2028-06-21', '001000000000097', '006000000000138', 'PROJ-00140'),
  ('a00000000000141', 'Ernst Döring KG Impl.', 'Active', '2028-02-24', '001000000000097', '006000000000093', 'PROJ-00141'),
  ('a00000000000142', 'Weinhold Impl.', 'In Planning', '2028-06-12', '001000000000098', '006000000000183', 'PROJ-00142'),
  ('a00000000000143', 'Trommler Impl.', 'Cancelled', '2027-08-09', '001000000000100', '006000000000166', 'PROJ-00143'),
  ('a00000000000144', 'Hiller Impl.', 'Active', '2027-07-04', '001000000000100', '006000000000184', 'PROJ-00144'),
  ('a00000000000145', 'Ditschlerin GmbH Impl.', 'Cancelled', NULL, '001000000000101', '006000000000168', 'PROJ-00145'),
  ('a00000000000146', 'Geißler GmbH Impl.', 'On Hold', '2026-12-02', '001000000000102', '006000000000246', 'PROJ-00146'),
  ('a00000000000147', 'Drewes Impl.', 'On Hold', '2025-11-13', '001000000000102', '006000000000263', 'PROJ-00147'),
  ('a00000000000148', 'Eberhardt GmbH & Co. OHG Impl.', 'On Hold', '2026-07-26', '001000000000103', '006000000000127', 'PROJ-00148'),
  ('a00000000000149', 'Römer Binner GmbH & Co. KG Impl.', 'Active', '2027-03-08', '001000000000103', '006000000000249', 'PROJ-00149'),
  ('a00000000000150', 'Schleich Weiß GbR Impl.', 'Completed', '2028-03-15', '001000000000103', '006000000000011', 'PROJ-00150'),
  ('a00000000000151', 'Wilmsen GmbH & Co. KGaA Impl.', 'In Planning', '2026-03-24', '001000000000104', '006000000000269', 'PROJ-00151'),
  ('a00000000000152', 'Röhricht GmbH Impl.', 'On Hold', '2026-03-28', '001000000000104', '006000000000222', 'PROJ-00152'),
  ('a00000000000153', 'Neureuther Zahn GmbH Impl.', 'Completed', '2027-03-12', '001000000000104', '006000000000132', 'PROJ-00153'),
  ('a00000000000154', 'Meyer Atzler Stiftung & Co. KGaA Impl.', 'Cancelled', '2028-02-06', '001000000000105', '006000000000287', 'PROJ-00154'),
  ('a00000000000155', 'Bien Impl.', 'In Planning', '2025-08-15', '001000000000106', '006000000000007', 'PROJ-00155'),
  ('a00000000000156', 'Preiß Jäntsch KG Impl.', 'Cancelled', '2026-07-10', '001000000000106', '006000000000210', 'PROJ-00156'),
  ('a00000000000157', 'Lindau Impl.', 'Active', NULL, '001000000000107', '006000000000282', 'PROJ-00157'),
  ('a00000000000158', 'Seidel Karz e.G. Impl.', 'In Planning', '2027-01-11', '001000000000107', '006000000000107', 'PROJ-00158'),
  ('a00000000000159', 'Koch II GbR Impl.', 'In Planning', '2026-05-01', '001000000000108', '006000000000142', 'PROJ-00159'),
  ('a00000000000160', 'Trupp Impl.', 'On Hold', '2025-09-03', '001000000000108', '006000000000163', 'PROJ-00160'),
  ('a00000000000161', 'Steuer Schottin KGaA Impl.', 'In Planning', NULL, '001000000000109', '006000000000191', 'PROJ-00161'),
  ('a00000000000162', 'Stahr Impl.', 'On Hold', '2025-11-06', '001000000000109', '006000000000193', 'PROJ-00162'),
  ('a00000000000163', 'Mangold Impl.', 'On Hold', '2027-11-25', '001000000000109', '006000000000295', 'PROJ-00163'),
  ('a00000000000164', 'Wiek Schäfer AG & Co. OHG Impl.', 'Completed', '2027-12-07', '001000000000110', '006000000000075', 'PROJ-00164'),
  ('a00000000000165', 'Hoffmann AG & Co. KGaA Impl.', 'On Hold', '2025-10-20', '001000000000110', '006000000000237', 'PROJ-00165'),
  ('a00000000000166', 'Stoll Impl.', 'In Planning', '2028-02-15', '001000000000111', '006000000000301', 'PROJ-00166'),
  ('a00000000000167', 'Spieß GmbH Impl.', 'Cancelled', '2026-01-27', '001000000000111', '006000000000008', 'PROJ-00167'),
  ('a00000000000168', 'Anders Impl.', 'On Hold', '2028-04-15', '001000000000111', '006000000000115', 'PROJ-00168'),
  ('a00000000000169', 'Röhrdanz GbR Impl.', 'Active', NULL, '001000000000112', '006000000000033', 'PROJ-00169'),
  ('a00000000000170', 'Seip AG & Co. KGaA Impl.', 'Cancelled', '2027-04-23', '001000000000112', '006000000000065', 'PROJ-00170'),
  ('a00000000000171', 'Ritter AG & Co. KG Impl.', 'In Planning', '2027-08-03', '001000000000112', '006000000000128', 'PROJ-00171'),
  ('a00000000000172', 'Fliegner AG Impl.', 'In Planning', '2026-11-25', '001000000000113', '006000000000032', 'PROJ-00172'),
  ('a00000000000173', 'Davids KG Impl.', 'Cancelled', NULL, '001000000000113', '006000000000117', 'PROJ-00173'),
  ('a00000000000174', 'Schenk Impl.', 'Cancelled', '2025-09-23', '001000000000115', '006000000000139', 'PROJ-00174'),
  ('a00000000000175', 'Schinke Impl.', 'On Hold', '2026-08-27', '001000000000115', '006000000000043', 'PROJ-00175'),
  ('a00000000000176', 'Klotz Impl.', 'Active', '2027-02-05', '001000000000115', '006000000000254', 'PROJ-00176'),
  ('a00000000000177', 'Scholz Impl.', 'In Planning', '2027-03-23', '001000000000116', '006000000000230', 'PROJ-00177'),
  ('a00000000000178', 'Rohleder Juncken GmbH & Co. KG Impl.', 'Active', NULL, '001000000000116', '006000000000169', 'PROJ-00178'),
  ('a00000000000179', 'Mosemann Impl.', 'On Hold', NULL, '001000000000117', '006000000000085', 'PROJ-00179'),
  ('a00000000000180', 'Kobelt Vollbrecht AG & Co. OHG Impl.', 'Completed', '2027-01-09', '001000000000118', '006000000000221', 'PROJ-00180'),
  ('a00000000000181', 'Schinke GmbH & Co. OHG Impl.', 'On Hold', '2027-07-16', '001000000000119', '006000000000130', 'PROJ-00181'),
  ('a00000000000182', 'Renner Impl.', 'Cancelled', '2025-10-20', '001000000000119', '006000000000067', 'PROJ-00182'),
  ('a00000000000183', 'Döring KG Impl.', 'In Planning', '2027-08-13', '001000000000075', '006000000000282', 'PROJ-00183'),
  ('a00000000000184', 'Butte KGaA Impl.', 'In Planning', '2026-06-05', '001000000000075', '006000000000296', 'PROJ-00184'),
  ('a00000000000185', 'Möchlichen Impl.', 'Active', '2027-10-23', '001000000000088', '006000000000263', 'PROJ-00185'),
  ('a00000000000186', 'Winkler OHG mbH Impl.', 'Completed', '2026-06-29', '001000000000059', '006000000000260', 'PROJ-00186'),
  ('a00000000000187', 'Gotthard Impl.', 'Cancelled', '2026-12-04', '001000000000103', '006000000000265', 'PROJ-00187'),
  ('a00000000000188', 'Kostolzin GmbH Impl.', 'Active', '2025-10-26', '001000000000103', '006000000000231', 'PROJ-00188'),
  ('a00000000000189', 'Krebs Impl.', 'In Planning', '2026-08-31', '001000000000012', '006000000000118', 'PROJ-00189'),
  ('a00000000000190', 'Vogt e.V. Impl.', 'In Planning', '2025-10-24', '001000000000012', '006000000000148', 'PROJ-00190');

INSERT INTO "Installed_Asset__c" ("Id", "Name", "Serial_Number__c", "Warranty_End_Date__c", "Account__c", "Project__c", "Legacy_Asset_ID__c") VALUES
  ('a01000000000001', 'Analytics Add-on', 'SN-67827787', NULL, '001000000000074', 'a00000000000078', 'AST-00001'),
  ('a01000000000002', 'Mobile App', 'SN-91429520', '2029-08-14', '001000000000001', 'a00000000000165', 'AST-00002'),
  ('a01000000000003', 'Mobile App', 'SN-19153503', '2030-07-09', '001000000000059', 'a00000000000181', 'AST-00003'),
  ('a01000000000004', 'Data Connector', 'SN-41952835', '2030-02-27', '001000000000029', 'a00000000000103', 'AST-00004'),
  ('a01000000000005', 'API Bundle', 'SN-85376992', '2028-02-02', '001000000000093', 'a00000000000052', 'AST-00005'),
  ('a01000000000006', 'Data Connector', 'SN-14585799', NULL, '001000000000055', 'a00000000000063', 'AST-00006'),
  ('a01000000000007', 'Analytics Add-on', 'SN-60539582', '2029-12-05', '001000000000072', 'a00000000000162', 'AST-00007'),
  ('a01000000000008', 'Mobile App', 'SN-39211275', '2028-03-22', '001000000000017', 'a00000000000002', 'AST-00008'),
  ('a01000000000009', 'CRM Seat', 'SN-75964591', '2029-05-02', '001000000000028', 'a00000000000134', 'AST-00009'),
  ('a01000000000010', 'Mobile App', 'SN-73557889', '2027-12-23', '001000000000022', 'a00000000000104', 'AST-00010'),
  ('a01000000000011', 'CRM Seat', 'SN-53201539', '2031-02-13', '001000000000030', 'a00000000000079', 'AST-00011'),
  ('a01000000000012', 'CRM Seat', 'SN-20884589', NULL, '001000000000059', 'a00000000000171', 'AST-00012'),
  ('a01000000000013', 'Mobile App', 'SN-88761375', '2028-07-08', '001000000000089', 'a00000000000017', 'AST-00013'),
  ('a01000000000014', 'Analytics Add-on', 'SN-54759582', NULL, '001000000000064', 'a00000000000068', 'AST-00014'),
  ('a01000000000015', 'CRM Seat', 'SN-50493026', '2028-05-19', '001000000000022', 'a00000000000053', 'AST-00015'),
  ('a01000000000016', 'Mobile App', 'SN-48381444', '2029-08-20', '001000000000010', 'a00000000000065', 'AST-00016'),
  ('a01000000000017', 'CRM Seat', 'SN-81769116', '2029-12-23', '001000000000046', 'a00000000000017', 'AST-00017'),
  ('a01000000000018', 'Support Package', 'SN-36451469', '2031-01-12', '001000000000069', 'a00000000000003', 'AST-00018'),
  ('a01000000000019', 'CRM Seat', 'SN-98836239', NULL, '001000000000082', 'a00000000000013', 'AST-00019'),
  ('a01000000000020', 'Support Package', 'SN-86699511', '2030-12-15', '001000000000013', 'a00000000000188', 'AST-00020'),
  ('a01000000000021', 'Support Package', 'SN-31570030', '2027-12-03', '001000000000012', 'a00000000000093', 'AST-00021'),
  ('a01000000000022', 'CRM Seat', 'SN-38637766', '2027-07-22', '001000000000056', 'a00000000000157', 'AST-00022'),
  ('a01000000000023', 'Mobile App', 'SN-66802945', '2031-01-06', '001000000000004', 'a00000000000190', 'AST-00023'),
  ('a01000000000024', 'Support Package', 'SN-38330643', '2029-04-25', '001000000000056', 'a00000000000139', 'AST-00024'),
  ('a01000000000025', 'Analytics Add-on', 'SN-98798107', NULL, '001000000000052', 'a00000000000124', 'AST-00025'),
  ('a01000000000026', 'Mobile App', 'SN-97258301', '2030-06-18', '001000000000103', 'a00000000000125', 'AST-00026'),
  ('a01000000000027', 'Data Connector', 'SN-30347525', '2030-03-03', '001000000000111', 'a00000000000025', 'AST-00027'),
  ('a01000000000028', 'Data Connector', 'SN-67959022', '2028-11-03', '001000000000040', 'a00000000000153', 'AST-00028'),
  ('a01000000000029', 'Support Package', 'SN-46180726', '2030-08-13', '001000000000045', 'a00000000000106', 'AST-00029'),
  ('a01000000000030', 'Data Connector', 'SN-80497544', '2031-02-18', '001000000000102', 'a00000000000190', 'AST-00030'),
  ('a01000000000031', 'Data Connector', 'SN-78589356', '2031-04-10', '001000000000075', 'a00000000000008', 'AST-00031'),
  ('a01000000000032', 'Analytics Add-on', 'SN-70446625', '2028-06-30', '001000000000104', 'a00000000000154', 'AST-00032'),
  ('a01000000000033', 'Mobile App', 'SN-32604990', '2027-08-25', '001000000000013', 'a00000000000043', 'AST-00033'),
  ('a01000000000034', 'Analytics Add-on', 'SN-49342311', '2028-03-04', '001000000000050', 'a00000000000086', 'AST-00034'),
  ('a01000000000035', 'Data Connector', 'SN-66881948', '2030-10-16', '001000000000071', 'a00000000000099', 'AST-00035'),
  ('a01000000000036', 'API Bundle', 'SN-45775601', '2031-02-18', '001000000000054', 'a00000000000161', 'AST-00036'),
  ('a01000000000037', 'Analytics Add-on', 'SN-46157569', NULL, '001000000000035', 'a00000000000022', 'AST-00037'),
  ('a01000000000038', 'CRM Seat', 'SN-22895225', NULL, '001000000000033', 'a00000000000005', 'AST-00038'),
  ('a01000000000039', 'Analytics Add-on', 'SN-54811950', NULL, '001000000000067', 'a00000000000058', 'AST-00039'),
  ('a01000000000040', 'Analytics Add-on', 'SN-11207420', NULL, '001000000000116', 'a00000000000052', 'AST-00040'),
  ('a01000000000041', 'CRM Seat', 'SN-95132236', '2029-04-26', '001000000000086', 'a00000000000123', 'AST-00041'),
  ('a01000000000042', 'API Bundle', 'SN-30705467', '2027-10-30', '001000000000073', 'a00000000000094', 'AST-00042'),
  ('a01000000000043', 'Analytics Add-on', 'SN-63039563', NULL, '001000000000094', 'a00000000000039', 'AST-00043'),
  ('a01000000000044', 'API Bundle', 'SN-33109835', '2029-02-07', '001000000000042', 'a00000000000065', 'AST-00044'),
  ('a01000000000045', 'CRM Seat', 'SN-48351421', '2030-11-26', '001000000000032', 'a00000000000163', 'AST-00045'),
  ('a01000000000046', 'Support Package', 'SN-65377369', '2029-10-19', '001000000000103', 'a00000000000100', 'AST-00046'),
  ('a01000000000047', 'API Bundle', 'SN-98893648', '2027-10-11', '001000000000032', 'a00000000000021', 'AST-00047'),
  ('a01000000000048', 'Support Package', 'SN-23468661', '2030-11-20', '001000000000017', 'a00000000000102', 'AST-00048'),
  ('a01000000000049', 'API Bundle', 'SN-16920213', '2029-03-16', '001000000000111', 'a00000000000135', 'AST-00049'),
  ('a01000000000050', 'API Bundle', 'SN-20208079', '2027-10-06', '001000000000090', 'a00000000000103', 'AST-00050'),
  ('a01000000000051', 'Support Package', 'SN-92317470', '2028-05-28', '001000000000088', 'a00000000000110', 'AST-00051'),
  ('a01000000000052', 'Support Package', 'SN-48616390', '2028-04-12', '001000000000024', 'a00000000000172', 'AST-00052'),
  ('a01000000000053', 'API Bundle', 'SN-78492672', '2028-02-18', '001000000000089', 'a00000000000067', 'AST-00053'),
  ('a01000000000054', 'CRM Seat', 'SN-80997776', '2030-10-30', '001000000000100', 'a00000000000096', 'AST-00054'),
  ('a01000000000055', 'Mobile App', 'SN-12069521', '2030-03-13', '001000000000037', 'a00000000000105', 'AST-00055'),
  ('a01000000000056', 'API Bundle', 'SN-67162368', '2031-06-14', '001000000000102', 'a00000000000033', 'AST-00056'),
  ('a01000000000057', 'CRM Seat', 'SN-11815631', NULL, '001000000000015', 'a00000000000079', 'AST-00057'),
  ('a01000000000058', 'Mobile App', 'SN-53271621', NULL, '001000000000090', 'a00000000000003', 'AST-00058'),
  ('a01000000000059', 'Analytics Add-on', 'SN-34474726', '2028-06-01', '001000000000076', 'a00000000000039', 'AST-00059'),
  ('a01000000000060', 'Analytics Add-on', 'SN-44495034', NULL, '001000000000102', 'a00000000000165', 'AST-00060'),
  ('a01000000000061', 'Support Package', 'SN-80858089', '2029-10-07', '001000000000054', 'a00000000000060', 'AST-00061'),
  ('a01000000000062', 'Support Package', 'SN-63208299', NULL, '001000000000004', 'a00000000000173', 'AST-00062'),
  ('a01000000000063', 'Analytics Add-on', 'SN-80000934', NULL, '001000000000013', 'a00000000000123', 'AST-00063'),
  ('a01000000000064', 'Analytics Add-on', 'SN-28035903', '2030-05-22', '001000000000008', 'a00000000000138', 'AST-00064'),
  ('a01000000000065', 'Support Package', 'SN-56631495', '2028-10-26', '001000000000113', 'a00000000000068', 'AST-00065'),
  ('a01000000000066', 'Data Connector', 'SN-95391253', '2029-04-11', '001000000000034', 'a00000000000126', 'AST-00066'),
  ('a01000000000067', 'Support Package', 'SN-71794791', NULL, '001000000000070', 'a00000000000113', 'AST-00067'),
  ('a01000000000068', 'API Bundle', 'SN-38661755', '2030-03-04', '001000000000051', 'a00000000000064', 'AST-00068'),
  ('a01000000000069', 'Data Connector', 'SN-20544540', '2030-08-18', '001000000000035', 'a00000000000063', 'AST-00069'),
  ('a01000000000070', 'Support Package', 'SN-10208640', '2029-03-20', '001000000000035', 'a00000000000175', 'AST-00070'),
  ('a01000000000071', 'Data Connector', 'SN-50950011', '2027-12-04', '001000000000030', 'a00000000000087', 'AST-00071'),
  ('a01000000000072', 'Mobile App', 'SN-34511569', '2030-07-20', '001000000000101', 'a00000000000057', 'AST-00072'),
  ('a01000000000073', 'Support Package', 'SN-56584829', '2031-05-21', '001000000000024', 'a00000000000046', 'AST-00073'),
  ('a01000000000074', 'Support Package', 'SN-12707790', '2031-03-19', '001000000000075', 'a00000000000130', 'AST-00074'),
  ('a01000000000075', 'Data Connector', 'SN-14936543', NULL, '001000000000101', 'a00000000000046', 'AST-00075'),
  ('a01000000000076', 'CRM Seat', 'SN-32127076', '2030-11-14', '001000000000059', 'a00000000000124', 'AST-00076'),
  ('a01000000000077', 'CRM Seat', 'SN-52233805', '2029-09-30', '001000000000025', 'a00000000000022', 'AST-00077'),
  ('a01000000000078', 'Analytics Add-on', 'SN-90812227', NULL, '001000000000060', 'a00000000000005', 'AST-00078'),
  ('a01000000000079', 'Analytics Add-on', 'SN-80737403', '2030-03-12', '001000000000062', 'a00000000000181', 'AST-00079'),
  ('a01000000000080', 'API Bundle', 'SN-87984455', '2028-09-14', '001000000000088', 'a00000000000048', 'AST-00080'),
  ('a01000000000081', 'CRM Seat', 'SN-77256237', '2029-12-25', '001000000000030', 'a00000000000039', 'AST-00081'),
  ('a01000000000082', 'API Bundle', 'SN-31424002', '2031-06-29', '001000000000004', 'a00000000000086', 'AST-00082'),
  ('a01000000000083', 'Analytics Add-on', 'SN-83352390', '2030-10-01', '001000000000096', 'a00000000000173', 'AST-00083'),
  ('a01000000000084', 'API Bundle', 'SN-45817130', '2028-03-29', '001000000000044', 'a00000000000112', 'AST-00084'),
  ('a01000000000085', 'CRM Seat', 'SN-87570038', '2028-09-06', '001000000000034', 'a00000000000118', 'AST-00085'),
  ('a01000000000086', 'CRM Seat', 'SN-32499277', '2028-06-02', '001000000000024', 'a00000000000134', 'AST-00086'),
  ('a01000000000087', 'Support Package', 'SN-82908996', NULL, '001000000000079', 'a00000000000056', 'AST-00087'),
  ('a01000000000088', 'Support Package', 'SN-60793371', '2029-11-11', '001000000000070', 'a00000000000081', 'AST-00088'),
  ('a01000000000089', 'CRM Seat', 'SN-64879815', '2028-12-27', '001000000000013', 'a00000000000182', 'AST-00089'),
  ('a01000000000090', 'Mobile App', 'SN-17426228', '2029-05-03', '001000000000107', 'a00000000000128', 'AST-00090'),
  ('a01000000000091', 'CRM Seat', 'SN-88486720', '2029-07-27', '001000000000100', 'a00000000000123', 'AST-00091'),
  ('a01000000000092', 'Support Package', 'SN-62233592', '2028-05-24', '001000000000082', 'a00000000000007', 'AST-00092'),
  ('a01000000000093', 'Analytics Add-on', 'SN-86541410', '2030-09-24', '001000000000032', 'a00000000000126', 'AST-00093'),
  ('a01000000000094', 'Support Package', 'SN-10014483', NULL, '001000000000055', 'a00000000000166', 'AST-00094'),
  ('a01000000000095', 'API Bundle', 'SN-12998399', '2028-11-05', '001000000000109', 'a00000000000095', 'AST-00095'),
  ('a01000000000096', 'Data Connector', 'SN-22701413', '2029-04-23', '001000000000108', 'a00000000000131', 'AST-00096'),
  ('a01000000000097', 'Analytics Add-on', 'SN-94348963', '2027-10-15', '001000000000063', 'a00000000000148', 'AST-00097'),
  ('a01000000000098', 'CRM Seat', 'SN-52856620', '2029-07-21', '001000000000056', 'a00000000000021', 'AST-00098'),
  ('a01000000000099', 'Support Package', 'SN-83545381', '2027-08-27', '001000000000080', 'a00000000000058', 'AST-00099'),
  ('a01000000000100', 'API Bundle', 'SN-27129793', '2029-09-05', '001000000000005', 'a00000000000103', 'AST-00100'),
  ('a01000000000101', 'CRM Seat', 'SN-19680306', '2029-08-10', '001000000000044', 'a00000000000097', 'AST-00101'),
  ('a01000000000102', 'Analytics Add-on', 'SN-89798840', '2030-07-08', '001000000000024', 'a00000000000188', 'AST-00102'),
  ('a01000000000103', 'Data Connector', 'SN-94833131', '2027-12-18', '001000000000054', 'a00000000000150', 'AST-00103'),
  ('a01000000000104', 'Data Connector', 'SN-48204463', NULL, '001000000000074', 'a00000000000001', 'AST-00104'),
  ('a01000000000105', 'CRM Seat', 'SN-91241819', NULL, '001000000000078', 'a00000000000051', 'AST-00105'),
  ('a01000000000106', 'Data Connector', 'SN-84972101', '2029-06-19', '001000000000010', 'a00000000000165', 'AST-00106'),
  ('a01000000000107', 'Data Connector', 'SN-78090282', '2028-06-16', '001000000000005', 'a00000000000174', 'AST-00107'),
  ('a01000000000108', 'Mobile App', 'SN-49423138', '2029-03-09', '001000000000048', 'a00000000000049', 'AST-00108'),
  ('a01000000000109', 'Analytics Add-on', 'SN-21151373', '2029-06-27', '001000000000053', 'a00000000000064', 'AST-00109'),
  ('a01000000000110', 'Mobile App', 'SN-62690793', '2029-09-15', '001000000000070', 'a00000000000068', 'AST-00110'),
  ('a01000000000111', 'Data Connector', 'SN-98490406', '2031-07-01', '001000000000045', 'a00000000000072', 'AST-00111'),
  ('a01000000000112', 'Support Package', 'SN-50662182', '2029-02-04', '001000000000043', 'a00000000000074', 'AST-00112'),
  ('a01000000000113', 'Mobile App', 'SN-71647131', NULL, '001000000000050', 'a00000000000169', 'AST-00113'),
  ('a01000000000114', 'API Bundle', 'SN-54965006', '2030-05-31', '001000000000004', 'a00000000000054', 'AST-00114'),
  ('a01000000000115', 'Mobile App', 'SN-25805231', '2029-05-10', '001000000000107', 'a00000000000089', 'AST-00115'),
  ('a01000000000116', 'CRM Seat', 'SN-84296696', '2027-07-23', '001000000000008', 'a00000000000182', 'AST-00116'),
  ('a01000000000117', 'Data Connector', 'SN-43701949', '2030-10-22', '001000000000056', 'a00000000000101', 'AST-00117'),
  ('a01000000000118', 'Support Package', 'SN-35028004', '2027-08-15', '001000000000003', 'a00000000000178', 'AST-00118'),
  ('a01000000000119', 'Analytics Add-on', 'SN-68748096', '2027-08-27', '001000000000043', 'a00000000000095', 'AST-00119'),
  ('a01000000000120', 'Analytics Add-on', 'SN-14252404', NULL, '001000000000107', 'a00000000000086', 'AST-00120'),
  ('a01000000000121', 'CRM Seat', 'SN-21157526', '2028-02-22', '001000000000034', 'a00000000000165', 'AST-00121'),
  ('a01000000000122', 'CRM Seat', 'SN-31325450', '2031-06-17', '001000000000012', 'a00000000000127', 'AST-00122'),
  ('a01000000000123', 'Support Package', 'SN-33960041', '2027-07-27', '001000000000016', 'a00000000000112', 'AST-00123'),
  ('a01000000000124', 'Data Connector', 'SN-84842477', '2030-03-02', '001000000000028', 'a00000000000173', 'AST-00124'),
  ('a01000000000125', 'Support Package', 'SN-76347247', '2031-01-21', '001000000000022', 'a00000000000040', 'AST-00125'),
  ('a01000000000126', 'API Bundle', 'SN-82886058', '2030-04-23', '001000000000108', 'a00000000000112', 'AST-00126'),
  ('a01000000000127', 'Analytics Add-on', 'SN-59434800', NULL, '001000000000054', 'a00000000000144', 'AST-00127'),
  ('a01000000000128', 'Analytics Add-on', 'SN-70770851', '2031-02-07', '001000000000112', 'a00000000000178', 'AST-00128'),
  ('a01000000000129', 'Support Package', 'SN-46922646', '2031-01-21', '001000000000039', 'a00000000000022', 'AST-00129'),
  ('a01000000000130', 'CRM Seat', 'SN-71572730', NULL, '001000000000011', 'a00000000000005', 'AST-00130'),
  ('a01000000000131', 'CRM Seat', 'SN-21463155', '2028-07-06', '001000000000064', 'a00000000000018', 'AST-00131'),
  ('a01000000000132', 'API Bundle', 'SN-87268649', '2030-12-15', '001000000000059', 'a00000000000008', 'AST-00132'),
  ('a01000000000133', 'Analytics Add-on', 'SN-22580893', '2027-12-16', '001000000000049', 'a00000000000052', 'AST-00133'),
  ('a01000000000134', 'Mobile App', 'SN-65923766', '2029-08-12', '001000000000043', 'a00000000000006', 'AST-00134'),
  ('a01000000000135', 'CRM Seat', 'SN-84442576', NULL, '001000000000083', 'a00000000000052', 'AST-00135'),
  ('a01000000000136', 'Analytics Add-on', 'SN-96128350', '2027-09-25', '001000000000108', 'a00000000000116', 'AST-00136'),
  ('a01000000000137', 'Analytics Add-on', 'SN-46003076', '2027-11-25', '001000000000045', 'a00000000000159', 'AST-00137'),
  ('a01000000000138', 'CRM Seat', 'SN-31586047', '2028-07-20', '001000000000102', 'a00000000000079', 'AST-00138'),
  ('a01000000000139', 'Mobile App', 'SN-78690010', '2031-04-11', '001000000000103', 'a00000000000102', 'AST-00139'),
  ('a01000000000140', 'API Bundle', 'SN-96257935', NULL, '001000000000028', 'a00000000000141', 'AST-00140'),
  ('a01000000000141', 'Data Connector', 'SN-43503906', '2029-09-22', '001000000000111', 'a00000000000153', 'AST-00141'),
  ('a01000000000142', 'API Bundle', 'SN-97579165', NULL, '001000000000035', 'a00000000000073', 'AST-00142'),
  ('a01000000000143', 'API Bundle', 'SN-12853219', '2030-09-21', '001000000000012', 'a00000000000110', 'AST-00143'),
  ('a01000000000144', 'Support Package', 'SN-12492419', '2030-08-03', '001000000000020', 'a00000000000149', 'AST-00144'),
  ('a01000000000145', 'API Bundle', 'SN-39951118', '2029-09-03', '001000000000039', 'a00000000000182', 'AST-00145'),
  ('a01000000000146', 'API Bundle', 'SN-23358439', '2031-06-24', '001000000000056', 'a00000000000050', 'AST-00146'),
  ('a01000000000147', 'Analytics Add-on', 'SN-47786750', '2028-04-14', '001000000000041', 'a00000000000141', 'AST-00147'),
  ('a01000000000148', 'Analytics Add-on', 'SN-69777633', NULL, '001000000000105', 'a00000000000077', 'AST-00148'),
  ('a01000000000149', 'Analytics Add-on', 'SN-44924534', NULL, '001000000000030', 'a00000000000152', 'AST-00149'),
  ('a01000000000150', 'API Bundle', 'SN-49685870', '2028-11-12', '001000000000018', 'a00000000000153', 'AST-00150'),
  ('a01000000000151', 'Analytics Add-on', 'SN-41758982', NULL, '001000000000004', 'a00000000000088', 'AST-00151'),
  ('a01000000000152', 'Mobile App', 'SN-92642699', '2028-03-19', '001000000000103', 'a00000000000081', 'AST-00152'),
  ('a01000000000153', 'Mobile App', 'SN-13347514', '2029-10-02', '001000000000102', 'a00000000000162', 'AST-00153'),
  ('a01000000000154', 'Data Connector', 'SN-57022163', '2029-09-20', '001000000000082', 'a00000000000162', 'AST-00154'),
  ('a01000000000155', 'CRM Seat', 'SN-92616362', '2027-09-18', '001000000000012', 'a00000000000046', 'AST-00155'),
  ('a01000000000156', 'Data Connector', 'SN-77773167', '2030-03-16', '001000000000080', 'a00000000000085', 'AST-00156'),
  ('a01000000000157', 'Mobile App', 'SN-52845337', '2030-03-29', '001000000000067', 'a00000000000081', 'AST-00157'),
  ('a01000000000158', 'Data Connector', 'SN-22787169', '2027-09-04', '001000000000095', 'a00000000000177', 'AST-00158'),
  ('a01000000000159', 'Mobile App', 'SN-41861700', '2027-12-22', '001000000000009', 'a00000000000116', 'AST-00159'),
  ('a01000000000160', 'API Bundle', 'SN-12124629', '2029-08-14', '001000000000027', 'a00000000000148', 'AST-00160'),
  ('a01000000000161', 'Analytics Add-on', 'SN-87359599', '2028-02-18', '001000000000083', 'a00000000000031', 'AST-00161'),
  ('a01000000000162', 'CRM Seat', 'SN-36190898', '2030-12-09', '001000000000080', 'a00000000000089', 'AST-00162'),
  ('a01000000000163', 'Mobile App', 'SN-58110477', '2029-06-18', '001000000000026', 'a00000000000050', 'AST-00163'),
  ('a01000000000164', 'Data Connector', 'SN-61979638', '2028-10-29', '001000000000007', 'a00000000000067', 'AST-00164'),
  ('a01000000000165', 'Support Package', 'SN-14345660', '2029-02-22', '001000000000024', 'a00000000000069', 'AST-00165'),
  ('a01000000000166', 'Data Connector', 'SN-67563502', '2029-01-14', '001000000000061', 'a00000000000098', 'AST-00166'),
  ('a01000000000167', 'API Bundle', 'SN-99440582', '2029-11-03', '001000000000061', 'a00000000000149', 'AST-00167'),
  ('a01000000000168', 'Data Connector', 'SN-14271693', '2028-04-11', '001000000000024', 'a00000000000050', 'AST-00168'),
  ('a01000000000169', 'Support Package', 'SN-48028428', '2027-12-21', '001000000000003', 'a00000000000030', 'AST-00169'),
  ('a01000000000170', 'Analytics Add-on', 'SN-69823386', '2028-08-05', '001000000000093', 'a00000000000130', 'AST-00170'),
  ('a01000000000171', 'Data Connector', 'SN-53616325', '2029-08-16', '001000000000006', 'a00000000000177', 'AST-00171'),
  ('a01000000000172', 'API Bundle', 'SN-32989116', '2029-06-04', '001000000000059', 'a00000000000101', 'AST-00172'),
  ('a01000000000173', 'API Bundle', 'SN-80668286', '2031-06-01', '001000000000028', 'a00000000000180', 'AST-00173'),
  ('a01000000000174', 'Support Package', 'SN-12120936', '2029-11-12', '001000000000002', 'a00000000000140', 'AST-00174'),
  ('a01000000000175', 'API Bundle', 'SN-53987949', '2030-09-26', '001000000000086', 'a00000000000126', 'AST-00175'),
  ('a01000000000176', 'Data Connector', 'SN-47755103', '2031-01-30', '001000000000003', 'a00000000000119', 'AST-00176'),
  ('a01000000000177', 'CRM Seat', 'SN-93288092', '2029-02-11', '001000000000067', 'a00000000000117', 'AST-00177'),
  ('a01000000000178', 'CRM Seat', 'SN-32334470', '2027-11-09', '001000000000069', 'a00000000000090', 'AST-00178'),
  ('a01000000000179', 'CRM Seat', 'SN-95983433', NULL, '001000000000024', 'a00000000000059', 'AST-00179'),
  ('a01000000000180', 'API Bundle', 'SN-17587001', '2027-08-24', '001000000000107', 'a00000000000063', 'AST-00180'),
  ('a01000000000181', 'API Bundle', 'SN-74670470', '2029-02-14', '001000000000024', 'a00000000000151', 'AST-00181'),
  ('a01000000000182', 'Support Package', 'SN-21263402', '2030-02-22', '001000000000002', 'a00000000000035', 'AST-00182'),
  ('a01000000000183', 'Mobile App', 'SN-37797915', '2028-05-28', '001000000000006', 'a00000000000100', 'AST-00183'),
  ('a01000000000184', 'Support Package', 'SN-51748648', '2028-08-10', '001000000000120', 'a00000000000180', 'AST-00184'),
  ('a01000000000185', 'Mobile App', 'SN-57151751', '2031-04-14', '001000000000064', 'a00000000000014', 'AST-00185'),
  ('a01000000000186', 'Analytics Add-on', 'SN-15226142', '2027-08-31', '001000000000035', 'a00000000000098', 'AST-00186'),
  ('a01000000000187', 'Support Package', 'SN-51792692', '2027-10-10', '001000000000089', 'a00000000000153', 'AST-00187'),
  ('a01000000000188', 'CRM Seat', 'SN-63138202', '2030-08-03', '001000000000088', 'a00000000000030', 'AST-00188'),
  ('a01000000000189', 'Data Connector', 'SN-13937529', '2031-03-06', '001000000000053', 'a00000000000009', 'AST-00189'),
  ('a01000000000190', 'API Bundle', 'SN-44497118', '2031-06-21', '001000000000004', 'a00000000000148', 'AST-00190'),
  ('a01000000000191', 'Data Connector', 'SN-25388266', '2027-08-01', '001000000000063', 'a00000000000185', 'AST-00191'),
  ('a01000000000192', 'CRM Seat', 'SN-41944503', NULL, '001000000000078', 'a00000000000185', 'AST-00192'),
  ('a01000000000193', 'Data Connector', 'SN-51192751', '2030-06-08', '001000000000002', 'a00000000000108', 'AST-00193'),
  ('a01000000000194', 'CRM Seat', 'SN-66463342', '2027-07-19', '001000000000088', 'a00000000000038', 'AST-00194'),
  ('a01000000000195', 'Data Connector', 'SN-34128722', '2028-09-06', '001000000000028', 'a00000000000031', 'AST-00195'),
  ('a01000000000196', 'Analytics Add-on', 'SN-75148446', '2028-12-31', '001000000000093', 'a00000000000022', 'AST-00196'),
  ('a01000000000197', 'API Bundle', 'SN-98864097', NULL, '001000000000103', 'a00000000000182', 'AST-00197'),
  ('a01000000000198', 'CRM Seat', 'SN-62307784', NULL, '001000000000048', 'a00000000000105', 'AST-00198'),
  ('a01000000000199', 'API Bundle', 'SN-69393124', '2028-09-12', '001000000000098', 'a00000000000034', 'AST-00199'),
  ('a01000000000200', 'CRM Seat', 'SN-72607433', '2029-10-16', '001000000000039', 'a00000000000073', 'AST-00200'),
  ('a01000000000201', 'Support Package', 'SN-28995817', '2031-01-04', '001000000000102', 'a00000000000084', 'AST-00201'),
  ('a01000000000202', 'API Bundle', 'SN-55111980', NULL, '001000000000065', 'a00000000000017', 'AST-00202'),
  ('a01000000000203', 'Analytics Add-on', 'SN-71665580', '2028-10-09', '001000000000050', 'a00000000000154', 'AST-00203'),
  ('a01000000000204', 'Support Package', 'SN-28204232', '2029-06-15', '001000000000018', 'a00000000000074', 'AST-00204'),
  ('a01000000000205', 'Mobile App', 'SN-50360413', '2029-12-04', '001000000000062', 'a00000000000044', 'AST-00205'),
  ('a01000000000206', 'Analytics Add-on', 'SN-67801123', '2028-08-10', '001000000000116', 'a00000000000143', 'AST-00206'),
  ('a01000000000207', 'Data Connector', 'SN-40097716', '2027-11-01', '001000000000056', 'a00000000000122', 'AST-00207'),
  ('a01000000000208', 'Analytics Add-on', 'SN-79308022', '2031-06-13', '001000000000084', 'a00000000000014', 'AST-00208'),
  ('a01000000000209', 'CRM Seat', 'SN-69782453', '2030-08-02', '001000000000067', 'a00000000000188', 'AST-00209'),
  ('a01000000000210', 'Analytics Add-on', 'SN-70963694', '2028-04-07', '001000000000031', 'a00000000000086', 'AST-00210'),
  ('a01000000000211', 'Analytics Add-on', 'SN-17725876', NULL, '001000000000087', 'a00000000000047', 'AST-00211'),
  ('a01000000000212', 'Mobile App', 'SN-72052689', '2028-11-21', '001000000000112', 'a00000000000118', 'AST-00212'),
  ('a01000000000213', 'Support Package', 'SN-33894165', '2028-12-01', '001000000000118', 'a00000000000119', 'AST-00213'),
  ('a01000000000214', 'CRM Seat', 'SN-51244768', '2028-02-03', '001000000000077', 'a00000000000003', 'AST-00214'),
  ('a01000000000215', 'Data Connector', 'SN-21350591', '2030-03-07', '001000000000019', 'a00000000000160', 'AST-00215'),
  ('a01000000000216', 'CRM Seat', 'SN-46761596', '2031-03-24', '001000000000017', 'a00000000000041', 'AST-00216'),
  ('a01000000000217', 'Support Package', 'SN-97375016', NULL, '001000000000103', 'a00000000000066', 'AST-00217'),
  ('a01000000000218', 'Data Connector', 'SN-68421568', '2029-09-08', '001000000000076', 'a00000000000088', 'AST-00218'),
  ('a01000000000219', 'CRM Seat', 'SN-96702242', '2030-06-23', '001000000000113', 'a00000000000091', 'AST-00219'),
  ('a01000000000220', 'Data Connector', 'SN-84250166', '2030-05-26', '001000000000054', 'a00000000000189', 'AST-00220'),
  ('a01000000000221', 'Analytics Add-on', 'SN-50255317', '2029-10-22', '001000000000006', 'a00000000000095', 'AST-00221'),
  ('a01000000000222', 'CRM Seat', 'SN-18739991', '2030-05-22', '001000000000069', 'a00000000000004', 'AST-00222'),
  ('a01000000000223', 'Data Connector', 'SN-29910282', '2028-04-13', '001000000000113', 'a00000000000061', 'AST-00223'),
  ('a01000000000224', 'Data Connector', 'SN-76804193', '2031-04-27', '001000000000042', 'a00000000000188', 'AST-00224'),
  ('a01000000000225', 'CRM Seat', 'SN-16444770', '2030-02-12', '001000000000033', 'a00000000000123', 'AST-00225'),
  ('a01000000000226', 'Support Package', 'SN-19047281', '2029-08-06', '001000000000084', 'a00000000000030', 'AST-00226'),
  ('a01000000000227', 'Mobile App', 'SN-41199546', '2030-08-29', '001000000000050', 'a00000000000176', 'AST-00227'),
  ('a01000000000228', 'API Bundle', 'SN-21562403', '2030-09-25', '001000000000088', 'a00000000000003', 'AST-00228'),
  ('a01000000000229', 'Mobile App', 'SN-52149796', '2029-06-11', '001000000000018', 'a00000000000144', 'AST-00229'),
  ('a01000000000230', 'Mobile App', 'SN-11177873', '2031-06-19', '001000000000036', 'a00000000000030', 'AST-00230'),
  ('a01000000000231', 'Support Package', 'SN-24105289', '2028-06-21', '001000000000109', 'a00000000000042', 'AST-00231'),
  ('a01000000000232', 'API Bundle', 'SN-42382737', NULL, '001000000000105', 'a00000000000015', 'AST-00232'),
  ('a01000000000233', 'API Bundle', 'SN-38027650', '2030-05-05', '001000000000042', 'a00000000000142', 'AST-00233'),
  ('a01000000000234', 'CRM Seat', 'SN-41110865', '2030-08-16', '001000000000085', 'a00000000000149', 'AST-00234'),
  ('a01000000000235', 'API Bundle', 'SN-11748315', '2028-12-24', '001000000000018', 'a00000000000134', 'AST-00235'),
  ('a01000000000236', 'CRM Seat', 'SN-35608368', '2027-09-06', '001000000000038', 'a00000000000058', 'AST-00236'),
  ('a01000000000237', 'Analytics Add-on', 'SN-24998785', '2031-05-01', '001000000000095', 'a00000000000157', 'AST-00237'),
  ('a01000000000238', 'CRM Seat', 'SN-90754102', '2030-04-28', '001000000000044', 'a00000000000046', 'AST-00238'),
  ('a01000000000239', 'Support Package', 'SN-99331388', NULL, '001000000000064', 'a00000000000090', 'AST-00239'),
  ('a01000000000240', 'Mobile App', 'SN-69685768', '2031-04-02', '001000000000116', 'a00000000000042', 'AST-00240'),
  ('a01000000000241', 'Analytics Add-on', 'SN-10526381', NULL, '001000000000109', 'a00000000000064', 'AST-00241'),
  ('a01000000000242', 'Support Package', 'SN-31760065', '2030-12-11', '001000000000021', 'a00000000000010', 'AST-00242'),
  ('a01000000000243', 'Data Connector', 'SN-49050160', '2028-10-19', '001000000000056', 'a00000000000117', 'AST-00243'),
  ('a01000000000244', 'Data Connector', 'SN-86336482', '2030-06-11', '001000000000113', 'a00000000000140', 'AST-00244'),
  ('a01000000000245', 'Support Package', 'SN-36497922', NULL, '001000000000057', 'a00000000000166', 'AST-00245'),
  ('a01000000000246', 'Mobile App', 'SN-37714181', '2029-01-26', '001000000000113', 'a00000000000129', 'AST-00246'),
  ('a01000000000247', 'Mobile App', 'SN-19024322', NULL, '001000000000120', 'a00000000000178', 'AST-00247'),
  ('a01000000000248', 'Mobile App', 'SN-29906254', '2028-08-07', '001000000000064', 'a00000000000125', 'AST-00248'),
  ('a01000000000249', 'Data Connector', 'SN-66832165', '2031-06-09', '001000000000099', 'a00000000000161', 'AST-00249'),
  ('a01000000000250', 'Mobile App', 'SN-36544562', '2030-04-20', '001000000000044', 'a00000000000144', 'AST-00250'),
  ('a01000000000251', 'CRM Seat', 'SN-60009419', '2029-09-21', '001000000000027', 'a00000000000107', 'AST-00251'),
  ('a01000000000252', 'Support Package', 'SN-13841370', '2031-03-11', '001000000000104', 'a00000000000062', 'AST-00252'),
  ('a01000000000253', 'API Bundle', 'SN-31793890', '2028-11-11', '001000000000103', 'a00000000000119', 'AST-00253'),
  ('a01000000000254', 'Analytics Add-on', 'SN-60156412', '2029-04-20', '001000000000058', 'a00000000000054', 'AST-00254'),
  ('a01000000000255', 'CRM Seat', 'SN-14235499', '2027-08-22', '001000000000041', 'a00000000000110', 'AST-00255'),
  ('a01000000000256', 'CRM Seat', 'SN-34252235', '2027-08-24', '001000000000003', 'a00000000000028', 'AST-00256'),
  ('a01000000000257', 'Data Connector', 'SN-30542202', '2031-05-10', '001000000000033', 'a00000000000177', 'AST-00257'),
  ('a01000000000258', 'Analytics Add-on', 'SN-79831766', NULL, '001000000000065', 'a00000000000085', 'AST-00258'),
  ('a01000000000259', 'Analytics Add-on', 'SN-23272084', NULL, '001000000000016', 'a00000000000173', 'AST-00259'),
  ('a01000000000260', 'Data Connector', 'SN-14148551', '2028-08-14', '001000000000018', 'a00000000000002', 'AST-00260'),
  ('a01000000000261', 'Support Package', 'SN-60975224', '2028-11-18', '001000000000120', 'a00000000000171', 'AST-00261'),
  ('a01000000000262', 'CRM Seat', 'SN-80536636', NULL, '001000000000086', 'a00000000000116', 'AST-00262'),
  ('a01000000000263', 'Analytics Add-on', 'SN-36184466', '2027-12-30', '001000000000003', 'a00000000000110', 'AST-00263'),
  ('a01000000000264', 'CRM Seat', 'SN-67611051', '2029-01-04', '001000000000075', 'a00000000000078', 'AST-00264'),
  ('a01000000000265', 'Data Connector', 'SN-64471373', '2027-12-22', '001000000000004', 'a00000000000176', 'AST-00265'),
  ('a01000000000266', 'Data Connector', 'SN-69276722', '2029-02-13', '001000000000059', 'a00000000000053', 'AST-00266'),
  ('a01000000000267', 'CRM Seat', 'SN-69460010', '2028-04-11', '001000000000091', 'a00000000000006', 'AST-00267'),
  ('a01000000000268', 'CRM Seat', 'SN-77349811', '2031-04-02', '001000000000115', 'a00000000000090', 'AST-00268'),
  ('a01000000000269', 'Mobile App', 'SN-52485136', '2029-09-11', '001000000000105', 'a00000000000162', 'AST-00269'),
  ('a01000000000270', 'CRM Seat', 'SN-96746992', '2029-07-24', '001000000000045', 'a00000000000150', 'AST-00270'),
  ('a01000000000271', 'API Bundle', 'SN-93616503', '2029-02-01', '001000000000120', 'a00000000000187', 'AST-00271'),
  ('a01000000000272', 'Data Connector', 'SN-36792798', '2030-06-17', '001000000000082', 'a00000000000150', 'AST-00272'),
  ('a01000000000273', 'API Bundle', 'SN-27023010', '2027-08-23', '001000000000027', 'a00000000000011', 'AST-00273'),
  ('a01000000000274', 'CRM Seat', 'SN-33998203', '2031-01-04', '001000000000089', 'a00000000000040', 'AST-00274'),
  ('a01000000000275', 'Support Package', 'SN-26823976', NULL, '001000000000102', 'a00000000000005', 'AST-00275'),
  ('a01000000000276', 'Support Package', 'SN-33867948', '2031-01-16', '001000000000056', 'a00000000000061', 'AST-00276'),
  ('a01000000000277', 'API Bundle', 'SN-11839180', NULL, '001000000000107', 'a00000000000183', 'AST-00277'),
  ('a01000000000278', 'Support Package', 'SN-82702696', '2028-09-15', '001000000000059', 'a00000000000160', 'AST-00278'),
  ('a01000000000279', 'Mobile App', 'SN-44891136', '2027-11-09', '001000000000051', 'a00000000000173', 'AST-00279'),
  ('a01000000000280', 'Support Package', 'SN-63992056', '2027-10-05', '001000000000088', 'a00000000000123', 'AST-00280'),
  ('a01000000000281', 'Data Connector', 'SN-93604772', '2031-06-01', '001000000000043', 'a00000000000114', 'AST-00281'),
  ('a01000000000282', 'CRM Seat', 'SN-28777234', NULL, '001000000000076', 'a00000000000185', 'AST-00282'),
  ('a01000000000283', 'Analytics Add-on', 'SN-21167859', '2027-11-01', '001000000000072', 'a00000000000036', 'AST-00283'),
  ('a01000000000284', 'Analytics Add-on', 'SN-26554053', '2029-02-12', '001000000000084', 'a00000000000086', 'AST-00284'),
  ('a01000000000285', 'Data Connector', 'SN-45010642', '2028-12-16', '001000000000018', 'a00000000000108', 'AST-00285'),
  ('a01000000000286', 'Mobile App', 'SN-54008596', NULL, '001000000000086', 'a00000000000037', 'AST-00286'),
  ('a01000000000287', 'Analytics Add-on', 'SN-62317082', '2030-09-10', '001000000000002', 'a00000000000113', 'AST-00287'),
  ('a01000000000288', 'API Bundle', 'SN-26271215', '2027-09-12', '001000000000103', 'a00000000000136', 'AST-00288'),
  ('a01000000000289', 'Mobile App', 'SN-28537524', '2028-08-07', '001000000000120', 'a00000000000112', 'AST-00289'),
  ('a01000000000290', 'Data Connector', 'SN-63624437', '2028-08-16', '001000000000026', 'a00000000000050', 'AST-00290'),
  ('a01000000000291', 'CRM Seat', 'SN-31860187', '2029-08-26', '001000000000093', 'a00000000000032', 'AST-00291'),
  ('a01000000000292', 'API Bundle', 'SN-97176857', '2029-03-30', '001000000000002', 'a00000000000022', 'AST-00292'),
  ('a01000000000293', 'Analytics Add-on', 'SN-84016970', '2028-01-22', '001000000000026', 'a00000000000028', 'AST-00293'),
  ('a01000000000294', 'API Bundle', 'SN-66857303', '2027-11-06', '001000000000034', 'a00000000000012', 'AST-00294'),
  ('a01000000000295', 'Support Package', 'SN-11927301', '2028-05-29', '001000000000012', 'a00000000000149', 'AST-00295'),
  ('a01000000000296', 'CRM Seat', 'SN-31177248', '2029-11-23', '001000000000040', 'a00000000000121', 'AST-00296'),
  ('a01000000000297', 'Support Package', 'SN-63836866', '2030-01-24', '001000000000035', 'a00000000000109', 'AST-00297'),
  ('a01000000000298', 'Analytics Add-on', 'SN-26682019', '2031-06-18', '001000000000095', 'a00000000000169', 'AST-00298'),
  ('a01000000000299', 'CRM Seat', 'SN-72930243', '2028-05-12', '001000000000073', 'a00000000000031', 'AST-00299'),
  ('a01000000000300', 'CRM Seat', 'SN-46402898', '2029-11-15', '001000000000003', 'a00000000000083', 'AST-00300'),
  ('a01000000000301', 'Data Connector', 'SN-24857669', '2030-07-10', '001000000000041', 'a00000000000167', 'AST-00301'),
  ('a01000000000302', 'CRM Seat', 'SN-48148773', NULL, '001000000000001', 'a00000000000179', 'AST-00302'),
  ('a01000000000303', 'API Bundle', 'SN-12760227', '2030-07-21', '001000000000098', 'a00000000000188', 'AST-00303'),
  ('a01000000000304', 'Mobile App', 'SN-20426103', '2029-01-24', '001000000000042', 'a00000000000096', 'AST-00304'),
  ('a01000000000305', 'Analytics Add-on', 'SN-10980710', '2028-09-16', '001000000000010', 'a00000000000179', 'AST-00305'),
  ('a01000000000306', 'Support Package', 'SN-83857978', '2030-05-27', '001000000000105', 'a00000000000148', 'AST-00306'),
  ('a01000000000307', 'Mobile App', 'SN-99293201', '2031-05-16', '001000000000025', 'a00000000000009', 'AST-00307'),
  ('a01000000000308', 'CRM Seat', 'SN-46779889', NULL, '001000000000106', 'a00000000000113', 'AST-00308'),
  ('a01000000000309', 'Data Connector', 'SN-51719884', '2028-08-20', '001000000000116', 'a00000000000127', 'AST-00309'),
  ('a01000000000310', 'Mobile App', 'SN-18792792', NULL, '001000000000106', 'a00000000000098', 'AST-00310'),
  ('a01000000000311', 'CRM Seat', 'SN-25014192', '2031-03-31', '001000000000085', 'a00000000000030', 'AST-00311'),
  ('a01000000000312', 'API Bundle', 'SN-34173499', '2028-12-20', '001000000000049', 'a00000000000105', 'AST-00312'),
  ('a01000000000313', 'Analytics Add-on', 'SN-56686503', '2030-04-14', '001000000000113', 'a00000000000167', 'AST-00313'),
  ('a01000000000314', 'CRM Seat', 'SN-39022891', '2030-04-16', '001000000000054', 'a00000000000163', 'AST-00314'),
  ('a01000000000315', 'CRM Seat', 'SN-85411578', '2029-05-03', '001000000000043', 'a00000000000012', 'AST-00315'),
  ('a01000000000316', 'Support Package', 'SN-87223963', '2028-08-27', '001000000000103', 'a00000000000021', 'AST-00316'),
  ('a01000000000317', 'Data Connector', 'SN-45779088', '2030-02-20', '001000000000092', 'a00000000000073', 'AST-00317'),
  ('a01000000000318', 'Mobile App', 'SN-36095764', '2030-08-19', '001000000000071', 'a00000000000022', 'AST-00318'),
  ('a01000000000319', 'Support Package', 'SN-57868625', '2031-02-14', '001000000000030', 'a00000000000097', 'AST-00319'),
  ('a01000000000320', 'Mobile App', 'SN-69253471', '2030-11-05', '001000000000064', 'a00000000000040', 'AST-00320'),
  ('a01000000000321', 'Support Package', 'SN-41161606', '2031-01-08', '001000000000107', 'a00000000000154', 'AST-00321'),
  ('a01000000000322', 'Analytics Add-on', 'SN-85204800', '2029-09-12', '001000000000012', 'a00000000000139', 'AST-00322'),
  ('a01000000000323', 'Data Connector', 'SN-38376491', '2028-08-22', '001000000000017', 'a00000000000139', 'AST-00323'),
  ('a01000000000324', 'Analytics Add-on', 'SN-47647501', '2031-06-01', '001000000000041', 'a00000000000110', 'AST-00324'),
  ('a01000000000325', 'Support Package', 'SN-91244634', '2029-05-06', '001000000000058', 'a00000000000171', 'AST-00325'),
  ('a01000000000326', 'CRM Seat', 'SN-17392758', '2027-11-03', '001000000000022', 'a00000000000008', 'AST-00326'),
  ('a01000000000327', 'Analytics Add-on', 'SN-94655858', '2029-02-18', '001000000000056', 'a00000000000081', 'AST-00327'),
  ('a01000000000328', 'API Bundle', 'SN-56960253', '2030-11-24', '001000000000099', 'a00000000000185', 'AST-00328'),
  ('a01000000000329', 'Data Connector', 'SN-90732059', NULL, '001000000000113', 'a00000000000101', 'AST-00329'),
  ('a01000000000330', 'Support Package', 'SN-59616202', NULL, '001000000000089', 'a00000000000038', 'AST-00330'),
  ('a01000000000331', 'Support Package', 'SN-41058864', '2029-10-01', '001000000000018', 'a00000000000122', 'AST-00331'),
  ('a01000000000332', 'Mobile App', 'SN-80327352', '2029-06-15', '001000000000076', 'a00000000000177', 'AST-00332'),
  ('a01000000000333', 'Support Package', 'SN-52997880', '2027-10-13', '001000000000115', 'a00000000000115', 'AST-00333'),
  ('a01000000000334', 'Data Connector', 'SN-34819542', '2031-01-04', '001000000000076', 'a00000000000176', 'AST-00334'),
  ('a01000000000335', 'CRM Seat', 'SN-12994603', '2028-01-13', '001000000000095', 'a00000000000015', 'AST-00335'),
  ('a01000000000336', 'Support Package', 'SN-39507201', '2031-05-05', '001000000000097', 'a00000000000176', 'AST-00336'),
  ('a01000000000337', 'Analytics Add-on', 'SN-24830919', '2031-03-07', '001000000000088', 'a00000000000076', 'AST-00337'),
  ('a01000000000338', 'Support Package', 'SN-14846804', '2030-08-06', '001000000000055', 'a00000000000022', 'AST-00338'),
  ('a01000000000339', 'Mobile App', 'SN-96171981', '2030-12-20', '001000000000114', 'a00000000000075', 'AST-00339'),
  ('a01000000000340', 'Mobile App', 'SN-38801624', '2029-12-20', '001000000000070', 'a00000000000002', 'AST-00340'),
  ('a01000000000341', 'Support Package', 'SN-45190608', '2027-09-01', '001000000000048', 'a00000000000044', 'AST-00341'),
  ('a01000000000342', 'Support Package', 'SN-67332019', '2029-07-04', '001000000000082', 'a00000000000158', 'AST-00342'),
  ('a01000000000343', 'Mobile App', 'SN-51413567', '2027-08-28', '001000000000041', 'a00000000000036', 'AST-00343'),
  ('a01000000000344', 'CRM Seat', 'SN-76776737', '2029-08-02', '001000000000073', 'a00000000000126', 'AST-00344'),
  ('a01000000000345', 'API Bundle', 'SN-11805928', '2027-11-15', '001000000000042', 'a00000000000007', 'AST-00345'),
  ('a01000000000346', 'API Bundle', 'SN-95288086', '2029-02-02', '001000000000048', 'a00000000000011', 'AST-00346'),
  ('a01000000000347', 'Mobile App', 'SN-76780172', '2028-02-10', '001000000000028', 'a00000000000128', 'AST-00347'),
  ('a01000000000348', 'Mobile App', 'SN-41204610', '2031-06-12', '001000000000059', 'a00000000000038', 'AST-00348'),
  ('a01000000000349', 'Support Package', 'SN-18959363', '2027-09-30', '001000000000007', 'a00000000000154', 'AST-00349'),
  ('a01000000000350', 'CRM Seat', 'SN-98832342', '2029-02-13', '001000000000027', 'a00000000000046', 'AST-00350'),
  ('a01000000000351', 'Analytics Add-on', 'SN-92171999', '2029-08-20', '001000000000109', 'a00000000000038', 'AST-00351'),
  ('a01000000000352', 'API Bundle', 'SN-14498942', '2030-03-24', '001000000000090', 'a00000000000097', 'AST-00352'),
  ('a01000000000353', 'Support Package', 'SN-16942461', '2029-12-16', '001000000000105', 'a00000000000014', 'AST-00353'),
  ('a01000000000354', 'Mobile App', 'SN-81069068', '2030-06-01', '001000000000060', 'a00000000000129', 'AST-00354'),
  ('a01000000000355', 'Mobile App', 'SN-20346426', NULL, '001000000000020', 'a00000000000066', 'AST-00355'),
  ('a01000000000356', 'Mobile App', 'SN-96601698', '2028-12-15', '001000000000008', 'a00000000000118', 'AST-00356'),
  ('a01000000000357', 'Mobile App', 'SN-72608784', NULL, '001000000000013', 'a00000000000099', 'AST-00357'),
  ('a01000000000358', 'Data Connector', 'SN-49630801', '2029-03-20', '001000000000081', 'a00000000000102', 'AST-00358'),
  ('a01000000000359', 'Mobile App', 'SN-70272440', '2027-08-30', '001000000000043', 'a00000000000075', 'AST-00359'),
  ('a01000000000360', 'API Bundle', 'SN-93864245', '2028-01-26', '001000000000062', 'a00000000000037', 'AST-00360'),
  ('a01000000000361', 'Data Connector', 'SN-28566146', '2029-09-29', '001000000000069', 'a00000000000094', 'AST-00361'),
  ('a01000000000362', 'Mobile App', 'SN-62074886', NULL, '001000000000023', 'a00000000000052', 'AST-00362'),
  ('a01000000000363', 'Support Package', 'SN-89445230', '2028-01-22', '001000000000089', 'a00000000000074', 'AST-00363'),
  ('a01000000000364', 'API Bundle', 'SN-68894328', NULL, '001000000000083', 'a00000000000110', 'AST-00364'),
  ('a01000000000365', 'Data Connector', 'SN-40159628', NULL, '001000000000100', 'a00000000000183', 'AST-00365'),
  ('a01000000000366', 'Analytics Add-on', 'SN-56017513', '2030-02-07', '001000000000023', 'a00000000000140', 'AST-00366'),
  ('a01000000000367', 'Analytics Add-on', 'SN-85203416', '2029-10-08', '001000000000090', 'a00000000000111', 'AST-00367'),
  ('a01000000000368', 'Analytics Add-on', 'SN-57085503', '2029-05-15', '001000000000008', 'a00000000000190', 'AST-00368'),
  ('a01000000000369', 'Support Package', 'SN-21509714', NULL, '001000000000096', 'a00000000000104', 'AST-00369'),
  ('a01000000000370', 'CRM Seat', 'SN-97674605', '2028-07-25', '001000000000004', 'a00000000000018', 'AST-00370'),
  ('a01000000000371', 'Analytics Add-on', 'SN-30408713', '2029-10-12', '001000000000036', 'a00000000000034', 'AST-00371'),
  ('a01000000000372', 'CRM Seat', 'SN-97457961', NULL, '001000000000004', 'a00000000000065', 'AST-00372'),
  ('a01000000000373', 'CRM Seat', 'SN-83748908', '2031-01-24', '001000000000079', 'a00000000000043', 'AST-00373'),
  ('a01000000000374', 'Data Connector', 'SN-66171227', '2029-08-02', '001000000000025', 'a00000000000074', 'AST-00374'),
  ('a01000000000375', 'Mobile App', 'SN-26379348', '2029-01-08', '001000000000037', 'a00000000000160', 'AST-00375'),
  ('a01000000000376', 'Support Package', 'SN-22589954', '2028-06-28', '001000000000083', 'a00000000000028', 'AST-00376'),
  ('a01000000000377', 'Analytics Add-on', 'SN-16924984', '2031-06-17', '001000000000081', 'a00000000000182', 'AST-00377'),
  ('a01000000000378', 'Analytics Add-on', 'SN-66245517', '2028-06-29', '001000000000088', 'a00000000000062', 'AST-00378'),
  ('a01000000000379', 'Analytics Add-on', 'SN-42251083', NULL, '001000000000115', 'a00000000000045', 'AST-00379'),
  ('a01000000000380', 'Analytics Add-on', 'SN-53430922', NULL, '001000000000021', 'a00000000000139', 'AST-00380'),
  ('a01000000000381', 'API Bundle', 'SN-26964584', '2027-08-25', '001000000000039', 'a00000000000130', 'AST-00381'),
  ('a01000000000382', 'Analytics Add-on', 'SN-90543420', '2028-08-10', '001000000000012', 'a00000000000101', 'AST-00382'),
  ('a01000000000383', 'Mobile App', 'SN-92920094', '2028-08-16', '001000000000074', 'a00000000000026', 'AST-00383'),
  ('a01000000000384', 'Support Package', 'SN-59996204', '2031-01-15', '001000000000088', 'a00000000000182', 'AST-00384'),
  ('a01000000000385', 'CRM Seat', 'SN-25624097', '2030-12-06', '001000000000025', 'a00000000000094', 'AST-00385'),
  ('a01000000000386', 'CRM Seat', 'SN-68598956', '2030-04-07', '001000000000041', 'a00000000000095', 'AST-00386'),
  ('a01000000000387', 'CRM Seat', 'SN-21880446', '2028-12-21', '001000000000092', 'a00000000000014', 'AST-00387'),
  ('a01000000000388', 'CRM Seat', 'SN-31263603', '2028-06-14', '001000000000114', 'a00000000000119', 'AST-00388'),
  ('a01000000000389', 'API Bundle', 'SN-32385969', '2029-11-30', '001000000000117', 'a00000000000029', 'AST-00389'),
  ('a01000000000390', 'Support Package', 'SN-21965546', '2030-05-01', '001000000000083', 'a00000000000059', 'AST-00390'),
  ('a01000000000391', 'Support Package', 'SN-91792515', '2030-10-27', '001000000000060', 'a00000000000096', 'AST-00391'),
  ('a01000000000392', 'Support Package', 'SN-57392792', '2030-08-17', '001000000000015', 'a00000000000071', 'AST-00392'),
  ('a01000000000393', 'Mobile App', 'SN-71641224', '2030-03-07', '001000000000034', 'a00000000000112', 'AST-00393'),
  ('a01000000000394', 'CRM Seat', 'SN-72179632', '2027-10-08', '001000000000100', 'a00000000000032', 'AST-00394'),
  ('a01000000000395', 'Analytics Add-on', 'SN-53188572', '2030-12-14', '001000000000103', 'a00000000000098', 'AST-00395'),
  ('a01000000000396', 'Mobile App', 'SN-65399740', '2030-05-14', '001000000000028', 'a00000000000097', 'AST-00396'),
  ('a01000000000397', 'Analytics Add-on', 'SN-32286040', '2027-11-10', '001000000000012', 'a00000000000021', 'AST-00397'),
  ('a01000000000398', 'CRM Seat', 'SN-41538657', '2029-01-19', '001000000000030', 'a00000000000028', 'AST-00398'),
  ('a01000000000399', 'Mobile App', 'SN-98708111', '2028-11-17', '001000000000021', 'a00000000000074', 'AST-00399'),
  ('a01000000000400', 'Support Package', 'SN-36282806', '2031-06-26', '001000000000109', 'a00000000000136', 'AST-00400'),
  ('a01000000000401', 'Mobile App', 'SN-71514812', '2028-01-31', '001000000000111', 'a00000000000189', 'AST-00401'),
  ('a01000000000402', 'Analytics Add-on', 'SN-97209605', '2027-07-21', '001000000000112', 'a00000000000180', 'AST-00402'),
  ('a01000000000403', 'Support Package', 'SN-34101481', '2027-09-18', '001000000000081', 'a00000000000186', 'AST-00403'),
  ('a01000000000404', 'Mobile App', 'SN-45169933', '2030-02-26', '001000000000016', 'a00000000000163', 'AST-00404'),
  ('a01000000000405', 'CRM Seat', 'SN-88497909', '2029-06-06', '001000000000090', 'a00000000000161', 'AST-00405'),
  ('a01000000000406', 'Mobile App', 'SN-39650255', '2029-12-21', '001000000000092', 'a00000000000003', 'AST-00406'),
  ('a01000000000407', 'Mobile App', 'SN-73623871', '2027-12-14', '001000000000058', 'a00000000000033', 'AST-00407'),
  ('a01000000000408', 'Support Package', 'SN-74672176', '2030-06-13', '001000000000018', 'a00000000000148', 'AST-00408'),
  ('a01000000000409', 'Mobile App', 'SN-86829022', '2027-12-15', '001000000000021', 'a00000000000001', 'AST-00409'),
  ('a01000000000410', 'Mobile App', 'SN-38250556', '2028-06-28', '001000000000042', 'a00000000000006', 'AST-00410'),
  ('a01000000000411', 'Mobile App', 'SN-68183470', '2028-03-05', '001000000000064', 'a00000000000129', 'AST-00411'),
  ('a01000000000412', 'Support Package', 'SN-71835454', '2030-04-12', '001000000000079', 'a00000000000114', 'AST-00412'),
  ('a01000000000413', 'Support Package', 'SN-45976033', NULL, '001000000000075', 'a00000000000080', 'AST-00413'),
  ('a01000000000414', 'Data Connector', 'SN-48858130', '2029-08-13', '001000000000108', 'a00000000000171', 'AST-00414'),
  ('a01000000000415', 'API Bundle', 'SN-54743835', '2030-11-13', '001000000000120', 'a00000000000006', 'AST-00415'),
  ('a01000000000416', 'CRM Seat', 'SN-89416145', '2028-02-02', '001000000000037', 'a00000000000159', 'AST-00416'),
  ('a01000000000417', 'Support Package', 'SN-98646318', '2028-11-19', '001000000000101', 'a00000000000165', 'AST-00417'),
  ('a01000000000418', 'Support Package', 'SN-81425489', '2030-05-23', '001000000000062', 'a00000000000080', 'AST-00418'),
  ('a01000000000419', 'Analytics Add-on', 'SN-12097425', '2031-04-10', '001000000000107', 'a00000000000156', 'AST-00419'),
  ('a01000000000420', 'CRM Seat', 'SN-95591216', '2029-06-11', '001000000000005', 'a00000000000188', 'AST-00420'),
  ('a01000000000421', 'CRM Seat', 'SN-72563511', NULL, '001000000000081', 'a00000000000124', 'AST-00421'),
  ('a01000000000422', 'API Bundle', 'SN-36924832', NULL, '001000000000054', 'a00000000000021', 'AST-00422'),
  ('a01000000000423', 'Data Connector', 'SN-38120328', '2027-12-04', '001000000000094', 'a00000000000118', 'AST-00423'),
  ('a01000000000424', 'Mobile App', 'SN-14416702', '2030-09-20', '001000000000014', 'a00000000000019', 'AST-00424'),
  ('a01000000000425', 'CRM Seat', 'SN-29969036', '2030-08-23', '001000000000112', 'a00000000000095', 'AST-00425'),
  ('a01000000000426', 'Data Connector', 'SN-66561147', NULL, '001000000000029', 'a00000000000086', 'AST-00426'),
  ('a01000000000427', 'Data Connector', 'SN-89128782', '2027-08-04', '001000000000088', 'a00000000000006', 'AST-00427'),
  ('a01000000000428', 'Analytics Add-on', 'SN-36225988', '2027-11-20', '001000000000022', 'a00000000000160', 'AST-00428'),
  ('a01000000000429', 'Mobile App', 'SN-26277612', '2030-03-04', '001000000000013', 'a00000000000059', 'AST-00429'),
  ('a01000000000430', 'Data Connector', 'SN-27455540', '2028-05-09', '001000000000096', 'a00000000000040', 'AST-00430'),
  ('a01000000000431', 'Support Package', 'SN-58246404', '2029-09-05', '001000000000024', 'a00000000000175', 'AST-00431'),
  ('a01000000000432', 'Data Connector', 'SN-26924531', '2030-07-01', '001000000000110', 'a00000000000002', 'AST-00432'),
  ('a01000000000433', 'Mobile App', 'SN-67960490', NULL, '001000000000038', 'a00000000000185', 'AST-00433'),
  ('a01000000000434', 'Analytics Add-on', 'SN-91147180', NULL, '001000000000082', 'a00000000000079', 'AST-00434'),
  ('a01000000000435', 'Analytics Add-on', 'SN-32731246', '2028-05-09', '001000000000019', 'a00000000000084', 'AST-00435'),
  ('a01000000000436', 'Data Connector', 'SN-74918432', '2031-04-27', '001000000000052', 'a00000000000129', 'AST-00436'),
  ('a01000000000437', 'Mobile App', 'SN-14498284', '2029-06-14', '001000000000002', 'a00000000000135', 'AST-00437'),
  ('a01000000000438', 'API Bundle', 'SN-55330410', '2027-11-13', '001000000000015', 'a00000000000045', 'AST-00438'),
  ('a01000000000439', 'Mobile App', 'SN-18052582', '2027-11-10', '001000000000059', 'a00000000000070', 'AST-00439'),
  ('a01000000000440', 'Support Package', 'SN-76146358', '2029-05-10', '001000000000064', 'a00000000000132', 'AST-00440'),
  ('a01000000000441', 'Data Connector', 'SN-58373736', '2030-09-25', '001000000000026', 'a00000000000034', 'AST-00441'),
  ('a01000000000442', 'CRM Seat', 'SN-10280174', '2028-05-18', '001000000000013', 'a00000000000025', 'AST-00442'),
  ('a01000000000443', 'Data Connector', 'SN-62113016', NULL, '001000000000097', 'a00000000000007', 'AST-00443'),
  ('a01000000000444', 'CRM Seat', 'SN-87638682', '2030-02-10', '001000000000081', 'a00000000000067', 'AST-00444'),
  ('a01000000000445', 'Support Package', 'SN-95359515', '2030-07-20', '001000000000109', 'a00000000000120', 'AST-00445'),
  ('a01000000000446', 'Mobile App', 'SN-88051196', '2031-06-12', '001000000000075', 'a00000000000190', 'AST-00446'),
  ('a01000000000447', 'Support Package', 'SN-30130942', '2030-10-18', '001000000000028', 'a00000000000045', 'AST-00447'),
  ('a01000000000448', 'Analytics Add-on', 'SN-47617958', '2030-12-22', '001000000000012', 'a00000000000035', 'AST-00448'),
  ('a01000000000449', 'Data Connector', 'SN-18330291', NULL, '001000000000001', 'a00000000000049', 'AST-00449'),
  ('a01000000000450', 'Analytics Add-on', 'SN-97132380', '2029-08-14', '001000000000070', 'a00000000000048', 'AST-00450'),
  ('a01000000000451', 'API Bundle', 'SN-70940456', '2029-09-15', '001000000000079', 'a00000000000113', 'AST-00451'),
  ('a01000000000452', 'Support Package', 'SN-56059004', NULL, '001000000000113', 'a00000000000112', 'AST-00452'),
  ('a01000000000453', 'Support Package', 'SN-67172744', '2030-01-26', '001000000000024', 'a00000000000099', 'AST-00453'),
  ('a01000000000454', 'CRM Seat', 'SN-87263620', '2030-11-23', '001000000000067', 'a00000000000048', 'AST-00454'),
  ('a01000000000455', 'CRM Seat', 'SN-19079551', '2028-09-03', '001000000000057', 'a00000000000145', 'AST-00455'),
  ('a01000000000456', 'Mobile App', 'SN-31503412', '2028-02-23', '001000000000054', 'a00000000000086', 'AST-00456'),
  ('a01000000000457', 'API Bundle', 'SN-46247027', '2030-10-18', '001000000000118', 'a00000000000068', 'AST-00457'),
  ('a01000000000458', 'API Bundle', 'SN-75547373', '2029-12-24', '001000000000065', 'a00000000000155', 'AST-00458'),
  ('a01000000000459', 'Mobile App', 'SN-43267536', '2030-10-26', '001000000000111', 'a00000000000004', 'AST-00459'),
  ('a01000000000460', 'Data Connector', 'SN-91303984', '2027-12-16', '001000000000040', 'a00000000000130', 'AST-00460'),
  ('a01000000000461', 'Analytics Add-on', 'SN-56090307', '2029-03-12', '001000000000011', 'a00000000000084', 'AST-00461'),
  ('a01000000000462', 'Support Package', 'SN-78341617', '2029-08-01', '001000000000041', 'a00000000000004', 'AST-00462'),
  ('a01000000000463', 'Analytics Add-on', 'SN-52172419', '2030-08-08', '001000000000070', 'a00000000000145', 'AST-00463'),
  ('a01000000000464', 'Analytics Add-on', 'SN-26766305', '2028-02-02', '001000000000098', 'a00000000000044', 'AST-00464'),
  ('a01000000000465', 'API Bundle', 'SN-21371593', '2030-06-27', '001000000000073', 'a00000000000161', 'AST-00465'),
  ('a01000000000466', 'API Bundle', 'SN-47061233', '2031-02-07', '001000000000094', 'a00000000000114', 'AST-00466'),
  ('a01000000000467', 'Data Connector', 'SN-35130746', '2029-05-14', '001000000000116', 'a00000000000062', 'AST-00467'),
  ('a01000000000468', 'CRM Seat', 'SN-54910250', '2028-02-24', '001000000000061', 'a00000000000182', 'AST-00468'),
  ('a01000000000469', 'API Bundle', 'SN-85333981', '2030-08-09', '001000000000039', 'a00000000000166', 'AST-00469'),
  ('a01000000000470', 'CRM Seat', 'SN-49927530', '2029-12-06', '001000000000049', 'a00000000000142', 'AST-00470'),
  ('a01000000000471', 'Data Connector', 'SN-19146724', '2028-04-22', '001000000000030', 'a00000000000166', 'AST-00471'),
  ('a01000000000472', 'Analytics Add-on', 'SN-30980246', '2028-05-13', '001000000000043', 'a00000000000031', 'AST-00472'),
  ('a01000000000473', 'API Bundle', 'SN-20443291', '2029-10-24', '001000000000065', 'a00000000000003', 'AST-00473'),
  ('a01000000000474', 'Mobile App', 'SN-39447325', '2030-03-20', '001000000000103', 'a00000000000160', 'AST-00474'),
  ('a01000000000475', 'Mobile App', 'SN-11686966', NULL, '001000000000059', 'a00000000000166', 'AST-00475'),
  ('a01000000000476', 'CRM Seat', 'SN-89890954', '2029-04-28', '001000000000018', 'a00000000000115', 'AST-00476'),
  ('a01000000000477', 'API Bundle', 'SN-49827484', '2029-06-21', '001000000000112', 'a00000000000123', 'AST-00477'),
  ('a01000000000478', 'Support Package', 'SN-45970703', '2029-10-31', '001000000000098', 'a00000000000072', 'AST-00478'),
  ('a01000000000479', 'Analytics Add-on', 'SN-74882094', '2028-02-19', '001000000000084', 'a00000000000171', 'AST-00479'),
  ('a01000000000480', 'API Bundle', 'SN-57454363', '2028-11-02', '001000000000084', 'a00000000000008', 'AST-00480');

CREATE TABLE _ground_truth (
    id SERIAL PRIMARY KEY,
    target_table text,
    target_id text,
    source_table text,
    source_id text,
    notes text
);

INSERT INTO _ground_truth (target_table, target_id, source_table, source_id, notes) VALUES
  ('Account', '001000000000001', 'source_account', 'CUST-1001', NULL),
  ('Account', '001000000000002', 'source_account', 'CUST-1002', NULL),
  ('Account', '001000000000003', 'source_account', 'CUST-1003', NULL),
  ('Account', '001000000000004', 'source_account', 'CUST-1004', NULL),
  ('Account', '001000000000005', 'source_account', 'CUST-1005', NULL),
  ('Account', '001000000000006', 'source_account', 'CUST-1006', 'name_missing_in_source'),
  ('Account', '001000000000007', 'source_account', 'CUST-1007', NULL),
  ('Account', '001000000000008', 'source_account', 'CUST-1008', NULL),
  ('Account', '001000000000009', 'source_account', 'CUST-1009', 'name_typo_in_source'),
  ('Account', '001000000000010', 'source_account', 'CUST-1010', NULL),
  ('Account', '001000000000011', 'source_account', 'CUST-1011', NULL),
  ('Account', '001000000000012', 'source_account', 'CUST-1012', NULL),
  ('Account', '001000000000013', 'source_account', 'CUST-1013', NULL),
  ('Account', '001000000000014', 'source_account', 'CUST-1014', NULL),
  ('Account', '001000000000015', 'source_account', 'CUST-1015', NULL),
  ('Account', '001000000000016', 'source_account', 'CUST-1016', NULL),
  ('Account', '001000000000017', 'source_account', 'CUST-1017', NULL),
  ('Account', '001000000000018', 'source_account', 'CUST-1018', NULL),
  ('Account', '001000000000019', 'source_account', 'CUST-1019', NULL),
  ('Account', '001000000000020', 'source_account', 'CUST-1020', NULL),
  ('Account', '001000000000021', 'source_account', 'CUST-1021', NULL),
  ('Account', '001000000000022', 'source_account', 'CUST-1022', NULL),
  ('Account', '001000000000023', 'source_account', 'CUST-1023', NULL),
  ('Account', '001000000000024', 'source_account', 'CUST-1024', NULL),
  ('Account', '001000000000025', 'source_account', 'CUST-1025', 'name_missing_in_source'),
  ('Account', '001000000000026', 'source_account', 'CUST-1026', NULL),
  ('Account', '001000000000027', 'source_account', 'CUST-1027', NULL),
  ('Account', '001000000000028', 'source_account', 'CUST-1028', NULL),
  ('Account', '001000000000029', 'source_account', 'CUST-1029', NULL),
  ('Account', '001000000000030', 'source_account', 'CUST-1030', NULL),
  ('Account', '001000000000031', 'source_account', 'CUST-1031', NULL),
  ('Account', '001000000000032', 'source_account', 'CUST-1032', NULL),
  ('Account', '001000000000033', 'source_account', 'CUST-1033', 'name_typo_in_source'),
  ('Account', '001000000000034', 'source_account', 'CUST-1034', NULL),
  ('Account', '001000000000035', 'source_account', 'CUST-1035', NULL),
  ('Account', '001000000000036', 'source_account', 'CUST-1036', NULL),
  ('Account', '001000000000037', 'source_account', 'CUST-1037', NULL),
  ('Account', '001000000000038', 'source_account', 'CUST-1038', 'name_missing_in_source'),
  ('Account', '001000000000039', 'source_account', 'CUST-1039', NULL),
  ('Account', '001000000000040', 'source_account', 'CUST-1040', NULL),
  ('Account', '001000000000041', 'source_account', 'CUST-1041', NULL),
  ('Account', '001000000000042', 'source_account', 'CUST-1042', NULL),
  ('Account', '001000000000043', 'source_account', 'CUST-1043', 'name_typo_in_source'),
  ('Account', '001000000000044', 'source_account', 'CUST-1044', NULL),
  ('Account', '001000000000045', 'source_account', 'CUST-1045', NULL),
  ('Account', '001000000000046', 'source_account', 'CUST-1046', NULL),
  ('Account', '001000000000047', 'source_account', 'CUST-1047', NULL),
  ('Account', '001000000000048', 'source_account', 'CUST-1048', NULL),
  ('Account', '001000000000049', 'source_account', 'CUST-1049', 'name_typo_in_source'),
  ('Account', '001000000000050', 'source_account', 'CUST-1050', NULL),
  ('Account', '001000000000051', 'source_account', 'CUST-1051', NULL),
  ('Account', '001000000000052', 'source_account', 'CUST-1052', NULL),
  ('Account', '001000000000053', 'source_account', 'CUST-1053', NULL),
  ('Account', '001000000000054', 'source_account', 'CUST-1054', NULL),
  ('Account', '001000000000055', 'source_account', 'CUST-1055', NULL),
  ('Account', '001000000000056', 'source_account', 'CUST-1056', NULL),
  ('Account', '001000000000057', 'source_account', 'CUST-1057', NULL),
  ('Account', '001000000000058', 'source_account', 'CUST-1058', 'name_typo_in_source'),
  ('Account', '001000000000059', 'source_account', 'CUST-1059', NULL),
  ('Account', '001000000000060', 'source_account', 'CUST-1060', NULL),
  ('Account', '001000000000061', 'source_account', 'CUST-1061', NULL),
  ('Account', '001000000000062', 'source_account', 'CUST-1062', NULL),
  ('Account', '001000000000063', 'source_account', 'CUST-1063', 'name_typo_in_source'),
  ('Account', '001000000000064', 'source_account', 'CUST-1064', NULL),
  ('Account', '001000000000065', 'source_account', 'CUST-1065', NULL),
  ('Account', '001000000000066', 'source_account', 'CUST-1066', NULL),
  ('Account', '001000000000067', 'source_account', 'CUST-1067', NULL),
  ('Account', '001000000000068', 'source_account', 'CUST-1068', NULL),
  ('Account', '001000000000069', 'source_account', 'CUST-1069', NULL),
  ('Account', '001000000000070', 'source_account', 'CUST-1070', 'name_missing_in_source'),
  ('Account', '001000000000071', 'source_account', 'CUST-1071', NULL),
  ('Account', '001000000000072', 'source_account', 'CUST-1072', NULL),
  ('Account', '001000000000073', 'source_account', 'CUST-1073', NULL),
  ('Account', '001000000000074', 'source_account', 'CUST-1074', NULL),
  ('Account', '001000000000075', 'source_account', 'CUST-1075', NULL),
  ('Account', '001000000000076', 'source_account', 'CUST-1076', NULL),
  ('Account', '001000000000077', 'source_account', 'CUST-1077', NULL),
  ('Account', '001000000000078', 'source_account', 'CUST-1078', NULL),
  ('Account', '001000000000079', 'source_account', 'CUST-1079', NULL),
  ('Account', '001000000000080', 'source_account', 'CUST-1080', NULL),
  ('Account', '001000000000081', 'source_account', 'CUST-1081', NULL),
  ('Account', '001000000000082', 'source_account', 'CUST-1082', NULL),
  ('Account', '001000000000083', 'source_account', 'CUST-1083', NULL),
  ('Account', '001000000000084', 'source_account', 'CUST-1084', NULL),
  ('Account', '001000000000085', 'source_account', 'CUST-1085', NULL),
  ('Account', '001000000000086', 'source_account', 'CUST-1086', NULL),
  ('Account', '001000000000087', 'source_account', 'CUST-1087', NULL),
  ('Account', '001000000000088', 'source_account', 'CUST-1088', NULL),
  ('Account', '001000000000089', 'source_account', 'CUST-1089', NULL),
  ('Account', '001000000000090', 'source_account', 'CUST-1090', NULL),
  ('Account', '001000000000091', 'source_account', 'CUST-1091', NULL),
  ('Account', '001000000000092', 'source_account', 'CUST-1092', NULL),
  ('Account', '001000000000093', 'source_account', 'CUST-1093', NULL),
  ('Account', '001000000000094', 'source_account', 'CUST-1094', NULL),
  ('Account', '001000000000095', 'source_account', 'CUST-1095', NULL),
  ('Account', '001000000000096', 'source_account', 'CUST-1096', 'name_missing_in_source'),
  ('Account', '001000000000097', 'source_account', 'CUST-1097', NULL),
  ('Account', '001000000000098', 'source_account', 'CUST-1098', 'name_missing_in_source'),
  ('Account', '001000000000099', 'source_account', 'CUST-1099', NULL),
  ('Account', '001000000000100', 'source_account', 'CUST-1100', NULL),
  ('Account', '001000000000101', 'source_account', 'CUST-1101', 'name_typo_in_source'),
  ('Account', '001000000000102', 'source_account', 'CUST-1102', NULL),
  ('Account', '001000000000103', 'source_account', 'CUST-1103', NULL),
  ('Account', '001000000000104', 'source_account', 'CUST-1104', NULL),
  ('Account', '001000000000105', 'source_account', 'CUST-1105', NULL),
  ('Account', '001000000000106', 'source_account', 'CUST-1106', NULL),
  ('Account', '001000000000107', 'source_account', 'CUST-1107', NULL),
  ('Account', '001000000000108', 'source_account', 'CUST-1108', NULL),
  ('Account', '001000000000109', 'source_account', 'CUST-1109', NULL),
  ('Account', '001000000000110', 'source_account', 'CUST-1110', NULL),
  ('Account', '001000000000111', 'source_account', 'CUST-1111', NULL),
  ('Account', '001000000000112', 'source_account', 'CUST-1112', NULL),
  ('Account', '001000000000113', 'source_account', 'CUST-1113', NULL),
  ('Account', '001000000000114', 'source_account', 'CUST-1114', NULL),
  ('Account', '001000000000115', 'source_account', 'CUST-1115', NULL),
  ('Account', '001000000000116', 'source_account', 'CUST-1116', NULL),
  ('Account', '001000000000117', 'source_account', 'CUST-1117', NULL),
  ('Account', '001000000000118', 'source_account', 'CUST-1118', NULL),
  ('Account', '001000000000119', 'source_account', 'CUST-1119', NULL),
  ('Account', '001000000000120', 'source_account', 'CUST-1120', NULL),
  ('Account', '001000000000075', 'source_account', 'CUST-1075_DUP', 'duplicate_account'),
  ('Account', '001000000000088', 'source_account', 'CUST-1088_DUP', 'duplicate_account'),
  ('Account', '001000000000059', 'source_account', 'CUST-1059_DUP', 'duplicate_account'),
  ('Account', '001000000000103', 'source_account', 'CUST-1103_DUP', 'duplicate_account'),
  ('Account', '001000000000012', 'source_account', 'CUST-1012_DUP', 'duplicate_account'),
  ('Account', '001000000000112', 'source_account', 'CUST-1112_DUP', 'duplicate_account'),
  ('Contact', '003000000000001', 'source_contact', 'CON-00001', 'email_invalid_removed'),
  ('Contact', '003000000000002', 'source_contact', 'CON-00002', NULL),
  ('Contact', '003000000000003', 'source_contact', 'CON-00003', 'email_invalid_removed;phone_unrecoverable'),
  ('Contact', '003000000000004', 'source_contact', 'CON-00004', NULL),
  ('Contact', '003000000000005', 'source_contact', 'CON-00005', NULL),
  ('Contact', '003000000000006', 'source_contact', 'CON-00006', NULL),
  ('Contact', '003000000000007', 'source_contact', 'CON-00007', NULL),
  ('Contact', '003000000000008', 'source_contact', 'CON-00008', 'role_unmapped'),
  ('Contact', '003000000000009', 'source_contact', 'CON-00009', NULL),
  ('Contact', '003000000000010', 'source_contact', 'CON-00010', 'role_unmapped'),
  ('Contact', '003000000000011', 'source_contact', 'CON-00011', 'phone_unrecoverable'),
  ('Contact', '003000000000012', 'source_contact', 'CON-00012', NULL),
  ('Contact', '003000000000013', 'source_contact', 'CON-00013', 'role_unmapped;email_invalid_removed'),
  ('Contact', '003000000000014', 'source_contact', 'CON-00014', NULL),
  ('Contact', '003000000000015', 'source_contact', 'CON-00015', NULL),
  ('Contact', '003000000000016', 'source_contact', 'CON-00016', NULL),
  ('Contact', '003000000000017', 'source_contact', 'CON-00017', NULL),
  ('Contact', '003000000000018', 'source_contact', 'CON-00018', NULL),
  ('Contact', '003000000000019', 'source_contact', 'CON-00019', 'email_invalid_removed'),
  ('Contact', '003000000000020', 'source_contact', 'CON-00020', NULL),
  ('Contact', '003000000000021', 'source_contact', 'CON-00021', NULL),
  ('Contact', '003000000000022', 'source_contact', 'CON-00022', NULL),
  ('Contact', '003000000000023', 'source_contact', 'CON-00023', 'email_invalid_removed'),
  ('Contact', '003000000000024', 'source_contact', 'CON-00024', NULL),
  ('Contact', '003000000000025', 'source_contact', 'CON-00025', NULL),
  ('Contact', '003000000000026', 'source_contact', 'CON-00026', NULL),
  ('Contact', '003000000000027', 'source_contact', 'CON-00027', NULL),
  ('Contact', '003000000000028', 'source_contact', 'CON-00028', NULL),
  ('Contact', '003000000000029', 'source_contact', 'CON-00029', NULL),
  ('Contact', '003000000000030', 'source_contact', 'CON-00030', NULL),
  ('Contact', '003000000000031', 'source_contact', 'CON-00031', NULL),
  ('Contact', '003000000000032', 'source_contact', 'CON-00032', NULL),
  ('Contact', '003000000000033', 'source_contact', 'CON-00033', NULL),
  ('Contact', '003000000000034', 'source_contact', 'CON-00034', NULL),
  ('Contact', '003000000000035', 'source_contact', 'CON-00035', 'role_unmapped'),
  ('Contact', '003000000000036', 'source_contact', 'CON-00036', NULL),
  ('Contact', '003000000000037', 'source_contact', 'CON-00037', NULL),
  ('Contact', '003000000000038', 'source_contact', 'CON-00038', NULL),
  ('Contact', '003000000000039', 'source_contact', 'CON-00039', NULL),
  ('Contact', '003000000000040', 'source_contact', 'CON-00040', 'role_unmapped;phone_unrecoverable'),
  ('Contact', '003000000000041', 'source_contact', 'CON-00041', NULL),
  ('Contact', '003000000000042', 'source_contact', 'CON-00042', NULL),
  ('Contact', '003000000000043', 'source_contact', 'CON-00043', NULL),
  ('Contact', '003000000000044', 'source_contact', 'CON-00044', NULL),
  ('Contact', '003000000000045', 'source_contact', 'CON-00045', NULL),
  ('Contact', '003000000000046', 'source_contact', 'CON-00046', 'email_invalid_removed;phone_unrecoverable'),
  ('Contact', '003000000000047', 'source_contact', 'CON-00047', NULL),
  ('Contact', '003000000000048', 'source_contact', 'CON-00048', 'phone_unrecoverable'),
  ('Contact', '003000000000049', 'source_contact', 'CON-00049', NULL),
  ('Contact', '003000000000050', 'source_contact', 'CON-00050', NULL),
  ('Contact', '003000000000051', 'source_contact', 'CON-00051', 'phone_unrecoverable'),
  ('Contact', '003000000000052', 'source_contact', 'CON-00052', NULL),
  ('Contact', '003000000000053', 'source_contact', 'CON-00053', 'phone_unrecoverable'),
  ('Contact', '003000000000054', 'source_contact', 'CON-00054', NULL),
  ('Contact', '003000000000055', 'source_contact', 'CON-00055', NULL),
  ('Contact', '003000000000056', 'source_contact', 'CON-00056', NULL),
  ('Contact', '003000000000057', 'source_contact', 'CON-00057', NULL),
  ('Contact', '003000000000058', 'source_contact', 'CON-00058', NULL),
  ('Contact', '003000000000059', 'source_contact', 'CON-00059', NULL),
  ('Contact', '003000000000060', 'source_contact', 'CON-00060', NULL),
  ('Contact', '003000000000061', 'source_contact', 'CON-00061', NULL),
  ('Contact', '003000000000062', 'source_contact', 'CON-00062', NULL),
  ('Contact', '003000000000063', 'source_contact', 'CON-00063', 'phone_unrecoverable'),
  ('Contact', '003000000000064', 'source_contact', 'CON-00064', NULL),
  ('Contact', '003000000000065', 'source_contact', 'CON-00065', NULL),
  ('Contact', '003000000000066', 'source_contact', 'CON-00066', NULL),
  ('Contact', '003000000000067', 'source_contact', 'CON-00067', NULL),
  ('Contact', '003000000000068', 'source_contact', 'CON-00068', NULL),
  ('Contact', '003000000000069', 'source_contact', 'CON-00069', NULL),
  ('Contact', '003000000000070', 'source_contact', 'CON-00070', 'phone_unrecoverable'),
  ('Contact', '003000000000071', 'source_contact', 'CON-00071', NULL),
  ('Contact', '003000000000072', 'source_contact', 'CON-00072', 'phone_unrecoverable'),
  ('Contact', '003000000000073', 'source_contact', 'CON-00073', NULL),
  ('Contact', '003000000000074', 'source_contact', 'CON-00074', NULL),
  ('Contact', '003000000000075', 'source_contact', 'CON-00075', NULL),
  ('Contact', '003000000000076', 'source_contact', 'CON-00076', NULL),
  ('Contact', '003000000000077', 'source_contact', 'CON-00077', 'email_invalid_removed;phone_unrecoverable'),
  ('Contact', '003000000000078', 'source_contact', 'CON-00078', 'role_unmapped'),
  ('Contact', '003000000000079', 'source_contact', 'CON-00079', 'phone_unrecoverable'),
  ('Contact', '003000000000080', 'source_contact', 'CON-00080', 'email_invalid_removed'),
  ('Contact', '003000000000081', 'source_contact', 'CON-00081', NULL),
  ('Contact', '003000000000082', 'source_contact', 'CON-00082', 'phone_unrecoverable'),
  ('Contact', '003000000000083', 'source_contact', 'CON-00083', 'phone_unrecoverable'),
  ('Contact', '003000000000084', 'source_contact', 'CON-00084', NULL),
  ('Contact', '003000000000085', 'source_contact', 'CON-00085', NULL),
  ('Contact', '003000000000086', 'source_contact', 'CON-00086', 'phone_unrecoverable'),
  ('Contact', '003000000000087', 'source_contact', 'CON-00087', NULL),
  ('Contact', '003000000000088', 'source_contact', 'CON-00088', NULL),
  ('Contact', '003000000000089', 'source_contact', 'CON-00089', 'role_unmapped'),
  ('Contact', '003000000000090', 'source_contact', 'CON-00090', 'email_invalid_removed'),
  ('Contact', '003000000000091', 'source_contact', 'CON-00091', NULL),
  ('Contact', '003000000000092', 'source_contact', 'CON-00092', 'phone_unrecoverable'),
  ('Contact', '003000000000093', 'source_contact', 'CON-00093', 'role_unmapped;phone_unrecoverable'),
  ('Contact', '003000000000094', 'source_contact', 'CON-00094', 'role_unmapped'),
  ('Contact', '003000000000095', 'source_contact', 'CON-00095', 'phone_unrecoverable'),
  ('Contact', '003000000000096', 'source_contact', 'CON-00096', NULL),
  ('Contact', '003000000000097', 'source_contact', 'CON-00097', 'email_invalid_removed'),
  ('Contact', '003000000000098', 'source_contact', 'CON-00098', NULL),
  ('Contact', '003000000000099', 'source_contact', 'CON-00099', NULL),
  ('Contact', '003000000000100', 'source_contact', 'CON-00100', 'role_unmapped'),
  ('Contact', '003000000000101', 'source_contact', 'CON-00101', NULL),
  ('Contact', '003000000000102', 'source_contact', 'CON-00102', NULL),
  ('Contact', '003000000000103', 'source_contact', 'CON-00103', NULL),
  ('Contact', '003000000000104', 'source_contact', 'CON-00104', NULL),
  ('Contact', '003000000000105', 'source_contact', 'CON-00105', NULL),
  ('Contact', '003000000000106', 'source_contact', 'CON-00106', NULL),
  ('Contact', '003000000000107', 'source_contact', 'CON-00107', NULL),
  ('Contact', '003000000000108', 'source_contact', 'CON-00108', NULL),
  ('Contact', '003000000000109', 'source_contact', 'CON-00109', NULL),
  ('Contact', '003000000000110', 'source_contact', 'CON-00110', NULL),
  ('Contact', '003000000000111', 'source_contact', 'CON-00111', 'phone_unrecoverable'),
  ('Contact', '003000000000112', 'source_contact', 'CON-00112', 'phone_unrecoverable'),
  ('Contact', '003000000000113', 'source_contact', 'CON-00113', NULL),
  ('Contact', '003000000000114', 'source_contact', 'CON-00114', NULL),
  ('Contact', '003000000000115', 'source_contact', 'CON-00115', NULL),
  ('Contact', '003000000000116', 'source_contact', 'CON-00116', NULL),
  ('Contact', '003000000000117', 'source_contact', 'CON-00117', NULL),
  ('Contact', '003000000000118', 'source_contact', 'CON-00118', NULL),
  ('Contact', '003000000000119', 'source_contact', 'CON-00119', 'email_invalid_removed'),
  ('Contact', '003000000000120', 'source_contact', 'CON-00120', NULL),
  ('Contact', '003000000000121', 'source_contact', 'CON-00121', NULL),
  ('Contact', '003000000000122', 'source_contact', 'CON-00122', NULL),
  ('Contact', '003000000000123', 'source_contact', 'CON-00123', NULL),
  ('Contact', '003000000000124', 'source_contact', 'CON-00124', NULL),
  ('Contact', '003000000000125', 'source_contact', 'CON-00125', NULL),
  ('Contact', '003000000000126', 'source_contact', 'CON-00126', 'phone_unrecoverable'),
  ('Contact', '003000000000127', 'source_contact', 'CON-00127', 'phone_unrecoverable'),
  ('Contact', '003000000000128', 'source_contact', 'CON-00128', NULL),
  ('Contact', '003000000000129', 'source_contact', 'CON-00129', NULL),
  ('Contact', '003000000000130', 'source_contact', 'CON-00130', NULL),
  ('Contact', '003000000000131', 'source_contact', 'CON-00131', NULL),
  ('Contact', '003000000000132', 'source_contact', 'CON-00132', 'phone_unrecoverable'),
  ('Contact', '003000000000133', 'source_contact', 'CON-00133', NULL),
  ('Contact', '003000000000134', 'source_contact', 'CON-00134', 'phone_unrecoverable'),
  ('Contact', '003000000000135', 'source_contact', 'CON-00135', NULL),
  ('Contact', '003000000000136', 'source_contact', 'CON-00136', NULL),
  ('Contact', '003000000000137', 'source_contact', 'CON-00137', 'role_unmapped'),
  ('Contact', '003000000000138', 'source_contact', 'CON-00138', NULL),
  ('Contact', '003000000000139', 'source_contact', 'CON-00139', NULL),
  ('Contact', '003000000000140', 'source_contact', 'CON-00140', NULL),
  ('Contact', '003000000000141', 'source_contact', 'CON-00141', NULL),
  ('Contact', '003000000000142', 'source_contact', 'CON-00142', 'role_unmapped;phone_unrecoverable'),
  ('Contact', '003000000000143', 'source_contact', 'CON-00143', NULL),
  ('Contact', '003000000000144', 'source_contact', 'CON-00144', NULL),
  ('Contact', '003000000000145', 'source_contact', 'CON-00145', NULL),
  ('Contact', '003000000000146', 'source_contact', 'CON-00146', NULL),
  ('Contact', '003000000000147', 'source_contact', 'CON-00147', NULL),
  ('Contact', '003000000000148', 'source_contact', 'CON-00148', 'email_invalid_removed'),
  ('Contact', '003000000000149', 'source_contact', 'CON-00149', NULL),
  ('Contact', '003000000000150', 'source_contact', 'CON-00150', 'role_unmapped'),
  ('Contact', '003000000000151', 'source_contact', 'CON-00151', 'phone_unrecoverable'),
  ('Contact', '003000000000152', 'source_contact', 'CON-00152', NULL),
  ('Contact', '003000000000153', 'source_contact', 'CON-00153', NULL),
  ('Contact', '003000000000154', 'source_contact', 'CON-00154', 'phone_unrecoverable'),
  ('Contact', '003000000000155', 'source_contact', 'CON-00155', NULL),
  ('Contact', '003000000000156', 'source_contact', 'CON-00156', NULL),
  ('Contact', '003000000000157', 'source_contact', 'CON-00157', 'phone_unrecoverable'),
  ('Contact', '003000000000158', 'source_contact', 'CON-00158', NULL),
  ('Contact', '003000000000159', 'source_contact', 'CON-00159', NULL),
  ('Contact', '003000000000160', 'source_contact', 'CON-00160', 'phone_unrecoverable'),
  ('Contact', '003000000000161', 'source_contact', 'CON-00161', NULL),
  ('Contact', '003000000000162', 'source_contact', 'CON-00162', 'email_invalid_removed'),
  ('Contact', '003000000000163', 'source_contact', 'CON-00163', 'phone_unrecoverable'),
  ('Contact', '003000000000164', 'source_contact', 'CON-00164', NULL),
  ('Contact', '003000000000165', 'source_contact', 'CON-00165', 'email_invalid_removed'),
  ('Contact', '003000000000166', 'source_contact', 'CON-00166', NULL),
  ('Contact', '003000000000167', 'source_contact', 'CON-00167', 'role_unmapped'),
  ('Contact', '003000000000168', 'source_contact', 'CON-00168', NULL),
  ('Contact', '003000000000169', 'source_contact', 'CON-00169', NULL),
  ('Contact', '003000000000170', 'source_contact', 'CON-00170', NULL),
  ('Contact', '003000000000171', 'source_contact', 'CON-00171', NULL),
  ('Contact', '003000000000172', 'source_contact', 'CON-00172', NULL),
  ('Contact', '003000000000173', 'source_contact', 'CON-00173', NULL),
  ('Contact', '003000000000174', 'source_contact', 'CON-00174', 'phone_unrecoverable'),
  ('Contact', '003000000000175', 'source_contact', 'CON-00175', NULL),
  ('Contact', '003000000000176', 'source_contact', 'CON-00176', NULL),
  ('Contact', '003000000000177', 'source_contact', 'CON-00177', 'phone_unrecoverable'),
  ('Contact', '003000000000178', 'source_contact', 'CON-00178', NULL),
  ('Contact', '003000000000179', 'source_contact', 'CON-00179', NULL),
  ('Contact', '003000000000180', 'source_contact', 'CON-00180', 'role_unmapped'),
  ('Contact', '003000000000181', 'source_contact', 'CON-00181', 'phone_unrecoverable'),
  ('Contact', '003000000000182', 'source_contact', 'CON-00182', NULL),
  ('Contact', '003000000000183', 'source_contact', 'CON-00183', 'role_unmapped'),
  ('Contact', '003000000000184', 'source_contact', 'CON-00184', 'phone_unrecoverable'),
  ('Contact', '003000000000185', 'source_contact', 'CON-00185', NULL),
  ('Contact', '003000000000186', 'source_contact', 'CON-00186', NULL),
  ('Contact', '003000000000187', 'source_contact', 'CON-00187', NULL),
  ('Contact', '003000000000188', 'source_contact', 'CON-00188', NULL),
  ('Contact', '003000000000189', 'source_contact', 'CON-00189', NULL),
  ('Contact', '003000000000190', 'source_contact', 'CON-00190', NULL),
  ('Contact', '003000000000191', 'source_contact', 'CON-00191', NULL),
  ('Contact', '003000000000192', 'source_contact', 'CON-00192', 'role_unmapped'),
  ('Contact', '003000000000193', 'source_contact', 'CON-00193', 'role_unmapped'),
  ('Contact', '003000000000194', 'source_contact', 'CON-00194', NULL),
  ('Contact', '003000000000195', 'source_contact', 'CON-00195', NULL),
  ('Contact', '003000000000196', 'source_contact', 'CON-00196', NULL),
  ('Contact', '003000000000197', 'source_contact', 'CON-00197', 'email_invalid_removed'),
  ('Contact', '003000000000198', 'source_contact', 'CON-00198', 'phone_unrecoverable'),
  ('Contact', '003000000000199', 'source_contact', 'CON-00199', 'phone_unrecoverable'),
  ('Contact', '003000000000200', 'source_contact', 'CON-00200', 'email_invalid_removed;phone_unrecoverable'),
  ('Contact', '003000000000201', 'source_contact', 'CON-00201', NULL),
  ('Contact', '003000000000202', 'source_contact', 'CON-00202', NULL),
  ('Contact', '003000000000203', 'source_contact', 'CON-00203', NULL),
  ('Contact', '003000000000204', 'source_contact', 'CON-00204', NULL),
  ('Contact', '003000000000205', 'source_contact', 'CON-00205', NULL),
  ('Contact', '003000000000206', 'source_contact', 'CON-00206', 'role_unmapped;phone_unrecoverable'),
  ('Contact', '003000000000207', 'source_contact', 'CON-00207', NULL),
  ('Contact', '003000000000208', 'source_contact', 'CON-00208', 'role_unmapped'),
  ('Contact', '003000000000209', 'source_contact', 'CON-00209', 'phone_unrecoverable'),
  ('Contact', '003000000000210', 'source_contact', 'CON-00210', NULL),
  ('Contact', '003000000000211', 'source_contact', 'CON-00211', NULL),
  ('Contact', '003000000000212', 'source_contact', 'CON-00212', NULL),
  ('Contact', '003000000000213', 'source_contact', 'CON-00213', 'phone_unrecoverable'),
  ('Contact', '003000000000214', 'source_contact', 'CON-00214', NULL),
  ('Contact', '003000000000215', 'source_contact', 'CON-00215', 'phone_unrecoverable'),
  ('Contact', '003000000000216', 'source_contact', 'CON-00216', NULL),
  ('Contact', '003000000000217', 'source_contact', 'CON-00217', 'phone_unrecoverable'),
  ('Contact', '003000000000218', 'source_contact', 'CON-00218', 'role_unmapped;email_invalid_removed'),
  ('Contact', '003000000000219', 'source_contact', 'CON-00219', NULL),
  ('Contact', '003000000000220', 'source_contact', 'CON-00220', 'email_invalid_removed'),
  ('Contact', '003000000000221', 'source_contact', 'CON-00221', NULL),
  ('Contact', '003000000000222', 'source_contact', 'CON-00222', NULL),
  ('Contact', '003000000000223', 'source_contact', 'CON-00223', 'role_unmapped'),
  ('Contact', '003000000000224', 'source_contact', 'CON-00224', NULL),
  ('Contact', '003000000000225', 'source_contact', 'CON-00225', 'phone_unrecoverable'),
  ('Contact', '003000000000226', 'source_contact', 'CON-00226', NULL),
  ('Contact', '003000000000227', 'source_contact', 'CON-00227', NULL),
  ('Contact', '003000000000228', 'source_contact', 'CON-00228', NULL),
  ('Contact', '003000000000229', 'source_contact', 'CON-00229', 'email_invalid_removed'),
  ('Contact', '003000000000230', 'source_contact', 'CON-00230', 'role_unmapped'),
  ('Contact', '003000000000231', 'source_contact', 'CON-00231', NULL),
  ('Contact', '003000000000232', 'source_contact', 'CON-00232', NULL),
  ('Contact', '003000000000233', 'source_contact', 'CON-00233', NULL),
  ('Contact', '003000000000234', 'source_contact', 'CON-00234', NULL),
  ('Contact', '003000000000235', 'source_contact', 'CON-00235', NULL),
  ('Contact', '003000000000236', 'source_contact', 'CON-00236', 'phone_unrecoverable'),
  ('Contact', '003000000000237', 'source_contact', 'CON-00237', 'phone_unrecoverable'),
  ('Contact', '003000000000238', 'source_contact', 'CON-00238', 'phone_unrecoverable'),
  ('Contact', '003000000000239', 'source_contact', 'CON-00239', NULL),
  ('Contact', '003000000000240', 'source_contact', 'CON-00240', NULL),
  ('Contact', '003000000000241', 'source_contact', 'CON-00241', 'phone_unrecoverable'),
  ('Contact', '003000000000242', 'source_contact', 'CON-00242', 'role_unmapped;phone_unrecoverable'),
  ('Contact', '003000000000243', 'source_contact', 'CON-00243', NULL),
  ('Contact', '003000000000244', 'source_contact', 'CON-00244', NULL),
  ('Opportunity', '006000000000001', 'source_opportunity', 'OPP-00001', 'amount_missing'),
  ('Opportunity', '006000000000002', 'source_opportunity', 'OPP-00002', NULL),
  ('Opportunity', '006000000000003', 'source_opportunity', 'OPP-00003', NULL),
  ('Opportunity', '006000000000004', 'source_opportunity', 'OPP-00004', NULL),
  ('Opportunity', '006000000000005', 'source_opportunity', 'OPP-00005', NULL),
  ('Opportunity', '006000000000006', 'source_opportunity', 'OPP-00006', NULL),
  ('Opportunity', '006000000000007', 'source_opportunity', 'OPP-00007', NULL),
  ('Opportunity', '006000000000008', 'source_opportunity', 'OPP-00008', NULL),
  ('Opportunity', '006000000000009', 'source_opportunity', 'OPP-00009', NULL),
  ('Opportunity', '006000000000010', 'source_opportunity', 'OPP-00010', NULL),
  ('Opportunity', '006000000000011', 'source_opportunity', 'OPP-00011', 'amount_missing'),
  ('Opportunity', '006000000000012', 'source_opportunity', 'OPP-00012', NULL),
  ('Opportunity', '006000000000013', 'source_opportunity', 'OPP-00013', NULL),
  ('Opportunity', '006000000000014', 'source_opportunity', 'OPP-00014', NULL),
  ('Opportunity', '006000000000015', 'source_opportunity', 'OPP-00015', NULL),
  ('Opportunity', '006000000000016', 'source_opportunity', 'OPP-00016', 'amount_missing'),
  ('Opportunity', '006000000000017', 'source_opportunity', 'OPP-00017', NULL),
  ('Opportunity', '006000000000018', 'source_opportunity', 'OPP-00018', NULL),
  ('Opportunity', '006000000000019', 'source_opportunity', 'OPP-00019', NULL),
  ('Opportunity', '006000000000020', 'source_opportunity', 'OPP-00020', NULL),
  ('Opportunity', '006000000000021', 'source_opportunity', 'OPP-00021', NULL),
  ('Opportunity', '006000000000022', 'source_opportunity', 'OPP-00022', NULL),
  ('Opportunity', '006000000000023', 'source_opportunity', 'OPP-00023', NULL),
  ('Opportunity', '006000000000024', 'source_opportunity', 'OPP-00024', 'amount_missing'),
  ('Opportunity', '006000000000025', 'source_opportunity', 'OPP-00025', NULL),
  ('Opportunity', '006000000000026', 'source_opportunity', 'OPP-00026', NULL),
  ('Opportunity', '006000000000027', 'source_opportunity', 'OPP-00027', NULL),
  ('Opportunity', '006000000000028', 'source_opportunity', 'OPP-00028', NULL),
  ('Opportunity', '006000000000029', 'source_opportunity', 'OPP-00029', NULL),
  ('Opportunity', '006000000000030', 'source_opportunity', 'OPP-00030', NULL),
  ('Opportunity', '006000000000031', 'source_opportunity', 'OPP-00031', NULL),
  ('Opportunity', '006000000000032', 'source_opportunity', 'OPP-00032', NULL),
  ('Opportunity', '006000000000033', 'source_opportunity', 'OPP-00033', 'amount_missing'),
  ('Opportunity', '006000000000034', 'source_opportunity', 'OPP-00034', NULL),
  ('Opportunity', '006000000000035', 'source_opportunity', 'OPP-00035', NULL),
  ('Opportunity', '006000000000036', 'source_opportunity', 'OPP-00036', NULL),
  ('Opportunity', '006000000000037', 'source_opportunity', 'OPP-00037', NULL),
  ('Opportunity', '006000000000038', 'source_opportunity', 'OPP-00038', NULL),
  ('Opportunity', '006000000000039', 'source_opportunity', 'OPP-00039', NULL),
  ('Opportunity', '006000000000040', 'source_opportunity', 'OPP-00040', NULL),
  ('Opportunity', '006000000000041', 'source_opportunity', 'OPP-00041', 'amount_missing'),
  ('Opportunity', '006000000000042', 'source_opportunity', 'OPP-00042', NULL),
  ('Opportunity', '006000000000043', 'source_opportunity', 'OPP-00043', NULL),
  ('Opportunity', '006000000000044', 'source_opportunity', 'OPP-00044', NULL),
  ('Opportunity', '006000000000045', 'source_opportunity', 'OPP-00045', NULL),
  ('Opportunity', '006000000000046', 'source_opportunity', 'OPP-00046', NULL),
  ('Opportunity', '006000000000047', 'source_opportunity', 'OPP-00047', NULL),
  ('Opportunity', '006000000000048', 'source_opportunity', 'OPP-00048', NULL),
  ('Opportunity', '006000000000049', 'source_opportunity', 'OPP-00049', NULL),
  ('Opportunity', '006000000000050', 'source_opportunity', 'OPP-00050', NULL),
  ('Opportunity', '006000000000051', 'source_opportunity', 'OPP-00051', NULL),
  ('Opportunity', '006000000000052', 'source_opportunity', 'OPP-00052', NULL),
  ('Opportunity', '006000000000053', 'source_opportunity', 'OPP-00053', NULL),
  ('Opportunity', '006000000000054', 'source_opportunity', 'OPP-00054', NULL),
  ('Opportunity', '006000000000055', 'source_opportunity', 'OPP-00055', NULL),
  ('Opportunity', '006000000000056', 'source_opportunity', 'OPP-00056', NULL),
  ('Opportunity', '006000000000057', 'source_opportunity', 'OPP-00057', NULL),
  ('Opportunity', '006000000000058', 'source_opportunity', 'OPP-00058', 'amount_missing'),
  ('Opportunity', '006000000000059', 'source_opportunity', 'OPP-00059', NULL),
  ('Opportunity', '006000000000060', 'source_opportunity', 'OPP-00060', NULL),
  ('Opportunity', '006000000000061', 'source_opportunity', 'OPP-00061', NULL),
  ('Opportunity', '006000000000062', 'source_opportunity', 'OPP-00062', NULL),
  ('Opportunity', '006000000000063', 'source_opportunity', 'OPP-00063', NULL),
  ('Opportunity', '006000000000064', 'source_opportunity', 'OPP-00064', NULL),
  ('Opportunity', '006000000000065', 'source_opportunity', 'OPP-00065', NULL),
  ('Opportunity', '006000000000066', 'source_opportunity', 'OPP-00066', NULL),
  ('Opportunity', '006000000000067', 'source_opportunity', 'OPP-00067', NULL),
  ('Opportunity', '006000000000068', 'source_opportunity', 'OPP-00068', NULL),
  ('Opportunity', '006000000000069', 'source_opportunity', 'OPP-00069', NULL),
  ('Opportunity', '006000000000070', 'source_opportunity', 'OPP-00070', NULL),
  ('Opportunity', '006000000000071', 'source_opportunity', 'OPP-00071', NULL),
  ('Opportunity', '006000000000072', 'source_opportunity', 'OPP-00072', NULL),
  ('Opportunity', '006000000000073', 'source_opportunity', 'OPP-00073', NULL),
  ('Opportunity', '006000000000074', 'source_opportunity', 'OPP-00074', NULL),
  ('Opportunity', '006000000000075', 'source_opportunity', 'OPP-00075', NULL),
  ('Opportunity', '006000000000076', 'source_opportunity', 'OPP-00076', NULL),
  ('Opportunity', '006000000000077', 'source_opportunity', 'OPP-00077', NULL),
  ('Opportunity', '006000000000078', 'source_opportunity', 'OPP-00078', NULL),
  ('Opportunity', '006000000000079', 'source_opportunity', 'OPP-00079', NULL),
  ('Opportunity', '006000000000080', 'source_opportunity', 'OPP-00080', NULL),
  ('Opportunity', '006000000000081', 'source_opportunity', 'OPP-00081', NULL),
  ('Opportunity', '006000000000082', 'source_opportunity', 'OPP-00082', NULL),
  ('Opportunity', '006000000000083', 'source_opportunity', 'OPP-00083', NULL),
  ('Opportunity', '006000000000084', 'source_opportunity', 'OPP-00084', NULL),
  ('Opportunity', '006000000000085', 'source_opportunity', 'OPP-00085', NULL),
  ('Opportunity', '006000000000086', 'source_opportunity', 'OPP-00086', NULL),
  ('Opportunity', '006000000000087', 'source_opportunity', 'OPP-00087', 'amount_missing'),
  ('Opportunity', '006000000000088', 'source_opportunity', 'OPP-00088', NULL),
  ('Opportunity', '006000000000089', 'source_opportunity', 'OPP-00089', NULL),
  ('Opportunity', '006000000000090', 'source_opportunity', 'OPP-00090', NULL),
  ('Opportunity', '006000000000091', 'source_opportunity', 'OPP-00091', NULL),
  ('Opportunity', '006000000000092', 'source_opportunity', 'OPP-00092', NULL),
  ('Opportunity', '006000000000093', 'source_opportunity', 'OPP-00093', NULL),
  ('Opportunity', '006000000000094', 'source_opportunity', 'OPP-00094', NULL),
  ('Opportunity', '006000000000095', 'source_opportunity', 'OPP-00095', NULL),
  ('Opportunity', '006000000000096', 'source_opportunity', 'OPP-00096', NULL),
  ('Opportunity', '006000000000097', 'source_opportunity', 'OPP-00097', NULL),
  ('Opportunity', '006000000000098', 'source_opportunity', 'OPP-00098', NULL),
  ('Opportunity', '006000000000099', 'source_opportunity', 'OPP-00099', NULL),
  ('Opportunity', '006000000000100', 'source_opportunity', 'OPP-00100', NULL),
  ('Opportunity', '006000000000101', 'source_opportunity', 'OPP-00101', NULL),
  ('Opportunity', '006000000000102', 'source_opportunity', 'OPP-00102', NULL),
  ('Opportunity', '006000000000103', 'source_opportunity', 'OPP-00103', NULL),
  ('Opportunity', '006000000000104', 'source_opportunity', 'OPP-00104', NULL),
  ('Opportunity', '006000000000105', 'source_opportunity', 'OPP-00105', NULL),
  ('Opportunity', '006000000000106', 'source_opportunity', 'OPP-00106', NULL),
  ('Opportunity', '006000000000107', 'source_opportunity', 'OPP-00107', NULL),
  ('Opportunity', '006000000000108', 'source_opportunity', 'OPP-00108', NULL),
  ('Opportunity', '006000000000109', 'source_opportunity', 'OPP-00109', NULL),
  ('Opportunity', '006000000000110', 'source_opportunity', 'OPP-00110', NULL),
  ('Opportunity', '006000000000111', 'source_opportunity', 'OPP-00111', 'amount_missing'),
  ('Opportunity', '006000000000112', 'source_opportunity', 'OPP-00112', NULL),
  ('Opportunity', '006000000000113', 'source_opportunity', 'OPP-00113', NULL),
  ('Opportunity', '006000000000114', 'source_opportunity', 'OPP-00114', 'amount_missing'),
  ('Opportunity', '006000000000115', 'source_opportunity', 'OPP-00115', NULL),
  ('Opportunity', '006000000000116', 'source_opportunity', 'OPP-00116', 'amount_missing'),
  ('Opportunity', '006000000000117', 'source_opportunity', 'OPP-00117', NULL),
  ('Opportunity', '006000000000118', 'source_opportunity', 'OPP-00118', NULL),
  ('Opportunity', '006000000000119', 'source_opportunity', 'OPP-00119', NULL),
  ('Opportunity', '006000000000120', 'source_opportunity', 'OPP-00120', NULL),
  ('Opportunity', '006000000000121', 'source_opportunity', 'OPP-00121', NULL),
  ('Opportunity', '006000000000122', 'source_opportunity', 'OPP-00122', NULL),
  ('Opportunity', '006000000000123', 'source_opportunity', 'OPP-00123', NULL),
  ('Opportunity', '006000000000124', 'source_opportunity', 'OPP-00124', NULL),
  ('Opportunity', '006000000000125', 'source_opportunity', 'OPP-00125', 'amount_missing'),
  ('Opportunity', '006000000000126', 'source_opportunity', 'OPP-00126', NULL),
  ('Opportunity', '006000000000127', 'source_opportunity', 'OPP-00127', NULL),
  ('Opportunity', '006000000000128', 'source_opportunity', 'OPP-00128', NULL),
  ('Opportunity', '006000000000129', 'source_opportunity', 'OPP-00129', 'amount_missing'),
  ('Opportunity', '006000000000130', 'source_opportunity', 'OPP-00130', NULL),
  ('Opportunity', '006000000000131', 'source_opportunity', 'OPP-00131', 'amount_missing'),
  ('Opportunity', '006000000000132', 'source_opportunity', 'OPP-00132', NULL),
  ('Opportunity', '006000000000133', 'source_opportunity', 'OPP-00133', NULL),
  ('Opportunity', '006000000000134', 'source_opportunity', 'OPP-00134', NULL),
  ('Opportunity', '006000000000135', 'source_opportunity', 'OPP-00135', NULL),
  ('Opportunity', '006000000000136', 'source_opportunity', 'OPP-00136', NULL),
  ('Opportunity', '006000000000137', 'source_opportunity', 'OPP-00137', 'amount_missing'),
  ('Opportunity', '006000000000138', 'source_opportunity', 'OPP-00138', NULL),
  ('Opportunity', '006000000000139', 'source_opportunity', 'OPP-00139', NULL),
  ('Opportunity', '006000000000140', 'source_opportunity', 'OPP-00140', NULL),
  ('Opportunity', '006000000000141', 'source_opportunity', 'OPP-00141', NULL),
  ('Opportunity', '006000000000142', 'source_opportunity', 'OPP-00142', NULL),
  ('Opportunity', '006000000000143', 'source_opportunity', 'OPP-00143', NULL),
  ('Opportunity', '006000000000144', 'source_opportunity', 'OPP-00144', NULL),
  ('Opportunity', '006000000000145', 'source_opportunity', 'OPP-00145', NULL),
  ('Opportunity', '006000000000146', 'source_opportunity', 'OPP-00146', NULL),
  ('Opportunity', '006000000000147', 'source_opportunity', 'OPP-00147', NULL),
  ('Opportunity', '006000000000148', 'source_opportunity', 'OPP-00148', 'amount_missing'),
  ('Opportunity', '006000000000149', 'source_opportunity', 'OPP-00149', NULL),
  ('Opportunity', '006000000000150', 'source_opportunity', 'OPP-00150', 'amount_missing'),
  ('Opportunity', '006000000000151', 'source_opportunity', 'OPP-00151', NULL),
  ('Opportunity', '006000000000152', 'source_opportunity', 'OPP-00152', NULL),
  ('Opportunity', '006000000000153', 'source_opportunity', 'OPP-00153', NULL),
  ('Opportunity', '006000000000154', 'source_opportunity', 'OPP-00154', NULL),
  ('Opportunity', '006000000000155', 'source_opportunity', 'OPP-00155', NULL),
  ('Opportunity', '006000000000156', 'source_opportunity', 'OPP-00156', NULL),
  ('Opportunity', '006000000000157', 'source_opportunity', 'OPP-00157', NULL),
  ('Opportunity', '006000000000158', 'source_opportunity', 'OPP-00158', NULL),
  ('Opportunity', '006000000000159', 'source_opportunity', 'OPP-00159', NULL),
  ('Opportunity', '006000000000160', 'source_opportunity', 'OPP-00160', NULL),
  ('Opportunity', '006000000000161', 'source_opportunity', 'OPP-00161', NULL),
  ('Opportunity', '006000000000162', 'source_opportunity', 'OPP-00162', NULL),
  ('Opportunity', '006000000000163', 'source_opportunity', 'OPP-00163', NULL),
  ('Opportunity', '006000000000164', 'source_opportunity', 'OPP-00164', NULL),
  ('Opportunity', '006000000000165', 'source_opportunity', 'OPP-00165', NULL),
  ('Opportunity', '006000000000166', 'source_opportunity', 'OPP-00166', NULL),
  ('Opportunity', '006000000000167', 'source_opportunity', 'OPP-00167', NULL),
  ('Opportunity', '006000000000168', 'source_opportunity', 'OPP-00168', NULL),
  ('Opportunity', '006000000000169', 'source_opportunity', 'OPP-00169', NULL),
  ('Opportunity', '006000000000170', 'source_opportunity', 'OPP-00170', NULL),
  ('Opportunity', '006000000000171', 'source_opportunity', 'OPP-00171', NULL),
  ('Opportunity', '006000000000172', 'source_opportunity', 'OPP-00172', NULL),
  ('Opportunity', '006000000000173', 'source_opportunity', 'OPP-00173', NULL),
  ('Opportunity', '006000000000174', 'source_opportunity', 'OPP-00174', NULL),
  ('Opportunity', '006000000000175', 'source_opportunity', 'OPP-00175', NULL),
  ('Opportunity', '006000000000176', 'source_opportunity', 'OPP-00176', NULL),
  ('Opportunity', '006000000000177', 'source_opportunity', 'OPP-00177', NULL),
  ('Opportunity', '006000000000178', 'source_opportunity', 'OPP-00178', NULL),
  ('Opportunity', '006000000000179', 'source_opportunity', 'OPP-00179', NULL),
  ('Opportunity', '006000000000180', 'source_opportunity', 'OPP-00180', NULL),
  ('Opportunity', '006000000000181', 'source_opportunity', 'OPP-00181', NULL),
  ('Opportunity', '006000000000182', 'source_opportunity', 'OPP-00182', NULL),
  ('Opportunity', '006000000000183', 'source_opportunity', 'OPP-00183', NULL),
  ('Opportunity', '006000000000184', 'source_opportunity', 'OPP-00184', NULL),
  ('Opportunity', '006000000000185', 'source_opportunity', 'OPP-00185', NULL),
  ('Opportunity', '006000000000186', 'source_opportunity', 'OPP-00186', NULL),
  ('Opportunity', '006000000000187', 'source_opportunity', 'OPP-00187', NULL),
  ('Opportunity', '006000000000188', 'source_opportunity', 'OPP-00188', NULL),
  ('Opportunity', '006000000000189', 'source_opportunity', 'OPP-00189', NULL),
  ('Opportunity', '006000000000190', 'source_opportunity', 'OPP-00190', NULL),
  ('Opportunity', '006000000000191', 'source_opportunity', 'OPP-00191', NULL),
  ('Opportunity', '006000000000192', 'source_opportunity', 'OPP-00192', NULL),
  ('Opportunity', '006000000000193', 'source_opportunity', 'OPP-00193', NULL),
  ('Opportunity', '006000000000194', 'source_opportunity', 'OPP-00194', NULL),
  ('Opportunity', '006000000000195', 'source_opportunity', 'OPP-00195', NULL),
  ('Opportunity', '006000000000196', 'source_opportunity', 'OPP-00196', NULL),
  ('Opportunity', '006000000000197', 'source_opportunity', 'OPP-00197', NULL),
  ('Opportunity', '006000000000198', 'source_opportunity', 'OPP-00198', NULL),
  ('Opportunity', '006000000000199', 'source_opportunity', 'OPP-00199', NULL),
  ('Opportunity', '006000000000200', 'source_opportunity', 'OPP-00200', NULL),
  ('Opportunity', '006000000000201', 'source_opportunity', 'OPP-00201', NULL),
  ('Opportunity', '006000000000202', 'source_opportunity', 'OPP-00202', NULL),
  ('Opportunity', '006000000000203', 'source_opportunity', 'OPP-00203', NULL),
  ('Opportunity', '006000000000204', 'source_opportunity', 'OPP-00204', NULL),
  ('Opportunity', '006000000000205', 'source_opportunity', 'OPP-00205', NULL),
  ('Opportunity', '006000000000206', 'source_opportunity', 'OPP-00206', 'amount_missing'),
  ('Opportunity', '006000000000207', 'source_opportunity', 'OPP-00207', NULL),
  ('Opportunity', '006000000000208', 'source_opportunity', 'OPP-00208', NULL),
  ('Opportunity', '006000000000209', 'source_opportunity', 'OPP-00209', NULL),
  ('Opportunity', '006000000000210', 'source_opportunity', 'OPP-00210', NULL),
  ('Opportunity', '006000000000211', 'source_opportunity', 'OPP-00211', NULL),
  ('Opportunity', '006000000000212', 'source_opportunity', 'OPP-00212', NULL),
  ('Opportunity', '006000000000213', 'source_opportunity', 'OPP-00213', NULL),
  ('Opportunity', '006000000000214', 'source_opportunity', 'OPP-00214', NULL),
  ('Opportunity', '006000000000215', 'source_opportunity', 'OPP-00215', NULL),
  ('Opportunity', '006000000000216', 'source_opportunity', 'OPP-00216', NULL),
  ('Opportunity', '006000000000217', 'source_opportunity', 'OPP-00217', NULL),
  ('Opportunity', '006000000000218', 'source_opportunity', 'OPP-00218', NULL),
  ('Opportunity', '006000000000219', 'source_opportunity', 'OPP-00219', NULL),
  ('Opportunity', '006000000000220', 'source_opportunity', 'OPP-00220', NULL),
  ('Opportunity', '006000000000221', 'source_opportunity', 'OPP-00221', NULL),
  ('Opportunity', '006000000000222', 'source_opportunity', 'OPP-00222', 'amount_missing'),
  ('Opportunity', '006000000000223', 'source_opportunity', 'OPP-00223', NULL),
  ('Opportunity', '006000000000224', 'source_opportunity', 'OPP-00224', NULL),
  ('Opportunity', '006000000000225', 'source_opportunity', 'OPP-00225', NULL),
  ('Opportunity', '006000000000226', 'source_opportunity', 'OPP-00226', NULL),
  ('Opportunity', '006000000000227', 'source_opportunity', 'OPP-00227', NULL),
  ('Opportunity', '006000000000228', 'source_opportunity', 'OPP-00228', 'amount_missing'),
  ('Opportunity', '006000000000229', 'source_opportunity', 'OPP-00229', NULL),
  ('Opportunity', '006000000000230', 'source_opportunity', 'OPP-00230', NULL),
  ('Opportunity', '006000000000231', 'source_opportunity', 'OPP-00231', NULL),
  ('Opportunity', '006000000000232', 'source_opportunity', 'OPP-00232', NULL),
  ('Opportunity', '006000000000233', 'source_opportunity', 'OPP-00233', NULL),
  ('Opportunity', '006000000000234', 'source_opportunity', 'OPP-00234', NULL),
  ('Opportunity', '006000000000235', 'source_opportunity', 'OPP-00235', NULL),
  ('Opportunity', '006000000000236', 'source_opportunity', 'OPP-00236', NULL),
  ('Opportunity', '006000000000237', 'source_opportunity', 'OPP-00237', NULL),
  ('Opportunity', '006000000000238', 'source_opportunity', 'OPP-00238', NULL),
  ('Opportunity', '006000000000239', 'source_opportunity', 'OPP-00239', NULL),
  ('Opportunity', '006000000000240', 'source_opportunity', 'OPP-00240', NULL),
  ('Opportunity', '006000000000241', 'source_opportunity', 'OPP-00241', NULL),
  ('Opportunity', '006000000000242', 'source_opportunity', 'OPP-00242', NULL),
  ('Opportunity', '006000000000243', 'source_opportunity', 'OPP-00243', NULL),
  ('Opportunity', '006000000000244', 'source_opportunity', 'OPP-00244', NULL),
  ('Opportunity', '006000000000245', 'source_opportunity', 'OPP-00245', 'amount_missing'),
  ('Opportunity', '006000000000246', 'source_opportunity', 'OPP-00246', NULL),
  ('Opportunity', '006000000000247', 'source_opportunity', 'OPP-00247', NULL),
  ('Opportunity', '006000000000248', 'source_opportunity', 'OPP-00248', NULL),
  ('Opportunity', '006000000000249', 'source_opportunity', 'OPP-00249', NULL),
  ('Opportunity', '006000000000250', 'source_opportunity', 'OPP-00250', NULL),
  ('Opportunity', '006000000000251', 'source_opportunity', 'OPP-00251', NULL),
  ('Opportunity', '006000000000252', 'source_opportunity', 'OPP-00252', NULL),
  ('Opportunity', '006000000000253', 'source_opportunity', 'OPP-00253', NULL),
  ('Opportunity', '006000000000254', 'source_opportunity', 'OPP-00254', NULL),
  ('Opportunity', '006000000000255', 'source_opportunity', 'OPP-00255', NULL),
  ('Opportunity', '006000000000256', 'source_opportunity', 'OPP-00256', NULL),
  ('Opportunity', '006000000000257', 'source_opportunity', 'OPP-00257', NULL),
  ('Opportunity', '006000000000258', 'source_opportunity', 'OPP-00258', NULL),
  ('Opportunity', '006000000000259', 'source_opportunity', 'OPP-00259', NULL),
  ('Opportunity', '006000000000260', 'source_opportunity', 'OPP-00260', NULL),
  ('Opportunity', '006000000000261', 'source_opportunity', 'OPP-00261', NULL),
  ('Opportunity', '006000000000262', 'source_opportunity', 'OPP-00262', NULL),
  ('Opportunity', '006000000000263', 'source_opportunity', 'OPP-00263', 'amount_missing'),
  ('Opportunity', '006000000000264', 'source_opportunity', 'OPP-00264', NULL),
  ('Opportunity', '006000000000265', 'source_opportunity', 'OPP-00265', 'amount_missing'),
  ('Opportunity', '006000000000266', 'source_opportunity', 'OPP-00266', NULL),
  ('Opportunity', '006000000000267', 'source_opportunity', 'OPP-00267', NULL),
  ('Opportunity', '006000000000268', 'source_opportunity', 'OPP-00268', NULL),
  ('Opportunity', '006000000000269', 'source_opportunity', 'OPP-00269', NULL),
  ('Opportunity', '006000000000270', 'source_opportunity', 'OPP-00270', 'amount_missing'),
  ('Opportunity', '006000000000271', 'source_opportunity', 'OPP-00271', NULL),
  ('Opportunity', '006000000000272', 'source_opportunity', 'OPP-00272', NULL),
  ('Opportunity', '006000000000273', 'source_opportunity', 'OPP-00273', NULL),
  ('Opportunity', '006000000000274', 'source_opportunity', 'OPP-00274', NULL),
  ('Opportunity', '006000000000275', 'source_opportunity', 'OPP-00275', NULL),
  ('Opportunity', '006000000000276', 'source_opportunity', 'OPP-00276', NULL),
  ('Opportunity', '006000000000277', 'source_opportunity', 'OPP-00277', NULL),
  ('Opportunity', '006000000000278', 'source_opportunity', 'OPP-00278', NULL),
  ('Opportunity', '006000000000279', 'source_opportunity', 'OPP-00279', NULL),
  ('Opportunity', '006000000000280', 'source_opportunity', 'OPP-00280', NULL),
  ('Opportunity', '006000000000281', 'source_opportunity', 'OPP-00281', NULL),
  ('Opportunity', '006000000000282', 'source_opportunity', 'OPP-00282', NULL),
  ('Opportunity', '006000000000283', 'source_opportunity', 'OPP-00283', NULL),
  ('Opportunity', '006000000000284', 'source_opportunity', 'OPP-00284', 'amount_missing'),
  ('Opportunity', '006000000000285', 'source_opportunity', 'OPP-00285', NULL),
  ('Opportunity', '006000000000286', 'source_opportunity', 'OPP-00286', NULL),
  ('Opportunity', '006000000000287', 'source_opportunity', 'OPP-00287', NULL),
  ('Opportunity', '006000000000288', 'source_opportunity', 'OPP-00288', NULL),
  ('Opportunity', '006000000000289', 'source_opportunity', 'OPP-00289', NULL),
  ('Opportunity', '006000000000290', 'source_opportunity', 'OPP-00290', NULL),
  ('Opportunity', '006000000000291', 'source_opportunity', 'OPP-00291', NULL),
  ('Opportunity', '006000000000292', 'source_opportunity', 'OPP-00292', NULL),
  ('Opportunity', '006000000000293', 'source_opportunity', 'OPP-00293', NULL),
  ('Opportunity', '006000000000294', 'source_opportunity', 'OPP-00294', NULL),
  ('Opportunity', '006000000000295', 'source_opportunity', 'OPP-00295', NULL),
  ('Opportunity', '006000000000296', 'source_opportunity', 'OPP-00296', NULL),
  ('Opportunity', '006000000000297', 'source_opportunity', 'OPP-00297', NULL),
  ('Opportunity', '006000000000298', 'source_opportunity', 'OPP-00298', NULL),
  ('Opportunity', '006000000000299', 'source_opportunity', 'OPP-00299', NULL),
  ('Opportunity', '006000000000300', 'source_opportunity', 'OPP-00300', NULL),
  ('Opportunity', '006000000000301', 'source_opportunity', 'OPP-00301', NULL),
  ('Opportunity', '006000000000302', 'source_opportunity', 'OPP-00302', NULL),
  ('Opportunity', '006000000000303', 'source_opportunity', 'OPP-00303', NULL),
  ('Project__c', 'a00000000000001', 'source_project', 'PROJ-00001', NULL),
  ('Project__c', 'a00000000000002', 'source_project', 'PROJ-00002', NULL),
  ('Project__c', 'a00000000000003', 'source_project', 'PROJ-00003', NULL),
  ('Project__c', 'a00000000000004', 'source_project', 'PROJ-00004', NULL),
  ('Project__c', 'a00000000000005', 'source_project', 'PROJ-00005', NULL),
  ('Project__c', 'a00000000000006', 'source_project', 'PROJ-00006', NULL),
  ('Project__c', 'a00000000000007', 'source_project', 'PROJ-00007', NULL),
  ('Project__c', 'a00000000000008', 'source_project', 'PROJ-00008', NULL),
  ('Project__c', 'a00000000000009', 'source_project', 'PROJ-00009', NULL),
  ('Project__c', 'a00000000000010', 'source_project', 'PROJ-00010', NULL),
  ('Project__c', 'a00000000000011', 'source_project', 'PROJ-00011', NULL),
  ('Project__c', 'a00000000000012', 'source_project', 'PROJ-00012', NULL),
  ('Project__c', 'a00000000000013', 'source_project', 'PROJ-00013', NULL),
  ('Project__c', 'a00000000000014', 'source_project', 'PROJ-00014', NULL),
  ('Project__c', 'a00000000000015', 'source_project', 'PROJ-00015', NULL),
  ('Project__c', 'a00000000000016', 'source_project', 'PROJ-00016', NULL),
  ('Project__c', 'a00000000000017', 'source_project', 'PROJ-00017', NULL),
  ('Project__c', 'a00000000000018', 'source_project', 'PROJ-00018', NULL),
  ('Project__c', 'a00000000000019', 'source_project', 'PROJ-00019', NULL),
  ('Project__c', 'a00000000000020', 'source_project', 'PROJ-00020', NULL),
  ('Project__c', 'a00000000000021', 'source_project', 'PROJ-00021', NULL),
  ('Project__c', 'a00000000000022', 'source_project', 'PROJ-00022', NULL),
  ('Project__c', 'a00000000000023', 'source_project', 'PROJ-00023', NULL),
  ('Project__c', 'a00000000000024', 'source_project', 'PROJ-00024', NULL),
  ('Project__c', 'a00000000000025', 'source_project', 'PROJ-00025', NULL),
  ('Project__c', 'a00000000000026', 'source_project', 'PROJ-00026', NULL),
  ('Project__c', 'a00000000000027', 'source_project', 'PROJ-00027', NULL),
  ('Project__c', 'a00000000000028', 'source_project', 'PROJ-00028', NULL),
  ('Project__c', 'a00000000000029', 'source_project', 'PROJ-00029', NULL),
  ('Project__c', 'a00000000000030', 'source_project', 'PROJ-00030', NULL),
  ('Project__c', 'a00000000000031', 'source_project', 'PROJ-00031', NULL),
  ('Project__c', 'a00000000000032', 'source_project', 'PROJ-00032', NULL),
  ('Project__c', 'a00000000000033', 'source_project', 'PROJ-00033', NULL),
  ('Project__c', 'a00000000000034', 'source_project', 'PROJ-00034', NULL),
  ('Project__c', 'a00000000000035', 'source_project', 'PROJ-00035', NULL),
  ('Project__c', 'a00000000000036', 'source_project', 'PROJ-00036', NULL),
  ('Project__c', 'a00000000000037', 'source_project', 'PROJ-00037', NULL),
  ('Project__c', 'a00000000000038', 'source_project', 'PROJ-00038', NULL),
  ('Project__c', 'a00000000000039', 'source_project', 'PROJ-00039', NULL),
  ('Project__c', 'a00000000000040', 'source_project', 'PROJ-00040', NULL),
  ('Project__c', 'a00000000000041', 'source_project', 'PROJ-00041', NULL),
  ('Project__c', 'a00000000000042', 'source_project', 'PROJ-00042', NULL),
  ('Project__c', 'a00000000000043', 'source_project', 'PROJ-00043', NULL),
  ('Project__c', 'a00000000000044', 'source_project', 'PROJ-00044', NULL),
  ('Project__c', 'a00000000000045', 'source_project', 'PROJ-00045', NULL),
  ('Project__c', 'a00000000000046', 'source_project', 'PROJ-00046', NULL),
  ('Project__c', 'a00000000000047', 'source_project', 'PROJ-00047', NULL),
  ('Project__c', 'a00000000000048', 'source_project', 'PROJ-00048', NULL),
  ('Project__c', 'a00000000000049', 'source_project', 'PROJ-00049', NULL),
  ('Project__c', 'a00000000000050', 'source_project', 'PROJ-00050', NULL),
  ('Project__c', 'a00000000000051', 'source_project', 'PROJ-00051', NULL),
  ('Project__c', 'a00000000000052', 'source_project', 'PROJ-00052', NULL),
  ('Project__c', 'a00000000000053', 'source_project', 'PROJ-00053', NULL),
  ('Project__c', 'a00000000000054', 'source_project', 'PROJ-00054', NULL),
  ('Project__c', 'a00000000000055', 'source_project', 'PROJ-00055', NULL),
  ('Project__c', 'a00000000000056', 'source_project', 'PROJ-00056', NULL),
  ('Project__c', 'a00000000000057', 'source_project', 'PROJ-00057', NULL),
  ('Project__c', 'a00000000000058', 'source_project', 'PROJ-00058', NULL),
  ('Project__c', 'a00000000000059', 'source_project', 'PROJ-00059', NULL),
  ('Project__c', 'a00000000000060', 'source_project', 'PROJ-00060', NULL),
  ('Project__c', 'a00000000000061', 'source_project', 'PROJ-00061', NULL),
  ('Project__c', 'a00000000000062', 'source_project', 'PROJ-00062', NULL),
  ('Project__c', 'a00000000000063', 'source_project', 'PROJ-00063', NULL),
  ('Project__c', 'a00000000000064', 'source_project', 'PROJ-00064', NULL),
  ('Project__c', 'a00000000000065', 'source_project', 'PROJ-00065', NULL),
  ('Project__c', 'a00000000000066', 'source_project', 'PROJ-00066', NULL),
  ('Project__c', 'a00000000000067', 'source_project', 'PROJ-00067', NULL),
  ('Project__c', 'a00000000000068', 'source_project', 'PROJ-00068', NULL),
  ('Project__c', 'a00000000000069', 'source_project', 'PROJ-00069', NULL),
  ('Project__c', 'a00000000000070', 'source_project', 'PROJ-00070', NULL),
  ('Project__c', 'a00000000000071', 'source_project', 'PROJ-00071', NULL),
  ('Project__c', 'a00000000000072', 'source_project', 'PROJ-00072', NULL),
  ('Project__c', 'a00000000000073', 'source_project', 'PROJ-00073', NULL),
  ('Project__c', 'a00000000000074', 'source_project', 'PROJ-00074', NULL),
  ('Project__c', 'a00000000000075', 'source_project', 'PROJ-00075', NULL),
  ('Project__c', 'a00000000000076', 'source_project', 'PROJ-00076', NULL),
  ('Project__c', 'a00000000000077', 'source_project', 'PROJ-00077', NULL),
  ('Project__c', 'a00000000000078', 'source_project', 'PROJ-00078', NULL),
  ('Project__c', 'a00000000000079', 'source_project', 'PROJ-00079', NULL),
  ('Project__c', 'a00000000000080', 'source_project', 'PROJ-00080', NULL),
  ('Project__c', 'a00000000000081', 'source_project', 'PROJ-00081', NULL),
  ('Project__c', 'a00000000000082', 'source_project', 'PROJ-00082', NULL),
  ('Project__c', 'a00000000000083', 'source_project', 'PROJ-00083', NULL),
  ('Project__c', 'a00000000000084', 'source_project', 'PROJ-00084', NULL),
  ('Project__c', 'a00000000000085', 'source_project', 'PROJ-00085', NULL),
  ('Project__c', 'a00000000000086', 'source_project', 'PROJ-00086', NULL),
  ('Project__c', 'a00000000000087', 'source_project', 'PROJ-00087', NULL),
  ('Project__c', 'a00000000000088', 'source_project', 'PROJ-00088', NULL),
  ('Project__c', 'a00000000000089', 'source_project', 'PROJ-00089', NULL),
  ('Project__c', 'a00000000000090', 'source_project', 'PROJ-00090', NULL),
  ('Project__c', 'a00000000000091', 'source_project', 'PROJ-00091', NULL),
  ('Project__c', 'a00000000000092', 'source_project', 'PROJ-00092', NULL),
  ('Project__c', 'a00000000000093', 'source_project', 'PROJ-00093', NULL),
  ('Project__c', 'a00000000000094', 'source_project', 'PROJ-00094', NULL),
  ('Project__c', 'a00000000000095', 'source_project', 'PROJ-00095', NULL),
  ('Project__c', 'a00000000000096', 'source_project', 'PROJ-00096', NULL),
  ('Project__c', 'a00000000000097', 'source_project', 'PROJ-00097', NULL),
  ('Project__c', 'a00000000000098', 'source_project', 'PROJ-00098', NULL),
  ('Project__c', 'a00000000000099', 'source_project', 'PROJ-00099', NULL),
  ('Project__c', 'a00000000000100', 'source_project', 'PROJ-00100', NULL),
  ('Project__c', 'a00000000000101', 'source_project', 'PROJ-00101', NULL),
  ('Project__c', 'a00000000000102', 'source_project', 'PROJ-00102', NULL),
  ('Project__c', 'a00000000000103', 'source_project', 'PROJ-00103', NULL),
  ('Project__c', 'a00000000000104', 'source_project', 'PROJ-00104', NULL),
  ('Project__c', 'a00000000000105', 'source_project', 'PROJ-00105', NULL),
  ('Project__c', 'a00000000000106', 'source_project', 'PROJ-00106', NULL),
  ('Project__c', 'a00000000000107', 'source_project', 'PROJ-00107', NULL),
  ('Project__c', 'a00000000000108', 'source_project', 'PROJ-00108', NULL),
  ('Project__c', 'a00000000000109', 'source_project', 'PROJ-00109', NULL),
  ('Project__c', 'a00000000000110', 'source_project', 'PROJ-00110', NULL),
  ('Project__c', 'a00000000000111', 'source_project', 'PROJ-00111', NULL),
  ('Project__c', 'a00000000000112', 'source_project', 'PROJ-00112', NULL),
  ('Project__c', 'a00000000000113', 'source_project', 'PROJ-00113', NULL),
  ('Project__c', 'a00000000000114', 'source_project', 'PROJ-00114', NULL),
  ('Project__c', 'a00000000000115', 'source_project', 'PROJ-00115', NULL),
  ('Project__c', 'a00000000000116', 'source_project', 'PROJ-00116', NULL),
  ('Project__c', 'a00000000000117', 'source_project', 'PROJ-00117', NULL),
  ('Project__c', 'a00000000000118', 'source_project', 'PROJ-00118', NULL),
  ('Project__c', 'a00000000000119', 'source_project', 'PROJ-00119', NULL),
  ('Project__c', 'a00000000000120', 'source_project', 'PROJ-00120', NULL),
  ('Project__c', 'a00000000000121', 'source_project', 'PROJ-00121', NULL),
  ('Project__c', 'a00000000000122', 'source_project', 'PROJ-00122', NULL),
  ('Project__c', 'a00000000000123', 'source_project', 'PROJ-00123', NULL),
  ('Project__c', 'a00000000000124', 'source_project', 'PROJ-00124', NULL),
  ('Project__c', 'a00000000000125', 'source_project', 'PROJ-00125', NULL),
  ('Project__c', 'a00000000000126', 'source_project', 'PROJ-00126', NULL),
  ('Project__c', 'a00000000000127', 'source_project', 'PROJ-00127', NULL),
  ('Project__c', 'a00000000000128', 'source_project', 'PROJ-00128', NULL),
  ('Project__c', 'a00000000000129', 'source_project', 'PROJ-00129', NULL),
  ('Project__c', 'a00000000000130', 'source_project', 'PROJ-00130', NULL),
  ('Project__c', 'a00000000000131', 'source_project', 'PROJ-00131', NULL),
  ('Project__c', 'a00000000000132', 'source_project', 'PROJ-00132', NULL),
  ('Project__c', 'a00000000000133', 'source_project', 'PROJ-00133', NULL),
  ('Project__c', 'a00000000000134', 'source_project', 'PROJ-00134', NULL),
  ('Project__c', 'a00000000000135', 'source_project', 'PROJ-00135', NULL),
  ('Project__c', 'a00000000000136', 'source_project', 'PROJ-00136', NULL),
  ('Project__c', 'a00000000000137', 'source_project', 'PROJ-00137', NULL),
  ('Project__c', 'a00000000000138', 'source_project', 'PROJ-00138', NULL),
  ('Project__c', 'a00000000000139', 'source_project', 'PROJ-00139', NULL),
  ('Project__c', 'a00000000000140', 'source_project', 'PROJ-00140', NULL),
  ('Project__c', 'a00000000000141', 'source_project', 'PROJ-00141', NULL),
  ('Project__c', 'a00000000000142', 'source_project', 'PROJ-00142', NULL),
  ('Project__c', 'a00000000000143', 'source_project', 'PROJ-00143', NULL),
  ('Project__c', 'a00000000000144', 'source_project', 'PROJ-00144', NULL),
  ('Project__c', 'a00000000000145', 'source_project', 'PROJ-00145', NULL),
  ('Project__c', 'a00000000000146', 'source_project', 'PROJ-00146', NULL),
  ('Project__c', 'a00000000000147', 'source_project', 'PROJ-00147', NULL),
  ('Project__c', 'a00000000000148', 'source_project', 'PROJ-00148', NULL),
  ('Project__c', 'a00000000000149', 'source_project', 'PROJ-00149', NULL),
  ('Project__c', 'a00000000000150', 'source_project', 'PROJ-00150', NULL),
  ('Project__c', 'a00000000000151', 'source_project', 'PROJ-00151', NULL),
  ('Project__c', 'a00000000000152', 'source_project', 'PROJ-00152', NULL),
  ('Project__c', 'a00000000000153', 'source_project', 'PROJ-00153', NULL),
  ('Project__c', 'a00000000000154', 'source_project', 'PROJ-00154', NULL),
  ('Project__c', 'a00000000000155', 'source_project', 'PROJ-00155', NULL),
  ('Project__c', 'a00000000000156', 'source_project', 'PROJ-00156', NULL),
  ('Project__c', 'a00000000000157', 'source_project', 'PROJ-00157', NULL),
  ('Project__c', 'a00000000000158', 'source_project', 'PROJ-00158', NULL),
  ('Project__c', 'a00000000000159', 'source_project', 'PROJ-00159', NULL),
  ('Project__c', 'a00000000000160', 'source_project', 'PROJ-00160', NULL),
  ('Project__c', 'a00000000000161', 'source_project', 'PROJ-00161', NULL),
  ('Project__c', 'a00000000000162', 'source_project', 'PROJ-00162', NULL),
  ('Project__c', 'a00000000000163', 'source_project', 'PROJ-00163', NULL),
  ('Project__c', 'a00000000000164', 'source_project', 'PROJ-00164', NULL),
  ('Project__c', 'a00000000000165', 'source_project', 'PROJ-00165', NULL),
  ('Project__c', 'a00000000000166', 'source_project', 'PROJ-00166', NULL),
  ('Project__c', 'a00000000000167', 'source_project', 'PROJ-00167', NULL),
  ('Project__c', 'a00000000000168', 'source_project', 'PROJ-00168', NULL),
  ('Project__c', 'a00000000000169', 'source_project', 'PROJ-00169', NULL),
  ('Project__c', 'a00000000000170', 'source_project', 'PROJ-00170', NULL),
  ('Project__c', 'a00000000000171', 'source_project', 'PROJ-00171', NULL),
  ('Project__c', 'a00000000000172', 'source_project', 'PROJ-00172', NULL),
  ('Project__c', 'a00000000000173', 'source_project', 'PROJ-00173', NULL),
  ('Project__c', 'a00000000000174', 'source_project', 'PROJ-00174', NULL),
  ('Project__c', 'a00000000000175', 'source_project', 'PROJ-00175', NULL),
  ('Project__c', 'a00000000000176', 'source_project', 'PROJ-00176', NULL),
  ('Project__c', 'a00000000000177', 'source_project', 'PROJ-00177', NULL),
  ('Project__c', 'a00000000000178', 'source_project', 'PROJ-00178', NULL),
  ('Project__c', 'a00000000000179', 'source_project', 'PROJ-00179', NULL),
  ('Project__c', 'a00000000000180', 'source_project', 'PROJ-00180', NULL),
  ('Project__c', 'a00000000000181', 'source_project', 'PROJ-00181', NULL),
  ('Project__c', 'a00000000000182', 'source_project', 'PROJ-00182', NULL),
  ('Project__c', 'a00000000000183', 'source_project', 'PROJ-00183', NULL),
  ('Project__c', 'a00000000000184', 'source_project', 'PROJ-00184', NULL),
  ('Project__c', 'a00000000000185', 'source_project', 'PROJ-00185', NULL),
  ('Project__c', 'a00000000000186', 'source_project', 'PROJ-00186', NULL),
  ('Project__c', 'a00000000000187', 'source_project', 'PROJ-00187', NULL),
  ('Project__c', 'a00000000000188', 'source_project', 'PROJ-00188', NULL),
  ('Project__c', 'a00000000000189', 'source_project', 'PROJ-00189', NULL),
  ('Project__c', 'a00000000000190', 'source_project', 'PROJ-00190', NULL),
  ('Installed_Asset__c', 'a01000000000001', 'source_asset', 'AST-00001', NULL),
  ('Installed_Asset__c', 'a01000000000002', 'source_asset', 'AST-00002', NULL),
  ('Installed_Asset__c', 'a01000000000003', 'source_asset', 'AST-00003', NULL),
  ('Installed_Asset__c', 'a01000000000004', 'source_asset', 'AST-00004', NULL),
  ('Installed_Asset__c', 'a01000000000005', 'source_asset', 'AST-00005', NULL),
  ('Installed_Asset__c', 'a01000000000006', 'source_asset', 'AST-00006', NULL),
  ('Installed_Asset__c', 'a01000000000007', 'source_asset', 'AST-00007', NULL),
  ('Installed_Asset__c', 'a01000000000008', 'source_asset', 'AST-00008', NULL),
  ('Installed_Asset__c', 'a01000000000009', 'source_asset', 'AST-00009', NULL),
  ('Installed_Asset__c', 'a01000000000010', 'source_asset', 'AST-00010', NULL),
  ('Installed_Asset__c', 'a01000000000011', 'source_asset', 'AST-00011', NULL),
  ('Installed_Asset__c', 'a01000000000012', 'source_asset', 'AST-00012', NULL),
  ('Installed_Asset__c', 'a01000000000013', 'source_asset', 'AST-00013', NULL),
  ('Installed_Asset__c', 'a01000000000014', 'source_asset', 'AST-00014', NULL),
  ('Installed_Asset__c', 'a01000000000015', 'source_asset', 'AST-00015', NULL),
  ('Installed_Asset__c', 'a01000000000016', 'source_asset', 'AST-00016', NULL),
  ('Installed_Asset__c', 'a01000000000017', 'source_asset', 'AST-00017', NULL),
  ('Installed_Asset__c', 'a01000000000018', 'source_asset', 'AST-00018', NULL),
  ('Installed_Asset__c', 'a01000000000019', 'source_asset', 'AST-00019', NULL),
  ('Installed_Asset__c', 'a01000000000020', 'source_asset', 'AST-00020', NULL),
  ('Installed_Asset__c', 'a01000000000021', 'source_asset', 'AST-00021', NULL),
  ('Installed_Asset__c', 'a01000000000022', 'source_asset', 'AST-00022', NULL),
  ('Installed_Asset__c', 'a01000000000023', 'source_asset', 'AST-00023', NULL),
  ('Installed_Asset__c', 'a01000000000024', 'source_asset', 'AST-00024', NULL),
  ('Installed_Asset__c', 'a01000000000025', 'source_asset', 'AST-00025', NULL),
  ('Installed_Asset__c', 'a01000000000026', 'source_asset', 'AST-00026', NULL),
  ('Installed_Asset__c', 'a01000000000027', 'source_asset', 'AST-00027', NULL),
  ('Installed_Asset__c', 'a01000000000028', 'source_asset', 'AST-00028', NULL),
  ('Installed_Asset__c', 'a01000000000029', 'source_asset', 'AST-00029', NULL),
  ('Installed_Asset__c', 'a01000000000030', 'source_asset', 'AST-00030', NULL),
  ('Installed_Asset__c', 'a01000000000031', 'source_asset', 'AST-00031', NULL),
  ('Installed_Asset__c', 'a01000000000032', 'source_asset', 'AST-00032', NULL),
  ('Installed_Asset__c', 'a01000000000033', 'source_asset', 'AST-00033', NULL),
  ('Installed_Asset__c', 'a01000000000034', 'source_asset', 'AST-00034', NULL),
  ('Installed_Asset__c', 'a01000000000035', 'source_asset', 'AST-00035', NULL),
  ('Installed_Asset__c', 'a01000000000036', 'source_asset', 'AST-00036', NULL),
  ('Installed_Asset__c', 'a01000000000037', 'source_asset', 'AST-00037', NULL),
  ('Installed_Asset__c', 'a01000000000038', 'source_asset', 'AST-00038', NULL),
  ('Installed_Asset__c', 'a01000000000039', 'source_asset', 'AST-00039', NULL),
  ('Installed_Asset__c', 'a01000000000040', 'source_asset', 'AST-00040', NULL),
  ('Installed_Asset__c', 'a01000000000041', 'source_asset', 'AST-00041', NULL),
  ('Installed_Asset__c', 'a01000000000042', 'source_asset', 'AST-00042', NULL),
  ('Installed_Asset__c', 'a01000000000043', 'source_asset', 'AST-00043', NULL),
  ('Installed_Asset__c', 'a01000000000044', 'source_asset', 'AST-00044', NULL),
  ('Installed_Asset__c', 'a01000000000045', 'source_asset', 'AST-00045', NULL),
  ('Installed_Asset__c', 'a01000000000046', 'source_asset', 'AST-00046', NULL),
  ('Installed_Asset__c', 'a01000000000047', 'source_asset', 'AST-00047', NULL),
  ('Installed_Asset__c', 'a01000000000048', 'source_asset', 'AST-00048', NULL),
  ('Installed_Asset__c', 'a01000000000049', 'source_asset', 'AST-00049', NULL),
  ('Installed_Asset__c', 'a01000000000050', 'source_asset', 'AST-00050', NULL),
  ('Installed_Asset__c', 'a01000000000051', 'source_asset', 'AST-00051', NULL),
  ('Installed_Asset__c', 'a01000000000052', 'source_asset', 'AST-00052', NULL),
  ('Installed_Asset__c', 'a01000000000053', 'source_asset', 'AST-00053', NULL),
  ('Installed_Asset__c', 'a01000000000054', 'source_asset', 'AST-00054', NULL),
  ('Installed_Asset__c', 'a01000000000055', 'source_asset', 'AST-00055', NULL),
  ('Installed_Asset__c', 'a01000000000056', 'source_asset', 'AST-00056', NULL),
  ('Installed_Asset__c', 'a01000000000057', 'source_asset', 'AST-00057', NULL),
  ('Installed_Asset__c', 'a01000000000058', 'source_asset', 'AST-00058', NULL),
  ('Installed_Asset__c', 'a01000000000059', 'source_asset', 'AST-00059', NULL),
  ('Installed_Asset__c', 'a01000000000060', 'source_asset', 'AST-00060', NULL),
  ('Installed_Asset__c', 'a01000000000061', 'source_asset', 'AST-00061', NULL),
  ('Installed_Asset__c', 'a01000000000062', 'source_asset', 'AST-00062', NULL),
  ('Installed_Asset__c', 'a01000000000063', 'source_asset', 'AST-00063', NULL),
  ('Installed_Asset__c', 'a01000000000064', 'source_asset', 'AST-00064', NULL),
  ('Installed_Asset__c', 'a01000000000065', 'source_asset', 'AST-00065', NULL),
  ('Installed_Asset__c', 'a01000000000066', 'source_asset', 'AST-00066', NULL),
  ('Installed_Asset__c', 'a01000000000067', 'source_asset', 'AST-00067', NULL),
  ('Installed_Asset__c', 'a01000000000068', 'source_asset', 'AST-00068', NULL),
  ('Installed_Asset__c', 'a01000000000069', 'source_asset', 'AST-00069', NULL),
  ('Installed_Asset__c', 'a01000000000070', 'source_asset', 'AST-00070', NULL),
  ('Installed_Asset__c', 'a01000000000071', 'source_asset', 'AST-00071', NULL),
  ('Installed_Asset__c', 'a01000000000072', 'source_asset', 'AST-00072', NULL),
  ('Installed_Asset__c', 'a01000000000073', 'source_asset', 'AST-00073', NULL),
  ('Installed_Asset__c', 'a01000000000074', 'source_asset', 'AST-00074', NULL),
  ('Installed_Asset__c', 'a01000000000075', 'source_asset', 'AST-00075', NULL),
  ('Installed_Asset__c', 'a01000000000076', 'source_asset', 'AST-00076', NULL),
  ('Installed_Asset__c', 'a01000000000077', 'source_asset', 'AST-00077', NULL),
  ('Installed_Asset__c', 'a01000000000078', 'source_asset', 'AST-00078', NULL),
  ('Installed_Asset__c', 'a01000000000079', 'source_asset', 'AST-00079', NULL),
  ('Installed_Asset__c', 'a01000000000080', 'source_asset', 'AST-00080', NULL),
  ('Installed_Asset__c', 'a01000000000081', 'source_asset', 'AST-00081', NULL),
  ('Installed_Asset__c', 'a01000000000082', 'source_asset', 'AST-00082', NULL),
  ('Installed_Asset__c', 'a01000000000083', 'source_asset', 'AST-00083', NULL),
  ('Installed_Asset__c', 'a01000000000084', 'source_asset', 'AST-00084', NULL),
  ('Installed_Asset__c', 'a01000000000085', 'source_asset', 'AST-00085', NULL),
  ('Installed_Asset__c', 'a01000000000086', 'source_asset', 'AST-00086', NULL),
  ('Installed_Asset__c', 'a01000000000087', 'source_asset', 'AST-00087', NULL),
  ('Installed_Asset__c', 'a01000000000088', 'source_asset', 'AST-00088', NULL),
  ('Installed_Asset__c', 'a01000000000089', 'source_asset', 'AST-00089', NULL),
  ('Installed_Asset__c', 'a01000000000090', 'source_asset', 'AST-00090', NULL),
  ('Installed_Asset__c', 'a01000000000091', 'source_asset', 'AST-00091', NULL),
  ('Installed_Asset__c', 'a01000000000092', 'source_asset', 'AST-00092', NULL),
  ('Installed_Asset__c', 'a01000000000093', 'source_asset', 'AST-00093', NULL),
  ('Installed_Asset__c', 'a01000000000094', 'source_asset', 'AST-00094', NULL),
  ('Installed_Asset__c', 'a01000000000095', 'source_asset', 'AST-00095', NULL),
  ('Installed_Asset__c', 'a01000000000096', 'source_asset', 'AST-00096', NULL),
  ('Installed_Asset__c', 'a01000000000097', 'source_asset', 'AST-00097', NULL),
  ('Installed_Asset__c', 'a01000000000098', 'source_asset', 'AST-00098', NULL),
  ('Installed_Asset__c', 'a01000000000099', 'source_asset', 'AST-00099', NULL),
  ('Installed_Asset__c', 'a01000000000100', 'source_asset', 'AST-00100', NULL),
  ('Installed_Asset__c', 'a01000000000101', 'source_asset', 'AST-00101', NULL),
  ('Installed_Asset__c', 'a01000000000102', 'source_asset', 'AST-00102', NULL),
  ('Installed_Asset__c', 'a01000000000103', 'source_asset', 'AST-00103', NULL),
  ('Installed_Asset__c', 'a01000000000104', 'source_asset', 'AST-00104', NULL),
  ('Installed_Asset__c', 'a01000000000105', 'source_asset', 'AST-00105', NULL),
  ('Installed_Asset__c', 'a01000000000106', 'source_asset', 'AST-00106', NULL),
  ('Installed_Asset__c', 'a01000000000107', 'source_asset', 'AST-00107', NULL),
  ('Installed_Asset__c', 'a01000000000108', 'source_asset', 'AST-00108', NULL),
  ('Installed_Asset__c', 'a01000000000109', 'source_asset', 'AST-00109', NULL),
  ('Installed_Asset__c', 'a01000000000110', 'source_asset', 'AST-00110', NULL),
  ('Installed_Asset__c', 'a01000000000111', 'source_asset', 'AST-00111', NULL),
  ('Installed_Asset__c', 'a01000000000112', 'source_asset', 'AST-00112', NULL),
  ('Installed_Asset__c', 'a01000000000113', 'source_asset', 'AST-00113', NULL),
  ('Installed_Asset__c', 'a01000000000114', 'source_asset', 'AST-00114', NULL),
  ('Installed_Asset__c', 'a01000000000115', 'source_asset', 'AST-00115', NULL),
  ('Installed_Asset__c', 'a01000000000116', 'source_asset', 'AST-00116', NULL),
  ('Installed_Asset__c', 'a01000000000117', 'source_asset', 'AST-00117', NULL),
  ('Installed_Asset__c', 'a01000000000118', 'source_asset', 'AST-00118', NULL),
  ('Installed_Asset__c', 'a01000000000119', 'source_asset', 'AST-00119', NULL),
  ('Installed_Asset__c', 'a01000000000120', 'source_asset', 'AST-00120', NULL),
  ('Installed_Asset__c', 'a01000000000121', 'source_asset', 'AST-00121', NULL),
  ('Installed_Asset__c', 'a01000000000122', 'source_asset', 'AST-00122', NULL),
  ('Installed_Asset__c', 'a01000000000123', 'source_asset', 'AST-00123', NULL),
  ('Installed_Asset__c', 'a01000000000124', 'source_asset', 'AST-00124', NULL),
  ('Installed_Asset__c', 'a01000000000125', 'source_asset', 'AST-00125', NULL),
  ('Installed_Asset__c', 'a01000000000126', 'source_asset', 'AST-00126', NULL),
  ('Installed_Asset__c', 'a01000000000127', 'source_asset', 'AST-00127', NULL),
  ('Installed_Asset__c', 'a01000000000128', 'source_asset', 'AST-00128', NULL),
  ('Installed_Asset__c', 'a01000000000129', 'source_asset', 'AST-00129', NULL),
  ('Installed_Asset__c', 'a01000000000130', 'source_asset', 'AST-00130', NULL),
  ('Installed_Asset__c', 'a01000000000131', 'source_asset', 'AST-00131', NULL),
  ('Installed_Asset__c', 'a01000000000132', 'source_asset', 'AST-00132', NULL),
  ('Installed_Asset__c', 'a01000000000133', 'source_asset', 'AST-00133', NULL),
  ('Installed_Asset__c', 'a01000000000134', 'source_asset', 'AST-00134', NULL),
  ('Installed_Asset__c', 'a01000000000135', 'source_asset', 'AST-00135', NULL),
  ('Installed_Asset__c', 'a01000000000136', 'source_asset', 'AST-00136', NULL),
  ('Installed_Asset__c', 'a01000000000137', 'source_asset', 'AST-00137', NULL),
  ('Installed_Asset__c', 'a01000000000138', 'source_asset', 'AST-00138', NULL),
  ('Installed_Asset__c', 'a01000000000139', 'source_asset', 'AST-00139', NULL),
  ('Installed_Asset__c', 'a01000000000140', 'source_asset', 'AST-00140', NULL),
  ('Installed_Asset__c', 'a01000000000141', 'source_asset', 'AST-00141', NULL),
  ('Installed_Asset__c', 'a01000000000142', 'source_asset', 'AST-00142', NULL),
  ('Installed_Asset__c', 'a01000000000143', 'source_asset', 'AST-00143', NULL),
  ('Installed_Asset__c', 'a01000000000144', 'source_asset', 'AST-00144', NULL),
  ('Installed_Asset__c', 'a01000000000145', 'source_asset', 'AST-00145', NULL),
  ('Installed_Asset__c', 'a01000000000146', 'source_asset', 'AST-00146', NULL),
  ('Installed_Asset__c', 'a01000000000147', 'source_asset', 'AST-00147', NULL),
  ('Installed_Asset__c', 'a01000000000148', 'source_asset', 'AST-00148', NULL),
  ('Installed_Asset__c', 'a01000000000149', 'source_asset', 'AST-00149', NULL),
  ('Installed_Asset__c', 'a01000000000150', 'source_asset', 'AST-00150', NULL),
  ('Installed_Asset__c', 'a01000000000151', 'source_asset', 'AST-00151', NULL),
  ('Installed_Asset__c', 'a01000000000152', 'source_asset', 'AST-00152', NULL),
  ('Installed_Asset__c', 'a01000000000153', 'source_asset', 'AST-00153', NULL),
  ('Installed_Asset__c', 'a01000000000154', 'source_asset', 'AST-00154', NULL),
  ('Installed_Asset__c', 'a01000000000155', 'source_asset', 'AST-00155', NULL),
  ('Installed_Asset__c', 'a01000000000156', 'source_asset', 'AST-00156', NULL),
  ('Installed_Asset__c', 'a01000000000157', 'source_asset', 'AST-00157', NULL),
  ('Installed_Asset__c', 'a01000000000158', 'source_asset', 'AST-00158', NULL),
  ('Installed_Asset__c', 'a01000000000159', 'source_asset', 'AST-00159', NULL),
  ('Installed_Asset__c', 'a01000000000160', 'source_asset', 'AST-00160', NULL),
  ('Installed_Asset__c', 'a01000000000161', 'source_asset', 'AST-00161', NULL),
  ('Installed_Asset__c', 'a01000000000162', 'source_asset', 'AST-00162', NULL),
  ('Installed_Asset__c', 'a01000000000163', 'source_asset', 'AST-00163', NULL),
  ('Installed_Asset__c', 'a01000000000164', 'source_asset', 'AST-00164', NULL),
  ('Installed_Asset__c', 'a01000000000165', 'source_asset', 'AST-00165', NULL),
  ('Installed_Asset__c', 'a01000000000166', 'source_asset', 'AST-00166', NULL),
  ('Installed_Asset__c', 'a01000000000167', 'source_asset', 'AST-00167', NULL),
  ('Installed_Asset__c', 'a01000000000168', 'source_asset', 'AST-00168', NULL),
  ('Installed_Asset__c', 'a01000000000169', 'source_asset', 'AST-00169', NULL),
  ('Installed_Asset__c', 'a01000000000170', 'source_asset', 'AST-00170', NULL),
  ('Installed_Asset__c', 'a01000000000171', 'source_asset', 'AST-00171', NULL),
  ('Installed_Asset__c', 'a01000000000172', 'source_asset', 'AST-00172', NULL),
  ('Installed_Asset__c', 'a01000000000173', 'source_asset', 'AST-00173', NULL),
  ('Installed_Asset__c', 'a01000000000174', 'source_asset', 'AST-00174', NULL),
  ('Installed_Asset__c', 'a01000000000175', 'source_asset', 'AST-00175', NULL),
  ('Installed_Asset__c', 'a01000000000176', 'source_asset', 'AST-00176', NULL),
  ('Installed_Asset__c', 'a01000000000177', 'source_asset', 'AST-00177', NULL),
  ('Installed_Asset__c', 'a01000000000178', 'source_asset', 'AST-00178', NULL),
  ('Installed_Asset__c', 'a01000000000179', 'source_asset', 'AST-00179', NULL),
  ('Installed_Asset__c', 'a01000000000180', 'source_asset', 'AST-00180', NULL),
  ('Installed_Asset__c', 'a01000000000181', 'source_asset', 'AST-00181', NULL),
  ('Installed_Asset__c', 'a01000000000182', 'source_asset', 'AST-00182', NULL),
  ('Installed_Asset__c', 'a01000000000183', 'source_asset', 'AST-00183', NULL),
  ('Installed_Asset__c', 'a01000000000184', 'source_asset', 'AST-00184', NULL),
  ('Installed_Asset__c', 'a01000000000185', 'source_asset', 'AST-00185', NULL),
  ('Installed_Asset__c', 'a01000000000186', 'source_asset', 'AST-00186', NULL),
  ('Installed_Asset__c', 'a01000000000187', 'source_asset', 'AST-00187', NULL),
  ('Installed_Asset__c', 'a01000000000188', 'source_asset', 'AST-00188', NULL),
  ('Installed_Asset__c', 'a01000000000189', 'source_asset', 'AST-00189', NULL),
  ('Installed_Asset__c', 'a01000000000190', 'source_asset', 'AST-00190', NULL),
  ('Installed_Asset__c', 'a01000000000191', 'source_asset', 'AST-00191', NULL),
  ('Installed_Asset__c', 'a01000000000192', 'source_asset', 'AST-00192', NULL),
  ('Installed_Asset__c', 'a01000000000193', 'source_asset', 'AST-00193', NULL),
  ('Installed_Asset__c', 'a01000000000194', 'source_asset', 'AST-00194', NULL),
  ('Installed_Asset__c', 'a01000000000195', 'source_asset', 'AST-00195', NULL),
  ('Installed_Asset__c', 'a01000000000196', 'source_asset', 'AST-00196', NULL),
  ('Installed_Asset__c', 'a01000000000197', 'source_asset', 'AST-00197', NULL),
  ('Installed_Asset__c', 'a01000000000198', 'source_asset', 'AST-00198', NULL),
  ('Installed_Asset__c', 'a01000000000199', 'source_asset', 'AST-00199', NULL),
  ('Installed_Asset__c', 'a01000000000200', 'source_asset', 'AST-00200', NULL),
  ('Installed_Asset__c', 'a01000000000201', 'source_asset', 'AST-00201', NULL),
  ('Installed_Asset__c', 'a01000000000202', 'source_asset', 'AST-00202', NULL),
  ('Installed_Asset__c', 'a01000000000203', 'source_asset', 'AST-00203', NULL),
  ('Installed_Asset__c', 'a01000000000204', 'source_asset', 'AST-00204', NULL),
  ('Installed_Asset__c', 'a01000000000205', 'source_asset', 'AST-00205', NULL),
  ('Installed_Asset__c', 'a01000000000206', 'source_asset', 'AST-00206', NULL),
  ('Installed_Asset__c', 'a01000000000207', 'source_asset', 'AST-00207', NULL),
  ('Installed_Asset__c', 'a01000000000208', 'source_asset', 'AST-00208', NULL),
  ('Installed_Asset__c', 'a01000000000209', 'source_asset', 'AST-00209', NULL),
  ('Installed_Asset__c', 'a01000000000210', 'source_asset', 'AST-00210', NULL),
  ('Installed_Asset__c', 'a01000000000211', 'source_asset', 'AST-00211', NULL),
  ('Installed_Asset__c', 'a01000000000212', 'source_asset', 'AST-00212', NULL),
  ('Installed_Asset__c', 'a01000000000213', 'source_asset', 'AST-00213', NULL),
  ('Installed_Asset__c', 'a01000000000214', 'source_asset', 'AST-00214', NULL),
  ('Installed_Asset__c', 'a01000000000215', 'source_asset', 'AST-00215', NULL),
  ('Installed_Asset__c', 'a01000000000216', 'source_asset', 'AST-00216', NULL),
  ('Installed_Asset__c', 'a01000000000217', 'source_asset', 'AST-00217', NULL),
  ('Installed_Asset__c', 'a01000000000218', 'source_asset', 'AST-00218', NULL),
  ('Installed_Asset__c', 'a01000000000219', 'source_asset', 'AST-00219', NULL),
  ('Installed_Asset__c', 'a01000000000220', 'source_asset', 'AST-00220', NULL),
  ('Installed_Asset__c', 'a01000000000221', 'source_asset', 'AST-00221', NULL),
  ('Installed_Asset__c', 'a01000000000222', 'source_asset', 'AST-00222', NULL),
  ('Installed_Asset__c', 'a01000000000223', 'source_asset', 'AST-00223', NULL),
  ('Installed_Asset__c', 'a01000000000224', 'source_asset', 'AST-00224', NULL),
  ('Installed_Asset__c', 'a01000000000225', 'source_asset', 'AST-00225', NULL),
  ('Installed_Asset__c', 'a01000000000226', 'source_asset', 'AST-00226', NULL),
  ('Installed_Asset__c', 'a01000000000227', 'source_asset', 'AST-00227', NULL),
  ('Installed_Asset__c', 'a01000000000228', 'source_asset', 'AST-00228', NULL),
  ('Installed_Asset__c', 'a01000000000229', 'source_asset', 'AST-00229', NULL),
  ('Installed_Asset__c', 'a01000000000230', 'source_asset', 'AST-00230', NULL),
  ('Installed_Asset__c', 'a01000000000231', 'source_asset', 'AST-00231', NULL),
  ('Installed_Asset__c', 'a01000000000232', 'source_asset', 'AST-00232', NULL),
  ('Installed_Asset__c', 'a01000000000233', 'source_asset', 'AST-00233', NULL),
  ('Installed_Asset__c', 'a01000000000234', 'source_asset', 'AST-00234', NULL),
  ('Installed_Asset__c', 'a01000000000235', 'source_asset', 'AST-00235', NULL),
  ('Installed_Asset__c', 'a01000000000236', 'source_asset', 'AST-00236', NULL),
  ('Installed_Asset__c', 'a01000000000237', 'source_asset', 'AST-00237', NULL),
  ('Installed_Asset__c', 'a01000000000238', 'source_asset', 'AST-00238', NULL),
  ('Installed_Asset__c', 'a01000000000239', 'source_asset', 'AST-00239', NULL),
  ('Installed_Asset__c', 'a01000000000240', 'source_asset', 'AST-00240', NULL),
  ('Installed_Asset__c', 'a01000000000241', 'source_asset', 'AST-00241', NULL),
  ('Installed_Asset__c', 'a01000000000242', 'source_asset', 'AST-00242', NULL),
  ('Installed_Asset__c', 'a01000000000243', 'source_asset', 'AST-00243', NULL),
  ('Installed_Asset__c', 'a01000000000244', 'source_asset', 'AST-00244', NULL),
  ('Installed_Asset__c', 'a01000000000245', 'source_asset', 'AST-00245', NULL),
  ('Installed_Asset__c', 'a01000000000246', 'source_asset', 'AST-00246', NULL),
  ('Installed_Asset__c', 'a01000000000247', 'source_asset', 'AST-00247', NULL),
  ('Installed_Asset__c', 'a01000000000248', 'source_asset', 'AST-00248', NULL),
  ('Installed_Asset__c', 'a01000000000249', 'source_asset', 'AST-00249', NULL),
  ('Installed_Asset__c', 'a01000000000250', 'source_asset', 'AST-00250', NULL),
  ('Installed_Asset__c', 'a01000000000251', 'source_asset', 'AST-00251', NULL),
  ('Installed_Asset__c', 'a01000000000252', 'source_asset', 'AST-00252', NULL),
  ('Installed_Asset__c', 'a01000000000253', 'source_asset', 'AST-00253', NULL),
  ('Installed_Asset__c', 'a01000000000254', 'source_asset', 'AST-00254', NULL),
  ('Installed_Asset__c', 'a01000000000255', 'source_asset', 'AST-00255', NULL),
  ('Installed_Asset__c', 'a01000000000256', 'source_asset', 'AST-00256', NULL),
  ('Installed_Asset__c', 'a01000000000257', 'source_asset', 'AST-00257', NULL),
  ('Installed_Asset__c', 'a01000000000258', 'source_asset', 'AST-00258', NULL),
  ('Installed_Asset__c', 'a01000000000259', 'source_asset', 'AST-00259', NULL),
  ('Installed_Asset__c', 'a01000000000260', 'source_asset', 'AST-00260', NULL),
  ('Installed_Asset__c', 'a01000000000261', 'source_asset', 'AST-00261', NULL),
  ('Installed_Asset__c', 'a01000000000262', 'source_asset', 'AST-00262', NULL),
  ('Installed_Asset__c', 'a01000000000263', 'source_asset', 'AST-00263', NULL),
  ('Installed_Asset__c', 'a01000000000264', 'source_asset', 'AST-00264', NULL),
  ('Installed_Asset__c', 'a01000000000265', 'source_asset', 'AST-00265', NULL),
  ('Installed_Asset__c', 'a01000000000266', 'source_asset', 'AST-00266', NULL),
  ('Installed_Asset__c', 'a01000000000267', 'source_asset', 'AST-00267', NULL),
  ('Installed_Asset__c', 'a01000000000268', 'source_asset', 'AST-00268', NULL),
  ('Installed_Asset__c', 'a01000000000269', 'source_asset', 'AST-00269', NULL),
  ('Installed_Asset__c', 'a01000000000270', 'source_asset', 'AST-00270', NULL),
  ('Installed_Asset__c', 'a01000000000271', 'source_asset', 'AST-00271', NULL),
  ('Installed_Asset__c', 'a01000000000272', 'source_asset', 'AST-00272', NULL),
  ('Installed_Asset__c', 'a01000000000273', 'source_asset', 'AST-00273', NULL),
  ('Installed_Asset__c', 'a01000000000274', 'source_asset', 'AST-00274', NULL),
  ('Installed_Asset__c', 'a01000000000275', 'source_asset', 'AST-00275', NULL),
  ('Installed_Asset__c', 'a01000000000276', 'source_asset', 'AST-00276', NULL),
  ('Installed_Asset__c', 'a01000000000277', 'source_asset', 'AST-00277', NULL),
  ('Installed_Asset__c', 'a01000000000278', 'source_asset', 'AST-00278', NULL),
  ('Installed_Asset__c', 'a01000000000279', 'source_asset', 'AST-00279', NULL),
  ('Installed_Asset__c', 'a01000000000280', 'source_asset', 'AST-00280', NULL),
  ('Installed_Asset__c', 'a01000000000281', 'source_asset', 'AST-00281', NULL),
  ('Installed_Asset__c', 'a01000000000282', 'source_asset', 'AST-00282', NULL),
  ('Installed_Asset__c', 'a01000000000283', 'source_asset', 'AST-00283', NULL),
  ('Installed_Asset__c', 'a01000000000284', 'source_asset', 'AST-00284', NULL),
  ('Installed_Asset__c', 'a01000000000285', 'source_asset', 'AST-00285', NULL),
  ('Installed_Asset__c', 'a01000000000286', 'source_asset', 'AST-00286', NULL),
  ('Installed_Asset__c', 'a01000000000287', 'source_asset', 'AST-00287', NULL),
  ('Installed_Asset__c', 'a01000000000288', 'source_asset', 'AST-00288', NULL),
  ('Installed_Asset__c', 'a01000000000289', 'source_asset', 'AST-00289', NULL),
  ('Installed_Asset__c', 'a01000000000290', 'source_asset', 'AST-00290', NULL),
  ('Installed_Asset__c', 'a01000000000291', 'source_asset', 'AST-00291', NULL),
  ('Installed_Asset__c', 'a01000000000292', 'source_asset', 'AST-00292', NULL),
  ('Installed_Asset__c', 'a01000000000293', 'source_asset', 'AST-00293', NULL),
  ('Installed_Asset__c', 'a01000000000294', 'source_asset', 'AST-00294', NULL),
  ('Installed_Asset__c', 'a01000000000295', 'source_asset', 'AST-00295', NULL),
  ('Installed_Asset__c', 'a01000000000296', 'source_asset', 'AST-00296', NULL),
  ('Installed_Asset__c', 'a01000000000297', 'source_asset', 'AST-00297', NULL),
  ('Installed_Asset__c', 'a01000000000298', 'source_asset', 'AST-00298', NULL),
  ('Installed_Asset__c', 'a01000000000299', 'source_asset', 'AST-00299', NULL),
  ('Installed_Asset__c', 'a01000000000300', 'source_asset', 'AST-00300', NULL),
  ('Installed_Asset__c', 'a01000000000301', 'source_asset', 'AST-00301', NULL),
  ('Installed_Asset__c', 'a01000000000302', 'source_asset', 'AST-00302', NULL),
  ('Installed_Asset__c', 'a01000000000303', 'source_asset', 'AST-00303', NULL),
  ('Installed_Asset__c', 'a01000000000304', 'source_asset', 'AST-00304', NULL),
  ('Installed_Asset__c', 'a01000000000305', 'source_asset', 'AST-00305', NULL),
  ('Installed_Asset__c', 'a01000000000306', 'source_asset', 'AST-00306', NULL),
  ('Installed_Asset__c', 'a01000000000307', 'source_asset', 'AST-00307', NULL),
  ('Installed_Asset__c', 'a01000000000308', 'source_asset', 'AST-00308', NULL),
  ('Installed_Asset__c', 'a01000000000309', 'source_asset', 'AST-00309', NULL),
  ('Installed_Asset__c', 'a01000000000310', 'source_asset', 'AST-00310', NULL),
  ('Installed_Asset__c', 'a01000000000311', 'source_asset', 'AST-00311', NULL),
  ('Installed_Asset__c', 'a01000000000312', 'source_asset', 'AST-00312', NULL),
  ('Installed_Asset__c', 'a01000000000313', 'source_asset', 'AST-00313', NULL),
  ('Installed_Asset__c', 'a01000000000314', 'source_asset', 'AST-00314', NULL),
  ('Installed_Asset__c', 'a01000000000315', 'source_asset', 'AST-00315', NULL),
  ('Installed_Asset__c', 'a01000000000316', 'source_asset', 'AST-00316', NULL),
  ('Installed_Asset__c', 'a01000000000317', 'source_asset', 'AST-00317', NULL),
  ('Installed_Asset__c', 'a01000000000318', 'source_asset', 'AST-00318', NULL),
  ('Installed_Asset__c', 'a01000000000319', 'source_asset', 'AST-00319', NULL),
  ('Installed_Asset__c', 'a01000000000320', 'source_asset', 'AST-00320', NULL),
  ('Installed_Asset__c', 'a01000000000321', 'source_asset', 'AST-00321', NULL),
  ('Installed_Asset__c', 'a01000000000322', 'source_asset', 'AST-00322', NULL),
  ('Installed_Asset__c', 'a01000000000323', 'source_asset', 'AST-00323', NULL),
  ('Installed_Asset__c', 'a01000000000324', 'source_asset', 'AST-00324', NULL),
  ('Installed_Asset__c', 'a01000000000325', 'source_asset', 'AST-00325', NULL),
  ('Installed_Asset__c', 'a01000000000326', 'source_asset', 'AST-00326', NULL),
  ('Installed_Asset__c', 'a01000000000327', 'source_asset', 'AST-00327', NULL),
  ('Installed_Asset__c', 'a01000000000328', 'source_asset', 'AST-00328', NULL),
  ('Installed_Asset__c', 'a01000000000329', 'source_asset', 'AST-00329', NULL),
  ('Installed_Asset__c', 'a01000000000330', 'source_asset', 'AST-00330', NULL),
  ('Installed_Asset__c', 'a01000000000331', 'source_asset', 'AST-00331', NULL),
  ('Installed_Asset__c', 'a01000000000332', 'source_asset', 'AST-00332', NULL),
  ('Installed_Asset__c', 'a01000000000333', 'source_asset', 'AST-00333', NULL),
  ('Installed_Asset__c', 'a01000000000334', 'source_asset', 'AST-00334', NULL),
  ('Installed_Asset__c', 'a01000000000335', 'source_asset', 'AST-00335', NULL),
  ('Installed_Asset__c', 'a01000000000336', 'source_asset', 'AST-00336', NULL),
  ('Installed_Asset__c', 'a01000000000337', 'source_asset', 'AST-00337', NULL),
  ('Installed_Asset__c', 'a01000000000338', 'source_asset', 'AST-00338', NULL),
  ('Installed_Asset__c', 'a01000000000339', 'source_asset', 'AST-00339', NULL),
  ('Installed_Asset__c', 'a01000000000340', 'source_asset', 'AST-00340', NULL),
  ('Installed_Asset__c', 'a01000000000341', 'source_asset', 'AST-00341', NULL),
  ('Installed_Asset__c', 'a01000000000342', 'source_asset', 'AST-00342', NULL),
  ('Installed_Asset__c', 'a01000000000343', 'source_asset', 'AST-00343', NULL),
  ('Installed_Asset__c', 'a01000000000344', 'source_asset', 'AST-00344', NULL),
  ('Installed_Asset__c', 'a01000000000345', 'source_asset', 'AST-00345', NULL),
  ('Installed_Asset__c', 'a01000000000346', 'source_asset', 'AST-00346', NULL),
  ('Installed_Asset__c', 'a01000000000347', 'source_asset', 'AST-00347', NULL),
  ('Installed_Asset__c', 'a01000000000348', 'source_asset', 'AST-00348', NULL),
  ('Installed_Asset__c', 'a01000000000349', 'source_asset', 'AST-00349', NULL),
  ('Installed_Asset__c', 'a01000000000350', 'source_asset', 'AST-00350', NULL),
  ('Installed_Asset__c', 'a01000000000351', 'source_asset', 'AST-00351', NULL),
  ('Installed_Asset__c', 'a01000000000352', 'source_asset', 'AST-00352', NULL),
  ('Installed_Asset__c', 'a01000000000353', 'source_asset', 'AST-00353', NULL),
  ('Installed_Asset__c', 'a01000000000354', 'source_asset', 'AST-00354', NULL),
  ('Installed_Asset__c', 'a01000000000355', 'source_asset', 'AST-00355', NULL),
  ('Installed_Asset__c', 'a01000000000356', 'source_asset', 'AST-00356', NULL),
  ('Installed_Asset__c', 'a01000000000357', 'source_asset', 'AST-00357', NULL),
  ('Installed_Asset__c', 'a01000000000358', 'source_asset', 'AST-00358', NULL),
  ('Installed_Asset__c', 'a01000000000359', 'source_asset', 'AST-00359', NULL),
  ('Installed_Asset__c', 'a01000000000360', 'source_asset', 'AST-00360', NULL),
  ('Installed_Asset__c', 'a01000000000361', 'source_asset', 'AST-00361', NULL),
  ('Installed_Asset__c', 'a01000000000362', 'source_asset', 'AST-00362', NULL),
  ('Installed_Asset__c', 'a01000000000363', 'source_asset', 'AST-00363', NULL),
  ('Installed_Asset__c', 'a01000000000364', 'source_asset', 'AST-00364', NULL),
  ('Installed_Asset__c', 'a01000000000365', 'source_asset', 'AST-00365', NULL),
  ('Installed_Asset__c', 'a01000000000366', 'source_asset', 'AST-00366', NULL),
  ('Installed_Asset__c', 'a01000000000367', 'source_asset', 'AST-00367', NULL),
  ('Installed_Asset__c', 'a01000000000368', 'source_asset', 'AST-00368', NULL),
  ('Installed_Asset__c', 'a01000000000369', 'source_asset', 'AST-00369', NULL),
  ('Installed_Asset__c', 'a01000000000370', 'source_asset', 'AST-00370', NULL),
  ('Installed_Asset__c', 'a01000000000371', 'source_asset', 'AST-00371', NULL),
  ('Installed_Asset__c', 'a01000000000372', 'source_asset', 'AST-00372', NULL),
  ('Installed_Asset__c', 'a01000000000373', 'source_asset', 'AST-00373', NULL),
  ('Installed_Asset__c', 'a01000000000374', 'source_asset', 'AST-00374', NULL),
  ('Installed_Asset__c', 'a01000000000375', 'source_asset', 'AST-00375', NULL),
  ('Installed_Asset__c', 'a01000000000376', 'source_asset', 'AST-00376', NULL),
  ('Installed_Asset__c', 'a01000000000377', 'source_asset', 'AST-00377', NULL),
  ('Installed_Asset__c', 'a01000000000378', 'source_asset', 'AST-00378', NULL),
  ('Installed_Asset__c', 'a01000000000379', 'source_asset', 'AST-00379', NULL),
  ('Installed_Asset__c', 'a01000000000380', 'source_asset', 'AST-00380', NULL),
  ('Installed_Asset__c', 'a01000000000381', 'source_asset', 'AST-00381', NULL),
  ('Installed_Asset__c', 'a01000000000382', 'source_asset', 'AST-00382', NULL),
  ('Installed_Asset__c', 'a01000000000383', 'source_asset', 'AST-00383', NULL),
  ('Installed_Asset__c', 'a01000000000384', 'source_asset', 'AST-00384', NULL),
  ('Installed_Asset__c', 'a01000000000385', 'source_asset', 'AST-00385', NULL),
  ('Installed_Asset__c', 'a01000000000386', 'source_asset', 'AST-00386', NULL),
  ('Installed_Asset__c', 'a01000000000387', 'source_asset', 'AST-00387', NULL),
  ('Installed_Asset__c', 'a01000000000388', 'source_asset', 'AST-00388', NULL),
  ('Installed_Asset__c', 'a01000000000389', 'source_asset', 'AST-00389', NULL),
  ('Installed_Asset__c', 'a01000000000390', 'source_asset', 'AST-00390', NULL),
  ('Installed_Asset__c', 'a01000000000391', 'source_asset', 'AST-00391', NULL),
  ('Installed_Asset__c', 'a01000000000392', 'source_asset', 'AST-00392', NULL),
  ('Installed_Asset__c', 'a01000000000393', 'source_asset', 'AST-00393', NULL),
  ('Installed_Asset__c', 'a01000000000394', 'source_asset', 'AST-00394', NULL),
  ('Installed_Asset__c', 'a01000000000395', 'source_asset', 'AST-00395', NULL),
  ('Installed_Asset__c', 'a01000000000396', 'source_asset', 'AST-00396', NULL),
  ('Installed_Asset__c', 'a01000000000397', 'source_asset', 'AST-00397', NULL),
  ('Installed_Asset__c', 'a01000000000398', 'source_asset', 'AST-00398', NULL),
  ('Installed_Asset__c', 'a01000000000399', 'source_asset', 'AST-00399', NULL),
  ('Installed_Asset__c', 'a01000000000400', 'source_asset', 'AST-00400', NULL),
  ('Installed_Asset__c', 'a01000000000401', 'source_asset', 'AST-00401', NULL),
  ('Installed_Asset__c', 'a01000000000402', 'source_asset', 'AST-00402', NULL),
  ('Installed_Asset__c', 'a01000000000403', 'source_asset', 'AST-00403', NULL),
  ('Installed_Asset__c', 'a01000000000404', 'source_asset', 'AST-00404', NULL),
  ('Installed_Asset__c', 'a01000000000405', 'source_asset', 'AST-00405', NULL),
  ('Installed_Asset__c', 'a01000000000406', 'source_asset', 'AST-00406', NULL),
  ('Installed_Asset__c', 'a01000000000407', 'source_asset', 'AST-00407', NULL),
  ('Installed_Asset__c', 'a01000000000408', 'source_asset', 'AST-00408', NULL),
  ('Installed_Asset__c', 'a01000000000409', 'source_asset', 'AST-00409', NULL),
  ('Installed_Asset__c', 'a01000000000410', 'source_asset', 'AST-00410', NULL),
  ('Installed_Asset__c', 'a01000000000411', 'source_asset', 'AST-00411', NULL),
  ('Installed_Asset__c', 'a01000000000412', 'source_asset', 'AST-00412', NULL),
  ('Installed_Asset__c', 'a01000000000413', 'source_asset', 'AST-00413', NULL),
  ('Installed_Asset__c', 'a01000000000414', 'source_asset', 'AST-00414', NULL),
  ('Installed_Asset__c', 'a01000000000415', 'source_asset', 'AST-00415', NULL),
  ('Installed_Asset__c', 'a01000000000416', 'source_asset', 'AST-00416', NULL),
  ('Installed_Asset__c', 'a01000000000417', 'source_asset', 'AST-00417', NULL),
  ('Installed_Asset__c', 'a01000000000418', 'source_asset', 'AST-00418', NULL),
  ('Installed_Asset__c', 'a01000000000419', 'source_asset', 'AST-00419', NULL),
  ('Installed_Asset__c', 'a01000000000420', 'source_asset', 'AST-00420', NULL),
  ('Installed_Asset__c', 'a01000000000421', 'source_asset', 'AST-00421', NULL),
  ('Installed_Asset__c', 'a01000000000422', 'source_asset', 'AST-00422', NULL),
  ('Installed_Asset__c', 'a01000000000423', 'source_asset', 'AST-00423', NULL),
  ('Installed_Asset__c', 'a01000000000424', 'source_asset', 'AST-00424', NULL),
  ('Installed_Asset__c', 'a01000000000425', 'source_asset', 'AST-00425', NULL),
  ('Installed_Asset__c', 'a01000000000426', 'source_asset', 'AST-00426', NULL),
  ('Installed_Asset__c', 'a01000000000427', 'source_asset', 'AST-00427', NULL),
  ('Installed_Asset__c', 'a01000000000428', 'source_asset', 'AST-00428', NULL),
  ('Installed_Asset__c', 'a01000000000429', 'source_asset', 'AST-00429', NULL),
  ('Installed_Asset__c', 'a01000000000430', 'source_asset', 'AST-00430', NULL),
  ('Installed_Asset__c', 'a01000000000431', 'source_asset', 'AST-00431', NULL),
  ('Installed_Asset__c', 'a01000000000432', 'source_asset', 'AST-00432', NULL),
  ('Installed_Asset__c', 'a01000000000433', 'source_asset', 'AST-00433', NULL),
  ('Installed_Asset__c', 'a01000000000434', 'source_asset', 'AST-00434', NULL),
  ('Installed_Asset__c', 'a01000000000435', 'source_asset', 'AST-00435', NULL),
  ('Installed_Asset__c', 'a01000000000436', 'source_asset', 'AST-00436', NULL),
  ('Installed_Asset__c', 'a01000000000437', 'source_asset', 'AST-00437', NULL),
  ('Installed_Asset__c', 'a01000000000438', 'source_asset', 'AST-00438', NULL),
  ('Installed_Asset__c', 'a01000000000439', 'source_asset', 'AST-00439', NULL),
  ('Installed_Asset__c', 'a01000000000440', 'source_asset', 'AST-00440', NULL),
  ('Installed_Asset__c', 'a01000000000441', 'source_asset', 'AST-00441', NULL),
  ('Installed_Asset__c', 'a01000000000442', 'source_asset', 'AST-00442', NULL),
  ('Installed_Asset__c', 'a01000000000443', 'source_asset', 'AST-00443', NULL),
  ('Installed_Asset__c', 'a01000000000444', 'source_asset', 'AST-00444', NULL),
  ('Installed_Asset__c', 'a01000000000445', 'source_asset', 'AST-00445', NULL),
  ('Installed_Asset__c', 'a01000000000446', 'source_asset', 'AST-00446', NULL),
  ('Installed_Asset__c', 'a01000000000447', 'source_asset', 'AST-00447', NULL),
  ('Installed_Asset__c', 'a01000000000448', 'source_asset', 'AST-00448', NULL),
  ('Installed_Asset__c', 'a01000000000449', 'source_asset', 'AST-00449', NULL),
  ('Installed_Asset__c', 'a01000000000450', 'source_asset', 'AST-00450', NULL),
  ('Installed_Asset__c', 'a01000000000451', 'source_asset', 'AST-00451', NULL),
  ('Installed_Asset__c', 'a01000000000452', 'source_asset', 'AST-00452', NULL),
  ('Installed_Asset__c', 'a01000000000453', 'source_asset', 'AST-00453', NULL),
  ('Installed_Asset__c', 'a01000000000454', 'source_asset', 'AST-00454', NULL),
  ('Installed_Asset__c', 'a01000000000455', 'source_asset', 'AST-00455', NULL),
  ('Installed_Asset__c', 'a01000000000456', 'source_asset', 'AST-00456', NULL),
  ('Installed_Asset__c', 'a01000000000457', 'source_asset', 'AST-00457', NULL),
  ('Installed_Asset__c', 'a01000000000458', 'source_asset', 'AST-00458', NULL),
  ('Installed_Asset__c', 'a01000000000459', 'source_asset', 'AST-00459', NULL),
  ('Installed_Asset__c', 'a01000000000460', 'source_asset', 'AST-00460', NULL),
  ('Installed_Asset__c', 'a01000000000461', 'source_asset', 'AST-00461', NULL),
  ('Installed_Asset__c', 'a01000000000462', 'source_asset', 'AST-00462', NULL),
  ('Installed_Asset__c', 'a01000000000463', 'source_asset', 'AST-00463', NULL),
  ('Installed_Asset__c', 'a01000000000464', 'source_asset', 'AST-00464', NULL),
  ('Installed_Asset__c', 'a01000000000465', 'source_asset', 'AST-00465', NULL),
  ('Installed_Asset__c', 'a01000000000466', 'source_asset', 'AST-00466', NULL),
  ('Installed_Asset__c', 'a01000000000467', 'source_asset', 'AST-00467', NULL),
  ('Installed_Asset__c', 'a01000000000468', 'source_asset', 'AST-00468', NULL),
  ('Installed_Asset__c', 'a01000000000469', 'source_asset', 'AST-00469', NULL),
  ('Installed_Asset__c', 'a01000000000470', 'source_asset', 'AST-00470', NULL),
  ('Installed_Asset__c', 'a01000000000471', 'source_asset', 'AST-00471', NULL),
  ('Installed_Asset__c', 'a01000000000472', 'source_asset', 'AST-00472', NULL),
  ('Installed_Asset__c', 'a01000000000473', 'source_asset', 'AST-00473', NULL),
  ('Installed_Asset__c', 'a01000000000474', 'source_asset', 'AST-00474', NULL),
  ('Installed_Asset__c', 'a01000000000475', 'source_asset', 'AST-00475', NULL),
  ('Installed_Asset__c', 'a01000000000476', 'source_asset', 'AST-00476', NULL),
  ('Installed_Asset__c', 'a01000000000477', 'source_asset', 'AST-00477', NULL),
  ('Installed_Asset__c', 'a01000000000478', 'source_asset', 'AST-00478', NULL),
  ('Installed_Asset__c', 'a01000000000479', 'source_asset', 'AST-00479', NULL),
  ('Installed_Asset__c', 'a01000000000480', 'source_asset', 'AST-00480', NULL);
