CREATE SCHEMA IF NOT EXISTS fixture_messy_data_v2_src;
SET search_path TO fixture_messy_data_v2_src;


CREATE TABLE Account (Id text PRIMARY KEY, Name text, ERP_Number__c text,
    Customer_Tier__c text, Region__c text, Industry text, Website text,
    BillingCity text, BillingCountry text, Legacy_Customer_ID__c text);
CREATE TABLE Contact (Id text PRIMARY KEY, FirstName text, LastName text, Email text,
    Phone text, Title text, Role__c text, Preferred_Language__c text, AccountId text);
CREATE TABLE Opportunity (Id text PRIMARY KEY, Name text, StageName text,
    CloseDate text, Amount text, CurrencyIsoCode text, AccountId text);
CREATE TABLE Project__c (Id text PRIMARY KEY, Name text, Project_Status__c text,
    Go_Live_Date__c text, Account__c text, Opportunity__c text);
CREATE TABLE Installed_Asset__c (Id text PRIMARY KEY, Name text, Serial_Number__c text,
    Warranty_End_Date__c text, Account__c text, Project__c text);

INSERT INTO Account (Id, Name, ERP_Number__c, Customer_Tier__c, Region__c, Industry, Website, BillingCity, BillingCountry, Legacy_Customer_ID__c) VALUES
  ('CUST-1001', 'Pölitz Riehl Stiftung & Co. KG', 'ERP-13813', 'Platinum', 'DACH', 'IT', 'http://www.hecker.net/', 'Ribnitz-Damgarten', 'Albanien', 'CUST-1001'),
  ('CUST-1002', 'Franke e.G.', 'ERP-49712', 'GOLD', 'UK', 'IT', 'https://lachmann.de/', 'Bersenbrück', 'Israel', 'CUST-1002'),
  ('CUST-1003', 'Schönland Freudenberger AG', 'ERP-47057', 'platinum', 'Nordics', 'Healthcare', 'http://www.jopich.org/', 'Ilmenau', 'Kasachstan', 'CUST-1003'),
  ('CUST-1004', 'Müller GmbH & Co. KGaA', 'ERP-91961', 'gold', 'DACH', 'Technologie', 'http://www.heser.net/', 'Bad Liebenwerda', 'Russische Föderation', 'CUST-1004'),
  ('CUST-1005', 'Mälzer', 'ERP-34719', 'Platinum', 'Benelux', 'IT', 'http://mude.com/', 'Neuruppin', 'Liechtenstein', 'CUST-1005'),
  ('CUST-1006', NULL, 'ERP-99110', 'silver', 'DACH', 'IT', 'https://www.franke.com/', 'Jüterbog', 'Nicaragua', 'CUST-1006'),
  ('CUST-1007', 'Lachmann AG', 'ERP-87329', 'BRONZE', 'Nordics', 'Healthcare', 'https://hauffer.com/', 'Zeulenroda', 'Argentinien', 'CUST-1007'),
  ('CUST-1008', 'Scholz', 'ERP-55338', 'platinum', 'DACH', 'Industrie', 'https://www.giess.com/', 'Spremberg', 'Australien', 'CUST-1008'),
  ('CUST-1009', 'Bruder Albers GmbH & Co. GK', 'ERP-89145', 'SILBER', 'Southern Europe', 'IT', 'https://www.pruschke.net/', 'Göttingen', 'Mali', 'CUST-1009'),
  ('CUST-1010', 'Bolzmann Peukert e.G.', 'ERP-57309', 'bronze', 'DACH', 'Healthcare', 'https://hoelzenbecher.org/', 'Luckau', 'Heard- und McDonald-Inseln', 'CUST-1010'),
  ('CUST-1011', 'Mende', 'ERP-72120', 'Gold', 'Nordics', 'Manufacturing', 'http://eigenwillig.com/', 'Meißen', 'Kirgisistan', 'CUST-1011'),
  ('CUST-1012', 'Kaul', 'ERP-19756', 'Gold', 'UK', 'Gesundheitswesen', 'https://www.ruppert.org/', 'Gifhorn', 'Angola', 'CUST-1012'),
  ('CUST-1013', 'Heintze', 'ERP-17966', 'silver', 'UK', 'Finanzen', 'https://www.heydrich.de/', 'Merseburg', 'Ghana', 'CUST-1013'),
  ('CUST-1014', 'Heinrich KG', 'ERP-47242', 'gold', 'Benelux', 'Gesundheitswesen', 'https://www.junk.com/', 'Luckenwalde', 'Zentralafrikanische Republik', 'CUST-1014'),
  ('CUST-1015', 'Stoll', 'ERP-19538', 'Platin', 'Benelux', 'Healthcare', 'https://schueler.de/', 'Füssen', 'Cookinseln', 'CUST-1015'),
  ('CUST-1016', 'Finke', 'ERP-95327', 'silver', 'UK', 'Finance', 'http://austermuehle.net/', 'Eggenfelden', 'Dschibuti', 'CUST-1016'),
  ('CUST-1017', 'Bachmann', 'ERP-57448', 'Bronze', 'DACH', 'Finance', 'http://www.krein.com/', 'Luckau', 'Britische Jungferninseln', 'CUST-1017'),
  ('CUST-1018', 'Schüler Fritsch OHG mbH', 'ERP-28292', 'Platin', 'Benelux', 'Technology', 'http://scheel.de/', 'Apolda', 'Angola', 'CUST-1018'),
  ('CUST-1019', 'Drub AG & Co. OHG', 'ERP-52654', 'silver', 'Nordics', 'Healthcare', 'http://www.gerlach.com/', 'Mainburg', 'Saudi-Arabien', 'CUST-1019'),
  ('CUST-1020', 'Kostolzin Köster GbR', 'ERP-62755', 'gold', 'Southern Europe', 'Industrie', 'https://www.hesse.com/', 'Neubrandenburg', 'Deutschland', 'CUST-1020'),
  ('CUST-1021', 'Mende Neuschäfer GmbH & Co. KGaA', 'ERP-10668', 'silver', 'Benelux', 'Finance', 'https://rust.de/', 'Koblenz', 'Mali', 'CUST-1021'),
  ('CUST-1022', 'Dowerg Stumpf GbR', 'ERP-20120', 'Silver', 'DACH', 'Finanzen', 'http://naser.com/', 'Bad Langensalza', 'Kaimaninseln', 'CUST-1022'),
  ('CUST-1023', 'Löffler GmbH & Co. KG', 'ERP-92821', 'Gold', 'Southern Europe', 'Healthcare', 'https://www.renner.com/', 'Geldern', 'Swasiland', 'CUST-1023'),
  ('CUST-1024', 'Jacobi Jäckel', 'ERP-47842', 'Bronze', 'DACH', 'Healthcare', 'http://www.haering.de/', 'Melle', 'Martinique', 'CUST-1024'),
  ('CUST-1025', NULL, 'ERP-19865', 'Gold', 'Southern Europe', 'Finance', 'http://soeding.de/', 'Iserlohn', 'Demokratische Republik Kongo', 'CUST-1025'),
  ('CUST-1026', 'Steckel GmbH & Co. KGaA', 'ERP-59526', 'silver', 'Nordics', 'Industrie', 'http://www.kraus.de/', 'Beilngries', 'Ungarn', 'CUST-1026'),
  ('CUST-1027', 'Radisch AG', 'ERP-31414', 'SILBER', 'Nordics', 'Gesundheitswesen', 'https://www.bloch.de/', 'Calw', 'Zypern', 'CUST-1027'),
  ('CUST-1028', 'Kabus', 'ERP-71913', 'silver', 'Benelux', 'Gesundheitswesen', 'https://www.reinhardt.de/', 'Bad Liebenwerda', 'Albanien', 'CUST-1028'),
  ('CUST-1029', 'Bachmann Vollbrecht KG', 'ERP-46518', 'platinum', 'Nordics', 'Industrie', 'http://www.wulf.net/', 'Ravensburg', 'San Marino', 'CUST-1029'),
  ('CUST-1030', 'Krebs GmbH & Co. KGaA', 'ERP-55210', 'Silver', 'Benelux', 'Manufacturing', 'http://www.kramer.com/', 'Freising', 'Benin', 'CUST-1030'),
  ('CUST-1031', 'Höfig Holsten GbR', 'ERP-80637', 'platinum', 'UK', 'Manufacturing', 'https://www.pergande.de/', 'Holzminden', 'Ecuador', 'CUST-1031'),
  ('CUST-1032', 'Austermühle Thies Stiftung & Co. KG', 'ERP-32649', 'GOLD', 'Nordics', 'Finanzen', 'https://austermuehle.net/', 'Euskirchen', 'Sri Lanka', 'CUST-1032'),
  ('CUST-1033', 'Junckne', 'ERP-16244', 'bronze', 'Nordics', 'Manufacturing', 'https://juettner.de/', 'Siegen', 'Nepal', 'CUST-1033'),
  ('CUST-1034', 'Heß', 'ERP-97860', 'bronze', 'DACH', 'IT', 'https://www.nette.de/', 'Görlitz', 'Honduras', 'CUST-1034'),
  ('CUST-1035', 'Wagenknecht e.G.', 'ERP-43947', 'Gold', 'Nordics', 'Healthcare', 'https://www.aumann.net/', 'Heiligenstadt', 'Gabun', 'CUST-1035'),
  ('CUST-1036', 'Steuer', 'ERP-12412', 'BRONZE', 'Southern Europe', 'Technologie', 'http://hoefig.com/', 'Lübeck', 'Malawi', 'CUST-1036'),
  ('CUST-1037', 'Wulff', 'ERP-40006', 'platinum', 'Southern Europe', 'Technologie', 'http://www.reichmann.net/', 'Hannoversch Münden', 'Niederlande', 'CUST-1037'),
  ('CUST-1038', NULL, 'ERP-12066', 'GOLD', 'Southern Europe', 'IT', 'https://berger.de/', 'Bischofswerda', 'Antigua und Barbuda', 'CUST-1038'),
  ('CUST-1039', 'Rogner GmbH', 'ERP-38767', 'GOLD', 'Southern Europe', 'IT', 'http://schuster.de/', 'Sömmerda', 'Äthiopien', 'CUST-1039'),
  ('CUST-1040', 'Atzler AG & Co. KGaA', 'ERP-87433', 'platinum', 'Nordics', 'Technology', 'https://seidel.de/', 'Grimmen', 'Namibia', 'CUST-1040'),
  ('CUST-1041', 'Ackermann GmbH', 'ERP-27515', 'Platinum', 'DACH', 'Technologie', 'https://gotthard.de/', 'Erkelenz', 'Honduras', 'CUST-1041'),
  ('CUST-1042', 'Beckmann AG & Co. KGaA', 'ERP-80214', 'bronze', 'DACH', 'Gesundheitswesen', 'https://hoelzenbecher.com/', 'Ansbach', 'Komoren', 'CUST-1042'),
  ('CUST-1043', 'Drub KaGA', 'ERP-68830', 'gold', 'Nordics', 'Healthcare', 'https://wohlgemut.net/', 'Hersbruck', 'Schweiz', 'CUST-1043'),
  ('CUST-1044', 'Krebs Wulf AG', 'ERP-51821', 'Platin', 'Benelux', 'Finanzen', 'http://plath.de/', 'Parsberg', 'Katar', 'CUST-1044'),
  ('CUST-1045', 'Rust e.V.', 'ERP-82555', 'BRONZE', 'Benelux', 'IT', 'http://bachmann.de/', 'Hünfeld', 'Türkei', 'CUST-1045'),
  ('CUST-1046', 'Scholl GmbH & Co. KG', 'ERP-74009', 'BRONZE', 'Southern Europe', 'Finance', 'http://pieper.com/', 'Badalzungen', 'San Marino', 'CUST-1046'),
  ('CUST-1047', 'Bien AG & Co. KGaA', 'ERP-84370', 'BRONZE', 'Southern Europe', 'Healthcare', 'http://www.schuchhardt.de/', 'Warendorf', 'Weihnachtsinsel', 'CUST-1047'),
  ('CUST-1048', 'Pergande KG', 'ERP-74214', 'Platin', 'Nordics', 'IT', 'http://www.bachmann.com/', 'Kitzingen', 'Madagaskar', 'CUST-1048'),
  ('CUST-1049', 'Wagenknecth', 'ERP-21305', 'silver', 'UK', 'Healthcare', 'http://ehlert.com/', 'Bad Kissingen', 'Argentinien', 'CUST-1049'),
  ('CUST-1050', 'Hendriks Hiller Stiftung & Co. KG', 'ERP-84524', 'silver', 'Nordics', 'Finanzen', 'https://stoll.org/', 'Worbis', 'Madagaskar', 'CUST-1050'),
  ('CUST-1051', 'Kobelt KG', 'ERP-45802', 'Bronze', 'DACH', 'Manufacturing', 'http://kallert.com/', 'Brilon', 'Neukaledonien', 'CUST-1051'),
  ('CUST-1052', 'Tröst', 'ERP-93124', 'bronze', 'Benelux', 'IT', 'http://schacht.de/', 'Kötzting', 'Britische Jungferninseln', 'CUST-1052'),
  ('CUST-1053', 'Davids', 'ERP-94715', 'silver', 'DACH', 'Technologie', 'https://www.roemer.com/', 'Freising', 'Kamerun', 'CUST-1053'),
  ('CUST-1054', 'auch Schlauchin e.G.', 'ERP-43817', 'Gold', 'Nordics', 'Technology', 'http://siering.com/', 'Stade', 'Vanuatu', 'CUST-1054'),
  ('CUST-1055', 'Heintze Fechner AG & Co. KG', 'ERP-14275', 'Platinum', 'Benelux', 'Gesundheitswesen', 'https://bohnbach.com/', 'Wetzlar', 'Togo', 'CUST-1055'),
  ('CUST-1056', 'Heß', 'ERP-49247', 'Platinum', 'UK', 'Healthcare', 'https://www.etzler.de/', 'Kötzting', 'Bhutan', 'CUST-1056'),
  ('CUST-1057', 'Hölzenbecher', 'ERP-99184', 'Gold', 'Nordics', 'Industrie', 'http://www.trupp.net/', 'Hagenow', 'Kirgisistan', 'CUST-1057'),
  ('CUST-1058', 'Sazl', 'ERP-77824', 'bronze', 'Benelux', 'Industrie', 'https://www.zahn.de/', 'Wittstock', 'Gibraltar', 'CUST-1058'),
  ('CUST-1059', 'Gotthard', 'ERP-12221', 'GOLD', 'Southern Europe', 'Finanzen', 'https://www.mude.com/', 'Dinslaken', 'Belarus', 'CUST-1059'),
  ('CUST-1060', 'Beier GmbH & Co. OHG', 'ERP-69416', 'GOLD', 'DACH', 'Gesundheitswesen', 'http://koester.com/', 'Wittenberg', 'Lesotho', 'CUST-1060'),
  ('CUST-1061', 'Ruppersberger Löwer GmbH & Co. KG', 'ERP-21916', 'Gold', 'Nordics', 'Technology', 'https://ruppersberger.de/', 'Main-Höchst', 'Aruba', 'CUST-1061'),
  ('CUST-1062', 'Mentzel Schulz GmbH & Co. KGaA', 'ERP-17425', 'SILBER', 'Nordics', 'Healthcare', 'https://lange.de/', 'Neustrelitz', 'Venezuela', 'CUST-1062'),
  ('CUST-1063', 'Häenl e.V.', 'ERP-69717', 'silver', 'UK', 'Manufacturing', 'http://www.putz.de/', 'Norden', 'Antarktis', 'CUST-1063'),
  ('CUST-1064', 'Peukert', 'ERP-94720', 'Bronze', 'UK', 'Healthcare', 'https://ackermann.net/', 'Siegen', 'Aserbaidschan', 'CUST-1064'),
  ('CUST-1065', 'Trommler', 'ERP-58103', 'gold', 'Benelux', 'Industrie', 'http://gertz.de/', 'Bremen', 'Amerikanisch-Samoa', 'CUST-1065'),
  ('CUST-1066', 'Budig', 'ERP-87250', 'Bronze', 'Benelux', 'Technology', 'http://scholl.org/', 'Werdau', 'Französisch-Guayana', 'CUST-1066'),
  ('CUST-1067', 'Klingelhöfer GmbH', 'ERP-82837', 'BRONZE', 'DACH', 'Gesundheitswesen', 'https://zirme.de/', 'Mittweida', 'Mauritius', 'CUST-1067'),
  ('CUST-1068', 'Vogt e.V.', 'ERP-61263', 'Bronze', 'DACH', 'Industrie', 'http://boerner.de/', 'Garmisch-Partenkirchen', 'Kongo', 'CUST-1068'),
  ('CUST-1069', 'Bien Matthäi KGaA', 'ERP-30760', 'Silver', 'Benelux', 'Technology', 'http://schleich.net/', 'Hohenstein-Ernstthal', 'Falklandinseln', 'CUST-1069'),
  ('CUST-1070', NULL, 'ERP-65394', 'GOLD', 'DACH', 'Gesundheitswesen', 'http://bolander.com/', 'Zossen', 'Lesotho', 'CUST-1070'),
  ('CUST-1071', 'Bärer', 'ERP-64420', 'BRONZE', 'DACH', 'Finance', 'http://winkler.com/', 'Illertissen', 'Äußeres Ozeanien', 'CUST-1071'),
  ('CUST-1072', 'Pohl', 'ERP-21217', 'Gold', 'Nordics', 'Healthcare', 'http://www.heydrich.com/', 'Wurzen', 'Panama', 'CUST-1072'),
  ('CUST-1073', 'Staude Heintze KG', 'ERP-42518', 'platinum', 'DACH', 'IT', 'https://www.adler.com/', 'Flöha', 'Malediven', 'CUST-1073'),
  ('CUST-1074', 'Flantz', 'ERP-86210', 'SILBER', 'Benelux', 'Technology', 'https://schueler.net/', 'Starnberg', 'Jamaika', 'CUST-1074'),
  ('CUST-1075', 'Sorgatz GmbH', 'ERP-17731', 'SILBER', 'Benelux', 'Finance', 'http://tschentscher.org/', 'Chemnitz', 'Kroatien', 'CUST-1075'),
  ('CUST-1076', 'Bauer Reising GbR', 'ERP-90742', 'Platin', 'Nordics', 'Finance', 'http://bachmann.de/', 'Paderborn', 'Brunei Darussalam', 'CUST-1076'),
  ('CUST-1077', 'Junitz Gutknecht e.V.', 'ERP-86395', 'silver', 'DACH', 'Technologie', 'https://www.hentschel.org/', 'Neustrelitz', 'Deutschland', 'CUST-1077'),
  ('CUST-1078', 'Kruschwitz Holsten AG & Co. KGaA', 'ERP-90425', 'platinum', 'UK', 'Industrie', 'http://nohlmans.de/', 'Stadtroda', 'Belarus', 'CUST-1078'),
  ('CUST-1079', 'Junken', 'ERP-62542', 'Platin', 'UK', 'IT', 'https://www.spiess.de/', 'Einbeck', 'Tokelau', 'CUST-1079'),
  ('CUST-1080', 'Neureuther Weinhage AG', 'ERP-99549', 'Platin', 'Nordics', 'Industrie', 'https://www.bohnbach.net/', 'Kitzingen', 'Albanien', 'CUST-1080'),
  ('CUST-1081', 'Ruppert', 'ERP-79027', 'GOLD', 'UK', 'Finance', 'https://www.haase.de/', 'Bitterfeld', 'Neuseeland', 'CUST-1081'),
  ('CUST-1082', 'Möchlichen', 'ERP-76968', 'Platin', 'Southern Europe', 'Technologie', 'https://www.zaenker.de/', 'Querfurt', 'Palau', 'CUST-1082'),
  ('CUST-1083', 'Henk GmbH & Co. KG', 'ERP-20508', 'platinum', 'DACH', 'IT', 'http://www.hendriks.org/', 'Weißwasser', 'Brunei Darussalam', 'CUST-1083'),
  ('CUST-1084', 'Kitzmann', 'ERP-55011', 'Silver', 'UK', 'Gesundheitswesen', 'https://doering.org/', 'Hildburghausen', 'Namibia', 'CUST-1084'),
  ('CUST-1085', 'Thanel e.G.', 'ERP-46894', 'gold', 'Southern Europe', 'IT', 'https://www.heydrich.com/', 'Fürstenfeldbruck', 'Vanuatu', 'CUST-1085'),
  ('CUST-1086', 'Schäfer', 'ERP-57333', 'Platin', 'UK', 'Gesundheitswesen', 'https://liebelt.org/', 'Guben', 'Bahamas', 'CUST-1086'),
  ('CUST-1087', 'Kroker Stiftung & Co. KGaA', 'ERP-88511', 'Bronze', 'UK', 'IT', 'http://stiffel.de/', 'Hofgeismar', 'Slowenien', 'CUST-1087'),
  ('CUST-1088', 'Jacob Stiftung & Co. KGaA', 'ERP-92979', 'Silver', 'UK', 'Finance', 'https://www.hermann.com/', 'Hersbruck', 'Ungarn', 'CUST-1088'),
  ('CUST-1089', 'Hiller AG', 'ERP-87414', 'SILBER', 'Southern Europe', 'Manufacturing', 'https://weihmann.net/', 'Calau', 'Amerikanische Jungferninseln', 'CUST-1089'),
  ('CUST-1090', 'Ortmann Vollbrecht AG', 'ERP-99375', 'Bronze', 'UK', 'Industrie', 'https://steuer.de/', 'Eggenfelden', 'Ukraine', 'CUST-1090'),
  ('CUST-1091', 'Hornich AG & Co. KGaA', 'ERP-48286', 'silver', 'Nordics', 'Finanzen', 'http://schmiedecke.de/', 'Mühlhausen', 'Antigua und Barbuda', 'CUST-1091'),
  ('CUST-1092', 'Kuhl', 'ERP-19628', 'platinum', 'Benelux', 'Technologie', 'http://www.lehmann.net/', 'Fulda', 'Ägypten', 'CUST-1092'),
  ('CUST-1093', 'Steckel GmbH & Co. OHG', 'ERP-32881', 'Gold', 'Southern Europe', 'Finanzen', 'http://patberg.net/', 'Mühldorf am Inn', 'Turkmenistan', 'CUST-1093'),
  ('CUST-1094', 'Grein Groth Rädel KGaA', 'ERP-10279', 'SILBER', 'Southern Europe', 'Manufacturing', 'http://huebel.de/', 'Wolmirstedt', 'Afghanistan', 'CUST-1094'),
  ('CUST-1095', 'Walter Junk KG', 'ERP-72033', 'GOLD', 'Benelux', 'Finance', 'http://www.schueler.de/', 'Wetzlar', 'Jordanien', 'CUST-1095'),
  ('CUST-1096', NULL, 'ERP-55444', 'Bronze', 'Benelux', 'Finance', 'https://www.lachmann.com/', 'Schlüchtern', 'Barbados', 'CUST-1096'),
  ('CUST-1097', 'Kusch AG & Co. KG', 'ERP-78281', 'bronze', 'DACH', 'Technology', 'http://www.oderwald.de/', 'Cloppenburg', 'Honduras', 'CUST-1097'),
  ('CUST-1098', NULL, 'ERP-44726', 'Platinum', 'UK', 'Healthcare', 'http://www.sauer.org/', 'Anklam', 'Vatikanstadt', 'CUST-1098'),
  ('CUST-1099', 'Zorbach AG', 'ERP-36394', 'Platin', 'Southern Europe', 'Manufacturing', 'http://www.fiebig.com/', 'Sankt Goar', 'Brunei Darussalam', 'CUST-1099'),
  ('CUST-1100', 'Hauffer Heydrich KGaA', 'ERP-33179', 'silver', 'UK', 'Gesundheitswesen', 'https://www.sager.com/', 'Hannoversch Münden', 'Trinidad und Tobago', 'CUST-1100'),
  ('CUST-1101', 'Kästre KG', 'ERP-10898', 'silver', 'Southern Europe', 'Finanzen', 'https://www.nerger.com/', 'Kaiserslautern', 'Guinea-Bissau', 'CUST-1101'),
  ('CUST-1102', 'Renner Gierschner OHG mbH', 'ERP-89672', 'GOLD', 'Southern Europe', 'Gesundheitswesen', 'http://steckel.de/', 'Witzenhausen', 'Nigeria', 'CUST-1102'),
  ('CUST-1103', 'Adler Nette GmbH', 'ERP-23286', 'bronze', 'DACH', 'Finance', 'http://trupp.de/', 'Lörrach', 'Zentralafrikanische Republik', 'CUST-1103'),
  ('CUST-1104', 'Scheuermann', 'ERP-75791', 'silver', 'Southern Europe', 'Finance', 'https://www.dietz.de/', 'Soest', 'Mikronesien', 'CUST-1104'),
  ('CUST-1105', 'Gutknecht KG', 'ERP-20435', 'GOLD', 'Southern Europe', 'Finanzen', 'http://www.salz.de/', 'Beilngries', 'Suriname', 'CUST-1105'),
  ('CUST-1106', 'Striebitz', 'ERP-52343', 'BRONZE', 'DACH', 'IT', 'http://giess.com/', 'Halberstadt', 'Kuwait', 'CUST-1106'),
  ('CUST-1107', 'Lübs Dobes AG & Co. KGaA', 'ERP-29465', 'Gold', 'Nordics', 'Finanzen', 'https://holsten.com/', 'Gütersloh', 'Lesotho', 'CUST-1107'),
  ('CUST-1108', 'Ehlert Hecker GbR', 'ERP-89499', 'platinum', 'Benelux', 'Finance', 'http://www.scholtz.com/', 'Rudolstadt', 'Bhutan', 'CUST-1108'),
  ('CUST-1109', 'Fiebig', 'ERP-81499', 'Gold', 'Benelux', 'Healthcare', 'http://beer.de/', 'Kelheim', 'Israel', 'CUST-1109'),
  ('CUST-1110', 'Pohl', 'ERP-85969', 'BRONZE', 'UK', 'IT', 'https://www.mans.org/', 'Geithain', 'Vanuatu', 'CUST-1110'),
  ('CUST-1111', 'Biggen Linke KGaA', 'ERP-15045', 'Platin', 'Nordics', 'Industrie', 'https://www.juettner.org/', 'Ahaus', 'Griechenland', 'CUST-1111'),
  ('CUST-1112', 'Reuter Johann Stiftung & Co. KGaA', 'ERP-15920', 'gold', 'UK', 'IT', 'http://www.naser.com/', 'Lichtenfels', 'Burundi', 'CUST-1112'),
  ('CUST-1113', 'Bauer GmbH', 'ERP-31066', 'GOLD', 'DACH', 'Technologie', 'https://www.juncken.net/', 'Roth', 'Togo', 'CUST-1113'),
  ('CUST-1114', 'Täsche Oestrovsky AG & Co. KGaA', 'ERP-54146', 'GOLD', 'Nordics', 'Gesundheitswesen', 'http://www.wilmsen.com/', 'Reutlingen', 'Demokratische Republik Kongo', 'CUST-1114'),
  ('CUST-1115', 'Stiffel GbR', 'ERP-58842', 'silver', 'DACH', 'Technologie', 'http://scheel.net/', 'Hannover', 'Äthiopien', 'CUST-1115'),
  ('CUST-1116', 'Rose Kroker e.G.', 'ERP-63255', 'Platinum', 'DACH', 'Technologie', 'http://ackermann.de/', 'Erding', 'Rumänien', 'CUST-1116'),
  ('CUST-1117', 'Jungfer AG & Co. OHG', 'ERP-90576', 'silver', 'Benelux', 'Technologie', 'https://www.muehle.org/', 'Hammelburg', 'Algerien', 'CUST-1117'),
  ('CUST-1118', 'Drubin', 'ERP-24590', 'gold', 'UK', 'Manufacturing', 'http://www.mentzel.de/', 'Karlsruhe', 'Norwegen', 'CUST-1118'),
  ('CUST-1119', 'Wernecke Hübel e.G.', 'ERP-97821', 'BRONZE', 'Southern Europe', 'Finance', 'https://albers.com/', 'Crailsheim', 'Griechenland', 'CUST-1119'),
  ('CUST-1120', 'Kabus', 'ERP-74818', 'Bronze', 'Southern Europe', 'Finance', 'http://www.reuter.de/', 'Herzberg', 'Belarus', 'CUST-1120'),
  ('CUST-1075_DUP', 'Sorgatz GmbH', 'ERP-17731', 'SILBER', 'Benelux', 'Finance', 'http://tschentscher.org/', 'Chemnitz', 'Kroatien', 'CUST-1075_DUP'),
  ('CUST-1088_DUP', 'Jacob Stiftung & Co. KGaA', 'ERP-92979', 'Silver', 'UK', 'Finance', 'https://www.hermann.com/', 'Hersbruck', 'Ungarn', 'CUST-1088_DUP'),
  ('CUST-1059_DUP', 'Gotthard', 'ERP-12221', 'GOLD', 'Southern Europe', 'Finanzen', 'https://www.mude.com/', 'Dinslaken', 'Belarus', 'CUST-1059_DUP'),
  ('CUST-1103_DUP', 'Adler Nette GmbH', 'ERP-23286', 'bronze', 'DACH', 'Finance', 'http://trupp.de/', 'Lörrach', 'Zentralafrikanische Republik', 'CUST-1103_DUP'),
  ('CUST-1012_DUP', 'Kaul', 'ERP-19756', 'Gold', 'UK', 'Gesundheitswesen', 'https://www.ruppert.org/', 'Gifhorn', 'Angola', 'CUST-1012_DUP'),
  ('CUST-1112_DUP', 'Reuter Johann Stiftung & Co. KGaA', 'ERP-15920', 'gold', 'UK', 'IT', 'http://www.naser.com/', 'Lichtenfels', 'Burundi', 'CUST-1112_DUP');

INSERT INTO Contact (Id, FirstName, LastName, Email, Phone, Title, Role__c, Preferred_Language__c, AccountId) VALUES
  ('CON-00001', 'Gretchen', 'Seidel', NULL, '(4598) 300774', 'Arzt', 'Technical Contact', 'Französisch', 'CUST-1001'),
  ('CON-00002', 'Vlado', 'Junitz', 'loewersylwia@example.com', '+49 9136 282027', 'Krankenschwester', 'Sponsor', 'Französisch', 'CUST-1001'),
  ('CON-00003', 'Helge', 'Klemm', 'N/A', NULL, 'Friseur', 'Technical Contact', 'Deutsch', 'CUST-1002'),
  ('CON-00004', 'Swetlana', 'Jacobi Jäckel', 'aenne28@example.com', '+49 3911 740588', 'Chirurgiemechaniker', 'Technical Contact', 'French', 'CUST-1002'),
  ('CON-00005', 'Eleonore', 'Weinhold', 'kreinimelda@example.org', '(8226) 557950', 'Erzieher', 'Technical Contact', 'Englisch', 'CUST-1002'),
  ('CON-00006', 'Klaus-Jürgen', 'Graf', 'petros26@example.net', '8953319879', 'Polizist', 'Executive Sponsor', 'en', 'CUST-1003'),
  ('CON-00007', 'Ramazan', 'Trupp', 'helfried22@example.org', '+49 6408 084120', 'Pilot', 'Technischer Ansprechpartner', 'FR', 'CUST-1004'),
  ('CON-00008', 'Uschi', 'Sölzer', 'ttextor@example.com', '+499421467233', 'Artist', 'N/A', 'Französisch', 'CUST-1005'),
  ('CON-00009', 'Stephanie', 'Reichmann', 'roskothgerard@example.org', '+49 1500 274558', 'Forstwirt', 'Entscheider', 'Französisch', 'CUST-1006'),
  ('CON-00010', 'Bekir', 'Riehl', 'pwende@example.org', '+495135400448', 'Erzieher', '', 'Deutsch', 'CUST-1007'),
  ('CON-00011', 'Paul', 'Walter', 'fliegnererdal@example.com', 'N/A', 'Chemikant', 'Endanwender', 'de', 'CUST-1007'),
  ('CON-00012', 'Dan', 'Heser', 'oderwaldwolf-dieter@example.net', '3438769573', 'Winzer', 'Sponsor', 'French', 'CUST-1008'),
  ('CON-00013', 'Sonia', 'Graf', NULL, '(2153) 859838', 'Beamter', '', 'fr', 'CUST-1008'),
  ('CON-00014', 'Dariusz', 'Sauer', 'almuthjaehn@example.com', '5964486405', 'Mechaniker', 'Sponsor', 'English', 'CUST-1009'),
  ('CON-00015', 'Björn', 'Nette', 'ygerlach@example.org', '(7251) 595197', 'Programmierer', 'Entscheider', 'French', 'CUST-1010'),
  ('CON-00016', 'Almuth', 'Kostolzin', 'bruderdorle@example.net', '+495728449206', 'Mechaniker', 'Endanwender', 'en', 'CUST-1011'),
  ('CON-00017', 'Andre', 'Pärtzelt', 'karl-peterkusch@example.net', '(3220) 699877', 'Koreanistiker', 'end user', 'EN', 'CUST-1012'),
  ('CON-00018', 'Sylvie', 'Mielcarek', 'gotthardtroest@example.net', '+494730831216', 'Mechaniker', 'End User', 'FR', 'CUST-1012'),
  ('CON-00019', 'Alfredo', 'Rudolph', '', '+491384619686', 'Polizist', 'End User', 'Deutsch', 'CUST-1013'),
  ('CON-00020', 'Winfried', 'Weinhage', 'qhartmann@example.net', '(9346) 808632', 'Programmierer', 'Sponsor', 'englisch', 'CUST-1013'),
  ('CON-00021', 'Sergei', 'Bärer', 'ullrichhermine@example.com', '6347514604', 'Fleischer', 'Decision Maker', 'Französisch', 'CUST-1014'),
  ('CON-00022', 'Marvin', 'Gotthard', 'hamanngeorgine@example.net', '5310646749', 'Mechaniker', 'Executive Sponsor', 'FR', 'CUST-1015'),
  ('CON-00023', 'Senol', 'Hoffmann', '', '+49 2283 657914', 'Pfleger', 'decision maker', 'en', 'CUST-1016'),
  ('CON-00024', 'Marliese', 'Adler', 'mhoelzenbecher@example.net', '+49 7140 896230', 'Artist', 'Sponsor', 'Französisch', 'CUST-1017'),
  ('CON-00025', 'Madeleine', 'Eberhardt', 'noackbjoern@example.org', '+490378705797', 'Altenpfleger', 'Entscheider', 'FR', 'CUST-1018'),
  ('CON-00026', 'Maren', 'Siering', 'pbirnbaum@example.net', '(3046) 604372', 'Drogist', 'end user', 'en', 'CUST-1019'),
  ('CON-00027', 'Roland', 'Klemm', 'frediotto@example.org', '2300956047', 'Krankenschwester', 'End User', 'fr', 'CUST-1019'),
  ('CON-00028', 'Ida', 'Jäkel', 'hoelzenbechernicolaus@example.net', '(4144) 385710', 'Programmierer', 'Sponsor', 'de', 'CUST-1019'),
  ('CON-00029', 'Senta', 'Speer', 'jacquelinegroettner@example.org', '0292271466', 'Pfleger', 'End User', 'German', 'CUST-1020'),
  ('CON-00030', 'Dennis', 'Hölzenbecher', 'rosetamara@example.com', '+490349182174', 'Artist', 'End User', 'deutsch', 'CUST-1020'),
  ('CON-00031', 'Branko', 'Hoffmann', 'isteckel@example.org', '+490192469388', 'Informatiker', 'Executive Sponsor', 'Englisch', 'CUST-1020'),
  ('CON-00032', 'Monja', 'Jockel', 'annekatrin79@example.com', '+495793588742', 'Altenpfleger', 'decision maker', 'de', 'CUST-1021'),
  ('CON-00033', 'Aziz', 'Hering', 'roehrichtmiroslaw@example.net', '+490750538311', 'Krankenschwester', 'Sponsor', 'englisch', 'CUST-1022'),
  ('CON-00034', 'Nurten', 'Mohaupt', 'xbonbach@example.com', '+49 8692 603797', 'Krankenschwester', 'Technical Contact', 'deutsch', 'CUST-1023'),
  ('CON-00035', 'Traute', 'Roskoth', 'claudio37@example.org', '3925962774', 'Altenpfleger', '', 'englisch', 'CUST-1023'),
  ('CON-00036', 'Adrian', 'Weihmann', 'natalimisicher@example.net', '(3020) 374864', 'Erzieher', 'Sponsor', 'deutsch', 'CUST-1023'),
  ('CON-00037', 'Silvester', 'Liebelt', 'schustertheodora@example.com', '+491558913991', 'Altenpfleger', 'Entscheider', 'englisch', 'CUST-1024'),
  ('CON-00038', 'Gitta', 'Mitschke', 'heinz-willi72@example.com', '8441375213', 'Chirurgiemechaniker', 'decision maker', 'deutsch', 'CUST-1024'),
  ('CON-00039', 'Guenter', 'Söding', 'sergei26@example.org', '9634492025', 'Erzieher', 'Techniker', 'fr', 'CUST-1024'),
  ('CON-00040', 'Marcus', 'Zirme', 'werneckeanatol@example.net', '', 'Mechaniker', '', 'French', 'CUST-1025'),
  ('CON-00041', 'Tim', 'Hamann', 'holzapfeljanine@example.com', '(5711) 788715', 'Ausbaufacharbeiter', 'Techniker', 'EN', 'CUST-1026'),
  ('CON-00042', 'Gerald', 'Thanel', 'wilmsvalerij@example.net', '+49 1113 234284', 'Augenoptiker', 'decision maker', 'FR', 'CUST-1026'),
  ('CON-00043', 'Natalija', 'Wohlgemut', 'ubutte@example.net', '+49 9885 194979', 'Florist', 'decision maker', 'Französisch', 'CUST-1026'),
  ('CON-00044', 'Ingbert', 'Röhrdanz', 'hermighausenkristiane@example.com', '5546142048', 'Mathematiker', 'decision maker', 'Französisch', 'CUST-1027'),
  ('CON-00045', 'Siegried', 'Meyer', 'gstoll@example.org', '4511538862', 'Mechaniker', 'Techniker', 'English', 'CUST-1028'),
  ('CON-00046', 'Heidelinde', 'Beckmann', 'N/A', '', 'Drogist', 'Entscheider', 'deutsch', 'CUST-1028'),
  ('CON-00047', 'Götz', 'Schenk', 'ingoheinrich@example.org', '(2104) 128595', 'Designer', 'Executive Sponsor', 'DE', 'CUST-1028'),
  ('CON-00048', 'Galina', 'Kuhl', 'walfrieddowerg@example.com', 'N/A', 'Pfleger', 'Sponsor', 'English', 'CUST-1029'),
  ('CON-00049', 'Hanne-Lore', 'Wirth', 'bachmanntuelay@example.net', '1432927347', 'Winzer', 'Decision Maker', 'deutsch', 'CUST-1029'),
  ('CON-00050', 'Hans-Michael', 'Ebert', 'stolzefrancoise@example.org', '7967736729', 'Techniker', 'Techniker', 'deutsch', 'CUST-1030'),
  ('CON-00051', 'Natali', 'Ditschlerin', 'henckknud@example.net', '', 'Winzer', 'Technical Contact', 'Französisch', 'CUST-1030'),
  ('CON-00052', 'Tilmann', 'Walter', 'claudiusmitschke@example.com', '7506258557', 'Chirurgiemechaniker', 'Technical Contact', 'Französisch', 'CUST-1030'),
  ('CON-00053', 'Hans-Herbert', 'Mans', 'raedelviktor@example.org', '', 'Forstwirt', 'Technical Contact', 'englisch', 'CUST-1031'),
  ('CON-00054', 'Goran', 'Jessel', 'boucseinraphaela@example.net', '3155190882', 'Mechaniker', 'Technical Contact', 'fr', 'CUST-1032'),
  ('CON-00055', 'Hans-Wilhelm', 'Graf', 'alidapieper@example.com', '+493683583483', 'Chemikant', 'Executive Sponsor', 'French', 'CUST-1032'),
  ('CON-00056', 'Ottokar', 'Winkler', 'albersannegrete@example.org', '4970840683', 'Artist', 'Sponsor', 'DE', 'CUST-1032'),
  ('CON-00057', 'Alicia', 'Säuberlich', 'zahnmadlen@example.com', '+49 5328 122168', 'Drogist', 'end user', 'de', 'CUST-1033'),
  ('CON-00058', 'Kilian', 'Franke', 'irmtraud88@example.com', '(8785) 202818', 'Florist', 'Entscheider', 'French', 'CUST-1033'),
  ('CON-00059', 'Hans-Erich', 'Döhn', 'fernando94@example.net', '+499888642217', 'Pfleger', 'end user', 'DE', 'CUST-1033'),
  ('CON-00060', 'Priska', 'Mans', 'bfritsch@example.org', '3674088198', 'Programmierer', 'Technical Contact', 'EN', 'CUST-1034'),
  ('CON-00061', 'Bärbel', 'Heinz', 'wirthmarcus@example.org', '7042218283', 'Ausbaufacharbeiter', 'Entscheider', 'fr', 'CUST-1034'),
  ('CON-00062', 'Anja', 'Kaul', 'wilmsenrosemarie@example.org', '7522713071', 'Krankenschwester', 'decision maker', 'en', 'CUST-1034'),
  ('CON-00063', 'Janusz', 'Haering', 'itextor@example.org', 'N/A', 'Chemikant', 'Technical Contact', 'fr', 'CUST-1035'),
  ('CON-00064', 'Arnd', 'Hamann', 'kschaaf@example.com', '+49 7520 882084', 'Pilot', 'Endanwender', 'de', 'CUST-1035'),
  ('CON-00065', 'Jurij', 'Förster', 'jhess@example.net', '6928340607', 'Medizininformatiker', 'Technischer Ansprechpartner', 'FR', 'CUST-1035'),
  ('CON-00066', 'Gabor', 'Thanel', 'qbonbach@example.com', '+49 7393 134228', 'Elektroniker', 'Executive Sponsor', 'Französisch', 'CUST-1036'),
  ('CON-00067', 'Rouven', 'Freudenberger', 'pedrorose@example.net', '6710046693', 'Medizininformatiker', 'Executive Sponsor', 'DE', 'CUST-1036'),
  ('CON-00068', 'Xenia', 'Beier', 'qwinkler@example.com', '5821123534', 'Erzieher', 'Techniker', 'EN', 'CUST-1036'),
  ('CON-00069', 'Nikolai', 'Mülichen', 'haaseguido@example.com', '(5768) 004566', 'Chemikant', 'Executive Sponsor', 'DE', 'CUST-1037'),
  ('CON-00070', 'Bela', 'Gotthard', 'mkarge@example.net', 'N/A', 'Artist', 'Entscheider', 'French', 'CUST-1037'),
  ('CON-00071', 'Hildegart', 'Weller', 'urbanjockel@example.net', '+490944939140', 'Mechaniker', 'Sponsor', 'de', 'CUST-1037'),
  ('CON-00072', 'Janna', 'Mitschke', 'simone66@example.org', 'N/A', 'Koreanistiker', 'Executive Sponsor', 'DE', 'CUST-1038'),
  ('CON-00073', 'Freya', 'Carsten', 'jacobi-jaeckelbianka@example.com', '+49 5210 488191', 'Mathematiker', 'Executive Sponsor', 'englisch', 'CUST-1038'),
  ('CON-00074', 'Carina', 'Schleich', 'annelise91@example.org', '+49 2271 333283', 'Beamter', 'end user', 'fr', 'CUST-1039'),
  ('CON-00075', 'Ulf', 'Patberg', 'wulfkarz@example.net', '+499887697532', 'Altenpfleger', 'Entscheider', 'English', 'CUST-1039'),
  ('CON-00076', 'Klaus-Dieter', 'Hornich', 'hermannariane@example.net', '(4566) 881513', 'Ausbaufacharbeiter', 'Entscheider', 'fr', 'CUST-1040'),
  ('CON-00077', 'Hans-Dietrich', 'Drub', '', '', 'Fachinformatiker', 'decision maker', 'en', 'CUST-1041'),
  ('CON-00078', 'Malte', 'Steinberg', 'gudrunbeier@example.net', '+49 3453 330354', 'Pfleger', NULL, 'FR', 'CUST-1041'),
  ('CON-00079', 'Isidor', 'Hermann', 'hatice39@example.com', '', 'Florist', 'End User', 'English', 'CUST-1042'),
  ('CON-00080', 'Rabea', 'Austermühle', NULL, '8730193259', 'Bankkaufmann', 'Endanwender', 'Französisch', 'CUST-1043'),
  ('CON-00081', 'Daria', 'Junk', 'zenta33@example.com', '+495873210631', 'Chemikant', 'Executive Sponsor', 'fr', 'CUST-1043'),
  ('CON-00082', 'Jochen', 'Müller', 'vgutknecht@example.com', 'N/A', 'Florist', 'Techniker', 'fr', 'CUST-1044'),
  ('CON-00083', 'Aenne', 'Dehmel', 'baehrada@example.com', '', 'Asphaltbauer', 'end user', 'de', 'CUST-1044'),
  ('CON-00084', 'Otto', 'Hofmann', 'qtrubin@example.net', '(9114) 681051', 'Binnenschiffer', 'decision maker', 'en', 'CUST-1045'),
  ('CON-00085', 'Tina', 'Cichorius', 'ljubica57@example.org', '+491955164961', 'Arzt', 'Decision Maker', 'Deutsch', 'CUST-1045'),
  ('CON-00086', 'Julius', 'Rohleder', 'estiebitz@example.com', '', 'Pilot', 'Techniker', 'German', 'CUST-1046'),
  ('CON-00087', 'Erhardt', 'Scheel', 'ddoerschner@example.net', '(1808) 762154', 'Designer', 'Sponsor', 'FR', 'CUST-1047'),
  ('CON-00088', 'Hanife', 'Briemer', 'weissgeraldine@example.org', '+498021820430', 'Erzieher', 'Technischer Ansprechpartner', 'Deutsch', 'CUST-1047'),
  ('CON-00089', 'Guido', 'Reuter', 'kreszentiaheinz@example.com', '3843863081', 'Friseur', '', 'englisch', 'CUST-1048'),
  ('CON-00090', 'Kristin', 'Jungfer', NULL, '+493481930970', 'Bäcker', 'Endanwender', 'deutsch', 'CUST-1049'),
  ('CON-00091', 'Nada', 'Sauer', 'ackermanncecilia@example.net', '(3421) 613590', 'Schornsteinfeger', 'Entscheider', 'French', 'CUST-1050'),
  ('CON-00092', 'Veli', 'Sorgatz', 'claudio94@example.net', '', 'Krankenschwester', 'Decision Maker', 'German', 'CUST-1050'),
  ('CON-00093', 'Hartmuth', 'Seip', 'charlotte78@example.com', '', 'Elektroniker', NULL, 'FR', 'CUST-1050'),
  ('CON-00094', 'Mehdi', 'Herrmann', 'roskothsylvia@example.com', '5593150595', 'Polizist', 'N/A', 'DE', 'CUST-1051'),
  ('CON-00095', 'Andy', 'Jacob', 'hoevelrosa-maria@example.org', '', 'Schornsteinfeger', 'Sponsor', 'fr', 'CUST-1051'),
  ('CON-00096', 'Cindy', 'Karge', 'irena18@example.org', '+49 7244 374249', 'Altenpfleger', 'Technischer Ansprechpartner', 'FR', 'CUST-1051'),
  ('CON-00097', 'Marlis', 'Keudel', 'invalid@mail', '+49 9730 317371', 'Beamter', 'Technical Contact', 'FR', 'CUST-1052'),
  ('CON-00098', 'Meike', 'Ring', 'junckenimmo@example.net', '0908868214', 'Koreanistiker', 'Executive Sponsor', 'fr', 'CUST-1052'),
  ('CON-00099', 'Elvira', 'Huhn', 'cordulaullrich@example.org', '(0043) 921903', 'Programmierer', 'Executive Sponsor', 'French', 'CUST-1052'),
  ('CON-00100', 'Bernd', 'Wende', 'sigfried80@example.org', '(0718) 169556', 'Friseur', '', 'fr', 'CUST-1053'),
  ('CON-00101', 'Burkhard', 'Rose', 'weimerdiane@example.com', '+494259314688', 'Bäcker', 'Technical Contact', 'Englisch', 'CUST-1053'),
  ('CON-00102', 'Olivia', 'Grein Groth', 'ludwigweinhage@example.org', '+496457712988', 'Asphaltbauer', 'Entscheider', 'Deutsch', 'CUST-1053'),
  ('CON-00103', 'Ilka', 'Scheibe', 'bmohaupt@example.com', '+49 9042 154847', 'Polizist', 'Executive Sponsor', 'FR', 'CUST-1054'),
  ('CON-00104', 'Enno', 'Atzler', 'heringjose@example.org', '(6619) 087209', 'Fleischer', 'Executive Sponsor', 'fr', 'CUST-1055'),
  ('CON-00105', 'Kristin', 'Stiebitz', 'fiebiganneliese@example.com', '+499226831171', 'Informatiker', 'Sponsor', 'French', 'CUST-1055'),
  ('CON-00106', 'Senta', 'Trupp', 'vbiggen@example.net', '2610039899', 'Augenoptiker', 'end user', 'englisch', 'CUST-1056'),
  ('CON-00107', 'Cindy', 'Süßebier', 'erik76@example.com', '1115442394', 'Chemikant', 'Sponsor', 'FR', 'CUST-1056'),
  ('CON-00108', 'Cord', 'Koch II', 'fredohoevel@example.com', '9154627031', 'Fleischer', 'end user', 'Französisch', 'CUST-1056'),
  ('CON-00109', 'Ekkehart', 'Naser', 'kbenthin@example.org', '+49 3523 181718', 'Forstwirt', 'Endanwender', 'English', 'CUST-1057'),
  ('CON-00110', 'Heiderose', 'Vogt', 'mary10@example.org', '3520183967', 'Beamter', 'Entscheider', 'English', 'CUST-1057'),
  ('CON-00111', 'Thorben', 'Steckel', 'ignaz29@example.org', 'N/A', 'Drogist', 'Decision Maker', 'German', 'CUST-1057'),
  ('CON-00112', 'Ria', 'Bloch', 'mariana77@example.net', 'N/A', 'Altenpfleger', 'Sponsor', 'French', 'CUST-1058'),
  ('CON-00113', 'Massimo', 'Döring', 'alice66@example.org', '5256253906', 'Pfleger', 'Decision Maker', 'French', 'CUST-1058'),
  ('CON-00114', 'Uwe', 'Schottin', 'uli96@example.com', '+494463265234', 'Elektroniker', 'Sponsor', 'englisch', 'CUST-1058'),
  ('CON-00115', 'Elizabeth', 'Biggen', 'vneuschaefer@example.org', '+49 9132 509069', 'Beamter', 'end user', 'English', 'CUST-1059'),
  ('CON-00116', 'Joseph', 'Warmer', 'ana76@example.com', '3418288064', 'Techniker', 'Executive Sponsor', 'English', 'CUST-1059'),
  ('CON-00117', 'Melitta', 'Jäntsch', 'fadime83@example.org', '6873570934', 'Medizininformatiker', 'Techniker', 'DE', 'CUST-1059'),
  ('CON-00118', 'Zehra', 'Holsten', 'walentina25@example.org', '7059838904', 'Bäcker', 'Sponsor', 'deutsch', 'CUST-1060'),
  ('CON-00119', 'Peer', 'Sager', 'N/A', '+49 7935 815070', 'Pilot', 'Technical Contact', 'Deutsch', 'CUST-1060'),
  ('CON-00120', 'Svea', 'Junken', 'friedhilde06@example.org', '+498207628414', 'Winzer', 'decision maker', 'French', 'CUST-1061'),
  ('CON-00121', 'Claudius', 'Bauer', 'marleen57@example.com', '(0011) 818142', 'Schornsteinfeger', 'Entscheider', 'en', 'CUST-1062'),
  ('CON-00122', 'Corinna', 'Herrmann', 'ikade@example.net', '+49 0374 658716', 'Mechaniker', 'Decision Maker', 'FR', 'CUST-1063'),
  ('CON-00123', 'Heini', 'Vollbrecht', 'ycaspar@example.com', '0553316611', 'Erzieher', 'Decision Maker', 'German', 'CUST-1063'),
  ('CON-00124', 'Hans-Michael', 'Hande', 'jenny57@example.com', '8281303155', 'Asphaltbauer', 'Entscheider', 'deutsch', 'CUST-1064'),
  ('CON-00125', 'Birthe', 'Schmidtke', 'bogdan87@example.net', '+497994396773', 'Forstwirt', 'decision maker', 'DE', 'CUST-1064'),
  ('CON-00126', 'Manfred', 'Kensy', 'owilms@example.org', NULL, 'Beamter', 'Sponsor', 'German', 'CUST-1065'),
  ('CON-00127', 'Yilmaz', 'Ortmann', 'riehlannemarie@example.org', '', 'Altenpfleger', 'End User', 'German', 'CUST-1066'),
  ('CON-00128', 'Isabell', 'Schäfer', 'madeleinejuettner@example.org', '6511096164', 'Koreanistiker', 'Sponsor', 'FR', 'CUST-1067'),
  ('CON-00129', 'Brunhild', 'Gutknecht', 'heidrichsabina@example.com', '(3622) 159166', 'Techniker', 'Technischer Ansprechpartner', 'Deutsch', 'CUST-1068'),
  ('CON-00130', 'Sigmar', 'Fechner', 'kunoriehl@example.org', '+49 2370 427067', 'Augenoptiker', 'Techniker', 'englisch', 'CUST-1069'),
  ('CON-00131', 'Liane', 'Eckbauer', 'ncarsten@example.com', '(2230) 456965', 'Koreanistiker', 'End User', 'French', 'CUST-1069'),
  ('CON-00132', 'Tilmann', 'Beckmann', 'karl-heinzrudolph@example.net', NULL, 'Schornsteinfeger', 'Technischer Ansprechpartner', 'en', 'CUST-1069'),
  ('CON-00133', 'Hans-Walter', 'Otto', 'trudel06@example.net', '+49 7030 977903', 'Artist', 'End User', 'deutsch', 'CUST-1070'),
  ('CON-00134', 'Frieda', 'Ladeck', 'yputz@example.org', '', 'Designer', 'End User', 'deutsch', 'CUST-1070'),
  ('CON-00135', 'Melissa', 'Hartmann', 'katikreusel@example.com', '(0805) 757295', 'Designer', 'End User', 'de', 'CUST-1070'),
  ('CON-00136', 'Dieter', 'Liebelt', 'finkeheidelinde@example.org', '+495295477697', 'Informatiker', 'decision maker', 'EN', 'CUST-1071'),
  ('CON-00137', 'Hassan', 'Döring', 'alida93@example.net', '8275454950', 'Winzer', NULL, 'fr', 'CUST-1071'),
  ('CON-00138', 'Gitta', 'Müller', 'hans-albertpohl@example.net', '+496438258196', 'Informatiker', 'Technischer Ansprechpartner', 'englisch', 'CUST-1071'),
  ('CON-00139', 'Anika', 'Weinhold', 'adelbertfliegner@example.net', '+493739304463', 'Bäcker', 'Executive Sponsor', 'englisch', 'CUST-1072'),
  ('CON-00140', 'Myriam', 'Müller', 'lieselotte65@example.net', '(7431) 477374', 'Florist', 'Sponsor', 'Deutsch', 'CUST-1072'),
  ('CON-00141', 'Ingolf', 'Seifert', 'urseletzler@example.com', '9300488937', 'Polizist', 'decision maker', 'FR', 'CUST-1072'),
  ('CON-00142', 'Cornelius', 'Reinhardt', 'friedo21@example.com', '', 'Fachinformatiker', '', 'fr', 'CUST-1073'),
  ('CON-00143', 'Gitte', 'Vogt', 'carstencindy@example.org', '+49 7151 752021', 'Florist', 'Technical Contact', 'EN', 'CUST-1073'),
  ('CON-00144', 'Steffi', 'Müller', 'niklas03@example.com', '(5888) 932160', 'Fleischer', 'end user', 'French', 'CUST-1073'),
  ('CON-00145', 'Detlef', 'Rust', 'reisingmichelle@example.net', '8514767809', 'Winzer', 'End User', 'deutsch', 'CUST-1074'),
  ('CON-00146', 'Christiana', 'Holt', 'gherrmann@example.org', '(2304) 557496', 'Bankkaufmann', 'Decision Maker', 'Französisch', 'CUST-1075'),
  ('CON-00147', 'Elizabeth', 'Mosemann', 'greteleberhardt@example.net', '(1964) 980831', 'Asphaltbauer', 'end user', 'Deutsch', 'CUST-1075'),
  ('CON-00148', 'Erhard', 'Rohleder', '', '(7943) 989158', 'Chemikant', 'Decision Maker', 'Französisch', 'CUST-1075'),
  ('CON-00149', 'Wendelin', 'Dussen van', 'mirellawirth@example.net', '3570174452', 'Krankenschwester', 'Techniker', 'German', 'CUST-1076'),
  ('CON-00150', 'Sabrina', 'Schacht', 'radischfrancis@example.org', '9190863527', 'Artist', '', 'EN', 'CUST-1076'),
  ('CON-00151', 'Trudel', 'Knappe', 'jmangold@example.com', NULL, 'Binnenschiffer', 'Decision Maker', 'German', 'CUST-1077'),
  ('CON-00152', 'Imre', 'Steckel', 'thieswernecke@example.org', '+49 4203 785881', 'Altenpfleger', 'Technical Contact', 'German', 'CUST-1078'),
  ('CON-00153', 'Dorota', 'Mans', 'ybolnbach@example.org', '2683809681', 'Designer', 'Technischer Ansprechpartner', 'French', 'CUST-1078'),
  ('CON-00154', 'Korinna', 'Mülichen', 'beatrix70@example.com', NULL, 'Forstwirt', 'Decision Maker', 'DE', 'CUST-1079'),
  ('CON-00155', 'Milena', 'Johann', 'guenterscholz@example.com', '(9218) 872793', 'Ausbaufacharbeiter', 'Technischer Ansprechpartner', 'Deutsch', 'CUST-1080'),
  ('CON-00156', 'Friedl', 'Gude', 'davidsoswald@example.org', '7090452627', 'Elektroniker', 'end user', 'French', 'CUST-1081'),
  ('CON-00157', 'Victor', 'Kobelt', 'hildegundmatthaei@example.net', 'N/A', 'Chirurgiemechaniker', 'End User', 'englisch', 'CUST-1081'),
  ('CON-00158', 'Irene', 'Freudenberger', 'raedelbrigitta@example.net', '+49 8963 900973', 'Augenoptiker', 'Entscheider', 'Französisch', 'CUST-1082'),
  ('CON-00159', 'Hans-Werner', 'Söding', 'hanne56@example.org', '+490285853270', 'Chirurgiemechaniker', 'Executive Sponsor', 'English', 'CUST-1083'),
  ('CON-00160', 'Ramazan', 'Säuberlich', 'conrad48@example.com', NULL, 'Binnenschiffer', 'Endanwender', 'DE', 'CUST-1083'),
  ('CON-00161', 'Magret', 'Kühnert', 'klaus-dieterackermann@example.net', '(0585) 961313', 'Artist', 'Entscheider', 'deutsch', 'CUST-1084'),
  ('CON-00162', 'Ina', 'Drub', 'N/A', '+497729216988', 'Florist', 'Sponsor', 'German', 'CUST-1085'),
  ('CON-00163', 'Romuald', 'Ullmann', 'ualbers@example.org', 'N/A', 'Schornsteinfeger', 'Decision Maker', 'EN', 'CUST-1086'),
  ('CON-00164', 'Catherine', 'Heinrich', 'steffimuehle@example.org', '+49 4136 868791', 'Ausbaufacharbeiter', 'Sponsor', 'Französisch', 'CUST-1087'),
  ('CON-00165', 'Leonhard', 'Täsche', '', '+49 9430 841674', 'Chirurgiemechaniker', 'decision maker', 'fr', 'CUST-1087'),
  ('CON-00166', 'Meral', 'Stolze', 'ludmillapechel@example.org', '1112512933', 'Informatiker', 'Executive Sponsor', 'englisch', 'CUST-1088'),
  ('CON-00167', 'Leonardo', 'Hellwig', 'trappadalbert@example.net', '7792293564', 'Pfleger', 'N/A', 'EN', 'CUST-1088'),
  ('CON-00168', 'Dursun', 'Beyer', 'gerolfkuehnert@example.com', '+49 7213 065845', 'Altenpfleger', 'Endanwender', 'FR', 'CUST-1088'),
  ('CON-00169', 'Hans-Martin', 'Heser', 'reza69@example.net', '+49 3814 023096', 'Bäcker', 'Executive Sponsor', 'Englisch', 'CUST-1089'),
  ('CON-00170', 'Nuran', 'Ditschlerin', 'fedorsiering@example.org', '0858442230', 'Programmierer', 'end user', 'German', 'CUST-1090'),
  ('CON-00171', 'Gustav', 'Ditschlerin', 'gustav58@example.net', '(4543) 038496', 'Bäcker', 'Executive Sponsor', 'englisch', 'CUST-1091'),
  ('CON-00172', 'Henrik', 'Weimer', 'hanspeterkarge@example.net', '5009682991', 'Forstwirt', 'decision maker', 'fr', 'CUST-1092'),
  ('CON-00173', 'Alfred', 'Beier', 'margretbaerer@example.net', '0722498391', 'Binnenschiffer', 'Technical Contact', 'Deutsch', 'CUST-1093'),
  ('CON-00174', 'Adolf', 'Schuster', 'dlindner@example.net', '', 'Informatiker', 'end user', 'fr', 'CUST-1093'),
  ('CON-00175', 'Abram', 'Bolander', 'skreusel@example.net', '1886807493', 'Forstwirt', 'Entscheider', 'EN', 'CUST-1094'),
  ('CON-00176', 'Fredo', 'Rohleder', 'sandor63@example.com', '(7700) 505684', 'Bankkaufmann', 'Techniker', 'English', 'CUST-1094'),
  ('CON-00177', 'Ortwin', 'Kusch', 'speerdiedrich@example.net', 'N/A', 'Chirurgiemechaniker', 'Endanwender', 'EN', 'CUST-1095'),
  ('CON-00178', 'Meik', 'Zorbach', 'zkabus@example.net', '6800384902', 'Augenoptiker', 'end user', 'French', 'CUST-1095'),
  ('CON-00179', 'Arnulf', 'Hentschel', 'birnbaumkarl-ernst@example.com', '+491814969980', 'Bankkaufmann', 'Entscheider', 'French', 'CUST-1096'),
  ('CON-00180', 'Edwin', 'Wohlgemut', 'stefani78@example.com', '+49 5339 818501', 'Altenpfleger', NULL, 'French', 'CUST-1097'),
  ('CON-00181', 'Desiree', 'Dörschner', 'lore49@example.org', '', 'Fleischer', 'end user', 'fr', 'CUST-1097'),
  ('CON-00182', 'Anita', 'Kruschwitz', 'scholzgrzegorz@example.org', '(9429) 701126', 'Binnenschiffer', 'Endanwender', 'German', 'CUST-1097'),
  ('CON-00183', 'Halil', 'Hahn', 'arnim62@example.com', '+491027525358', 'Koreanistiker', '', 'German', 'CUST-1098'),
  ('CON-00184', 'Cäcilie', 'Kroker', 'jfreudenberger@example.net', NULL, 'Polizist', 'Entscheider', 'en', 'CUST-1099'),
  ('CON-00185', 'Ditmar', 'Schäfer', 'theda40@example.com', '+49 1883 639654', 'Designer', 'end user', 'DE', 'CUST-1099'),
  ('CON-00186', 'Tomas', 'Pergande', 'ccichorius@example.com', '+491297837324', 'Informatiker', 'Executive Sponsor', 'de', 'CUST-1100'),
  ('CON-00187', 'Juri', 'Tröst', 'calogerotrub@example.org', '9517883054', 'Winzer', 'end user', 'German', 'CUST-1100'),
  ('CON-00188', 'Mohamed', 'Reising', 'winkleredelgard@example.org', '(7470) 396780', 'Informatiker', 'Entscheider', 'englisch', 'CUST-1100'),
  ('CON-00189', 'Stanislaus', 'Dobes', 'schaefergertrud@example.com', '7212101090', 'Fachinformatiker', 'Technischer Ansprechpartner', 'de', 'CUST-1101'),
  ('CON-00190', 'Sybille', 'Flantz', 'anne-marielinke@example.org', '+491727863037', 'Medizininformatiker', 'Endanwender', 'deutsch', 'CUST-1101'),
  ('CON-00191', 'Hartmut', 'Freudenberger', 'speerhansjoachim@example.org', '(8884) 099031', 'Schornsteinfeger', 'Technical Contact', 'deutsch', 'CUST-1102'),
  ('CON-00192', 'Elfriede', 'Jäkel', 'nadinkarge@example.net', '(9351) 447867', 'Elektroniker', 'N/A', 'English', 'CUST-1102'),
  ('CON-00193', 'Tino', 'Heß', 'hans-guenter01@example.com', '(3490) 158004', 'Schornsteinfeger', 'N/A', 'Französisch', 'CUST-1102'),
  ('CON-00194', 'Miroslav', 'Gude', 'kkraus@example.com', '+498719947137', 'Chirurgiemechaniker', 'Technical Contact', 'Französisch', 'CUST-1103'),
  ('CON-00195', 'Annamaria', 'Weiß', 'oroht@example.com', '+493781189937', 'Informatiker', 'Techniker', 'Deutsch', 'CUST-1103'),
  ('CON-00196', 'Eckard', 'auch Schlauchin', 'sibelhornig@example.net', '+49 6945 071927', 'Florist', 'Sponsor', 'EN', 'CUST-1103'),
  ('CON-00197', 'Gunhild', 'Conradi', NULL, '+491895870070', 'Techniker', 'Sponsor', 'Englisch', 'CUST-1104'),
  ('CON-00198', 'Tomasz', 'Hövel', 'heinrichjolanta@example.com', NULL, 'Fachinformatiker', 'Entscheider', 'Englisch', 'CUST-1104'),
  ('CON-00199', 'Constantin', 'Mülichen', 'jo58@example.net', 'N/A', 'Ausbaufacharbeiter', 'Decision Maker', 'deutsch', 'CUST-1105'),
  ('CON-00200', 'Janine', 'Eigenwillig', NULL, NULL, 'Binnenschiffer', 'Endanwender', 'englisch', 'CUST-1105'),
  ('CON-00201', 'Sofia', 'Grein Groth', 'gundibien@example.com', '(4925) 276436', 'Augenoptiker', 'End User', 'Französisch', 'CUST-1106'),
  ('CON-00202', 'Folker', 'Schlosser', 'mosemanngrete@example.com', '+496627687013', 'Mechaniker', 'Sponsor', 'English', 'CUST-1106'),
  ('CON-00203', 'Hans-Heinrich', 'Haering', 'hans-juergen34@example.com', '+490812624909', 'Drogist', 'Entscheider', 'Französisch', 'CUST-1106'),
  ('CON-00204', 'Bärbel', 'Cichorius', 'heringpaulo@example.com', '+49 4814 226099', 'Techniker', 'Executive Sponsor', 'DE', 'CUST-1107'),
  ('CON-00205', 'Bayram', 'Förster', 'andredoerschner@example.net', '+49 3960 448488', 'Binnenschiffer', 'End User', 'Englisch', 'CUST-1108'),
  ('CON-00206', 'Andrej', 'Hein', 'cetzler@example.org', 'N/A', 'Winzer', NULL, 'de', 'CUST-1108'),
  ('CON-00207', 'Sigrun', 'Mühle', 'koehlermarvin@example.org', '(1329) 453882', 'Beamter', 'decision maker', 'EN', 'CUST-1108'),
  ('CON-00208', 'Ekrem', 'Köhler', 'phoffmann@example.com', '(1438) 986238', 'Mechaniker', 'N/A', 'DE', 'CUST-1109'),
  ('CON-00209', 'Milka', 'Christoph', 'gertaanders@example.net', NULL, 'Winzer', 'Sponsor', 'French', 'CUST-1109'),
  ('CON-00210', 'Cathleen', 'Gröttner', 'bhartung@example.org', '(2372) 293939', 'Chemikant', 'Technischer Ansprechpartner', 'de', 'CUST-1109'),
  ('CON-00211', 'Alois', 'Wohlgemut', 'dorothee05@example.net', '(9570) 820595', 'Fleischer', 'Entscheider', 'FR', 'CUST-1110'),
  ('CON-00212', 'Gretchen', 'Förster', 'violettareising@example.com', '(2281) 047232', 'Mechaniker', 'Sponsor', 'FR', 'CUST-1111'),
  ('CON-00213', 'Hans Jörg', 'Dussen van', 'solveig87@example.org', 'N/A', 'Artist', 'Entscheider', 'English', 'CUST-1111'),
  ('CON-00214', 'Wiebke', 'Dietz', 'xgumprich@example.org', '(8381) 317321', 'Chemikant', 'Decision Maker', 'deutsch', 'CUST-1111'),
  ('CON-00215', 'Franjo', 'Keudel', 'junckenberta@example.net', NULL, 'Drogist', 'Sponsor', 'Deutsch', 'CUST-1112'),
  ('CON-00216', 'Romana', 'Hoffmann', 'rosalinde88@example.org', '+494635688604', 'Fachinformatiker', 'Endanwender', 'DE', 'CUST-1112'),
  ('CON-00217', 'Salih', 'Mangold', 'kathleenhoevel@example.org', '', 'Augenoptiker', 'end user', 'EN', 'CUST-1113'),
  ('CON-00218', 'Michaele', 'Beckmann', 'N/A', '(6492) 523879', 'Schornsteinfeger', NULL, 'englisch', 'CUST-1113'),
  ('CON-00219', 'Jacek', 'Wagner', 'bertoldgute@example.org', '+497955899156', 'Bäcker', 'Decision Maker', 'deutsch', 'CUST-1113'),
  ('CON-00220', 'Lissi', 'Naser', '', '+490081966672', 'Drogist', 'Entscheider', 'Englisch', 'CUST-1114'),
  ('CON-00221', 'Theodor', 'Mude', 'abrahamkensy@example.net', '+49 2430 654519', 'Binnenschiffer', 'End User', 'DE', 'CUST-1115'),
  ('CON-00222', 'Gordon', 'Schenk', 'gert17@example.com', '1678589662', 'Bankkaufmann', 'Sponsor', 'French', 'CUST-1116'),
  ('CON-00223', 'Aysel', 'Dowerg', 'hoelzenbecherkristine@example.com', '9732620006', 'Artist', '', 'FR', 'CUST-1116'),
  ('CON-00224', 'Henry', 'Stolze', 'edelbert78@example.org', '+493761945338', 'Beamter', 'Endanwender', 'de', 'CUST-1116'),
  ('CON-00225', 'Emmy', 'Jopich', 'steinbergcharles@example.net', '', 'Mathematiker', 'Executive Sponsor', 'en', 'CUST-1117'),
  ('CON-00226', 'Rosa-Maria', 'Heuser', 'sontaglena@example.com', '7510386102', 'Pfleger', 'Executive Sponsor', 'FR', 'CUST-1117'),
  ('CON-00227', 'Dariusz', 'Käster', 'langernbernhardine@example.org', '+497346648231', 'Florist', 'Decision Maker', 'FR', 'CUST-1118'),
  ('CON-00228', 'Mario', 'Heinz', 'grein-grothapollonia@example.net', '+49 0869 266092', 'Binnenschiffer', 'Executive Sponsor', 'de', 'CUST-1118'),
  ('CON-00229', 'Elvira', 'Ebert', 'N/A', '+492903263923', 'Programmierer', 'Endanwender', 'Französisch', 'CUST-1118'),
  ('CON-00230', 'Henrik', 'Fiebig', 'bweimer@example.net', '(7312) 644845', 'Forstwirt', '', 'en', 'CUST-1119'),
  ('CON-00231', 'Inge', 'Mentzel', 'nevenka96@example.com', '(2054) 713600', 'Schornsteinfeger', 'Sponsor', 'French', 'CUST-1119'),
  ('CON-00232', 'Alexej', 'Ritter', 'conradiernst-august@example.net', '+49 3127 412251', 'Medizininformatiker', 'Executive Sponsor', 'en', 'CUST-1120'),
  ('CON-00233', 'Luis', 'Schomber', 'zernst@example.org', '(5567) 671949', 'Forstwirt', 'Techniker', 'DE', 'CUST-1120'),
  ('CON-00234', 'Alban', 'Weimer', 'emilia67@example.org', '+495890725052', 'Ausbaufacharbeiter', 'decision maker', 'englisch', 'CUST-1075_DUP'),
  ('CON-00235', 'Andreas', 'Weinhold', 'guenter53@example.net', '(1037) 746825', 'Chemikant', 'Techniker', 'Deutsch', 'CUST-1075_DUP'),
  ('CON-00236', 'Konstantinos', 'Hecker', 'riehlfriedbert@example.org', '', 'Artist', 'Executive Sponsor', 'Deutsch', 'CUST-1088_DUP'),
  ('CON-00237', 'Thorben', 'Scheibe', 'iragirschner@example.com', '', 'Techniker', 'Sponsor', 'French', 'CUST-1088_DUP'),
  ('CON-00238', 'Rafael', 'Häring', 'mosemannjoseph@example.com', NULL, 'Fleischer', 'Decision Maker', 'Englisch', 'CUST-1059_DUP'),
  ('CON-00239', 'Reinhart', 'Hauffer', 'rosireising@example.net', '(7000) 357587', 'Altenpfleger', 'Executive Sponsor', 'Englisch', 'CUST-1103_DUP'),
  ('CON-00240', 'Malgorzata', 'Schmidtke', 'wilmsenhanns@example.org', '+493451501906', 'Bankkaufmann', 'Entscheider', 'fr', 'CUST-1103_DUP'),
  ('CON-00241', 'Ivan', 'Heß', 'dankroker@example.org', NULL, 'Chirurgiemechaniker', 'Techniker', 'Französisch', 'CUST-1012_DUP'),
  ('CON-00242', 'Erkan', 'Gute', 'bonbachnora@example.net', '', 'Florist', NULL, 'englisch', 'CUST-1012_DUP'),
  ('CON-00243', 'Theodora', 'Schlosser', 'roskothhans-wolfgang@example.org', '(1275) 278861', 'Pilot', 'Sponsor', 'de', 'CUST-1012_DUP'),
  ('CON-00244', 'Slawomir', 'Kobelt', 'girschnerapollonia@example.org', '4189359002', 'Polizist', 'End User', 'German', 'CUST-1112_DUP');

INSERT INTO Opportunity (Id, Name, StageName, CloseDate, Amount, CurrencyIsoCode, AccountId) VALUES
  ('OPP-00001', 'Re-Contextualize Vertical Experiences', 'closed won', '20260329', '0', 'Euro', 'CUST-1001'),
  ('OPP-00002', 'Envisioneer Global Platforms', 'closed won', '2/3/2025', '-383632.13', 'Dollar', 'CUST-1002'),
  ('OPP-00003', 'Synergize Intuitive Action-Items', 'In Prüfung', '2027-01-12', '325776.81', 'chf', 'CUST-1002'),
  ('OPP-00004', 'Extend Leading-Edge Schemas', 'LOST', '7/29/2025', 'EUR 42543.61', 'chf', 'CUST-1002'),
  ('OPP-00005', 'Envisioneer Magnetic Relationships', 'Prospecting', '20250617', '-254615.47', 'chf', 'CUST-1002'),
  ('OPP-00006', 'Exploit Customized Markets', 'Prospect', '13.11.2026', '304746.21', 'USD', 'CUST-1003'),
  ('OPP-00007', 'Unleash Dynamic Paradigms', 'Closed Lost', '20240729', '-3808.88', 'Dollar', 'CUST-1004'),
  ('OPP-00008', 'Benchmark Revolutionary Users', 'Prospecting', '20261225', '25604.38', 'chf', 'CUST-1004'),
  ('OPP-00009', 'Morph Customized Functionalities', 'prospecting', '20260614', '-329382.47', '£', 'CUST-1004'),
  ('OPP-00010', 'Implement Next-Generation Platforms', 'Prospect', '2025-10-22', '60.702,05', 'eur', 'CUST-1004'),
  ('OPP-00011', 'Exploit World-Class Technologies', 'PROSPECTING', '2025-07-13', '0', 'CHF', 'CUST-1005'),
  ('OPP-00012', 'Monetize Collaborative Systems', 'LOST', '5/19/2026', '6868.26', 'Dollar', 'CUST-1005'),
  ('OPP-00013', 'Maximize User-Centric Schemas', 'closed won', '2/27/2025', '-299137.54', 'EUR', 'CUST-1005'),
  ('OPP-00014', 'Drive Dynamic E-Tailers', 'Qualifikation', '28.03.2025', 'EUR 384506.01', 'GBP', 'CUST-1006'),
  ('OPP-00015', 'Strategize Dynamic Partnerships', 'Prospect', '8/5/2024', 'EUR 410097.1', 'CHF', 'CUST-1006'),
  ('OPP-00016', 'Evolve Value-Added Initiatives', 'Qualifikation', '2027-01-23', 'None', 'GBP', 'CUST-1006'),
  ('OPP-00017', 'Leverage Out-Of-The-Box Convergence', 'Quali', '10/12/2024', '-218452.81', 'chf', 'CUST-1007'),
  ('OPP-00018', 'Embrace Out-Of-The-Box Synergies', 'Gewonnen', '2026-05-02', '-333437.6', 'Dollar', 'CUST-1007'),
  ('OPP-00019', 'Facilitate Innovative Metrics', 'Closed Lost', '8/5/2025', '150.721,39', 'usd', 'CUST-1008'),
  ('OPP-00020', 'Matrix Back-End Paradigms', 'Abgeschlossen (Gewonnen)', '8/29/2024', '327920.68', 'CHF', 'CUST-1008'),
  ('OPP-00021', 'Grow Virtual E-Services', 'In Kontakt', '07.07.2026', 'EUR 362169.84', 'GBP', 'CUST-1009'),
  ('OPP-00022', 'Synergize Next-Generation Web-Readiness', 'Abgeschlossen (Verloren)', '2027-06-05', '304.674,17', 'CHF', 'CUST-1010'),
  ('OPP-00023', 'Mesh Out-Of-The-Box Initiatives', 'In Prüfung', '17.09.2025', '-261039.27', 'CHF', 'CUST-1011'),
  ('OPP-00024', 'Strategize Impactful Infrastructures', 'Closed Lost', '20270308', '0', 'EUR', 'CUST-1011'),
  ('OPP-00025', 'Target Distributed Metrics', 'Qualification', '20241223', 'EUR 62349.18', 'Dollar', 'CUST-1012'),
  ('OPP-00026', 'Synthesize End-To-End Portals', 'lost', '20250113', '-198412.58', 'USD', 'CUST-1013'),
  ('OPP-00027', 'Engineer Collaborative Portals', 'closed won', '2025-05-05', 'EUR 278113.63', 'eur', 'CUST-1013'),
  ('OPP-00028', 'Benchmark Front-End Niches', 'Prospect', '17.01.2025', 'EUR 158502.63', 'chf', 'CUST-1014'),
  ('OPP-00029', 'Unleash Value-Added E-Business', 'Quali', '20260830', '477496.13', '€', 'CUST-1014'),
  ('OPP-00030', 'Revolutionize Extensible Metrics', 'Qualification', '16.04.2025', '209.834,29', 'GBP', 'CUST-1015'),
  ('OPP-00031', 'Visualize Compelling Metrics', 'Abgeschlossen (Verloren)', '2024-07-05', 'EUR 275043.42', 'USD', 'CUST-1015'),
  ('OPP-00032', 'Exploit Interactive Markets', 'In Kontakt', '20251226', 'EUR 176316.82', 'eur', 'CUST-1015'),
  ('OPP-00033', 'Embrace Visionary Solutions', 'Quali', '02.02.2027', 'None', 'Euro', 'CUST-1015'),
  ('OPP-00034', 'Re-Contextualize Extensible Initiatives', 'closed won', '04.11.2025', 'EUR 72411.24', 'gbp', 'CUST-1016'),
  ('OPP-00035', 'Generate Robust Systems', 'LOST', '5/29/2027', '168.822,52', 'Euro', 'CUST-1016'),
  ('OPP-00036', 'Transform Revolutionary Networks', 'Abgeschlossen (Gewonnen)', '12.09.2025', '-176902.95', 'GBP', 'CUST-1017'),
  ('OPP-00037', 'E-Enable Next-Generation Mindshare', 'lost', '8/1/2024', '81.201,91', '£', 'CUST-1017'),
  ('OPP-00038', 'Embrace Real-Time Users', 'Gewonnen', '5/24/2026', '1636.9', 'chf', 'CUST-1017'),
  ('OPP-00039', 'Enable Granular Web Services', 'Won', '20260316', '207.674,38', 'USD', 'CUST-1018'),
  ('OPP-00040', 'Mesh Sticky Synergies', 'Gewonnen', '20260616', '113271.87', 'CHF', 'CUST-1018'),
  ('OPP-00041', 'E-Enable Revolutionary Content', 'Abgeschlossen (Verloren)', '2026-07-19', 'None', 'USD', 'CUST-1018'),
  ('OPP-00042', 'Aggregate B2B Initiatives', 'In Kontakt', '11/27/2026', '104.820,14', 'Dollar', 'CUST-1019'),
  ('OPP-00043', 'Streamline Best-Of-Breed Architectures', 'LOST', '09.06.2026', '-80452.38', 'gbp', 'CUST-1020'),
  ('OPP-00044', 'Utilize Ubiquitous Info-Mediaries', 'Won', '27.07.2024', 'EUR 264593.04', '€', 'CUST-1020'),
  ('OPP-00045', 'Extend Magnetic Methodologies', 'Quali', '20260622', '-277823.25', '$', 'CUST-1020'),
  ('OPP-00046', 'Utilize Collaborative Infrastructures', 'lost', '2027-03-23', '-32712.7', 'eur', 'CUST-1021'),
  ('OPP-00047', 'Brand Synergistic Relationships', 'Verloren', '2026-02-07', '166.380,96', 'CHF', 'CUST-1021'),
  ('OPP-00048', 'Drive Holistic Architectures', 'closed won', '8/23/2025', '-278184.4', '£', 'CUST-1021'),
  ('OPP-00049', 'Embrace End-To-End Channels', 'Qualification', '2024-09-17', '103336.23', 'usd', 'CUST-1021'),
  ('OPP-00050', 'Disintermediate Collaborative Systems', 'Abgeschlossen (Verloren)', '12/15/2025', '-345659.61', '£', 'CUST-1022'),
  ('OPP-00051', 'Enable Cross-Media Networks', 'LOST', '10/16/2024', 'EUR 51100.7', 'eur', 'CUST-1022'),
  ('OPP-00052', 'Evolve Seamless Architectures', 'Gewonnen', '29.03.2025', 'EUR 441327.25', 'Dollar', 'CUST-1022'),
  ('OPP-00053', 'Expedite Web-Enabled Solutions', 'Closed Won', '2026-01-16', '-411193.37', 'CHF', 'CUST-1023'),
  ('OPP-00054', 'Deliver End-To-End Applications', 'In Kontakt', '2025-09-02', '389633.72', 'gbp', 'CUST-1023'),
  ('OPP-00055', 'Aggregate Frictionless Bandwidth', 'Qualification', '2026-04-06', '43912.43', '£', 'CUST-1023'),
  ('OPP-00056', 'Morph Bricks-And-Clicks Models', 'LOST', '2027-03-04', 'EUR 256990.76', 'CHF', 'CUST-1024'),
  ('OPP-00057', 'Innovate Innovative Roi', 'Closed Won', '1/6/2027', '175.417,43', 'CHF', 'CUST-1025'),
  ('OPP-00058', 'Re-Contextualize Magnetic Partnerships', 'LOST', '20270531', '0', 'eur', 'CUST-1025'),
  ('OPP-00059', 'Engage Global Convergence', 'Prospect', '23.03.2025', '96.734,97', 'chf', 'CUST-1025'),
  ('OPP-00060', 'Evolve Visionary Experiences', 'Abgeschlossen (Verloren)', '10/23/2024', 'EUR 264787.92', 'Euro', 'CUST-1025'),
  ('OPP-00061', 'Re-Intermediate Scalable Content', 'Prospecting', '2027-06-01', '428.429,90', '£', 'CUST-1026'),
  ('OPP-00062', 'Extend Sticky Relationships', 'Gewonnen', '20241220', '-25371.58', 'chf', 'CUST-1026'),
  ('OPP-00063', 'Morph Plug-And-Play Users', 'Closed Won', '2025-04-24', '-169817.58', 'chf', 'CUST-1027'),
  ('OPP-00064', 'Cultivate Virtual Vortals', 'In Kontakt', '3/1/2027', '-120228.71', '$', 'CUST-1027'),
  ('OPP-00065', 'Synthesize Open-Source E-Tailers', 'lost', '20251203', '59720.75', 'Euro', 'CUST-1027'),
  ('OPP-00066', 'Productize Frictionless Info-Mediaries', 'qualification', '2026-09-23', '231.193,16', 'chf', 'CUST-1027'),
  ('OPP-00067', 'Deploy Strategic Metrics', 'Quali', '1/20/2027', '-310510.75', 'usd', 'CUST-1028'),
  ('OPP-00068', 'Drive Compelling Channels', 'Qualification', '25.10.2026', '167496.67', '$', 'CUST-1028'),
  ('OPP-00069', 'Revolutionize Rich Web-Readiness', 'Quali', '20240706', 'EUR 96307.32', 'USD', 'CUST-1029'),
  ('OPP-00070', 'Orchestrate Revolutionary Models', 'Closed Lost', '19.12.2026', '-15207.08', 'gbp', 'CUST-1029'),
  ('OPP-00071', 'Architect Frictionless Roi', 'lost', '20260411', 'EUR 175749.78', '£', 'CUST-1029'),
  ('OPP-00072', 'Incentivize Innovative Partnerships', 'Closed Won', '20250830', '27501.29', 'chf', 'CUST-1029'),
  ('OPP-00073', 'Target Virtual Experiences', 'Won', '20251030', 'EUR 476276.13', 'gbp', 'CUST-1030'),
  ('OPP-00074', 'Orchestrate Next-Generation E-Commerce', 'In Kontakt', '20260226', '197.610,80', 'chf', 'CUST-1031'),
  ('OPP-00075', 'Brand 24/365 Architectures', 'Closed Lost', '5/31/2026', '-357704.85', 'Dollar', 'CUST-1032'),
  ('OPP-00076', 'Engineer Viral Interfaces', 'Qualifikation', '01.09.2025', 'EUR 354283.22', '£', 'CUST-1032'),
  ('OPP-00077', 'Implement 24/365 Methodologies', 'In Kontakt', '20241028', '196224.44', 'CHF', 'CUST-1032'),
  ('OPP-00078', 'Engage Open-Source Web Services', 'lost', '03.01.2027', '-15825.79', 'chf', 'CUST-1032'),
  ('OPP-00079', 'Redefine Plug-And-Play Action-Items', 'In Prüfung', '24.10.2024', '-219899.07', 'USD', 'CUST-1033'),
  ('OPP-00080', 'Whiteboard Proactive Infrastructures', 'Prospect', '20270329', '-416156.95', 'gbp', 'CUST-1033'),
  ('OPP-00081', 'Facilitate Back-End Portals', 'In Kontakt', '9/25/2024', '490574.05', 'USD', 'CUST-1034'),
  ('OPP-00082', 'E-Enable Distributed Technologies', 'Verloren', '20250103', '38240.22', 'Dollar', 'CUST-1034'),
  ('OPP-00083', 'Benchmark Strategic Info-Mediaries', 'Prospect', '13.11.2025', 'EUR 152912.15', '£', 'CUST-1034'),
  ('OPP-00084', 'Repurpose Clicks-And-Mortar Roi', 'In Kontakt', '7/12/2025', '435187.54', 'CHF', 'CUST-1035'),
  ('OPP-00085', 'Engineer Best-Of-Breed Metrics', 'Abgeschlossen (Verloren)', '20241212', '323344.07', '$', 'CUST-1036'),
  ('OPP-00086', 'Envisioneer Cutting-Edge Roi', 'Abgeschlossen (Verloren)', '06.11.2024', 'EUR 70957.53', 'eur', 'CUST-1037'),
  ('OPP-00087', 'Enhance Sticky Technologies', 'Won', '20251112', 'None', 'chf', 'CUST-1037'),
  ('OPP-00088', 'Utilize Out-Of-The-Box Methodologies', 'Qualifikation', '20250217', '153.105,88', 'chf', 'CUST-1038'),
  ('OPP-00089', 'Scale Efficient Synergies', 'prospecting', '2026-06-13', '-497709.02', 'Dollar', 'CUST-1038'),
  ('OPP-00090', 'Redefine Rich E-Services', 'Abgeschlossen (Gewonnen)', '3/22/2025', '483424.14', 'usd', 'CUST-1038'),
  ('OPP-00091', 'Architect Intuitive Functionalities', 'prospecting', '2025-07-08', '-374680.99', 'chf', 'CUST-1038'),
  ('OPP-00092', 'Transform Customized Partnerships', 'In Prüfung', '19.01.2026', '101.743,05', 'eur', 'CUST-1039'),
  ('OPP-00093', 'Evolve Bricks-And-Clicks E-Markets', 'In Kontakt', '20260106', '144.533,12', 'eur', 'CUST-1039'),
  ('OPP-00094', 'Productize Real-Time Applications', 'In Prüfung', '2025-02-05', '412661.89', 'CHF', 'CUST-1039'),
  ('OPP-00095', 'Cultivate Proactive Bandwidth', 'Abgeschlossen (Gewonnen)', '10.09.2025', '-160152.76', '$', 'CUST-1040'),
  ('OPP-00096', 'Aggregate Turn-Key Channels', 'Abgeschlossen (Verloren)', '2/26/2025', 'EUR 195521.55', 'chf', 'CUST-1040'),
  ('OPP-00097', 'Redefine Proactive Web Services', 'LOST', '2026-10-28', '-334945.68', 'GBP', 'CUST-1040'),
  ('OPP-00098', 'Mesh 24/365 Applications', 'Prospect', '10/21/2024', '204146.28', 'usd', 'CUST-1041'),
  ('OPP-00099', 'Synthesize Revolutionary Paradigms', 'Abgeschlossen (Verloren)', '9/26/2025', 'EUR 244845.96', '£', 'CUST-1041'),
  ('OPP-00100', 'Generate World-Class Applications', 'prospecting', '2025-04-25', '-359111.1', '$', 'CUST-1041'),
  ('OPP-00101', 'Optimize Viral E-Services', 'LOST', '20.08.2025', 'EUR 496801.07', 'Euro', 'CUST-1042'),
  ('OPP-00102', 'Drive Leading-Edge Markets', 'Qualification', '20270102', '-482484.11', 'EUR', 'CUST-1043'),
  ('OPP-00103', 'Expedite Killer Experiences', 'LOST', '20240903', '402413.1', '£', 'CUST-1043'),
  ('OPP-00104', 'Drive Distributed Communities', 'Qualification', '18.05.2025', '349.397,17', 'EUR', 'CUST-1043'),
  ('OPP-00105', 'Incentivize Vertical Action-Items', 'Closed Lost', '2025-04-15', '-26080.34', 'gbp', 'CUST-1043'),
  ('OPP-00106', 'Re-Intermediate Visionary Web Services', 'prospecting', '2025-09-11', 'EUR 431486.53', 'GBP', 'CUST-1044'),
  ('OPP-00107', 'Maximize Efficient E-Tailers', 'lost', '19.05.2026', 'EUR 141388.22', 'eur', 'CUST-1044'),
  ('OPP-00108', 'Brand Open-Source Deliverables', 'In Prüfung', '2024-07-14', '71.382,59', '$', 'CUST-1045'),
  ('OPP-00109', 'Reinvent Impactful Markets', 'Abgeschlossen (Gewonnen)', '29.08.2024', '-90476.99', 'chf', 'CUST-1045'),
  ('OPP-00110', 'Engage User-Centric Functionalities', 'Won', '20251229', '42.800,06', 'Dollar', 'CUST-1046'),
  ('OPP-00111', 'Matrix Cross-Media Roi', 'Verloren', '20241004', '0', 'CHF', 'CUST-1047'),
  ('OPP-00112', 'Synergize Global Convergence', 'Closed Won', '20250624', 'EUR 49324.72', 'CHF', 'CUST-1047'),
  ('OPP-00113', 'Implement Integrated Roi', 'Abgeschlossen (Verloren)', '20250213', '5531.3', 'GBP', 'CUST-1047'),
  ('OPP-00114', 'Embrace B2C Niches', 'Abgeschlossen (Gewonnen)', '28.07.2026', 'None', 'eur', 'CUST-1047'),
  ('OPP-00115', 'Synthesize B2B E-Markets', 'In Kontakt', '04.08.2024', 'EUR 159619.38', 'eur', 'CUST-1048'),
  ('OPP-00116', 'Morph Back-End Portals', 'prospecting', '2027-01-05', 'None', 'Euro', 'CUST-1048'),
  ('OPP-00117', 'Enable Cutting-Edge Convergence', 'Qualification', '2025-09-25', '-260884.64', 'USD', 'CUST-1048'),
  ('OPP-00118', 'Drive Killer Niches', 'Verloren', '20241123', '480.693,48', 'USD', 'CUST-1048'),
  ('OPP-00119', 'Visualize Granular Supply-Chains', 'PROSPECTING', '8/9/2025', 'EUR 458335.39', 'usd', 'CUST-1049'),
  ('OPP-00120', 'Strategize Clicks-And-Mortar Supply-Chains', 'Quali', '2026-01-03', 'EUR 11833.1', 'EUR', 'CUST-1050'),
  ('OPP-00121', 'Unleash Plug-And-Play E-Business', 'Won', '11/14/2024', 'EUR 380362.52', 'GBP', 'CUST-1050'),
  ('OPP-00122', 'Reinvent Synergistic Synergies', 'prospecting', '10/16/2024', '449.543,12', 'eur', 'CUST-1050'),
  ('OPP-00123', 'Scale Value-Added Interfaces', 'closed won', '13.07.2026', 'EUR 225073.42', '€', 'CUST-1051'),
  ('OPP-00124', 'Generate Front-End Web Services', 'lost', '18.04.2026', '417.476,91', 'EUR', 'CUST-1052'),
  ('OPP-00125', 'Morph Value-Added Interfaces', 'Prospecting', '2027-03-06', 'None', '€', 'CUST-1052'),
  ('OPP-00126', 'Benchmark Bricks-And-Clicks Action-Items', 'In Prüfung', '20270115', '50.959,94', 'chf', 'CUST-1052'),
  ('OPP-00127', 'Incubate End-To-End Users', 'Won', '2025-05-14', '385.295,41', 'usd', 'CUST-1053'),
  ('OPP-00128', 'Generate Value-Added Interfaces', 'Qualification', '2026-03-04', '134481.89', 'CHF', 'CUST-1053'),
  ('OPP-00129', 'Strategize Leading-Edge E-Tailers', 'Closed Won', '2025-04-06', '0', 'USD', 'CUST-1053'),
  ('OPP-00130', 'E-Enable Turn-Key Initiatives', 'Abgeschlossen (Gewonnen)', '2025-08-06', 'EUR 198481.58', 'gbp', 'CUST-1054'),
  ('OPP-00131', 'Evolve Distributed Interfaces', 'Won', '30.06.2027', '0', 'EUR', 'CUST-1054'),
  ('OPP-00132', 'Aggregate Synergistic Models', 'Verloren', '25.01.2026', '61761.4', 'chf', 'CUST-1054'),
  ('OPP-00133', 'Benchmark Bleeding-Edge Niches', 'Verloren', '01.01.2027', '-376344.69', 'CHF', 'CUST-1055'),
  ('OPP-00134', 'Optimize Intuitive Technologies', 'Quali', '20251205', '-221635.8', 'Dollar', 'CUST-1055'),
  ('OPP-00135', 'Engage Rich Partnerships', 'Won', '06.01.2026', 'EUR 189852.53', 'Dollar', 'CUST-1055'),
  ('OPP-00136', 'Scale Plug-And-Play Markets', 'qualification', '20260121', 'EUR 294816.0', '$', 'CUST-1056'),
  ('OPP-00137', 'Innovate Dynamic Web Services', 'Prospecting', '2025-06-10', 'None', 'CHF', 'CUST-1056'),
  ('OPP-00138', 'Unleash Clicks-And-Mortar Content', 'Prospect', '6/4/2026', '106.777,30', 'chf', 'CUST-1056'),
  ('OPP-00139', 'Innovate Scalable Relationships', 'closed won', '06.10.2026', 'EUR 311100.07', 'CHF', 'CUST-1056'),
  ('OPP-00140', 'Synthesize Frictionless Bandwidth', 'Prospect', '2/16/2025', '-311495.86', 'Euro', 'CUST-1057'),
  ('OPP-00141', 'Morph B2C Web-Readiness', 'Closed Won', '29.06.2027', '474691.25', 'chf', 'CUST-1057'),
  ('OPP-00142', 'E-Enable Ubiquitous Applications', 'In Prüfung', '7/21/2024', '421.524,16', '$', 'CUST-1058'),
  ('OPP-00143', 'Engage Innovative Relationships', 'Abgeschlossen (Gewonnen)', '2/28/2025', '-396502.74', '£', 'CUST-1058'),
  ('OPP-00144', 'Streamline World-Class Infrastructures', 'PROSPECTING', '08.07.2024', '319.369,96', 'EUR', 'CUST-1058'),
  ('OPP-00145', 'Drive Cross-Media Action-Items', 'LOST', '8/6/2026', 'EUR 371649.15', 'Dollar', 'CUST-1059'),
  ('OPP-00146', 'Productize Vertical E-Business', 'PROSPECTING', '2024-08-10', 'EUR 90824.07', 'chf', 'CUST-1059'),
  ('OPP-00147', 'Mesh B2B Paradigms', 'Gewonnen', '08.06.2027', '-175264.51', 'chf', 'CUST-1060'),
  ('OPP-00148', 'Reinvent Dot-Com Initiatives', 'Prospect', '20251212', '0', 'Dollar', 'CUST-1060'),
  ('OPP-00149', 'Empower Magnetic Deliverables', 'Prospecting', '20250524', '-354167.29', '€', 'CUST-1060'),
  ('OPP-00150', 'Integrate Magnetic Paradigms', 'In Kontakt', '10/12/2024', 'None', 'CHF', 'CUST-1060'),
  ('OPP-00151', 'Incentivize Scalable Web-Readiness', 'Gewonnen', '01.07.2025', 'EUR 174009.01', 'CHF', 'CUST-1061'),
  ('OPP-00152', 'Mesh Strategic Users', 'In Prüfung', '25.10.2024', 'EUR 122736.36', 'GBP', 'CUST-1062'),
  ('OPP-00153', 'Empower Global Metrics', 'Verloren', '7/18/2026', '-146415.85', '$', 'CUST-1062'),
  ('OPP-00154', 'Facilitate Compelling Networks', 'lost', '06.10.2024', '-191899.34', '£', 'CUST-1062'),
  ('OPP-00155', 'Incubate Mission-Critical E-Business', 'Qualifikation', '12/23/2024', '488530.29', 'chf', 'CUST-1063'),
  ('OPP-00156', 'Generate 24/365 Info-Mediaries', 'In Prüfung', '20240904', '22336.78', 'USD', 'CUST-1063'),
  ('OPP-00157', 'Facilitate Visionary Initiatives', 'qualification', '09.05.2025', '382909.02', 'Dollar', 'CUST-1063'),
  ('OPP-00158', 'Synthesize Efficient Eyeballs', 'Won', '2025-09-18', '289563.36', 'GBP', 'CUST-1063'),
  ('OPP-00159', 'Mesh Mission-Critical Deliverables', 'LOST', '24.11.2024', '-277306.27', 'Euro', 'CUST-1064'),
  ('OPP-00160', 'Incentivize Robust Vortals', 'Abgeschlossen (Verloren)', '2024-09-12', '144.082,11', 'USD', 'CUST-1065'),
  ('OPP-00161', 'Incentivize Interactive Platforms', 'prospecting', '2025-07-02', '373751.63', 'CHF', 'CUST-1066'),
  ('OPP-00162', 'Embrace E-Business Relationships', 'lost', '10/11/2025', '287.387,30', 'Dollar', 'CUST-1067'),
  ('OPP-00163', 'Maximize Robust Partnerships', 'Abgeschlossen (Gewonnen)', '20241101', '-450894.94', '£', 'CUST-1067'),
  ('OPP-00164', 'Incubate Efficient Solutions', 'Prospecting', '15.06.2025', '284250.22', 'gbp', 'CUST-1067'),
  ('OPP-00165', 'Transform Synergistic Partnerships', 'Abgeschlossen (Verloren)', '2027-05-14', '143.551,42', 'gbp', 'CUST-1068'),
  ('OPP-00166', 'Reinvent Intuitive E-Services', 'qualification', '20270429', '395.599,81', 'chf', 'CUST-1069'),
  ('OPP-00167', 'Innovate Vertical Solutions', 'In Prüfung', '2026-09-05', 'EUR 151475.28', 'chf', 'CUST-1069'),
  ('OPP-00168', 'Harness Back-End Web Services', 'PROSPECTING', '11/3/2024', '42092.26', 'gbp', 'CUST-1069'),
  ('OPP-00169', 'Unleash Value-Added Content', 'PROSPECTING', '28.10.2026', 'EUR 37995.74', 'Dollar', 'CUST-1070'),
  ('OPP-00170', 'Target Synergistic Metrics', 'qualification', '2025-02-16', '71.768,92', '$', 'CUST-1070'),
  ('OPP-00171', 'Generate End-To-End Metrics', 'In Prüfung', '12.04.2027', '359826.18', 'Dollar', 'CUST-1071'),
  ('OPP-00172', 'Transition Dot-Com Solutions', 'Closed Won', '20251204', '230652.71', 'CHF', 'CUST-1071'),
  ('OPP-00173', 'Benchmark Transparent Info-Mediaries', 'Closed Lost', '20270327', '297892.58', 'GBP', 'CUST-1071'),
  ('OPP-00174', 'Enhance Bleeding-Edge Content', 'Qualifikation', '3/25/2027', '331637.02', 'Euro', 'CUST-1071'),
  ('OPP-00175', 'Revolutionize 24/365 Applications', 'In Kontakt', '2026-12-29', '-289466.57', '£', 'CUST-1072'),
  ('OPP-00176', 'Implement Bleeding-Edge Web Services', 'Prospecting', '25.05.2027', 'EUR 136459.15', 'Dollar', 'CUST-1073'),
  ('OPP-00177', 'Syndicate Strategic Initiatives', 'LOST', '20270204', '91.819,81', 'EUR', 'CUST-1073'),
  ('OPP-00178', 'Target One-To-One Relationships', 'Prospecting', '11/8/2024', '231888.13', 'CHF', 'CUST-1073'),
  ('OPP-00179', 'Transform Strategic Systems', 'Closed Won', '4/24/2026', '260479.44', 'gbp', 'CUST-1074'),
  ('OPP-00180', 'Streamline Cutting-Edge Interfaces', 'In Prüfung', '2026-02-22', 'EUR 87898.81', '€', 'CUST-1074'),
  ('OPP-00181', 'Scale B2B E-Services', 'Abgeschlossen (Gewonnen)', '2026-05-18', '175446.2', 'EUR', 'CUST-1074'),
  ('OPP-00182', 'Morph Dot-Com Functionalities', 'closed won', '2024-08-10', '-36273.55', '€', 'CUST-1075'),
  ('OPP-00183', 'Envisioneer Synergistic Niches', 'Qualifikation', '8/22/2024', '311431.57', '$', 'CUST-1075'),
  ('OPP-00184', 'Facilitate B2C Initiatives', 'closed won', '2026-01-26', '25.990,24', 'USD', 'CUST-1075'),
  ('OPP-00185', 'Morph Mission-Critical Solutions', 'prospecting', '2024-10-30', '402850.67', 'chf', 'CUST-1076'),
  ('OPP-00186', 'Engage Bleeding-Edge Web-Readiness', 'Closed Lost', '2025-02-24', '-177780.46', 'Euro', 'CUST-1076'),
  ('OPP-00187', 'Incubate Web-Enabled Architectures', 'prospecting', '2026-02-05', 'EUR 340956.88', 'usd', 'CUST-1077'),
  ('OPP-00188', 'Embrace Scalable Experiences', 'Verloren', '20250712', '440.858,88', '£', 'CUST-1077'),
  ('OPP-00189', 'Brand Innovative E-Commerce', 'Gewonnen', '2026-07-16', 'EUR 287907.18', 'chf', 'CUST-1077'),
  ('OPP-00190', 'Envisioneer Extensible Markets', 'In Prüfung', '18.04.2027', '353873.42', 'CHF', 'CUST-1077'),
  ('OPP-00191', 'Brand E-Business Solutions', 'Gewonnen', '2026-08-02', '70036.17', 'Euro', 'CUST-1078'),
  ('OPP-00192', 'Seize Scalable Interfaces', 'Prospecting', '09.09.2024', 'EUR 280900.14', '$', 'CUST-1078'),
  ('OPP-00193', 'Brand B2C Roi', 'lost', '6/7/2025', 'EUR 428970.5', 'chf', 'CUST-1078'),
  ('OPP-00194', 'Expedite One-To-One Architectures', 'Closed Won', '10/3/2024', 'EUR 344602.85', '€', 'CUST-1079'),
  ('OPP-00195', 'Drive Extensible Methodologies', 'lost', '2027-06-18', '411.764,09', 'chf', 'CUST-1079'),
  ('OPP-00196', 'Brand 24/365 Web Services', 'Qualifikation', '20.08.2026', '85.598,74', 'chf', 'CUST-1079'),
  ('OPP-00197', 'Re-Contextualize Vertical Convergence', 'closed won', '20250331', '-349383.79', 'chf', 'CUST-1079'),
  ('OPP-00198', 'Transition End-To-End E-Tailers', 'Closed Lost', '20251112', '440.200,92', 'EUR', 'CUST-1080'),
  ('OPP-00199', 'Empower B2C Systems', 'Closed Won', '10/30/2025', '334945.45', 'USD', 'CUST-1080'),
  ('OPP-00200', 'Exploit Transparent Systems', 'Qualification', '6/30/2026', '292806.95', 'Euro', 'CUST-1080'),
  ('OPP-00201', 'Seize Visionary Models', 'LOST', '16.01.2025', '126723.59', 'usd', 'CUST-1080'),
  ('OPP-00202', 'Architect End-To-End Eyeballs', 'In Prüfung', '6/15/2026', '156.306,07', 'Euro', 'CUST-1081'),
  ('OPP-00203', 'Matrix Value-Added Technologies', 'closed won', '1/7/2025', '414.341,09', 'GBP', 'CUST-1081'),
  ('OPP-00204', 'Expedite Cutting-Edge Relationships', 'Prospect', '2025-07-31', '207.085,82', 'Euro', 'CUST-1082'),
  ('OPP-00205', 'Productize Enterprise Infrastructures', 'Closed Won', '1/26/2027', 'EUR 373134.36', '£', 'CUST-1082'),
  ('OPP-00206', 'Iterate Visionary Interfaces', 'Prospect', '2026-11-04', 'None', '£', 'CUST-1082'),
  ('OPP-00207', 'Synergize One-To-One Channels', 'In Kontakt', '10/25/2026', 'EUR 380307.81', 'EUR', 'CUST-1082'),
  ('OPP-00208', 'Synthesize Plug-And-Play Systems', 'Verloren', '1/14/2027', 'EUR 420723.62', 'gbp', 'CUST-1083'),
  ('OPP-00209', 'Repurpose 24/7 Synergies', 'closed won', '2025-01-17', '223529.03', 'CHF', 'CUST-1084'),
  ('OPP-00210', 'Seize Leading-Edge Niches', 'In Kontakt', '20260307', 'EUR 219083.81', '€', 'CUST-1085'),
  ('OPP-00211', 'Facilitate Frictionless E-Services', 'Gewonnen', '2026-11-18', '-51536.72', 'usd', 'CUST-1085'),
  ('OPP-00212', 'Utilize Global Action-Items', 'In Prüfung', '15.01.2026', 'EUR 205932.51', 'gbp', 'CUST-1086'),
  ('OPP-00213', 'Generate Visionary Synergies', 'prospecting', '1/15/2026', '47.708,67', 'eur', 'CUST-1086'),
  ('OPP-00214', 'Utilize Rich Methodologies', 'Quali', '20270509', '411964.52', 'CHF', 'CUST-1087'),
  ('OPP-00215', 'Visualize Clicks-And-Mortar Action-Items', 'In Kontakt', '22.12.2025', 'EUR 375711.33', 'usd', 'CUST-1087'),
  ('OPP-00216', 'Harness Best-Of-Breed Models', 'Won', '20270204', 'EUR 280099.43', 'chf', 'CUST-1087'),
  ('OPP-00217', 'Strategize B2C Infrastructures', 'Prospecting', '01.06.2026', '-213960.86', 'GBP', 'CUST-1087'),
  ('OPP-00218', 'Re-Contextualize World-Class Systems', 'lost', '2025-02-04', '9.803,38', 'Euro', 'CUST-1088'),
  ('OPP-00219', 'E-Enable Vertical Platforms', 'Prospect', '20251029', 'EUR 52622.38', 'Euro', 'CUST-1089'),
  ('OPP-00220', 'Evolve 24/7 Supply-Chains', 'Prospecting', '2024-11-28', '474.092,08', 'GBP', 'CUST-1089'),
  ('OPP-00221', 'Transform Back-End Architectures', 'prospecting', '5/20/2027', '474.606,91', '$', 'CUST-1089'),
  ('OPP-00222', 'Enable Interactive Experiences', 'Abgeschlossen (Verloren)', '1/25/2026', 'None', 'Dollar', 'CUST-1090'),
  ('OPP-00223', 'Implement Leading-Edge Vortals', 'Won', '7/17/2026', 'EUR 221529.28', 'eur', 'CUST-1090'),
  ('OPP-00224', 'Seize Ubiquitous Roi', 'closed won', '2026-06-04', '482.649,70', '£', 'CUST-1091'),
  ('OPP-00225', 'E-Enable Next-Generation Infrastructures', 'Abgeschlossen (Gewonnen)', '31.03.2026', '272910.19', 'chf', 'CUST-1092'),
  ('OPP-00226', 'Reinvent Cross-Media Networks', 'Prospecting', '19.02.2026', 'EUR 307543.16', 'eur', 'CUST-1092'),
  ('OPP-00227', 'Incentivize Open-Source Roi', 'qualification', '20240917', 'EUR 263918.66', 'gbp', 'CUST-1092'),
  ('OPP-00228', 'Whiteboard World-Class Content', 'Quali', '2026-12-28', '0', 'gbp', 'CUST-1093'),
  ('OPP-00229', 'E-Enable User-Centric Networks', 'Gewonnen', '27.10.2025', 'EUR 270764.15', '€', 'CUST-1093'),
  ('OPP-00230', 'Productize Intuitive E-Services', 'Abgeschlossen (Gewonnen)', '20.05.2026', '73.188,75', 'gbp', 'CUST-1093'),
  ('OPP-00231', 'Mesh Back-End Partnerships', 'Gewonnen', '2027-01-28', '-190684.01', '£', 'CUST-1093'),
  ('OPP-00232', 'Architect Killer Relationships', 'Won', '2027-05-19', '-47736.58', 'chf', 'CUST-1094'),
  ('OPP-00233', 'Innovate B2B Systems', 'Prospecting', '8/30/2026', '58.214,27', 'Dollar', 'CUST-1094'),
  ('OPP-00234', 'Seize Real-Time Metrics', 'Verloren', '2025-07-03', '427607.57', 'GBP', 'CUST-1094'),
  ('OPP-00235', 'Repurpose Robust Relationships', 'Won', '20250730', '-400317.76', 'USD', 'CUST-1095'),
  ('OPP-00236', 'Integrate Vertical Functionalities', 'Closed Won', '7/7/2024', '197.202,90', '£', 'CUST-1096'),
  ('OPP-00237', 'Drive World-Class Models', 'Verloren', '2025-01-15', 'EUR 232013.37', 'GBP', 'CUST-1096'),
  ('OPP-00238', 'Productize Transparent Portals', 'Closed Won', '23.01.2026', 'EUR 395393.37', '$', 'CUST-1097'),
  ('OPP-00239', 'Unleash Bleeding-Edge Web Services', 'Verloren', '06.03.2027', 'EUR 197515.61', '€', 'CUST-1097'),
  ('OPP-00240', 'Leverage Cross-Media Users', 'Gewonnen', '08.02.2026', 'EUR 195537.04', 'eur', 'CUST-1098'),
  ('OPP-00241', 'Synergize Distributed Roi', 'Abgeschlossen (Gewonnen)', '11/10/2024', '178130.41', 'gbp', 'CUST-1098'),
  ('OPP-00242', 'Cultivate Collaborative Functionalities', 'Won', '13.06.2025', '386311.72', '$', 'CUST-1098'),
  ('OPP-00243', 'Transition Best-Of-Breed Systems', 'Quali', '12/14/2025', '467905.82', 'CHF', 'CUST-1098'),
  ('OPP-00244', 'Re-Contextualize Killer Paradigms', 'Gewonnen', '2025-02-10', '274879.36', 'Euro', 'CUST-1099'),
  ('OPP-00245', 'Visualize Back-End E-Markets', 'Qualification', '20250414', '0', 'GBP', 'CUST-1099'),
  ('OPP-00246', 'Iterate Frictionless Paradigms', 'Abgeschlossen (Verloren)', '2025-02-21', '121.114,69', 'GBP', 'CUST-1099'),
  ('OPP-00247', 'Iterate Enterprise Communities', 'Won', '2027-04-11', '16759.28', 'CHF', 'CUST-1100'),
  ('OPP-00248', 'Re-Contextualize Transparent Web-Readiness', 'In Prüfung', '13.01.2027', '-189902.91', '€', 'CUST-1101'),
  ('OPP-00249', 'Target Seamless Solutions', 'Prospect', '20250313', '114.417,16', 'Euro', 'CUST-1101'),
  ('OPP-00250', 'Evolve Distributed Systems', 'Qualification', '20270204', '-337070.79', '£', 'CUST-1101'),
  ('OPP-00251', 'Synthesize Dot-Com Functionalities', 'Won', '20251223', '-185507.74', 'USD', 'CUST-1101'),
  ('OPP-00252', 'Synthesize 24/7 Technologies', 'Abgeschlossen (Verloren)', '12.10.2026', '-203319.54', 'EUR', 'CUST-1102'),
  ('OPP-00253', 'Implement Interactive Synergies', 'Quali', '2025-08-06', 'EUR 187858.8', 'Dollar', 'CUST-1102'),
  ('OPP-00254', 'Monetize Best-Of-Breed Experiences', 'closed won', '20240815', 'EUR 478242.57', 'USD', 'CUST-1102'),
  ('OPP-00255', 'Deliver 24/7 Functionalities', 'In Prüfung', '2025-12-18', 'EUR 327609.27', 'CHF', 'CUST-1102'),
  ('OPP-00256', 'Integrate Front-End Communities', 'LOST', '20260114', '191.782,23', 'EUR', 'CUST-1103'),
  ('OPP-00257', 'Re-Contextualize Sticky Mindshare', 'PROSPECTING', '2026-07-24', '158.427,62', 'Euro', 'CUST-1104'),
  ('OPP-00258', 'Orchestrate Cutting-Edge Web Services', 'In Prüfung', '2027-01-05', '-294552.03', 'usd', 'CUST-1104'),
  ('OPP-00259', 'Productize Killer Architectures', 'Gewonnen', '9/6/2026', '465.499,11', 'chf', 'CUST-1104'),
  ('OPP-00260', 'Productize Best-Of-Breed E-Commerce', 'In Prüfung', '20250204', 'EUR 222579.92', 'GBP', 'CUST-1104'),
  ('OPP-00261', 'Cultivate Extensible E-Tailers', 'Abgeschlossen (Gewonnen)', '12.06.2025', '68862.72', 'usd', 'CUST-1105'),
  ('OPP-00262', 'Aggregate Killer Methodologies', 'qualification', '2024-07-01', '487.948,97', 'USD', 'CUST-1106'),
  ('OPP-00263', 'Harness Holistic Initiatives', 'PROSPECTING', '8/5/2025', '0', '$', 'CUST-1107'),
  ('OPP-00264', 'Embrace Plug-And-Play Vortals', 'Prospect', '6/30/2027', '325.123,40', 'USD', 'CUST-1107'),
  ('OPP-00265', 'Innovate Value-Added Eyeballs', 'Prospect', '20241231', 'None', '£', 'CUST-1108'),
  ('OPP-00266', 'Envisioneer Proactive Schemas', 'PROSPECTING', '2024-09-06', '377.160,56', 'Euro', 'CUST-1108'),
  ('OPP-00267', 'Extend Intuitive Networks', 'Abgeschlossen (Verloren)', '9/19/2026', 'EUR 46097.75', 'CHF', 'CUST-1109'),
  ('OPP-00268', 'Deliver Turn-Key Users', 'Quali', '01.07.2024', '213.928,61', '£', 'CUST-1109'),
  ('OPP-00269', 'Maximize Bleeding-Edge Communities', 'prospecting', '2026-02-24', '-183492.44', 'gbp', 'CUST-1109'),
  ('OPP-00270', 'Productize Next-Generation Paradigms', 'Prospecting', '2024-09-12', 'None', 'eur', 'CUST-1110'),
  ('OPP-00271', 'Grow Compelling Info-Mediaries', 'Prospecting', '20260428', '170.221,19', 'GBP', 'CUST-1110'),
  ('OPP-00272', 'Integrate Clicks-And-Mortar E-Business', 'Qualifikation', '11/28/2026', '-131136.79', 'EUR', 'CUST-1110'),
  ('OPP-00273', 'E-Enable Best-Of-Breed Paradigms', 'Qualification', '04.03.2025', '398237.77', 'Dollar', 'CUST-1111'),
  ('OPP-00274', 'Facilitate Innovative Content', 'Abgeschlossen (Gewonnen)', '2026-01-02', 'EUR 148020.79', '€', 'CUST-1112'),
  ('OPP-00275', 'Target Vertical Experiences', 'Closed Won', '12/26/2025', 'EUR 175847.02', 'gbp', 'CUST-1112'),
  ('OPP-00276', 'Unleash Sticky Eyeballs', 'prospecting', '3/20/2026', '36.320,20', 'usd', 'CUST-1113'),
  ('OPP-00277', 'Deploy Cross-Platform Platforms', 'PROSPECTING', '2026-07-15', '79336.87', 'usd', 'CUST-1113'),
  ('OPP-00278', 'Orchestrate 24/365 Paradigms', 'Won', '05.04.2026', 'EUR 20727.97', '€', 'CUST-1114'),
  ('OPP-00279', 'Facilitate Synergistic Models', 'Won', '4/12/2025', '341422.69', 'EUR', 'CUST-1114'),
  ('OPP-00280', 'Deploy Seamless E-Commerce', 'Prospect', '2025-05-01', 'EUR 497936.84', '£', 'CUST-1115'),
  ('OPP-00281', 'Deliver Synergistic Solutions', 'LOST', '06.12.2024', '454897.68', '$', 'CUST-1116'),
  ('OPP-00282', 'Leverage Strategic Partnerships', 'qualification', '6/8/2025', '-475892.2', 'chf', 'CUST-1116'),
  ('OPP-00283', 'E-Enable Front-End Applications', 'Abgeschlossen (Verloren)', '04.04.2026', '-157124.61', '€', 'CUST-1116'),
  ('OPP-00284', 'Streamline Bleeding-Edge Infrastructures', 'In Kontakt', '3/5/2026', 'None', 'gbp', 'CUST-1116'),
  ('OPP-00285', 'Strategize Distributed E-Tailers', 'Prospect', '20250303', 'EUR 347169.31', 'usd', 'CUST-1117'),
  ('OPP-00286', 'E-Enable E-Business Schemas', 'Prospect', '2025-08-03', '298.686,12', 'GBP', 'CUST-1118'),
  ('OPP-00287', 'Architect Compelling Metrics', 'Qualifikation', '20240824', '197583.43', 'chf', 'CUST-1118'),
  ('OPP-00288', 'Cultivate Best-Of-Breed E-Business', 'Prospecting', '20250426', '-60336.92', 'Euro', 'CUST-1119'),
  ('OPP-00289', 'Maximize One-To-One Methodologies', 'lost', '2026-07-02', '-131956.27', 'GBP', 'CUST-1120'),
  ('OPP-00290', 'Iterate Dot-Com Bandwidth', 'Verloren', '29.06.2025', '-351436.15', 'chf', 'CUST-1120'),
  ('OPP-00291', 'Enable Back-End Convergence', 'Abgeschlossen (Verloren)', '2026-11-23', '99412.74', 'CHF', 'CUST-1120'),
  ('OPP-00292', 'Seize E-Business E-Markets', 'Qualifikation', '19.10.2024', '275.246,31', 'chf', 'CUST-1075_DUP'),
  ('OPP-00293', 'Incentivize Cross-Media Bandwidth', 'Prospect', '11/30/2024', 'EUR 407444.95', '£', 'CUST-1075_DUP'),
  ('OPP-00294', 'Exploit Customized Content', 'Qualification', '07.07.2024', '-407141.98', 'usd', 'CUST-1075_DUP'),
  ('OPP-00295', 'Productize World-Class Communities', 'Qualifikation', '20250416', '23857.11', 'GBP', 'CUST-1088_DUP'),
  ('OPP-00296', 'Embrace Transparent Initiatives', 'Verloren', '20270627', '19.596,86', 'USD', 'CUST-1088_DUP'),
  ('OPP-00297', 'Integrate Vertical Niches', 'lost', '3/21/2026', '410085.9', 'GBP', 'CUST-1059_DUP'),
  ('OPP-00298', 'Expedite Mission-Critical Networks', 'prospecting', '20261006', '-230784.38', 'CHF', 'CUST-1103_DUP'),
  ('OPP-00299', 'Transition Next-Generation Solutions', 'Abgeschlossen (Verloren)', '2026-08-30', '314671.32', 'Euro', 'CUST-1012_DUP'),
  ('OPP-00300', 'Scale Granular Info-Mediaries', 'In Kontakt', '2025-07-11', '-385351.25', '£', 'CUST-1012_DUP'),
  ('OPP-00301', 'Redefine Proactive Solutions', 'In Prüfung', '20260512', '483670.86', 'EUR', 'CUST-1112_DUP'),
  ('OPP-00302', 'Cultivate Frictionless Infrastructures', 'Gewonnen', '10/6/2024', '231.815,64', 'Dollar', 'CUST-1112_DUP'),
  ('OPP-00303', 'Benchmark One-To-One Action-Items', 'lost', '11/29/2024', '-2021.7', 'chf', 'CUST-1112_DUP');

INSERT INTO Project__c (Id, Name, Project_Status__c, Go_Live_Date__c, Account__c, Opportunity__c) VALUES
  ('PROJ-00001', 'Reichmann AG Impl.', 'Aktiv', '20270403', 'CUST-1002', 'OPP-00228'),
  ('PROJ-00002', 'Hering Thies GmbH Impl.', 'Planung', '20270110', 'CUST-1002', 'OPP-00154'),
  ('PROJ-00003', 'Geisler Impl.', 'In Planung', '2027-08-11', 'CUST-1002', 'OPP-00047'),
  ('PROJ-00004', 'Bärer Impl.', 'completed', '1/26/2027', 'CUST-1004', 'OPP-00183'),
  ('PROJ-00005', 'Textor Impl.', 'Storniert', '6/12/2028', 'CUST-1004', 'OPP-00253'),
  ('PROJ-00006', 'Geißler Huhn AG Impl.', 'Active', '20270307', 'CUST-1005', 'OPP-00060'),
  ('PROJ-00007', 'Hoffmann Impl.', 'Completed', '20280315', 'CUST-1005', 'OPP-00180'),
  ('PROJ-00008', 'Gude GmbH & Co. KGaA Impl.', 'Completed', '7/21/2027', 'CUST-1005', 'OPP-00130'),
  ('PROJ-00009', 'Junk Impl.', 'Aktiv', '22.02.2028', 'CUST-1006', 'OPP-00168'),
  ('PROJ-00010', 'Wagner Impl.', 'In Planning', 'N/A', 'CUST-1006', 'OPP-00057'),
  ('PROJ-00011', 'Wilmsen GmbH Impl.', 'On Hold', '10/13/2025', 'CUST-1007', 'OPP-00242'),
  ('PROJ-00012', 'Rudolph GbR Impl.', 'On Hold', '1/21/2026', 'CUST-1007', 'OPP-00198'),
  ('PROJ-00013', 'Klemt Impl.', 'on hold', '0000-00-00', 'CUST-1007', 'OPP-00205'),
  ('PROJ-00014', 'Fiebig Impl.', 'active', '14.03.2027', 'CUST-1011', 'OPP-00132'),
  ('PROJ-00015', 'Haering Impl.', 'Abgeschlossen', '11.12.2027', 'CUST-1011', 'OPP-00291'),
  ('PROJ-00016', 'Seifert KG Impl.', 'Planung', '20270205', 'CUST-1012', 'OPP-00188'),
  ('PROJ-00017', 'Mangold GmbH & Co. OHG Impl.', 'Abgeschlossen', '2026-09-15', 'CUST-1013', 'OPP-00128'),
  ('PROJ-00018', 'Heydrich Dörr GmbH & Co. OHG Impl.', 'Active', '2027-09-16', 'CUST-1013', 'OPP-00284'),
  ('PROJ-00019', 'Süßebier Impl.', 'Storniert', '2026-10-28', 'CUST-1013', 'OPP-00217'),
  ('PROJ-00020', 'Beier Stiftung & Co. KG Impl.', 'In Planning', '19.09.2025', 'CUST-1015', 'OPP-00202'),
  ('PROJ-00021', 'Hermann AG & Co. KGaA Impl.', 'completed', '25.11.2025', 'CUST-1015', 'OPP-00045'),
  ('PROJ-00022', 'Bolzmann KG Impl.', 'Aktiv', '0000-00-00', 'CUST-1016', 'OPP-00240'),
  ('PROJ-00023', 'Gieß KG Impl.', 'Planung', '20280528', 'CUST-1016', 'OPP-00091'),
  ('PROJ-00024', 'Ditschlerin AG Impl.', 'completed', '20250721', 'CUST-1016', 'OPP-00137'),
  ('PROJ-00025', 'Klemm Impl.', 'Pausiert', '20280317', 'CUST-1017', 'OPP-00082'),
  ('PROJ-00026', 'Schenk Stiftung & Co. KGaA Impl.', 'active', '20251124', 'CUST-1017', 'OPP-00059'),
  ('PROJ-00027', 'Römer e.G. Impl.', 'Completed', '2026-01-10', 'CUST-1019', 'OPP-00088'),
  ('PROJ-00028', 'Nette KG Impl.', 'Active', '2027-03-05', 'CUST-1019', 'OPP-00276'),
  ('PROJ-00029', 'Lübs Impl.', 'Storniert', '0000-00-00', 'CUST-1020', 'OPP-00230'),
  ('PROJ-00030', 'Hübel GmbH Impl.', 'Aktiv', '20260427', 'CUST-1020', 'OPP-00052'),
  ('PROJ-00031', 'Rohleder GmbH & Co. KG Impl.', 'Storniert', '0000-00-00', 'CUST-1021', 'OPP-00076'),
  ('PROJ-00032', 'Matthäi Impl.', 'cancelled', '20271223', 'CUST-1021', 'OPP-00067'),
  ('PROJ-00033', 'Zobel Impl.', 'On Hold', '2027-07-16', 'CUST-1021', 'OPP-00276'),
  ('PROJ-00034', 'Hermann GmbH Impl.', 'on hold', '2027-12-16', 'CUST-1022', 'OPP-00224'),
  ('PROJ-00035', 'Flantz Margraf GmbH Impl.', 'On Hold', '2027-07-15', 'CUST-1022', 'OPP-00288'),
  ('PROJ-00036', 'Textor e.G. Impl.', 'In Planning', '2/21/2028', 'CUST-1022', 'OPP-00120'),
  ('PROJ-00037', 'Meister Impl.', 'Abgeschlossen', '24.05.2026', 'CUST-1023', 'OPP-00095'),
  ('PROJ-00038', 'Jacob GmbH Impl.', 'cancelled', '2027-03-27', 'CUST-1023', 'OPP-00044'),
  ('PROJ-00039', 'Seip Impl.', 'Aktiv', '20260115', 'CUST-1023', 'OPP-00118'),
  ('PROJ-00040', 'Stiffel Impl.', 'Completed', '2027-10-19', 'CUST-1024', 'OPP-00133'),
  ('PROJ-00041', 'Hörle KG Impl.', 'In Planung', NULL, 'CUST-1024', 'OPP-00134'),
  ('PROJ-00042', 'Tschentscher Impl.', 'In Planning', NULL, 'CUST-1025', 'OPP-00021'),
  ('PROJ-00043', 'Christoph e.V. Impl.', 'Planung', '5/22/2028', 'CUST-1026', 'OPP-00103'),
  ('PROJ-00044', 'Geisler GbR Impl.', 'Cancelled', '1/7/2026', 'CUST-1026', 'OPP-00259'),
  ('PROJ-00045', 'Geißler Hornig GmbH Impl.', 'active', '2027-06-03', 'CUST-1026', 'OPP-00115'),
  ('PROJ-00046', 'Schulz AG & Co. KGaA Impl.', 'Pausiert', '4/1/2027', 'CUST-1027', 'OPP-00148'),
  ('PROJ-00047', 'Schlosser Impl.', 'In Planning', '13.12.2025', 'CUST-1028', 'OPP-00099'),
  ('PROJ-00048', 'Kusch Impl.', 'Cancelled', '10/11/2027', 'CUST-1028', 'OPP-00118'),
  ('PROJ-00049', 'Bohlander Impl.', 'completed', '20260305', 'CUST-1028', 'OPP-00258'),
  ('PROJ-00050', 'Gröttner Sölzer AG & Co. OHG Impl.', 'Aktiv', '2025-08-10', 'CUST-1029', 'OPP-00054'),
  ('PROJ-00051', 'Kreusel Linke KG Impl.', 'In Planning', 'N/A', 'CUST-1029', 'OPP-00242'),
  ('PROJ-00052', 'Adler Vogt GmbH Impl.', 'In Planung', 'N/A', 'CUST-1032', 'OPP-00071'),
  ('PROJ-00053', 'Atzler Gerlach OHG mbH Impl.', 'on hold', '11.06.2026', 'CUST-1033', 'OPP-00090'),
  ('PROJ-00054', 'Klapp Impl.', 'completed', '20280605', 'CUST-1034', 'OPP-00056'),
  ('PROJ-00055', 'Fechner GmbH & Co. KGaA Impl.', 'Active', '14.01.2027', 'CUST-1035', 'OPP-00139'),
  ('PROJ-00056', 'Stiffel AG & Co. KG Impl.', 'In Planning', '8/11/2025', 'CUST-1036', 'OPP-00140'),
  ('PROJ-00057', 'Winkler Süßebier AG & Co. OHG Impl.', 'Active', '2027-03-24', 'CUST-1037', 'OPP-00149'),
  ('PROJ-00058', 'Wohlgemut Impl.', 'Aktiv', '25.03.2026', 'CUST-1038', 'OPP-00043'),
  ('PROJ-00059', 'Lindau Impl.', 'On Hold', '20280622', 'CUST-1038', 'OPP-00175'),
  ('PROJ-00060', 'Herrmann Impl.', 'active', '2026-07-11', 'CUST-1038', 'OPP-00267'),
  ('PROJ-00061', 'Schottin Impl.', 'completed', '25.04.2027', 'CUST-1039', 'OPP-00144'),
  ('PROJ-00062', 'Wirth Stiftung & Co. KGaA Impl.', 'In Planning', 'N/A', 'CUST-1039', 'OPP-00118'),
  ('PROJ-00063', 'Bruder Impl.', 'active', '5/3/2026', 'CUST-1040', 'OPP-00272'),
  ('PROJ-00064', 'Wirth Schäfer e.G. Impl.', 'Planung', NULL, 'CUST-1040', 'OPP-00024'),
  ('PROJ-00065', 'Geisel e.V. Impl.', 'In Planung', '18.08.2027', 'CUST-1040', 'OPP-00224'),
  ('PROJ-00066', 'Roht Kade e.G. Impl.', 'completed', '13.02.2028', 'CUST-1041', 'OPP-00046'),
  ('PROJ-00067', 'Speer Zirme e.G. Impl.', 'Pausiert', '2027-03-23', 'CUST-1042', 'OPP-00111'),
  ('PROJ-00068', 'Christoph OHG mbH Impl.', 'In Planung', '20250930', 'CUST-1042', 'OPP-00124'),
  ('PROJ-00069', 'Weitzel Lorch e.G. Impl.', 'Cancelled', '19.03.2026', 'CUST-1042', 'OPP-00239'),
  ('PROJ-00070', 'Wagenknecht Mielcarek GmbH & Co. KG Impl.', 'Completed', '3/23/2028', 'CUST-1043', 'OPP-00232'),
  ('PROJ-00071', 'Scheuermann GmbH & Co. KG Impl.', 'Cancelled', '19.12.2025', 'CUST-1043', 'OPP-00180'),
  ('PROJ-00072', 'Biggen e.G. Impl.', 'Pausiert', NULL, 'CUST-1044', 'OPP-00253'),
  ('PROJ-00073', 'Fischer Schönland OHG mbH Impl.', 'cancelled', '4/10/2026', 'CUST-1044', 'OPP-00133'),
  ('PROJ-00074', 'Vollbrecht AG Impl.', 'completed', '20270927', 'CUST-1044', 'OPP-00280'),
  ('PROJ-00075', 'Pruschke Impl.', 'In Planning', '20260918', 'CUST-1045', 'OPP-00229'),
  ('PROJ-00076', 'Trüb GmbH & Co. KGaA Impl.', 'cancelled', '20270201', 'CUST-1045', 'OPP-00290'),
  ('PROJ-00077', 'Butte Impl.', 'Completed', '20280119', 'CUST-1045', 'OPP-00248'),
  ('PROJ-00078', 'Wieloch GmbH Impl.', 'Cancelled', '1/22/2028', 'CUST-1047', 'OPP-00286'),
  ('PROJ-00079', 'Winkler Impl.', 'completed', '2027-03-30', 'CUST-1047', 'OPP-00061'),
  ('PROJ-00080', 'Freudenberger Preiß KG Impl.', 'Pausiert', '20261004', 'CUST-1048', 'OPP-00253'),
  ('PROJ-00081', 'Lehmann Kaul AG & Co. KG Impl.', 'on hold', '2026-06-12', 'CUST-1048', 'OPP-00015'),
  ('PROJ-00082', 'Finke AG Impl.', 'In Planning', '2027-07-16', 'CUST-1049', 'OPP-00020'),
  ('PROJ-00083', 'Söding GmbH & Co. KG Impl.', 'Completed', '11.10.2026', 'CUST-1050', 'OPP-00194'),
  ('PROJ-00084', 'Holsten Impl.', 'completed', '9/3/2027', 'CUST-1051', 'OPP-00132'),
  ('PROJ-00085', 'Bohnbach Impl.', 'Cancelled', '20271112', 'CUST-1051', 'OPP-00148'),
  ('PROJ-00086', 'Kraus Impl.', 'On Hold', '20260130', 'CUST-1052', 'OPP-00158'),
  ('PROJ-00087', 'Drub Impl.', 'Abgeschlossen', '1/6/2027', 'CUST-1052', 'OPP-00299'),
  ('PROJ-00088', 'Rose Lehmann AG & Co. KGaA Impl.', 'In Planning', '20260528', 'CUST-1053', 'OPP-00159'),
  ('PROJ-00089', 'Ditschlerin Dörr KG Impl.', 'Abgeschlossen', '6/5/2027', 'CUST-1053', 'OPP-00236'),
  ('PROJ-00090', 'Franke Impl.', 'Cancelled', '20250715', 'CUST-1053', 'OPP-00208'),
  ('PROJ-00091', 'Beier e.V. Impl.', 'cancelled', '20270328', 'CUST-1054', 'OPP-00129'),
  ('PROJ-00092', 'Butte Kuhl GmbH & Co. KGaA Impl.', 'Planung', '8/31/2027', 'CUST-1055', 'OPP-00226'),
  ('PROJ-00093', 'Hermann Walter KG Impl.', 'Active', 'N/A', 'CUST-1055', 'OPP-00241'),
  ('PROJ-00094', 'Losekann Impl.', 'In Planung', '20261024', 'CUST-1055', 'OPP-00284'),
  ('PROJ-00095', 'Rust Impl.', 'active', '3/19/2027', 'CUST-1059', 'OPP-00043'),
  ('PROJ-00096', 'Linke Ditschlerin AG Impl.', 'active', '0000-00-00', 'CUST-1061', 'OPP-00293'),
  ('PROJ-00097', 'Briemer Fiebig KG Impl.', 'Abgeschlossen', '0000-00-00', 'CUST-1065', 'OPP-00197'),
  ('PROJ-00098', 'Naser Bärer AG Impl.', 'cancelled', '27.03.2026', 'CUST-1065', 'OPP-00044'),
  ('PROJ-00099', 'Aumann Textor KGaA Impl.', 'In Planung', '2028-05-28', 'CUST-1065', 'OPP-00263'),
  ('PROJ-00100', 'Jäkel Tlustek GmbH & Co. KGaA Impl.', 'Pausiert', '7/27/2027', 'CUST-1069', 'OPP-00125'),
  ('PROJ-00101', 'Flantz Impl.', 'Active', '2026-12-04', 'CUST-1069', 'OPP-00121'),
  ('PROJ-00102', 'Junitz GmbH & Co. KG Impl.', 'Active', '10.01.2026', 'CUST-1070', 'OPP-00287'),
  ('PROJ-00103', 'Bohlander AG Impl.', 'Pausiert', '9/23/2027', 'CUST-1072', 'OPP-00258'),
  ('PROJ-00104', 'Drub Hellwig KG Impl.', 'Abgeschlossen', '20250902', 'CUST-1072', 'OPP-00260'),
  ('PROJ-00105', 'Bähr Impl.', 'cancelled', '2025-12-19', 'CUST-1073', 'OPP-00222'),
  ('PROJ-00106', 'Drub e.V. Impl.', 'on hold', '2028-06-08', 'CUST-1074', 'OPP-00280'),
  ('PROJ-00107', 'Killer Rogner GmbH Impl.', 'Planung', '20260217', 'CUST-1076', 'OPP-00065'),
  ('PROJ-00108', 'Hoffmann GbR Impl.', 'On Hold', '29.06.2027', 'CUST-1077', 'OPP-00132'),
  ('PROJ-00109', 'Pohl Impl.', 'active', '01.03.2026', 'CUST-1078', 'OPP-00091'),
  ('PROJ-00110', 'Nerger Stiftung & Co. KGaA Impl.', 'Cancelled', '12/30/2026', 'CUST-1078', 'OPP-00121'),
  ('PROJ-00111', 'Peukert Hellwig e.V. Impl.', 'Active', '27.12.2026', 'CUST-1079', 'OPP-00078'),
  ('PROJ-00112', 'Drub Impl.', 'On Hold', '2027-06-26', 'CUST-1079', 'OPP-00292'),
  ('PROJ-00113', 'Gerlach GbR Impl.', 'Cancelled', '14.04.2026', 'CUST-1079', 'OPP-00031'),
  ('PROJ-00114', 'Lange Impl.', 'completed', '8/29/2025', 'CUST-1080', 'OPP-00056'),
  ('PROJ-00115', 'Dowerg Rudolph KG Impl.', 'Cancelled', 'N/A', 'CUST-1080', 'OPP-00128'),
  ('PROJ-00116', 'Zänker Fischer AG Impl.', 'active', '2026-01-08', 'CUST-1080', 'OPP-00210'),
  ('PROJ-00117', 'Peukert GmbH Impl.', 'active', '3/4/2026', 'CUST-1082', 'OPP-00123'),
  ('PROJ-00118', 'Hövel Impl.', 'completed', '08.01.2027', 'CUST-1082', 'OPP-00246'),
  ('PROJ-00119', 'Ullrich AG Impl.', 'Storniert', '12/28/2025', 'CUST-1083', 'OPP-00152'),
  ('PROJ-00120', 'Ebert Impl.', 'On Hold', NULL, 'CUST-1083', 'OPP-00014'),
  ('PROJ-00121', 'Römer Harloff GmbH & Co. OHG Impl.', 'Planung', '28.03.2027', 'CUST-1084', 'OPP-00251'),
  ('PROJ-00122', 'Hiller Hentschel GmbH Impl.', 'In Planung', '20250718', 'CUST-1084', 'OPP-00112'),
  ('PROJ-00123', 'Hartmann Beer GbR Impl.', 'In Planung', '10/2/2027', 'CUST-1084', 'OPP-00018'),
  ('PROJ-00124', 'Langern Impl.', 'completed', NULL, 'CUST-1085', 'OPP-00174'),
  ('PROJ-00125', 'Hartmann Weihmann GbR Impl.', 'completed', '5/17/2027', 'CUST-1085', 'OPP-00183'),
  ('PROJ-00126', 'Berger e.V. Impl.', 'Cancelled', '7/30/2027', 'CUST-1085', 'OPP-00189'),
  ('PROJ-00127', 'Söding Impl.', 'active', '2027-02-11', 'CUST-1086', 'OPP-00259'),
  ('PROJ-00128', 'Atzler Ackermann KG Impl.', 'cancelled', '12/3/2027', 'CUST-1086', 'OPP-00244'),
  ('PROJ-00129', 'Pohl Stadelmann AG & Co. KGaA Impl.', 'Cancelled', '2028-05-04', 'CUST-1086', 'OPP-00182'),
  ('PROJ-00130', 'Ditschlerin Impl.', 'active', '6/14/2028', 'CUST-1088', 'OPP-00054'),
  ('PROJ-00131', 'Roskoth KG Impl.', 'Storniert', 'N/A', 'CUST-1088', 'OPP-00049'),
  ('PROJ-00132', 'Mülichen KG Impl.', 'completed', '8/27/2027', 'CUST-1088', 'OPP-00254'),
  ('PROJ-00133', 'Wilms AG & Co. OHG Impl.', 'In Planning', 'N/A', 'CUST-1091', 'OPP-00203'),
  ('PROJ-00134', 'Etzler e.G. Impl.', 'Active', '20250811', 'CUST-1091', 'OPP-00110'),
  ('PROJ-00135', 'Thies Impl.', 'In Planung', '20260531', 'CUST-1092', 'OPP-00065'),
  ('PROJ-00136', 'Wagenknecht Impl.', 'on hold', '2027-02-27', 'CUST-1092', 'OPP-00032'),
  ('PROJ-00137', 'Caspar Impl.', 'active', '2027-09-20', 'CUST-1093', 'OPP-00162'),
  ('PROJ-00138', 'Striebitz Impl.', 'In Planung', '20280521', 'CUST-1095', 'OPP-00104'),
  ('PROJ-00139', 'Fechner GbR Impl.', 'Storniert', '2/10/2027', 'CUST-1095', 'OPP-00060'),
  ('PROJ-00140', 'Hering Kusch AG & Co. OHG Impl.', 'Cancelled', '18.06.2028', 'CUST-1097', 'OPP-00138'),
  ('PROJ-00141', 'Ernst Döring KG Impl.', 'active', '21.02.2028', 'CUST-1097', 'OPP-00093'),
  ('PROJ-00142', 'Weinhold Impl.', 'In Planung', '6/9/2028', 'CUST-1098', 'OPP-00183'),
  ('PROJ-00143', 'Trommler Impl.', 'Storniert', '20270806', 'CUST-1100', 'OPP-00166'),
  ('PROJ-00144', 'Hiller Impl.', 'Aktiv', '20270701', 'CUST-1100', 'OPP-00184'),
  ('PROJ-00145', 'Ditschlerin GmbH Impl.', 'Cancelled', 'N/A', 'CUST-1101', 'OPP-00168'),
  ('PROJ-00146', 'Geißler GmbH Impl.', 'on hold', '29.11.2026', 'CUST-1102', 'OPP-00246'),
  ('PROJ-00147', 'Drewes Impl.', 'Pausiert', '2025-11-10', 'CUST-1102', 'OPP-00263'),
  ('PROJ-00148', 'Eberhardt GmbH & Co. OHG Impl.', 'On Hold', '23.07.2026', 'CUST-1103', 'OPP-00127'),
  ('PROJ-00149', 'Römer Binner GmbH & Co. KG Impl.', 'Aktiv', '2027-03-05', 'CUST-1103', 'OPP-00249'),
  ('PROJ-00150', 'Schleich Weiß GbR Impl.', 'Abgeschlossen', '12.03.2028', 'CUST-1103', 'OPP-00011'),
  ('PROJ-00151', 'Wilmsen GmbH & Co. KGaA Impl.', 'In Planning', '3/21/2026', 'CUST-1104', 'OPP-00269'),
  ('PROJ-00152', 'Röhricht GmbH Impl.', 'Pausiert', '20260325', 'CUST-1104', 'OPP-00222'),
  ('PROJ-00153', 'Neureuther Zahn GmbH Impl.', 'Abgeschlossen', '09.03.2027', 'CUST-1104', 'OPP-00132'),
  ('PROJ-00154', 'Meyer Atzler Stiftung & Co. KGaA Impl.', 'cancelled', '03.02.2028', 'CUST-1105', 'OPP-00287'),
  ('PROJ-00155', 'Bien Impl.', 'In Planning', '2025-08-12', 'CUST-1106', 'OPP-00007'),
  ('PROJ-00156', 'Preiß Jäntsch KG Impl.', 'Cancelled', '2026-07-07', 'CUST-1106', 'OPP-00210'),
  ('PROJ-00157', 'Lindau Impl.', 'active', 'N/A', 'CUST-1107', 'OPP-00282'),
  ('PROJ-00158', 'Seidel Karz e.G. Impl.', 'In Planung', '20270108', 'CUST-1107', 'OPP-00107'),
  ('PROJ-00159', 'Koch II GbR Impl.', 'In Planung', '20260428', 'CUST-1108', 'OPP-00142'),
  ('PROJ-00160', 'Trupp Impl.', 'On Hold', '2025-08-31', 'CUST-1108', 'OPP-00163'),
  ('PROJ-00161', 'Steuer Schottin KGaA Impl.', 'Planung', 'N/A', 'CUST-1109', 'OPP-00191'),
  ('PROJ-00162', 'Stahr Impl.', 'on hold', '2025-11-03', 'CUST-1109', 'OPP-00193'),
  ('PROJ-00163', 'Mangold Impl.', 'on hold', '2027-11-22', 'CUST-1109', 'OPP-00295'),
  ('PROJ-00164', 'Wiek Schäfer AG & Co. OHG Impl.', 'completed', '04.12.2027', 'CUST-1110', 'OPP-00075'),
  ('PROJ-00165', 'Hoffmann AG & Co. KGaA Impl.', 'Pausiert', '2025-10-17', 'CUST-1110', 'OPP-00237'),
  ('PROJ-00166', 'Stoll Impl.', 'In Planung', '20280212', 'CUST-1111', 'OPP-00301'),
  ('PROJ-00167', 'Spieß GmbH Impl.', 'cancelled', '2026-01-24', 'CUST-1111', 'OPP-00008'),
  ('PROJ-00168', 'Anders Impl.', 'Pausiert', '2028-04-12', 'CUST-1111', 'OPP-00115'),
  ('PROJ-00169', 'Röhrdanz GbR Impl.', 'Active', 'N/A', 'CUST-1112', 'OPP-00033'),
  ('PROJ-00170', 'Seip AG & Co. KGaA Impl.', 'Cancelled', '20.04.2027', 'CUST-1112', 'OPP-00065'),
  ('PROJ-00171', 'Ritter AG & Co. KG Impl.', 'Planung', '31.07.2027', 'CUST-1112', 'OPP-00128'),
  ('PROJ-00172', 'Fliegner AG Impl.', 'In Planning', '11/22/2026', 'CUST-1113', 'OPP-00032'),
  ('PROJ-00173', 'Davids KG Impl.', 'Storniert', NULL, 'CUST-1113', 'OPP-00117'),
  ('PROJ-00174', 'Schenk Impl.', 'cancelled', '9/20/2025', 'CUST-1115', 'OPP-00139'),
  ('PROJ-00175', 'Schinke Impl.', 'On Hold', '2026-08-24', 'CUST-1115', 'OPP-00043'),
  ('PROJ-00176', 'Klotz Impl.', 'active', '2027-02-02', 'CUST-1115', 'OPP-00254'),
  ('PROJ-00177', 'Scholz Impl.', 'In Planung', '20270320', 'CUST-1116', 'OPP-00230'),
  ('PROJ-00178', 'Rohleder Juncken GmbH & Co. KG Impl.', 'Active', NULL, 'CUST-1116', 'OPP-00169'),
  ('PROJ-00179', 'Mosemann Impl.', 'on hold', 'N/A', 'CUST-1117', 'OPP-00085'),
  ('PROJ-00180', 'Kobelt Vollbrecht AG & Co. OHG Impl.', 'Completed', '2027-01-06', 'CUST-1118', 'OPP-00221'),
  ('PROJ-00181', 'Schinke GmbH & Co. OHG Impl.', 'on hold', '7/13/2027', 'CUST-1119', 'OPP-00130'),
  ('PROJ-00182', 'Renner Impl.', 'cancelled', '2025-10-17', 'CUST-1119', 'OPP-00067'),
  ('PROJ-00183', 'Döring KG Impl.', 'In Planung', '10.08.2027', 'CUST-1075_DUP', 'OPP-00282'),
  ('PROJ-00184', 'Butte KGaA Impl.', 'In Planung', '02.06.2026', 'CUST-1075_DUP', 'OPP-00296'),
  ('PROJ-00185', 'Möchlichen Impl.', 'active', '20.10.2027', 'CUST-1088_DUP', 'OPP-00263'),
  ('PROJ-00186', 'Winkler OHG mbH Impl.', 'Abgeschlossen', '6/26/2026', 'CUST-1059_DUP', 'OPP-00260'),
  ('PROJ-00187', 'Gotthard Impl.', 'Storniert', '12/1/2026', 'CUST-1103_DUP', 'OPP-00265'),
  ('PROJ-00188', 'Kostolzin GmbH Impl.', 'active', '10/23/2025', 'CUST-1103_DUP', 'OPP-00231'),
  ('PROJ-00189', 'Krebs Impl.', 'In Planung', '28.08.2026', 'CUST-1012_DUP', 'OPP-00118'),
  ('PROJ-00190', 'Vogt e.V. Impl.', 'In Planning', '10/21/2025', 'CUST-1012_DUP', 'OPP-00148');

INSERT INTO Installed_Asset__c (Id, Name, Serial_Number__c, Warranty_End_Date__c, Account__c, Project__c) VALUES
  ('AST-00001', 'Analytics Add-on', 'SN-67827787', '0000-00-00', 'CUST-1074', 'PROJ-00078'),
  ('AST-00002', 'Mobile App', 'SN-91429520', '2029-08-11', 'CUST-1001', 'PROJ-00165'),
  ('AST-00003', 'Mobile App', 'SN-19153503', '7/6/2030', 'CUST-1059_DUP', 'PROJ-00181'),
  ('AST-00004', 'Data Connector', 'SN-41952835', '24.02.2030', 'CUST-1029', 'PROJ-00103'),
  ('AST-00005', 'API Bundle', 'SN-85376992', '1/30/2028', 'CUST-1093', 'PROJ-00052'),
  ('AST-00006', 'Data Connector', 'SN-14585799', NULL, 'CUST-1055', 'PROJ-00063'),
  ('AST-00007', 'Analytics Add-on', 'SN-60539582', '12/2/2029', 'CUST-1072', 'PROJ-00162'),
  ('AST-00008', 'Mobile App', 'SN-39211275', '19.03.2028', 'CUST-1017', 'PROJ-00002'),
  ('AST-00009', 'CRM Seat', 'SN-75964591', '2029-04-29', 'CUST-1028', 'PROJ-00134'),
  ('AST-00010', 'Mobile App', 'SN-73557889', '20271220', 'CUST-1022', 'PROJ-00104'),
  ('AST-00011', 'CRM Seat', 'SN-53201539', '2031-02-10', 'CUST-1030', 'PROJ-00079'),
  ('AST-00012', 'CRM Seat', 'SN-20884589', '0000-00-00', 'CUST-1059', 'PROJ-00171'),
  ('AST-00013', 'Mobile App', 'SN-88761375', '2028-07-05', 'CUST-1089', 'PROJ-00017'),
  ('AST-00014', 'Analytics Add-on', 'SN-54759582', 'N/A', 'CUST-1064', 'PROJ-00068'),
  ('AST-00015', 'CRM Seat', 'SN-50493026', '20280516', 'CUST-1022', 'PROJ-00053'),
  ('AST-00016', 'Mobile App', 'SN-48381444', '8/17/2029', 'CUST-1010', 'PROJ-00065'),
  ('AST-00017', 'CRM Seat', 'SN-81769116', '2029-12-20', 'CUST-1046', 'PROJ-00017'),
  ('AST-00018', 'Support Package', 'SN-36451469', '20310109', 'CUST-1069', 'PROJ-00003'),
  ('AST-00019', 'CRM Seat', 'SN-98836239', 'N/A', 'CUST-1082', 'PROJ-00013'),
  ('AST-00020', 'Support Package', 'SN-86699511', '20301212', 'CUST-1013', 'PROJ-00188'),
  ('AST-00021', 'Support Package', 'SN-31570030', '2027-11-30', 'CUST-1012_DUP', 'PROJ-00093'),
  ('AST-00022', 'CRM Seat', 'SN-38637766', '19.07.2027', 'CUST-1056', 'PROJ-00157'),
  ('AST-00023', 'Mobile App', 'SN-66802945', '20310103', 'CUST-1004', 'PROJ-00190'),
  ('AST-00024', 'Support Package', 'SN-38330643', '2029-04-22', 'CUST-1056', 'PROJ-00139'),
  ('AST-00025', 'Analytics Add-on', 'SN-98798107', 'N/A', 'CUST-1052', 'PROJ-00124'),
  ('AST-00026', 'Mobile App', 'SN-97258301', '20300615', 'CUST-1103', 'PROJ-00125'),
  ('AST-00027', 'Data Connector', 'SN-30347525', '2030-02-28', 'CUST-1111', 'PROJ-00025'),
  ('AST-00028', 'Data Connector', 'SN-67959022', '31.10.2028', 'CUST-1040', 'PROJ-00153'),
  ('AST-00029', 'Support Package', 'SN-46180726', '20300810', 'CUST-1045', 'PROJ-00106'),
  ('AST-00030', 'Data Connector', 'SN-80497544', '15.02.2031', 'CUST-1102', 'PROJ-00190'),
  ('AST-00031', 'Data Connector', 'SN-78589356', '07.04.2031', 'CUST-1075_DUP', 'PROJ-00008'),
  ('AST-00032', 'Analytics Add-on', 'SN-70446625', '2028-06-27', 'CUST-1104', 'PROJ-00154'),
  ('AST-00033', 'Mobile App', 'SN-32604990', '8/22/2027', 'CUST-1013', 'PROJ-00043'),
  ('AST-00034', 'Analytics Add-on', 'SN-49342311', '20280301', 'CUST-1050', 'PROJ-00086'),
  ('AST-00035', 'Data Connector', 'SN-66881948', '10/13/2030', 'CUST-1071', 'PROJ-00099'),
  ('AST-00036', 'API Bundle', 'SN-45775601', '2/15/2031', 'CUST-1054', 'PROJ-00161'),
  ('AST-00037', 'Analytics Add-on', 'SN-46157569', 'N/A', 'CUST-1035', 'PROJ-00022'),
  ('AST-00038', 'CRM Seat', 'SN-22895225', '0000-00-00', 'CUST-1033', 'PROJ-00005'),
  ('AST-00039', 'Analytics Add-on', 'SN-54811950', NULL, 'CUST-1067', 'PROJ-00058'),
  ('AST-00040', 'Analytics Add-on', 'SN-11207420', '0000-00-00', 'CUST-1116', 'PROJ-00052'),
  ('AST-00041', 'CRM Seat', 'SN-95132236', '20290423', 'CUST-1086', 'PROJ-00123'),
  ('AST-00042', 'API Bundle', 'SN-30705467', '27.10.2027', 'CUST-1073', 'PROJ-00094'),
  ('AST-00043', 'Analytics Add-on', 'SN-63039563', 'N/A', 'CUST-1094', 'PROJ-00039'),
  ('AST-00044', 'API Bundle', 'SN-33109835', '04.02.2029', 'CUST-1042', 'PROJ-00065'),
  ('AST-00045', 'CRM Seat', 'SN-48351421', '2030-11-23', 'CUST-1032', 'PROJ-00163'),
  ('AST-00046', 'Support Package', 'SN-65377369', '20291016', 'CUST-1103', 'PROJ-00100'),
  ('AST-00047', 'API Bundle', 'SN-98893648', '2027-10-08', 'CUST-1032', 'PROJ-00021'),
  ('AST-00048', 'Support Package', 'SN-23468661', '17.11.2030', 'CUST-1017', 'PROJ-00102'),
  ('AST-00049', 'API Bundle', 'SN-16920213', '2029-03-13', 'CUST-1111', 'PROJ-00135'),
  ('AST-00050', 'API Bundle', 'SN-20208079', '2027-10-03', 'CUST-1090', 'PROJ-00103'),
  ('AST-00051', 'Support Package', 'SN-92317470', '5/25/2028', 'CUST-1088', 'PROJ-00110'),
  ('AST-00052', 'Support Package', 'SN-48616390', '2028-04-09', 'CUST-1024', 'PROJ-00172'),
  ('AST-00053', 'API Bundle', 'SN-78492672', '2028-02-15', 'CUST-1089', 'PROJ-00067'),
  ('AST-00054', 'CRM Seat', 'SN-80997776', '10/27/2030', 'CUST-1100', 'PROJ-00096'),
  ('AST-00055', 'Mobile App', 'SN-12069521', '20300310', 'CUST-1037', 'PROJ-00105'),
  ('AST-00056', 'API Bundle', 'SN-67162368', '20310611', 'CUST-1102', 'PROJ-00033'),
  ('AST-00057', 'CRM Seat', 'SN-11815631', '0000-00-00', 'CUST-1015', 'PROJ-00079'),
  ('AST-00058', 'Mobile App', 'SN-53271621', '0000-00-00', 'CUST-1090', 'PROJ-00003'),
  ('AST-00059', 'Analytics Add-on', 'SN-34474726', '5/29/2028', 'CUST-1076', 'PROJ-00039'),
  ('AST-00060', 'Analytics Add-on', 'SN-44495034', NULL, 'CUST-1102', 'PROJ-00165'),
  ('AST-00061', 'Support Package', 'SN-80858089', '04.10.2029', 'CUST-1054', 'PROJ-00060'),
  ('AST-00062', 'Support Package', 'SN-63208299', 'N/A', 'CUST-1004', 'PROJ-00173'),
  ('AST-00063', 'Analytics Add-on', 'SN-80000934', '0000-00-00', 'CUST-1013', 'PROJ-00123'),
  ('AST-00064', 'Analytics Add-on', 'SN-28035903', '2030-05-19', 'CUST-1008', 'PROJ-00138'),
  ('AST-00065', 'Support Package', 'SN-56631495', '10/23/2028', 'CUST-1113', 'PROJ-00068'),
  ('AST-00066', 'Data Connector', 'SN-95391253', '08.04.2029', 'CUST-1034', 'PROJ-00126'),
  ('AST-00067', 'Support Package', 'SN-71794791', 'N/A', 'CUST-1070', 'PROJ-00113'),
  ('AST-00068', 'API Bundle', 'SN-38661755', '20300301', 'CUST-1051', 'PROJ-00064'),
  ('AST-00069', 'Data Connector', 'SN-20544540', '15.08.2030', 'CUST-1035', 'PROJ-00063'),
  ('AST-00070', 'Support Package', 'SN-10208640', '3/17/2029', 'CUST-1035', 'PROJ-00175'),
  ('AST-00071', 'Data Connector', 'SN-50950011', '20271201', 'CUST-1030', 'PROJ-00087'),
  ('AST-00072', 'Mobile App', 'SN-34511569', '2030-07-17', 'CUST-1101', 'PROJ-00057'),
  ('AST-00073', 'Support Package', 'SN-56584829', '20310518', 'CUST-1024', 'PROJ-00046'),
  ('AST-00074', 'Support Package', 'SN-12707790', '16.03.2031', 'CUST-1075_DUP', 'PROJ-00130'),
  ('AST-00075', 'Data Connector', 'SN-14936543', NULL, 'CUST-1101', 'PROJ-00046'),
  ('AST-00076', 'CRM Seat', 'SN-32127076', '20301111', 'CUST-1059_DUP', 'PROJ-00124'),
  ('AST-00077', 'CRM Seat', 'SN-52233805', '9/27/2029', 'CUST-1025', 'PROJ-00022'),
  ('AST-00078', 'Analytics Add-on', 'SN-90812227', NULL, 'CUST-1060', 'PROJ-00005'),
  ('AST-00079', 'Analytics Add-on', 'SN-80737403', '2030-03-09', 'CUST-1062', 'PROJ-00181'),
  ('AST-00080', 'API Bundle', 'SN-87984455', '9/11/2028', 'CUST-1088', 'PROJ-00048'),
  ('AST-00081', 'CRM Seat', 'SN-77256237', '22.12.2029', 'CUST-1030', 'PROJ-00039'),
  ('AST-00082', 'API Bundle', 'SN-31424002', '20310626', 'CUST-1004', 'PROJ-00086'),
  ('AST-00083', 'Analytics Add-on', 'SN-83352390', '20300928', 'CUST-1096', 'PROJ-00173'),
  ('AST-00084', 'API Bundle', 'SN-45817130', '2028-03-26', 'CUST-1044', 'PROJ-00112'),
  ('AST-00085', 'CRM Seat', 'SN-87570038', '2028-09-03', 'CUST-1034', 'PROJ-00118'),
  ('AST-00086', 'CRM Seat', 'SN-32499277', '20280530', 'CUST-1024', 'PROJ-00134'),
  ('AST-00087', 'Support Package', 'SN-82908996', 'N/A', 'CUST-1079', 'PROJ-00056'),
  ('AST-00088', 'Support Package', 'SN-60793371', '20291108', 'CUST-1070', 'PROJ-00081'),
  ('AST-00089', 'CRM Seat', 'SN-64879815', '2028-12-24', 'CUST-1013', 'PROJ-00182'),
  ('AST-00090', 'Mobile App', 'SN-17426228', '30.04.2029', 'CUST-1107', 'PROJ-00128'),
  ('AST-00091', 'CRM Seat', 'SN-88486720', '20290724', 'CUST-1100', 'PROJ-00123'),
  ('AST-00092', 'Support Package', 'SN-62233592', '20280521', 'CUST-1082', 'PROJ-00007'),
  ('AST-00093', 'Analytics Add-on', 'SN-86541410', '21.09.2030', 'CUST-1032', 'PROJ-00126'),
  ('AST-00094', 'Support Package', 'SN-10014483', 'N/A', 'CUST-1055', 'PROJ-00166'),
  ('AST-00095', 'API Bundle', 'SN-12998399', '2028-11-02', 'CUST-1109', 'PROJ-00095'),
  ('AST-00096', 'Data Connector', 'SN-22701413', '4/20/2029', 'CUST-1108', 'PROJ-00131'),
  ('AST-00097', 'Analytics Add-on', 'SN-94348963', '20271012', 'CUST-1063', 'PROJ-00148'),
  ('AST-00098', 'CRM Seat', 'SN-52856620', '2029-07-18', 'CUST-1056', 'PROJ-00021'),
  ('AST-00099', 'Support Package', 'SN-83545381', '20270824', 'CUST-1080', 'PROJ-00058'),
  ('AST-00100', 'API Bundle', 'SN-27129793', '9/2/2029', 'CUST-1005', 'PROJ-00103'),
  ('AST-00101', 'CRM Seat', 'SN-19680306', '07.08.2029', 'CUST-1044', 'PROJ-00097'),
  ('AST-00102', 'Analytics Add-on', 'SN-89798840', '2030-07-05', 'CUST-1024', 'PROJ-00188'),
  ('AST-00103', 'Data Connector', 'SN-94833131', '20271215', 'CUST-1054', 'PROJ-00150'),
  ('AST-00104', 'Data Connector', 'SN-48204463', NULL, 'CUST-1074', 'PROJ-00001'),
  ('AST-00105', 'CRM Seat', 'SN-91241819', NULL, 'CUST-1078', 'PROJ-00051'),
  ('AST-00106', 'Data Connector', 'SN-84972101', '2029-06-16', 'CUST-1010', 'PROJ-00165'),
  ('AST-00107', 'Data Connector', 'SN-78090282', '13.06.2028', 'CUST-1005', 'PROJ-00174'),
  ('AST-00108', 'Mobile App', 'SN-49423138', '2029-03-06', 'CUST-1048', 'PROJ-00049'),
  ('AST-00109', 'Analytics Add-on', 'SN-21151373', '6/24/2029', 'CUST-1053', 'PROJ-00064'),
  ('AST-00110', 'Mobile App', 'SN-62690793', '12.09.2029', 'CUST-1070', 'PROJ-00068'),
  ('AST-00111', 'Data Connector', 'SN-98490406', '6/28/2031', 'CUST-1045', 'PROJ-00072'),
  ('AST-00112', 'Support Package', 'SN-50662182', '20290201', 'CUST-1043', 'PROJ-00074'),
  ('AST-00113', 'Mobile App', 'SN-71647131', NULL, 'CUST-1050', 'PROJ-00169'),
  ('AST-00114', 'API Bundle', 'SN-54965006', '5/28/2030', 'CUST-1004', 'PROJ-00054'),
  ('AST-00115', 'Mobile App', 'SN-25805231', '20290507', 'CUST-1107', 'PROJ-00089'),
  ('AST-00116', 'CRM Seat', 'SN-84296696', '7/20/2027', 'CUST-1008', 'PROJ-00182'),
  ('AST-00117', 'Data Connector', 'SN-43701949', '20301019', 'CUST-1056', 'PROJ-00101'),
  ('AST-00118', 'Support Package', 'SN-35028004', '12.08.2027', 'CUST-1003', 'PROJ-00178'),
  ('AST-00119', 'Analytics Add-on', 'SN-68748096', '8/24/2027', 'CUST-1043', 'PROJ-00095'),
  ('AST-00120', 'Analytics Add-on', 'SN-14252404', NULL, 'CUST-1107', 'PROJ-00086'),
  ('AST-00121', 'CRM Seat', 'SN-21157526', '20280219', 'CUST-1034', 'PROJ-00165'),
  ('AST-00122', 'CRM Seat', 'SN-31325450', '6/14/2031', 'CUST-1012', 'PROJ-00127'),
  ('AST-00123', 'Support Package', 'SN-33960041', '7/24/2027', 'CUST-1016', 'PROJ-00112'),
  ('AST-00124', 'Data Connector', 'SN-84842477', '27.02.2030', 'CUST-1028', 'PROJ-00173'),
  ('AST-00125', 'Support Package', 'SN-76347247', '20310118', 'CUST-1022', 'PROJ-00040'),
  ('AST-00126', 'API Bundle', 'SN-82886058', '20300420', 'CUST-1108', 'PROJ-00112'),
  ('AST-00127', 'Analytics Add-on', 'SN-59434800', '0000-00-00', 'CUST-1054', 'PROJ-00144'),
  ('AST-00128', 'Analytics Add-on', 'SN-70770851', '04.02.2031', 'CUST-1112_DUP', 'PROJ-00178'),
  ('AST-00129', 'Support Package', 'SN-46922646', '18.01.2031', 'CUST-1039', 'PROJ-00022'),
  ('AST-00130', 'CRM Seat', 'SN-71572730', NULL, 'CUST-1011', 'PROJ-00005'),
  ('AST-00131', 'CRM Seat', 'SN-21463155', '03.07.2028', 'CUST-1064', 'PROJ-00018'),
  ('AST-00132', 'API Bundle', 'SN-87268649', '12/12/2030', 'CUST-1059_DUP', 'PROJ-00008'),
  ('AST-00133', 'Analytics Add-on', 'SN-22580893', '12/13/2027', 'CUST-1049', 'PROJ-00052'),
  ('AST-00134', 'Mobile App', 'SN-65923766', '2029-08-09', 'CUST-1043', 'PROJ-00006'),
  ('AST-00135', 'CRM Seat', 'SN-84442576', NULL, 'CUST-1083', 'PROJ-00052'),
  ('AST-00136', 'Analytics Add-on', 'SN-96128350', '22.09.2027', 'CUST-1108', 'PROJ-00116'),
  ('AST-00137', 'Analytics Add-on', 'SN-46003076', '20271122', 'CUST-1045', 'PROJ-00159'),
  ('AST-00138', 'CRM Seat', 'SN-31586047', '7/17/2028', 'CUST-1102', 'PROJ-00079'),
  ('AST-00139', 'Mobile App', 'SN-78690010', '08.04.2031', 'CUST-1103', 'PROJ-00102'),
  ('AST-00140', 'API Bundle', 'SN-96257935', 'N/A', 'CUST-1028', 'PROJ-00141'),
  ('AST-00141', 'Data Connector', 'SN-43503906', '20290919', 'CUST-1111', 'PROJ-00153'),
  ('AST-00142', 'API Bundle', 'SN-97579165', 'N/A', 'CUST-1035', 'PROJ-00073'),
  ('AST-00143', 'API Bundle', 'SN-12853219', '9/18/2030', 'CUST-1012_DUP', 'PROJ-00110'),
  ('AST-00144', 'Support Package', 'SN-12492419', '31.07.2030', 'CUST-1020', 'PROJ-00149'),
  ('AST-00145', 'API Bundle', 'SN-39951118', '8/31/2029', 'CUST-1039', 'PROJ-00182'),
  ('AST-00146', 'API Bundle', 'SN-23358439', '21.06.2031', 'CUST-1056', 'PROJ-00050'),
  ('AST-00147', 'Analytics Add-on', 'SN-47786750', '4/11/2028', 'CUST-1041', 'PROJ-00141'),
  ('AST-00148', 'Analytics Add-on', 'SN-69777633', NULL, 'CUST-1105', 'PROJ-00077'),
  ('AST-00149', 'Analytics Add-on', 'SN-44924534', 'N/A', 'CUST-1030', 'PROJ-00152'),
  ('AST-00150', 'API Bundle', 'SN-49685870', '09.11.2028', 'CUST-1018', 'PROJ-00153'),
  ('AST-00151', 'Analytics Add-on', 'SN-41758982', NULL, 'CUST-1004', 'PROJ-00088'),
  ('AST-00152', 'Mobile App', 'SN-92642699', '16.03.2028', 'CUST-1103', 'PROJ-00081'),
  ('AST-00153', 'Mobile App', 'SN-13347514', '29.09.2029', 'CUST-1102', 'PROJ-00162'),
  ('AST-00154', 'Data Connector', 'SN-57022163', '17.09.2029', 'CUST-1082', 'PROJ-00162'),
  ('AST-00155', 'CRM Seat', 'SN-92616362', '20270915', 'CUST-1012', 'PROJ-00046'),
  ('AST-00156', 'Data Connector', 'SN-77773167', '13.03.2030', 'CUST-1080', 'PROJ-00085'),
  ('AST-00157', 'Mobile App', 'SN-52845337', '2030-03-26', 'CUST-1067', 'PROJ-00081'),
  ('AST-00158', 'Data Connector', 'SN-22787169', '20270901', 'CUST-1095', 'PROJ-00177'),
  ('AST-00159', 'Mobile App', 'SN-41861700', '19.12.2027', 'CUST-1009', 'PROJ-00116'),
  ('AST-00160', 'API Bundle', 'SN-12124629', '11.08.2029', 'CUST-1027', 'PROJ-00148'),
  ('AST-00161', 'Analytics Add-on', 'SN-87359599', '20280215', 'CUST-1083', 'PROJ-00031'),
  ('AST-00162', 'CRM Seat', 'SN-36190898', '06.12.2030', 'CUST-1080', 'PROJ-00089'),
  ('AST-00163', 'Mobile App', 'SN-58110477', '15.06.2029', 'CUST-1026', 'PROJ-00050'),
  ('AST-00164', 'Data Connector', 'SN-61979638', '20281026', 'CUST-1007', 'PROJ-00067'),
  ('AST-00165', 'Support Package', 'SN-14345660', '2029-02-19', 'CUST-1024', 'PROJ-00069'),
  ('AST-00166', 'Data Connector', 'SN-67563502', '2029-01-11', 'CUST-1061', 'PROJ-00098'),
  ('AST-00167', 'API Bundle', 'SN-99440582', '20291031', 'CUST-1061', 'PROJ-00149'),
  ('AST-00168', 'Data Connector', 'SN-14271693', '4/8/2028', 'CUST-1024', 'PROJ-00050'),
  ('AST-00169', 'Support Package', 'SN-48028428', '12/18/2027', 'CUST-1003', 'PROJ-00030'),
  ('AST-00170', 'Analytics Add-on', 'SN-69823386', '20280802', 'CUST-1093', 'PROJ-00130'),
  ('AST-00171', 'Data Connector', 'SN-53616325', '20290813', 'CUST-1006', 'PROJ-00177'),
  ('AST-00172', 'API Bundle', 'SN-32989116', '01.06.2029', 'CUST-1059', 'PROJ-00101'),
  ('AST-00173', 'API Bundle', 'SN-80668286', '5/29/2031', 'CUST-1028', 'PROJ-00180'),
  ('AST-00174', 'Support Package', 'SN-12120936', '20291109', 'CUST-1002', 'PROJ-00140'),
  ('AST-00175', 'API Bundle', 'SN-53987949', '20300923', 'CUST-1086', 'PROJ-00126'),
  ('AST-00176', 'Data Connector', 'SN-47755103', '27.01.2031', 'CUST-1003', 'PROJ-00119'),
  ('AST-00177', 'CRM Seat', 'SN-93288092', '08.02.2029', 'CUST-1067', 'PROJ-00117'),
  ('AST-00178', 'CRM Seat', 'SN-32334470', '2027-11-06', 'CUST-1069', 'PROJ-00090'),
  ('AST-00179', 'CRM Seat', 'SN-95983433', '0000-00-00', 'CUST-1024', 'PROJ-00059'),
  ('AST-00180', 'API Bundle', 'SN-17587001', '21.08.2027', 'CUST-1107', 'PROJ-00063'),
  ('AST-00181', 'API Bundle', 'SN-74670470', '2029-02-11', 'CUST-1024', 'PROJ-00151'),
  ('AST-00182', 'Support Package', 'SN-21263402', '2030-02-19', 'CUST-1002', 'PROJ-00035'),
  ('AST-00183', 'Mobile App', 'SN-37797915', '20280525', 'CUST-1006', 'PROJ-00100'),
  ('AST-00184', 'Support Package', 'SN-51748648', '07.08.2028', 'CUST-1120', 'PROJ-00180'),
  ('AST-00185', 'Mobile App', 'SN-57151751', '4/11/2031', 'CUST-1064', 'PROJ-00014'),
  ('AST-00186', 'Analytics Add-on', 'SN-15226142', '2027-08-28', 'CUST-1035', 'PROJ-00098'),
  ('AST-00187', 'Support Package', 'SN-51792692', '10/7/2027', 'CUST-1089', 'PROJ-00153'),
  ('AST-00188', 'CRM Seat', 'SN-63138202', '20300731', 'CUST-1088_DUP', 'PROJ-00030'),
  ('AST-00189', 'Data Connector', 'SN-13937529', '03.03.2031', 'CUST-1053', 'PROJ-00009'),
  ('AST-00190', 'API Bundle', 'SN-44497118', '20310618', 'CUST-1004', 'PROJ-00148'),
  ('AST-00191', 'Data Connector', 'SN-25388266', '20270729', 'CUST-1063', 'PROJ-00185'),
  ('AST-00192', 'CRM Seat', 'SN-41944503', NULL, 'CUST-1078', 'PROJ-00185'),
  ('AST-00193', 'Data Connector', 'SN-51192751', '20300605', 'CUST-1002', 'PROJ-00108'),
  ('AST-00194', 'CRM Seat', 'SN-66463342', '7/16/2027', 'CUST-1088_DUP', 'PROJ-00038'),
  ('AST-00195', 'Data Connector', 'SN-34128722', '2028-09-03', 'CUST-1028', 'PROJ-00031'),
  ('AST-00196', 'Analytics Add-on', 'SN-75148446', '20281228', 'CUST-1093', 'PROJ-00022'),
  ('AST-00197', 'API Bundle', 'SN-98864097', 'N/A', 'CUST-1103_DUP', 'PROJ-00182'),
  ('AST-00198', 'CRM Seat', 'SN-62307784', '0000-00-00', 'CUST-1048', 'PROJ-00105'),
  ('AST-00199', 'API Bundle', 'SN-69393124', '20280909', 'CUST-1098', 'PROJ-00034'),
  ('AST-00200', 'CRM Seat', 'SN-72607433', '13.10.2029', 'CUST-1039', 'PROJ-00073'),
  ('AST-00201', 'Support Package', 'SN-28995817', '01.01.2031', 'CUST-1102', 'PROJ-00084'),
  ('AST-00202', 'API Bundle', 'SN-55111980', '0000-00-00', 'CUST-1065', 'PROJ-00017'),
  ('AST-00203', 'Analytics Add-on', 'SN-71665580', '10/6/2028', 'CUST-1050', 'PROJ-00154'),
  ('AST-00204', 'Support Package', 'SN-28204232', '12.06.2029', 'CUST-1018', 'PROJ-00074'),
  ('AST-00205', 'Mobile App', 'SN-50360413', '01.12.2029', 'CUST-1062', 'PROJ-00044'),
  ('AST-00206', 'Analytics Add-on', 'SN-67801123', '8/7/2028', 'CUST-1116', 'PROJ-00143'),
  ('AST-00207', 'Data Connector', 'SN-40097716', '2027-10-29', 'CUST-1056', 'PROJ-00122'),
  ('AST-00208', 'Analytics Add-on', 'SN-79308022', '6/10/2031', 'CUST-1084', 'PROJ-00014'),
  ('AST-00209', 'CRM Seat', 'SN-69782453', '20300730', 'CUST-1067', 'PROJ-00188'),
  ('AST-00210', 'Analytics Add-on', 'SN-70963694', '04.04.2028', 'CUST-1031', 'PROJ-00086'),
  ('AST-00211', 'Analytics Add-on', 'SN-17725876', NULL, 'CUST-1087', 'PROJ-00047'),
  ('AST-00212', 'Mobile App', 'SN-72052689', '18.11.2028', 'CUST-1112', 'PROJ-00118'),
  ('AST-00213', 'Support Package', 'SN-33894165', '28.11.2028', 'CUST-1118', 'PROJ-00119'),
  ('AST-00214', 'CRM Seat', 'SN-51244768', '20280131', 'CUST-1077', 'PROJ-00003'),
  ('AST-00215', 'Data Connector', 'SN-21350591', '2030-03-04', 'CUST-1019', 'PROJ-00160'),
  ('AST-00216', 'CRM Seat', 'SN-46761596', '2031-03-21', 'CUST-1017', 'PROJ-00041'),
  ('AST-00217', 'Support Package', 'SN-97375016', NULL, 'CUST-1103_DUP', 'PROJ-00066'),
  ('AST-00218', 'Data Connector', 'SN-68421568', '05.09.2029', 'CUST-1076', 'PROJ-00088'),
  ('AST-00219', 'CRM Seat', 'SN-96702242', '6/20/2030', 'CUST-1113', 'PROJ-00091'),
  ('AST-00220', 'Data Connector', 'SN-84250166', '20300523', 'CUST-1054', 'PROJ-00189'),
  ('AST-00221', 'Analytics Add-on', 'SN-50255317', '2029-10-19', 'CUST-1006', 'PROJ-00095'),
  ('AST-00222', 'CRM Seat', 'SN-18739991', '5/19/2030', 'CUST-1069', 'PROJ-00004'),
  ('AST-00223', 'Data Connector', 'SN-29910282', '20280410', 'CUST-1113', 'PROJ-00061'),
  ('AST-00224', 'Data Connector', 'SN-76804193', '24.04.2031', 'CUST-1042', 'PROJ-00188'),
  ('AST-00225', 'CRM Seat', 'SN-16444770', '2030-02-09', 'CUST-1033', 'PROJ-00123'),
  ('AST-00226', 'Support Package', 'SN-19047281', '03.08.2029', 'CUST-1084', 'PROJ-00030'),
  ('AST-00227', 'Mobile App', 'SN-41199546', '26.08.2030', 'CUST-1050', 'PROJ-00176'),
  ('AST-00228', 'API Bundle', 'SN-21562403', '2030-09-22', 'CUST-1088_DUP', 'PROJ-00003'),
  ('AST-00229', 'Mobile App', 'SN-52149796', '6/8/2029', 'CUST-1018', 'PROJ-00144'),
  ('AST-00230', 'Mobile App', 'SN-11177873', '6/16/2031', 'CUST-1036', 'PROJ-00030'),
  ('AST-00231', 'Support Package', 'SN-24105289', '6/18/2028', 'CUST-1109', 'PROJ-00042'),
  ('AST-00232', 'API Bundle', 'SN-42382737', '0000-00-00', 'CUST-1105', 'PROJ-00015'),
  ('AST-00233', 'API Bundle', 'SN-38027650', '5/2/2030', 'CUST-1042', 'PROJ-00142'),
  ('AST-00234', 'CRM Seat', 'SN-41110865', '8/13/2030', 'CUST-1085', 'PROJ-00149'),
  ('AST-00235', 'API Bundle', 'SN-11748315', '2028-12-21', 'CUST-1018', 'PROJ-00134'),
  ('AST-00236', 'CRM Seat', 'SN-35608368', '03.09.2027', 'CUST-1038', 'PROJ-00058'),
  ('AST-00237', 'Analytics Add-on', 'SN-24998785', '28.04.2031', 'CUST-1095', 'PROJ-00157'),
  ('AST-00238', 'CRM Seat', 'SN-90754102', '2030-04-25', 'CUST-1044', 'PROJ-00046'),
  ('AST-00239', 'Support Package', 'SN-99331388', 'N/A', 'CUST-1064', 'PROJ-00090'),
  ('AST-00240', 'Mobile App', 'SN-69685768', '20310330', 'CUST-1116', 'PROJ-00042'),
  ('AST-00241', 'Analytics Add-on', 'SN-10526381', '0000-00-00', 'CUST-1109', 'PROJ-00064'),
  ('AST-00242', 'Support Package', 'SN-31760065', '20301208', 'CUST-1021', 'PROJ-00010'),
  ('AST-00243', 'Data Connector', 'SN-49050160', '16.10.2028', 'CUST-1056', 'PROJ-00117'),
  ('AST-00244', 'Data Connector', 'SN-86336482', '20300608', 'CUST-1113', 'PROJ-00140'),
  ('AST-00245', 'Support Package', 'SN-36497922', 'N/A', 'CUST-1057', 'PROJ-00166'),
  ('AST-00246', 'Mobile App', 'SN-37714181', '2029-01-23', 'CUST-1113', 'PROJ-00129'),
  ('AST-00247', 'Mobile App', 'SN-19024322', NULL, 'CUST-1120', 'PROJ-00178'),
  ('AST-00248', 'Mobile App', 'SN-29906254', '2028-08-04', 'CUST-1064', 'PROJ-00125'),
  ('AST-00249', 'Data Connector', 'SN-66832165', '6/6/2031', 'CUST-1099', 'PROJ-00161'),
  ('AST-00250', 'Mobile App', 'SN-36544562', '17.04.2030', 'CUST-1044', 'PROJ-00144'),
  ('AST-00251', 'CRM Seat', 'SN-60009419', '20290918', 'CUST-1027', 'PROJ-00107'),
  ('AST-00252', 'Support Package', 'SN-13841370', '2031-03-08', 'CUST-1104', 'PROJ-00062'),
  ('AST-00253', 'API Bundle', 'SN-31793890', '11/8/2028', 'CUST-1103', 'PROJ-00119'),
  ('AST-00254', 'Analytics Add-on', 'SN-60156412', '17.04.2029', 'CUST-1058', 'PROJ-00054'),
  ('AST-00255', 'CRM Seat', 'SN-14235499', '19.08.2027', 'CUST-1041', 'PROJ-00110'),
  ('AST-00256', 'CRM Seat', 'SN-34252235', '8/21/2027', 'CUST-1003', 'PROJ-00028'),
  ('AST-00257', 'Data Connector', 'SN-30542202', '2031-05-07', 'CUST-1033', 'PROJ-00177'),
  ('AST-00258', 'Analytics Add-on', 'SN-79831766', 'N/A', 'CUST-1065', 'PROJ-00085'),
  ('AST-00259', 'Analytics Add-on', 'SN-23272084', 'N/A', 'CUST-1016', 'PROJ-00173'),
  ('AST-00260', 'Data Connector', 'SN-14148551', '8/11/2028', 'CUST-1018', 'PROJ-00002'),
  ('AST-00261', 'Support Package', 'SN-60975224', '2028-11-15', 'CUST-1120', 'PROJ-00171'),
  ('AST-00262', 'CRM Seat', 'SN-80536636', 'N/A', 'CUST-1086', 'PROJ-00116'),
  ('AST-00263', 'Analytics Add-on', 'SN-36184466', '27.12.2027', 'CUST-1003', 'PROJ-00110'),
  ('AST-00264', 'CRM Seat', 'SN-67611051', '1/1/2029', 'CUST-1075_DUP', 'PROJ-00078'),
  ('AST-00265', 'Data Connector', 'SN-64471373', '19.12.2027', 'CUST-1004', 'PROJ-00176'),
  ('AST-00266', 'Data Connector', 'SN-69276722', '2/10/2029', 'CUST-1059', 'PROJ-00053'),
  ('AST-00267', 'CRM Seat', 'SN-69460010', '20280408', 'CUST-1091', 'PROJ-00006'),
  ('AST-00268', 'CRM Seat', 'SN-77349811', '2031-03-30', 'CUST-1115', 'PROJ-00090'),
  ('AST-00269', 'Mobile App', 'SN-52485136', '2029-09-08', 'CUST-1105', 'PROJ-00162'),
  ('AST-00270', 'CRM Seat', 'SN-96746992', '21.07.2029', 'CUST-1045', 'PROJ-00150'),
  ('AST-00271', 'API Bundle', 'SN-93616503', '2029-01-29', 'CUST-1120', 'PROJ-00187'),
  ('AST-00272', 'Data Connector', 'SN-36792798', '20300614', 'CUST-1082', 'PROJ-00150'),
  ('AST-00273', 'API Bundle', 'SN-27023010', '20.08.2027', 'CUST-1027', 'PROJ-00011'),
  ('AST-00274', 'CRM Seat', 'SN-33998203', '20310101', 'CUST-1089', 'PROJ-00040'),
  ('AST-00275', 'Support Package', 'SN-26823976', 'N/A', 'CUST-1102', 'PROJ-00005'),
  ('AST-00276', 'Support Package', 'SN-33867948', '2031-01-13', 'CUST-1056', 'PROJ-00061'),
  ('AST-00277', 'API Bundle', 'SN-11839180', 'N/A', 'CUST-1107', 'PROJ-00183'),
  ('AST-00278', 'Support Package', 'SN-82702696', '9/12/2028', 'CUST-1059_DUP', 'PROJ-00160'),
  ('AST-00279', 'Mobile App', 'SN-44891136', '11/6/2027', 'CUST-1051', 'PROJ-00173'),
  ('AST-00280', 'Support Package', 'SN-63992056', '2027-10-02', 'CUST-1088_DUP', 'PROJ-00123'),
  ('AST-00281', 'Data Connector', 'SN-93604772', '20310529', 'CUST-1043', 'PROJ-00114'),
  ('AST-00282', 'CRM Seat', 'SN-28777234', NULL, 'CUST-1076', 'PROJ-00185'),
  ('AST-00283', 'Analytics Add-on', 'SN-21167859', '29.10.2027', 'CUST-1072', 'PROJ-00036'),
  ('AST-00284', 'Analytics Add-on', 'SN-26554053', '2029-02-09', 'CUST-1084', 'PROJ-00086'),
  ('AST-00285', 'Data Connector', 'SN-45010642', '12/13/2028', 'CUST-1018', 'PROJ-00108'),
  ('AST-00286', 'Mobile App', 'SN-54008596', '0000-00-00', 'CUST-1086', 'PROJ-00037'),
  ('AST-00287', 'Analytics Add-on', 'SN-62317082', '2030-09-07', 'CUST-1002', 'PROJ-00113'),
  ('AST-00288', 'API Bundle', 'SN-26271215', '2027-09-09', 'CUST-1103', 'PROJ-00136'),
  ('AST-00289', 'Mobile App', 'SN-28537524', '2028-08-04', 'CUST-1120', 'PROJ-00112'),
  ('AST-00290', 'Data Connector', 'SN-63624437', '13.08.2028', 'CUST-1026', 'PROJ-00050'),
  ('AST-00291', 'CRM Seat', 'SN-31860187', '20290823', 'CUST-1093', 'PROJ-00032'),
  ('AST-00292', 'API Bundle', 'SN-97176857', '3/27/2029', 'CUST-1002', 'PROJ-00022'),
  ('AST-00293', 'Analytics Add-on', 'SN-84016970', '2028-01-19', 'CUST-1026', 'PROJ-00028'),
  ('AST-00294', 'API Bundle', 'SN-66857303', '11/3/2027', 'CUST-1034', 'PROJ-00012'),
  ('AST-00295', 'Support Package', 'SN-11927301', '2028-05-26', 'CUST-1012', 'PROJ-00149'),
  ('AST-00296', 'CRM Seat', 'SN-31177248', '11/20/2029', 'CUST-1040', 'PROJ-00121'),
  ('AST-00297', 'Support Package', 'SN-63836866', '21.01.2030', 'CUST-1035', 'PROJ-00109'),
  ('AST-00298', 'Analytics Add-on', 'SN-26682019', '15.06.2031', 'CUST-1095', 'PROJ-00169'),
  ('AST-00299', 'CRM Seat', 'SN-72930243', '20280509', 'CUST-1073', 'PROJ-00031'),
  ('AST-00300', 'CRM Seat', 'SN-46402898', '11/12/2029', 'CUST-1003', 'PROJ-00083'),
  ('AST-00301', 'Data Connector', 'SN-24857669', '7/7/2030', 'CUST-1041', 'PROJ-00167'),
  ('AST-00302', 'CRM Seat', 'SN-48148773', '0000-00-00', 'CUST-1001', 'PROJ-00179'),
  ('AST-00303', 'API Bundle', 'SN-12760227', '18.07.2030', 'CUST-1098', 'PROJ-00188'),
  ('AST-00304', 'Mobile App', 'SN-20426103', '20290121', 'CUST-1042', 'PROJ-00096'),
  ('AST-00305', 'Analytics Add-on', 'SN-10980710', '20280913', 'CUST-1010', 'PROJ-00179'),
  ('AST-00306', 'Support Package', 'SN-83857978', '24.05.2030', 'CUST-1105', 'PROJ-00148'),
  ('AST-00307', 'Mobile App', 'SN-99293201', '13.05.2031', 'CUST-1025', 'PROJ-00009'),
  ('AST-00308', 'CRM Seat', 'SN-46779889', NULL, 'CUST-1106', 'PROJ-00113'),
  ('AST-00309', 'Data Connector', 'SN-51719884', '8/17/2028', 'CUST-1116', 'PROJ-00127'),
  ('AST-00310', 'Mobile App', 'SN-18792792', NULL, 'CUST-1106', 'PROJ-00098'),
  ('AST-00311', 'CRM Seat', 'SN-25014192', '28.03.2031', 'CUST-1085', 'PROJ-00030'),
  ('AST-00312', 'API Bundle', 'SN-34173499', '12/17/2028', 'CUST-1049', 'PROJ-00105'),
  ('AST-00313', 'Analytics Add-on', 'SN-56686503', '2030-04-11', 'CUST-1113', 'PROJ-00167'),
  ('AST-00314', 'CRM Seat', 'SN-39022891', '4/13/2030', 'CUST-1054', 'PROJ-00163'),
  ('AST-00315', 'CRM Seat', 'SN-85411578', '4/30/2029', 'CUST-1043', 'PROJ-00012'),
  ('AST-00316', 'Support Package', 'SN-87223963', '8/24/2028', 'CUST-1103', 'PROJ-00021'),
  ('AST-00317', 'Data Connector', 'SN-45779088', '2030-02-17', 'CUST-1092', 'PROJ-00073'),
  ('AST-00318', 'Mobile App', 'SN-36095764', '16.08.2030', 'CUST-1071', 'PROJ-00022'),
  ('AST-00319', 'Support Package', 'SN-57868625', '2/11/2031', 'CUST-1030', 'PROJ-00097'),
  ('AST-00320', 'Mobile App', 'SN-69253471', '20301102', 'CUST-1064', 'PROJ-00040'),
  ('AST-00321', 'Support Package', 'SN-41161606', '05.01.2031', 'CUST-1107', 'PROJ-00154'),
  ('AST-00322', 'Analytics Add-on', 'SN-85204800', '2029-09-09', 'CUST-1012', 'PROJ-00139'),
  ('AST-00323', 'Data Connector', 'SN-38376491', '19.08.2028', 'CUST-1017', 'PROJ-00139'),
  ('AST-00324', 'Analytics Add-on', 'SN-47647501', '29.05.2031', 'CUST-1041', 'PROJ-00110'),
  ('AST-00325', 'Support Package', 'SN-91244634', '20290503', 'CUST-1058', 'PROJ-00171'),
  ('AST-00326', 'CRM Seat', 'SN-17392758', '20271031', 'CUST-1022', 'PROJ-00008'),
  ('AST-00327', 'Analytics Add-on', 'SN-94655858', '2029-02-15', 'CUST-1056', 'PROJ-00081'),
  ('AST-00328', 'API Bundle', 'SN-56960253', '21.11.2030', 'CUST-1099', 'PROJ-00185'),
  ('AST-00329', 'Data Connector', 'SN-90732059', 'N/A', 'CUST-1113', 'PROJ-00101'),
  ('AST-00330', 'Support Package', 'SN-59616202', '0000-00-00', 'CUST-1089', 'PROJ-00038'),
  ('AST-00331', 'Support Package', 'SN-41058864', '20290928', 'CUST-1018', 'PROJ-00122'),
  ('AST-00332', 'Mobile App', 'SN-80327352', '6/12/2029', 'CUST-1076', 'PROJ-00177'),
  ('AST-00333', 'Support Package', 'SN-52997880', '2027-10-10', 'CUST-1115', 'PROJ-00115'),
  ('AST-00334', 'Data Connector', 'SN-34819542', '1/1/2031', 'CUST-1076', 'PROJ-00176'),
  ('AST-00335', 'CRM Seat', 'SN-12994603', '1/10/2028', 'CUST-1095', 'PROJ-00015'),
  ('AST-00336', 'Support Package', 'SN-39507201', '2031-05-02', 'CUST-1097', 'PROJ-00176'),
  ('AST-00337', 'Analytics Add-on', 'SN-24830919', '3/4/2031', 'CUST-1088_DUP', 'PROJ-00076'),
  ('AST-00338', 'Support Package', 'SN-14846804', '2030-08-03', 'CUST-1055', 'PROJ-00022'),
  ('AST-00339', 'Mobile App', 'SN-96171981', '20301217', 'CUST-1114', 'PROJ-00075'),
  ('AST-00340', 'Mobile App', 'SN-38801624', '20291217', 'CUST-1070', 'PROJ-00002'),
  ('AST-00341', 'Support Package', 'SN-45190608', '2027-08-29', 'CUST-1048', 'PROJ-00044'),
  ('AST-00342', 'Support Package', 'SN-67332019', '7/1/2029', 'CUST-1082', 'PROJ-00158'),
  ('AST-00343', 'Mobile App', 'SN-51413567', '20270825', 'CUST-1041', 'PROJ-00036'),
  ('AST-00344', 'CRM Seat', 'SN-76776737', '7/30/2029', 'CUST-1073', 'PROJ-00126'),
  ('AST-00345', 'API Bundle', 'SN-11805928', '2027-11-12', 'CUST-1042', 'PROJ-00007'),
  ('AST-00346', 'API Bundle', 'SN-95288086', '20290130', 'CUST-1048', 'PROJ-00011'),
  ('AST-00347', 'Mobile App', 'SN-76780172', '07.02.2028', 'CUST-1028', 'PROJ-00128'),
  ('AST-00348', 'Mobile App', 'SN-41204610', '20310609', 'CUST-1059', 'PROJ-00038'),
  ('AST-00349', 'Support Package', 'SN-18959363', '9/27/2027', 'CUST-1007', 'PROJ-00154'),
  ('AST-00350', 'CRM Seat', 'SN-98832342', '20290210', 'CUST-1027', 'PROJ-00046'),
  ('AST-00351', 'Analytics Add-on', 'SN-92171999', '2029-08-17', 'CUST-1109', 'PROJ-00038'),
  ('AST-00352', 'API Bundle', 'SN-14498942', '20300321', 'CUST-1090', 'PROJ-00097'),
  ('AST-00353', 'Support Package', 'SN-16942461', '2029-12-13', 'CUST-1105', 'PROJ-00014'),
  ('AST-00354', 'Mobile App', 'SN-81069068', '2030-05-29', 'CUST-1060', 'PROJ-00129'),
  ('AST-00355', 'Mobile App', 'SN-20346426', '0000-00-00', 'CUST-1020', 'PROJ-00066'),
  ('AST-00356', 'Mobile App', 'SN-96601698', '20281212', 'CUST-1008', 'PROJ-00118'),
  ('AST-00357', 'Mobile App', 'SN-72608784', NULL, 'CUST-1013', 'PROJ-00099'),
  ('AST-00358', 'Data Connector', 'SN-49630801', '20290317', 'CUST-1081', 'PROJ-00102'),
  ('AST-00359', 'Mobile App', 'SN-70272440', '20270827', 'CUST-1043', 'PROJ-00075'),
  ('AST-00360', 'API Bundle', 'SN-93864245', '2028-01-23', 'CUST-1062', 'PROJ-00037'),
  ('AST-00361', 'Data Connector', 'SN-28566146', '9/26/2029', 'CUST-1069', 'PROJ-00094'),
  ('AST-00362', 'Mobile App', 'SN-62074886', NULL, 'CUST-1023', 'PROJ-00052'),
  ('AST-00363', 'Support Package', 'SN-89445230', '20280119', 'CUST-1089', 'PROJ-00074'),
  ('AST-00364', 'API Bundle', 'SN-68894328', '0000-00-00', 'CUST-1083', 'PROJ-00110'),
  ('AST-00365', 'Data Connector', 'SN-40159628', '0000-00-00', 'CUST-1100', 'PROJ-00183'),
  ('AST-00366', 'Analytics Add-on', 'SN-56017513', '20300204', 'CUST-1023', 'PROJ-00140'),
  ('AST-00367', 'Analytics Add-on', 'SN-85203416', '05.10.2029', 'CUST-1090', 'PROJ-00111'),
  ('AST-00368', 'Analytics Add-on', 'SN-57085503', '5/12/2029', 'CUST-1008', 'PROJ-00190'),
  ('AST-00369', 'Support Package', 'SN-21509714', NULL, 'CUST-1096', 'PROJ-00104'),
  ('AST-00370', 'CRM Seat', 'SN-97674605', '22.07.2028', 'CUST-1004', 'PROJ-00018'),
  ('AST-00371', 'Analytics Add-on', 'SN-30408713', '20291009', 'CUST-1036', 'PROJ-00034'),
  ('AST-00372', 'CRM Seat', 'SN-97457961', '0000-00-00', 'CUST-1004', 'PROJ-00065'),
  ('AST-00373', 'CRM Seat', 'SN-83748908', '1/21/2031', 'CUST-1079', 'PROJ-00043'),
  ('AST-00374', 'Data Connector', 'SN-66171227', '30.07.2029', 'CUST-1025', 'PROJ-00074'),
  ('AST-00375', 'Mobile App', 'SN-26379348', '20290105', 'CUST-1037', 'PROJ-00160'),
  ('AST-00376', 'Support Package', 'SN-22589954', '2028-06-25', 'CUST-1083', 'PROJ-00028'),
  ('AST-00377', 'Analytics Add-on', 'SN-16924984', '6/14/2031', 'CUST-1081', 'PROJ-00182'),
  ('AST-00378', 'Analytics Add-on', 'SN-66245517', '20280626', 'CUST-1088', 'PROJ-00062'),
  ('AST-00379', 'Analytics Add-on', 'SN-42251083', 'N/A', 'CUST-1115', 'PROJ-00045'),
  ('AST-00380', 'Analytics Add-on', 'SN-53430922', 'N/A', 'CUST-1021', 'PROJ-00139'),
  ('AST-00381', 'API Bundle', 'SN-26964584', '2027-08-22', 'CUST-1039', 'PROJ-00130'),
  ('AST-00382', 'Analytics Add-on', 'SN-90543420', '2028-08-07', 'CUST-1012', 'PROJ-00101'),
  ('AST-00383', 'Mobile App', 'SN-92920094', '20280813', 'CUST-1074', 'PROJ-00026'),
  ('AST-00384', 'Support Package', 'SN-59996204', '20310112', 'CUST-1088', 'PROJ-00182'),
  ('AST-00385', 'CRM Seat', 'SN-25624097', '2030-12-03', 'CUST-1025', 'PROJ-00094'),
  ('AST-00386', 'CRM Seat', 'SN-68598956', '4/4/2030', 'CUST-1041', 'PROJ-00095'),
  ('AST-00387', 'CRM Seat', 'SN-21880446', '2028-12-18', 'CUST-1092', 'PROJ-00014'),
  ('AST-00388', 'CRM Seat', 'SN-31263603', '2028-06-11', 'CUST-1114', 'PROJ-00119'),
  ('AST-00389', 'API Bundle', 'SN-32385969', '20291127', 'CUST-1117', 'PROJ-00029'),
  ('AST-00390', 'Support Package', 'SN-21965546', '4/28/2030', 'CUST-1083', 'PROJ-00059'),
  ('AST-00391', 'Support Package', 'SN-91792515', '24.10.2030', 'CUST-1060', 'PROJ-00096'),
  ('AST-00392', 'Support Package', 'SN-57392792', '2030-08-14', 'CUST-1015', 'PROJ-00071'),
  ('AST-00393', 'Mobile App', 'SN-71641224', '2030-03-04', 'CUST-1034', 'PROJ-00112'),
  ('AST-00394', 'CRM Seat', 'SN-72179632', '20271005', 'CUST-1100', 'PROJ-00032'),
  ('AST-00395', 'Analytics Add-on', 'SN-53188572', '2030-12-11', 'CUST-1103', 'PROJ-00098'),
  ('AST-00396', 'Mobile App', 'SN-65399740', '11.05.2030', 'CUST-1028', 'PROJ-00097'),
  ('AST-00397', 'Analytics Add-on', 'SN-32286040', '2027-11-07', 'CUST-1012_DUP', 'PROJ-00021'),
  ('AST-00398', 'CRM Seat', 'SN-41538657', '20290116', 'CUST-1030', 'PROJ-00028'),
  ('AST-00399', 'Mobile App', 'SN-98708111', '20281114', 'CUST-1021', 'PROJ-00074'),
  ('AST-00400', 'Support Package', 'SN-36282806', '23.06.2031', 'CUST-1109', 'PROJ-00136'),
  ('AST-00401', 'Mobile App', 'SN-71514812', '28.01.2028', 'CUST-1111', 'PROJ-00189'),
  ('AST-00402', 'Analytics Add-on', 'SN-97209605', '20270718', 'CUST-1112', 'PROJ-00180'),
  ('AST-00403', 'Support Package', 'SN-34101481', '2027-09-15', 'CUST-1081', 'PROJ-00186'),
  ('AST-00404', 'Mobile App', 'SN-45169933', '2/23/2030', 'CUST-1016', 'PROJ-00163'),
  ('AST-00405', 'CRM Seat', 'SN-88497909', '03.06.2029', 'CUST-1090', 'PROJ-00161'),
  ('AST-00406', 'Mobile App', 'SN-39650255', '18.12.2029', 'CUST-1092', 'PROJ-00003'),
  ('AST-00407', 'Mobile App', 'SN-73623871', '2027-12-11', 'CUST-1058', 'PROJ-00033'),
  ('AST-00408', 'Support Package', 'SN-74672176', '10.06.2030', 'CUST-1018', 'PROJ-00148'),
  ('AST-00409', 'Mobile App', 'SN-86829022', '20271212', 'CUST-1021', 'PROJ-00001'),
  ('AST-00410', 'Mobile App', 'SN-38250556', '20280625', 'CUST-1042', 'PROJ-00006'),
  ('AST-00411', 'Mobile App', 'SN-68183470', '20280302', 'CUST-1064', 'PROJ-00129'),
  ('AST-00412', 'Support Package', 'SN-71835454', '2030-04-09', 'CUST-1079', 'PROJ-00114'),
  ('AST-00413', 'Support Package', 'SN-45976033', NULL, 'CUST-1075_DUP', 'PROJ-00080'),
  ('AST-00414', 'Data Connector', 'SN-48858130', '10.08.2029', 'CUST-1108', 'PROJ-00171'),
  ('AST-00415', 'API Bundle', 'SN-54743835', '11/10/2030', 'CUST-1120', 'PROJ-00006'),
  ('AST-00416', 'CRM Seat', 'SN-89416145', '1/30/2028', 'CUST-1037', 'PROJ-00159'),
  ('AST-00417', 'Support Package', 'SN-98646318', '11/16/2028', 'CUST-1101', 'PROJ-00165'),
  ('AST-00418', 'Support Package', 'SN-81425489', '2030-05-20', 'CUST-1062', 'PROJ-00080'),
  ('AST-00419', 'Analytics Add-on', 'SN-12097425', '4/7/2031', 'CUST-1107', 'PROJ-00156'),
  ('AST-00420', 'CRM Seat', 'SN-95591216', '20290608', 'CUST-1005', 'PROJ-00188'),
  ('AST-00421', 'CRM Seat', 'SN-72563511', 'N/A', 'CUST-1081', 'PROJ-00124'),
  ('AST-00422', 'API Bundle', 'SN-36924832', NULL, 'CUST-1054', 'PROJ-00021'),
  ('AST-00423', 'Data Connector', 'SN-38120328', '2027-12-01', 'CUST-1094', 'PROJ-00118'),
  ('AST-00424', 'Mobile App', 'SN-14416702', '20300917', 'CUST-1014', 'PROJ-00019'),
  ('AST-00425', 'CRM Seat', 'SN-29969036', '20.08.2030', 'CUST-1112_DUP', 'PROJ-00095'),
  ('AST-00426', 'Data Connector', 'SN-66561147', 'N/A', 'CUST-1029', 'PROJ-00086'),
  ('AST-00427', 'Data Connector', 'SN-89128782', '01.08.2027', 'CUST-1088_DUP', 'PROJ-00006'),
  ('AST-00428', 'Analytics Add-on', 'SN-36225988', '20271117', 'CUST-1022', 'PROJ-00160'),
  ('AST-00429', 'Mobile App', 'SN-26277612', '01.03.2030', 'CUST-1013', 'PROJ-00059'),
  ('AST-00430', 'Data Connector', 'SN-27455540', '5/6/2028', 'CUST-1096', 'PROJ-00040'),
  ('AST-00431', 'Support Package', 'SN-58246404', '2029-09-02', 'CUST-1024', 'PROJ-00175'),
  ('AST-00432', 'Data Connector', 'SN-26924531', '2030-06-28', 'CUST-1110', 'PROJ-00002'),
  ('AST-00433', 'Mobile App', 'SN-67960490', 'N/A', 'CUST-1038', 'PROJ-00185'),
  ('AST-00434', 'Analytics Add-on', 'SN-91147180', '0000-00-00', 'CUST-1082', 'PROJ-00079'),
  ('AST-00435', 'Analytics Add-on', 'SN-32731246', '20280506', 'CUST-1019', 'PROJ-00084'),
  ('AST-00436', 'Data Connector', 'SN-74918432', '4/24/2031', 'CUST-1052', 'PROJ-00129'),
  ('AST-00437', 'Mobile App', 'SN-14498284', '2029-06-11', 'CUST-1002', 'PROJ-00135'),
  ('AST-00438', 'API Bundle', 'SN-55330410', '2027-11-10', 'CUST-1015', 'PROJ-00045'),
  ('AST-00439', 'Mobile App', 'SN-18052582', '11/7/2027', 'CUST-1059', 'PROJ-00070'),
  ('AST-00440', 'Support Package', 'SN-76146358', '20290507', 'CUST-1064', 'PROJ-00132'),
  ('AST-00441', 'Data Connector', 'SN-58373736', '2030-09-22', 'CUST-1026', 'PROJ-00034'),
  ('AST-00442', 'CRM Seat', 'SN-10280174', '2028-05-15', 'CUST-1013', 'PROJ-00025'),
  ('AST-00443', 'Data Connector', 'SN-62113016', NULL, 'CUST-1097', 'PROJ-00007'),
  ('AST-00444', 'CRM Seat', 'SN-87638682', '2030-02-07', 'CUST-1081', 'PROJ-00067'),
  ('AST-00445', 'Support Package', 'SN-95359515', '17.07.2030', 'CUST-1109', 'PROJ-00120'),
  ('AST-00446', 'Mobile App', 'SN-88051196', '20310609', 'CUST-1075', 'PROJ-00190'),
  ('AST-00447', 'Support Package', 'SN-30130942', '15.10.2030', 'CUST-1028', 'PROJ-00045'),
  ('AST-00448', 'Analytics Add-on', 'SN-47617958', '20301219', 'CUST-1012', 'PROJ-00035'),
  ('AST-00449', 'Data Connector', 'SN-18330291', '0000-00-00', 'CUST-1001', 'PROJ-00049'),
  ('AST-00450', 'Analytics Add-on', 'SN-97132380', '20290811', 'CUST-1070', 'PROJ-00048'),
  ('AST-00451', 'API Bundle', 'SN-70940456', '2029-09-12', 'CUST-1079', 'PROJ-00113'),
  ('AST-00452', 'Support Package', 'SN-56059004', NULL, 'CUST-1113', 'PROJ-00112'),
  ('AST-00453', 'Support Package', 'SN-67172744', '1/23/2030', 'CUST-1024', 'PROJ-00099'),
  ('AST-00454', 'CRM Seat', 'SN-87263620', '20.11.2030', 'CUST-1067', 'PROJ-00048'),
  ('AST-00455', 'CRM Seat', 'SN-19079551', '8/31/2028', 'CUST-1057', 'PROJ-00145'),
  ('AST-00456', 'Mobile App', 'SN-31503412', '2/20/2028', 'CUST-1054', 'PROJ-00086'),
  ('AST-00457', 'API Bundle', 'SN-46247027', '10/15/2030', 'CUST-1118', 'PROJ-00068'),
  ('AST-00458', 'API Bundle', 'SN-75547373', '20291221', 'CUST-1065', 'PROJ-00155'),
  ('AST-00459', 'Mobile App', 'SN-43267536', '23.10.2030', 'CUST-1111', 'PROJ-00004'),
  ('AST-00460', 'Data Connector', 'SN-91303984', '20271213', 'CUST-1040', 'PROJ-00130'),
  ('AST-00461', 'Analytics Add-on', 'SN-56090307', '3/9/2029', 'CUST-1011', 'PROJ-00084'),
  ('AST-00462', 'Support Package', 'SN-78341617', '2029-07-29', 'CUST-1041', 'PROJ-00004'),
  ('AST-00463', 'Analytics Add-on', 'SN-52172419', '2030-08-05', 'CUST-1070', 'PROJ-00145'),
  ('AST-00464', 'Analytics Add-on', 'SN-26766305', '30.01.2028', 'CUST-1098', 'PROJ-00044'),
  ('AST-00465', 'API Bundle', 'SN-21371593', '2030-06-24', 'CUST-1073', 'PROJ-00161'),
  ('AST-00466', 'API Bundle', 'SN-47061233', '20310204', 'CUST-1094', 'PROJ-00114'),
  ('AST-00467', 'Data Connector', 'SN-35130746', '20290511', 'CUST-1116', 'PROJ-00062'),
  ('AST-00468', 'CRM Seat', 'SN-54910250', '20280221', 'CUST-1061', 'PROJ-00182'),
  ('AST-00469', 'API Bundle', 'SN-85333981', '8/6/2030', 'CUST-1039', 'PROJ-00166'),
  ('AST-00470', 'CRM Seat', 'SN-49927530', '20291203', 'CUST-1049', 'PROJ-00142'),
  ('AST-00471', 'Data Connector', 'SN-19146724', '20280419', 'CUST-1030', 'PROJ-00166'),
  ('AST-00472', 'Analytics Add-on', 'SN-30980246', '2028-05-10', 'CUST-1043', 'PROJ-00031'),
  ('AST-00473', 'API Bundle', 'SN-20443291', '20291021', 'CUST-1065', 'PROJ-00003'),
  ('AST-00474', 'Mobile App', 'SN-39447325', '20300317', 'CUST-1103', 'PROJ-00160'),
  ('AST-00475', 'Mobile App', 'SN-11686966', NULL, 'CUST-1059_DUP', 'PROJ-00166'),
  ('AST-00476', 'CRM Seat', 'SN-89890954', '2029-04-25', 'CUST-1018', 'PROJ-00115'),
  ('AST-00477', 'API Bundle', 'SN-49827484', '2029-06-18', 'CUST-1112_DUP', 'PROJ-00123'),
  ('AST-00478', 'Support Package', 'SN-45970703', '10/28/2029', 'CUST-1098', 'PROJ-00072'),
  ('AST-00479', 'Analytics Add-on', 'SN-74882094', '2/16/2028', 'CUST-1084', 'PROJ-00171'),
  ('AST-00480', 'API Bundle', 'SN-57454363', '10/30/2028', 'CUST-1084', 'PROJ-00008');
