CREATE SCHEMA IF NOT EXISTS fixture_messy_data_src;
SET search_path TO fixture_messy_data_src;

CREATE TABLE "Account" ( "Id" text PRIMARY KEY, "Name" text, "ERP_Number__c" text, "Customer_Tier__c" text, "Region__c" text, "Industry" text, "Website" text, "BillingCity" text, "BillingCountry" text, "Legacy_Customer_ID__c" text );

INSERT INTO "Account" ("Id", "Name", "ERP_Number__c", "Customer_Tier__c", "Region__c", "Industry", "Website", "BillingCity", "BillingCountry", "Legacy_Customer_ID__c") VALUES
  ('CUST-2001', 'Hertrampf Fritsch e.G.', 'ERP-57059', 'Gold', 'UK', 'IT', 'http://kranz.de/', 'Grevesmühlen', 'Äthiopien', 'CUST-2001'),
  ('CUST-2002', 'Gieß Mans AG', 'ERP-68176', 'Platinum', 'Nordics', 'Technologie', 'https://www.kreusel.com/', 'Bützow', 'Burkina Faso', 'CUST-2002'),
  ('CUST-2003', NULL, 'ERP-69942', 'platinum', NULL, 'Manufacturing', 'https://www.seifert.com/', 'Weimar', 'Grenada', 'CUST-2003'),
  ('CUST-2004', 'Beer AG', 'ERP-15453', 'Platinum', '', 'Finance', 'http://baehr.com/', 'Stollberg', 'Katar', 'CUST-2004'),
  ('CUST-2005', 'Flantz Thies GmbH', 'ERP-68947', 'silver', 'Benelux', 'Technologie', 'https://www.trommler.de/', 'Marktheidenfeld', 'Kokosinseln', 'CUST-2005'),
  ('CUST-2006', 'Zahn', 'ERP-55957', 'platinum', NULL, 'Gesundheitswesen', 'http://www.kraus.de/', 'Reutlingen', 'Mosambik', 'CUST-2006'),
  ('CUST-2007', 'Kade Stoll GmbH', 'ERP-46842', 'platinum', '', 'IT', 'https://www.seifert.com/', 'Pfaffenhofen an der Ilm', 'Tschad', 'CUST-2007'),
  ('CUST-2008', 'Butte Mies e.G.', 'ERP-99037', 'gold', 'Nordics', 'Gesundheitswesen', 'https://www.roehrdanz.de/', 'Hannover', 'Saudi-Arabien', 'CUST-2008'),
  ('CUST-2009', 'Döring Schuchhardt Stiftung & Co. KG', 'ERP-52217', 'Silver', NULL, 'Gesundheitswesen', 'https://schueler.net/', 'Bad Freienwalde', 'Dänemark', 'CUST-2009'),
  ('CUST-2010', 'Tschentscher KG', 'ERP-22202', 'Bronze', '', 'Finanzen', 'http://bolnbach.org/', 'Pfaffenhofen an der Ilm', 'Thailand', 'CUST-2010'),
  ('CUST-2011', 'Bachmann Beier GmbH', 'ERP-22208', 'Platinum', NULL, 'Healthcare', 'http://berger.de/', 'Freudenstadt', 'Syrien', 'CUST-2011'),
  ('CUST-2012', 'Stahr', 'ERP-52318', 'silver', 'Benelux', 'Industrie', 'https://www.sager.net/', 'Bad Freienwalde', 'Slowakei', 'CUST-2012'),
  ('CUST-2013', 'Niemeier KGaA', NULL, 'gold', NULL, 'Manufacturing', NULL, 'Nabburg', 'Venezuela', 'CUST-2013'),
  ('CUST-2014', 'Bien', 'ERP-27290', 'silver', 'Nordics', 'Finanzen', NULL, 'Viersen', 'Portugal', 'CUST-2014'),
  ('CUST-2015', 'Austermühle AG & Co. KGaA', NULL, 'silver', NULL, 'Finance', 'http://meyer.com/', '', 'Thailand', 'CUST-2015'),
  ('CUST-2016', 'Bolnbach', 'ERP-78084', 'Platinum', 'DACH', 'Technology', 'http://www.scheibe.com/', 'Main-Höchst', 'Israel', 'CUST-2016'),
  ('CUST-2017', 'Stiebitz', NULL, 'Bronze', 'DACH', 'Technologie', NULL, 'Hildesheim', 'Bouvetinsel', 'CUST-2017'),
  ('CUST-2018', 'Ruppert', 'ERP-94092', 'GOLD', 'DACH', 'Industrie', 'http://wieloch.com/', 'Belzig', 'Bouvetinsel', 'CUST-2018'),
  ('CUST-2019', 'Faust Wernecke GmbH & Co. KG', 'ERP-63963', 'platinum', NULL, 'Manufacturing', 'http://gehringer.de/', '', 'Gambia', 'CUST-2019'),
  ('CUST-2020', 'Benthin', 'ERP-66280', 'SILBER', 'Nordics', 'Finance', 'http://www.schmidtke.de/', '', 'St. Martin', 'CUST-2020'),
  ('CUST-2021', 'Bachmann GmbH & Co. KGaA', 'ERP-13515', 'silver', 'Nordics', 'Industrie', 'http://www.giess.org/', 'Uelzen', 'Syrien', 'CUST-2021'),
  ('CUST-2022', 'Süßebier Eberth AG & Co. OHG', 'ERP-41370', 'Platinum', 'UK', 'Technologie', 'http://mende.de/', 'Eisenach', NULL, 'CUST-2022'),
  ('CUST-2023', 'Süßbeier', 'ERP-27299', 'Bronze', '', 'Gesundheitswesen', 'http://www.ortmann.com/', 'Iserlohn', 'Kroatien', 'CUST-2023'),
  ('CUST-2024', 'Roht GbR', NULL, 'gold', 'DACH', 'Finanzen', 'http://www.dehmel.de/', 'Monschau', 'St. Kitts und Nevis', 'CUST-2024'),
  ('CUST-2025', 'Sorgatz', 'ERP-64451', 'Bronze', NULL, 'Gesundheitswesen', NULL, 'Göppingen', 'Armenien', 'CUST-2025'),
  ('CUST-2026', 'Dowerg e.V.', 'ERP-36633', 'GOLD', '', 'Healthcare', 'http://gierschner.com/', 'Spremberg', 'Kaimaninseln', 'CUST-2026'),
  ('CUST-2027', 'Häring Lübs GbR', 'ERP-41278', 'Gold', 'Nordics', 'Technologie', 'https://doehn.com/', 'Ebermannstadt', 'St. Vincent und die Grenadinen', 'CUST-2027'),
  ('CUST-2028', 'Neureuther GmbH & Co. OHG', 'ERP-33022', 'gold', 'DACH', 'IT', 'http://www.ullmann.de/', 'Feuchtwangen', 'Sonderverwaltungszone Hongkong', 'CUST-2028'),
  ('CUST-2029', 'Junk', 'ERP-31884', 'SILBER', 'Nordics', 'Finanzen', 'http://www.heidrich.de/', 'Klötze', 'Uruguay', 'CUST-2029'),
  ('CUST-2030', 'Briemer GmbH & Co. KGaA', 'ERP-44465', 'platinum', NULL, 'Technologie', 'https://www.fiebig.de/', 'Kyritz', NULL, 'CUST-2030'),
  ('CUST-2031', 'Ernst Mielcarek Stiftung & Co. KGaA', 'ERP-23487', 'platinum', NULL, 'Technologie', 'http://gutknecht.com/', 'Göttingen', NULL, 'CUST-2031'),
  ('CUST-2032', 'Dörschner GmbH & Co. KG', 'ERP-60197', 'GOLD', 'Nordics', 'Technology', 'https://wesack.net/', 'Schleiz', 'Cookinseln', 'CUST-2032'),
  ('CUST-2033', 'Schmidtke', 'ERP-51934', 'silver', 'DACH', 'Healthcare', NULL, 'Roding', NULL, 'CUST-2033'),
  ('CUST-2034', 'Hein', NULL, 'Bronze', 'DACH', 'Manufacturing', 'http://niemeier.net/', 'Moers', 'Guatemala', 'CUST-2034'),
  ('CUST-2035', 'Vollbrecht GmbH & Co. KG', 'ERP-48219', 'platinum', 'Benelux', 'Finance', 'http://www.luebs.com/', 'Lübz', 'Antigua und Barbuda', 'CUST-2035'),
  ('CUST-2036', 'Möchlichen Stiftung & Co. KGaA', 'ERP-42129', 'GOLD', 'DACH', 'Gesundheitswesen', NULL, 'Magdeburg', 'Montenegro', 'CUST-2036'),
  ('CUST-2037', 'Naser eTxtor AG', NULL, 'Bronze', NULL, 'Finanzen', NULL, 'Norden', 'Gabun', 'CUST-2037'),
  ('CUST-2038', 'Roht e.G.', 'ERP-46677', 'gold', 'DACH', 'Finance', 'http://eigenwillig.org/', 'Stade', 'Belize', 'CUST-2038'),
  ('CUST-2039', 'Naser OHG mbH', NULL, 'gold', '', 'IT', 'https://www.mies.com/', 'Monschau', 'St. Kitts und Nevis', 'CUST-2039'),
  ('CUST-2040', 'Tlustek GmbH', 'ERP-48230', 'silver', 'Benelux', 'Gesundheitswesen', 'http://mitschke.com/', 'Kusel', 'Uruguay', 'CUST-2040'),
  ('CUST-2041', 'Kade', 'ERP-86638', 'gold', 'Nordics', 'Technologie', 'http://weller.net/', 'Schweinfurt', 'Uganda', 'CUST-2041'),
  ('CUST-2042', 'Wähner Blümel GmbH & Co. OHG', 'ERP-50410', 'Platinum', 'Benelux', 'Technologie', NULL, 'Badoberan', 'Bosnien und Herzegowina', 'CUST-2042'),
  ('CUST-2043', 'Kobelt Mohaupt KG', 'ERP-52964', 'GOLD', 'DACH', 'Finance', 'http://gertz.com/', 'Dessau', NULL, 'CUST-2043'),
  ('CUST-2044', 'Henck Reuter AG', 'ERP-63004', 'Platinum', '', 'Industrie', 'https://www.wesack.net/', 'Jessen', 'Usbekistan', 'CUST-2044'),
  ('CUST-2045', 'Paffrath Stiffel GmbH & Co.K G', 'ERP-39135', 'GOLD', 'Nordics', 'Gesundheitswesen', 'https://www.koehler.de/', 'Nördlingen', 'Mongolei', 'CUST-2045'),
  ('CUST-2046', 'Möchlichen Stiftung & Co. KG', 'ERP-12857', 'gold', 'Nordics', 'Manufacturing', 'https://koch.com/', '', 'Dschibuti', 'CUST-2046'),
  ('CUST-2047', 'Christoph Butte GmbH', 'ERP-16637', 'GOLD', '', 'Gesundheitswesen', 'http://doerr.org/', 'Uffenheim', NULL, 'CUST-2047'),
  ('CUST-2048', 'Oestrovsky AG & Co. KG', 'ERP-34530', 'silver', 'Benelux', 'Manufacturing', 'http://www.lindau.com/', '', 'Malaysia', 'CUST-2048'),
  ('CUST-2049', 'Linke Martin Stiftung & Co. KGaA', 'ERP-82179', 'Platinum', 'DACH', 'Technologie', 'http://bolnbach.net/', 'Lörrach', 'Nigeria', 'CUST-2049'),
  ('CUST-2050', 'Sölzer Seidel e.V.', 'ERP-81258', 'Gold', 'UK', 'Healthcare', 'https://stadelmann.de/', 'Hansestadttralsund', 'Niederlande', 'CUST-2050'),
  ('CUST-2051', 'Zobel GmbH', 'ERP-13416', 'SILBER', '', 'Finance', NULL, 'Griesbach Rottal', 'Französisch-Guayana', 'CUST-2051'),
  ('CUST-2052', 'Köhler Hövel e.G.', 'ERP-86544', 'Silver', 'Nordics', 'Technologie', 'http://www.hoelzenbecher.com/', 'Emmendingen', 'Demokratische Volksrepublik Korea', 'CUST-2052'),
  ('CUST-2053', 'Süßebier', 'ERP-38758', 'platinum', 'UK', 'Healthcare', 'http://www.drub.de/', 'Meiningen', 'Grenada', 'CUST-2053'),
  ('CUST-2054', 'Gorlitz Haering KG', 'ERP-57026', 'platinum', 'DACH', 'Healthcare', 'http://finke.com/', 'Cottbus', 'Vereinigtes Königreich', 'CUST-2054'),
  ('CUST-2055', 'Lachmann GmbH & Co. KGaA', 'ERP-74517', 'Platin', 'Benelux', 'IT', 'http://foerster.de/', '', 'Polen', 'CUST-2055'),
  ('CUST-2056', 'Hübel', NULL, 'platinum', 'Nordics', 'IT', 'https://stahr.com/', 'Höxter', 'Samoa', 'CUST-2056'),
  ('CUST-2057', 'Wagenknecht GmbH & Co. KGaA', 'ERP-28566', 'gold', '', 'Healthcare', 'http://www.rohleder.com/', 'Aue', 'Kiribati', 'CUST-2057'),
  ('CUST-2058', 'Hartmann', 'ERP-27884', 'GOLD', NULL, 'Gesundheitswesen', 'https://junken.net/', 'Görlitz', 'Ecuador', 'CUST-2058'),
  ('CUST-2059', 'Carsten KG', 'ERP-90440', 'SILBER', 'Nordics', 'IT', 'https://www.kreusel.net/', 'Hersbruck', 'Oman', 'CUST-2059'),
  ('CUST-2060', 'Perganed', 'ERP-61327', 'platinum', 'DACH', 'IT', 'http://finke.de/', 'Kitzingen', 'Algerien', 'CUST-2060'),
  ('CUST-2061', 'Kaul Killer GmbH', 'ERP-28434', 'SILBER', NULL, 'Technologie', 'https://www.vogt.de/', 'Hagenow', 'Costa Rica', 'CUST-2061'),
  ('CUST-2062', 'Löffler', 'ERP-93768', 'SILBER', 'UK', 'Technology', 'https://www.scheuermann.com/', 'Freising', NULL, 'CUST-2062'),
  ('CUST-2063', 'Mülichen Pruschke GmbH', NULL, 'Bronze', 'UK', 'Gesundheitswesen', 'http://albers.org/', 'Eisenach', 'Neukaledonien', 'CUST-2063'),
  ('CUST-2064', 'Tröst Rosenow e.G.', 'ERP-72847', 'platinum', NULL, 'Finance', 'http://www.kranz.de/', '', 'Antarktis', 'CUST-2064'),
  ('CUST-2065', 'Sauer Jähn GmbH & Co. KGaA', 'ERP-19725', 'SILBER', 'Nordics', 'Gesundheitswesen', 'https://www.zorbach.com/', '', 'Griechenland', 'CUST-2065'),
  ('CUST-2066', 'Schwital Schuster GmbH & Co. KGaA', 'ERP-73273', 'Gold', 'UK', 'IT', 'http://giess.net/', 'Coburg', NULL, 'CUST-2066'),
  ('CUST-2067', 'Nohlmans Börner KG', 'ERP-82628', 'Platin', 'Benelux', 'Finanzen', 'https://maelzer.org/', '', 'Papua-Neuguinea', 'CUST-2067'),
  ('CUST-2068', 'Mülichen', NULL, 'Gold', 'UK', 'Technologie', 'http://wagner.com/', 'Eberswalde', 'Nigeria', 'CUST-2068'),
  ('CUST-2069', 'Fieibg GmbH', 'ERP-20739', 'Platinum', 'DACH', 'Finanzen', 'https://www.froehlich.de/', 'Sigmaringen', 'Vereinigte Arabische Emirate', 'CUST-2069'),
  ('CUST-2070', 'Biggen Hoffmann GmbH', 'ERP-58630', 'Bronze', 'Benelux', 'IT', 'http://www.gnatz.com/', 'Prenzlau', 'Iran', 'CUST-2070'),
  ('CUST-2071', 'Stolze Jacobi Jäckel GbR', NULL, 'gold', 'DACH', 'Healthcare', 'https://www.sager.de/', 'Anklam', 'Bulgarien', 'CUST-2071'),
  ('CUST-2072', 'Holzapfel', 'ERP-78495', 'Bronze', '', 'Manufacturing', 'https://karge.net/', 'Nürtingen', 'Finnland', 'CUST-2072'),
  ('CUST-2073', 'Römer KG', NULL, 'platinum', '', 'IT', NULL, 'Lübz', 'Litauen', 'CUST-2073'),
  ('CUST-2074', 'Drub AG & Co. KG', 'ERP-26539', 'Gold', 'UK', 'Technologie', 'http://jockel.com/', 'Sankt Goar', 'Monaco', 'CUST-2074'),
  ('CUST-2075', 'Gerlach Tröst GmbH', 'ERP-18783', 'gold', 'UK', 'Industrie', 'http://www.eckbauer.com/', 'Hechingen', 'Britische Jungferninseln', 'CUST-2075'),
  ('CUST-2076', 'Ehlert AG', 'ERP-91665', 'platinum', '', 'Gesundheitswesen', NULL, 'Tübingen', 'St. Barthélemy', 'CUST-2076'),
  ('CUST-2077', 'Buchholz AG', 'ERP-23845', 'platinum', 'DACH', 'Finanzen', 'https://gunpf.com/', 'München', 'Bouvetinsel', 'CUST-2077'),
  ('CUST-2078', 'Beyer Bolzmann GmbH', 'ERP-72003', 'Gold', 'Nordics', 'Finanzen', 'http://www.schleich.net/', 'Stuttgart', 'Japan', 'CUST-2078'),
  ('CUST-2079', 'Conradi AG & Co. KG', 'ERP-41139', 'Gold', NULL, 'Manufacturing', 'https://fritsch.net/', 'Burg', NULL, 'CUST-2079'),
  ('CUST-2080', 'Wiek', 'ERP-74437', 'gold', 'Nordics', 'IT', 'http://www.groettner.org/', 'Wunsiedel', 'Mosambik', 'CUST-2080'),
  ('CUST-2081', 'van der Dussen AG', 'ERP-21703', 'Silver', 'UK', 'Finance', 'http://thanel.de/', 'Eisleben', 'Thailand', 'CUST-2081'),
  ('CUST-2082', 'Kramer Löffler AG & Co. OHG', NULL, 'GOLD', 'DACH', 'Finanzen', 'http://wesack.com/', 'Calau', 'Monaco', 'CUST-2082'),
  ('CUST-2083', 'Oderwald e.G.', 'ERP-36309', 'Gold', 'Nordics', 'Technology', 'https://ullmann.com/', 'Hofgeismar', 'Marshallinseln', 'CUST-2083'),
  ('CUST-2084', 'Krause GmbH', 'ERP-93284', 'gold', NULL, 'Technology', 'https://martin.net/', 'Hainichen', 'Tschad', 'CUST-2084'),
  ('CUST-2085', 'Graf Bohnbach e.V.', 'ERP-55121', 'GOLD', 'Benelux', 'Technologie', 'https://aumann.de/', 'Lemgo', 'Lettland', 'CUST-2085'),
  ('CUST-2086', 'Sorgatz', 'ERP-94853', 'Silver', NULL, 'Finance', 'http://www.kroker.com/', 'Berchtesgaden', NULL, 'CUST-2086'),
  ('CUST-2087', 'Gumprich Kambs AG & Co. OHG', NULL, 'GOLD', NULL, 'IT', 'https://www.loeffler.de/', '', 'Guatemala', 'CUST-2087'),
  ('CUST-2088', 'Wilms', 'ERP-94245', 'silver', 'UK', 'Gesundheitswesen', 'https://muelichen.de/', 'Oranienburg', 'Guatemala', 'CUST-2088'),
  ('CUST-2089', 'Wilmsen GmbH & Co. KG', 'ERP-86609', 'gold', 'DACH', 'Industrie', 'http://www.niemeier.com/', 'Burg', 'Slowakei', 'CUST-2089'),
  ('CUST-2090', 'Börner GmbH & Co. KGaA', 'ERP-99707', 'gold', 'UK', 'Technologie', 'http://www.schleich.com/', 'Schwerin', 'Panama', 'CUST-2090'),
  ('CUST-2091', 'Wesack AG', 'ERP-95389', 'silver', 'Nordics', 'IT', 'https://hornig.de/', 'Oberviechtach', NULL, 'CUST-2091'),
  ('CUST-2092', 'Riehl Karz e.V.', 'ERP-51888', 'GOLD', NULL, 'Technology', 'http://www.drubin.de/', 'Meißen', 'Litauen', 'CUST-2092'),
  ('CUST-2093', 'Beckmann AG & Co. KGaA', NULL, 'platinum', 'Nordics', 'Healthcare', 'https://www.losekann.de/', 'Zschopau', 'Bosnien und Herzegowina', 'CUST-2093'),
  ('CUST-2094', 'Steuer', 'ERP-76494', 'silver', 'Nordics', 'Industrie', 'https://roerricht.com/', '', 'Kenia', 'CUST-2094'),
  ('CUST-2095', 'Oderwald Schäfer GmbH', 'ERP-33995', 'SILBER', NULL, 'Technologie', 'https://bolander.com/', 'Kehl', 'Japan', 'CUST-2095'),
  ('CUST-2096', 'Säuberlich', 'ERP-86751', 'silver', 'UK', 'Technologie', 'http://dietz.de/', 'Jena', 'Aruba', 'CUST-2096'),
  ('CUST-2097', 'Henschel', 'ERP-75598', 'gold', NULL, 'Gesundheitswesen', 'http://www.jockel.com/', 'Havelberg', 'Botsuana', 'CUST-2097'),
  ('CUST-2098', 'Geisler Bärer KG', 'ERP-84632', 'Platinum', 'Nordics', 'Healthcare', 'https://www.sontag.de/', 'Artern', 'Saudi-Arabien', 'CUST-2098'),
  ('CUST-2099', 'Schacht Barkholz GmbH', 'ERP-17603', 'Gold', 'UK', 'Finanzen', 'https://ruppersberger.de/', 'Tübingen', 'Russische Föderation', 'CUST-2099'),
  ('CUST-2100', 'Kallert GmbH & Co. KGaA', 'ERP-26961', 'platinum', 'UK', 'Gesundheitswesen', 'https://www.jacob.de/', 'Flöha', 'Martinique', 'CUST-2100');
INSERT INTO "Account" ("Id", "Name", "ERP_Number__c", "Customer_Tier__c", "Region__c", "Industry", "Website", "BillingCity", "BillingCountry", "Legacy_Customer_ID__c") VALUES
  ('CUST-2101', NULL, 'ERP-11845', 'SILBER', '', 'Finance', NULL, '', 'Bangladesch', 'CUST-2101'),
  ('CUST-2102', 'Hamann', 'ERP-23462', 'Bronze', '', 'Finanzen', 'https://huhn.de/', 'Schwäbisch Gmünd', 'Somalia', 'CUST-2102'),
  ('CUST-2103', 'Trupp KG', 'ERP-54280', 'Bronze', NULL, 'IT', 'http://boerner.de/', 'Freital', 'Jamaika', 'CUST-2103'),
  ('CUST-2104', 'Siering GmbH', 'ERP-62873', 'Gold', 'Nordics', 'Finance', 'https://reuter.de/', 'Lübeck', 'Kiribati', 'CUST-2104'),
  ('CUST-2105', 'Scholz Pieper GmbH & Co. KG', 'ERP-95267', 'Gold', 'UK', 'Finanzen', 'http://www.tlustek.com/', 'Fulda', 'Republik Moldau', 'CUST-2105'),
  ('CUST-2106', NULL, 'ERP-16322', 'gold', 'UK', 'Manufacturing', 'https://vogt.com/', 'Kassel', 'Luxemburg', 'CUST-2106'),
  ('CUST-2107', 'Hendriks AG & Co. KG', 'ERP-49467', 'Bronze', NULL, 'Technologie', 'https://juncken.net/', 'Groß-Gerau', 'Tadschikistan', 'CUST-2107'),
  ('CUST-2108', 'Seidel Fritsch GbR', 'ERP-90962', 'gold', 'Benelux', 'Technologie', 'http://drewes.net/', 'Goslar', 'Svalbard und Jan Mayen', 'CUST-2108'),
  ('CUST-2109', 'Mitschke Neureuther KG', 'ERP-56913', 'Bronze', 'Benelux', 'IT', NULL, 'Lüneburg', 'Polen', 'CUST-2109'),
  ('CUST-2110', 'Gutknecht AG & Co. KGaA', NULL, 'gold', 'DACH', 'Manufacturing', NULL, '', 'Guadeloupe', 'CUST-2110'),
  ('CUST-2111', 'Baum GbR', 'ERP-40298', 'Platinum', 'Benelux', 'Finanzen', 'https://www.berger.de/', '', 'St. Pierre und Miquelon', 'CUST-2111'),
  ('CUST-2112', NULL, 'ERP-50987', 'Bronze', NULL, 'Technologie', NULL, 'Scheinfeld', NULL, 'CUST-2112'),
  ('CUST-2113', 'Bolnbach Ladeck GmbH', 'ERP-56861', 'Platinum', '', 'Finanzen', 'http://etzold.net/', '', 'Bosnien und Herzegowina', 'CUST-2113'),
  ('CUST-2114', 'Wähner', 'ERP-45629', 'Bronze', NULL, 'Manufacturing', 'http://conradi.com/', 'Hohenmölsen', 'Thailand', 'CUST-2114'),
  ('CUST-2115', 'Walter', NULL, 'GOLD', 'DACH', 'Gesundheitswesen', 'https://www.harloff.com/', 'Gunzenhausen', 'Lettland', 'CUST-2115'),
  ('CUST-2116', 'Hermighausen Schacht AG', 'ERP-90131', 'Gold', NULL, 'IT', 'https://dowerg.de/', 'Nauen', 'Salomonen', 'CUST-2116'),
  ('CUST-2117', 'Holsten e.V.', 'ERP-11620', 'Platin', NULL, 'Finance', 'http://trubin.com/', 'Wittstock', 'Republik Moldau', 'CUST-2117'),
  ('CUST-2118', 'Stumpf e.V.', NULL, 'Silver', 'UK', 'Healthcare', 'http://kraus.org/', 'Tirschenreuth', 'Brasilien', 'CUST-2118'),
  ('CUST-2119', 'Hellwig', 'ERP-11526', 'GOLD', '', 'Manufacturing', 'https://kreusel.org/', 'Wurzen', NULL, 'CUST-2119'),
  ('CUST-2120', 'Huhn AG & Co. OHG', 'ERP-16599', 'Platin', 'Nordics', 'Industrie', 'http://junck.de/', 'Gunzenhausen', 'Turkmenistan', 'CUST-2120'),
  ('CUST-2059_DUP', 'Carsten KG', 'ERP-90440', 'SILBER', 'Nordics', 'IT', 'https://www.kreusel.net/', 'Hersbruck', 'Oman', 'CUST-2059'),
  ('CUST-2057_DUP', 'Wagenknecht GmbH & Co. KGaA', 'ERP-28566', 'gold', '', 'Healthcare', 'http://www.rohleder.com/', 'Aue', 'Kiribati', 'CUST-2057'),
  ('CUST-2103_DUP', 'Trupp KG', 'ERP-54280', 'Bronze', NULL, 'IT', 'http://boerner.de/', 'Freital', 'Jamaika', 'CUST-2103'),
  ('CUST-2074_DUP', 'Drub AG & Co. KG', 'ERP-26539', 'Gold', 'UK', 'Technologie', 'http://jockel.com/', 'Sankt Goar', 'Monaco', 'CUST-2074'),
  ('CUST-2058_DUP', 'Hartmann', 'ERP-27884', 'GOLD', NULL, 'Gesundheitswesen', 'https://junken.net/', 'Görlitz', 'Ecuador', 'CUST-2058'),
  ('CUST-2012_DUP', 'Stahr', 'ERP-52318', 'silver', 'Benelux', 'Industrie', 'https://www.sager.net/', 'Bad Freienwalde', 'Slowakei', 'CUST-2012');

CREATE TABLE "Contact" ( "Id" text PRIMARY KEY, "FirstName" text, "LastName" text, "Email" text, "Phone" text, "Title" text, "Role__c" text, "Preferred_Language__c" text, "AccountId" text );

INSERT INTO "Contact" ("Id", "FirstName", "LastName", "Email", "Phone", "Title", "Role__c", "Preferred_Language__c", "AccountId") VALUES
  ('CON-00001', 'Werner', 'Walter', 'zahntheda@example.com', 'N/A', 'Pfleger', '', 'de', 'CUST-2001'),
  ('CON-00002', 'Hildburg', 'Heß', 'iris61@example.org', '0375899757', NULL, 'N/A', 'de', 'CUST-2001'),
  ('CON-00003', 'Amalie', 'Bolzmann', 'N/A', '4885102726', 'Techniker', 'End User', 'de', 'CUST-2001'),
  ('CON-00004', 'Jessica', 'Junken', 'uschleich@example.net', 'N/A', 'Arzt', 'Entscheider', 'DE', 'CUST-2001'),
  ('CON-00005', 'Florence', 'Gorlitz', 'wiekberndt@example.net', 'N/A', 'Pilot', 'Entscheider', 'de', 'CUST-2002'),
  ('CON-00006', 'Ernestine', 'Jäkel', 'adakuehnert@example.org', '+492269848583', 'Informatiker', 'N/A', 'Deutsch', 'CUST-2003'),
  ('CON-00007', 'Ann-Kathrin', 'Trüb', 'doerschnergino@example.org', '', 'Binnenschiffer', 'N/A', 'Deutsch', 'CUST-2003'),
  ('CON-00008', 'Wojciech', '', 'uzorbach@example.com', '', 'Binnenschiffer', NULL, 'DE', 'CUST-2003'),
  ('CON-00009', 'Hans-Ulrich', 'Caspar', 'hakan95@example.com', '', 'Pfleger', 'Entscheider', 'englisch', 'CUST-2004'),
  ('CON-00010', 'Helmut', 'Bärer', 'hans-christian66@example.net', 'N/A', 'Asphaltbauer', 'End User', 'de', 'CUST-2004'),
  ('CON-00011', 'Hans-Ulrich', 'Hesse', 'sentacichorius@example.com', '+492281606484', 'Chirurgiemechaniker', NULL, 'Deutsch', 'CUST-2004'),
  ('CON-00012', 'Dorle', 'Heß', 'kuehnertellen@example.com', '2590947985', 'Chemikant', 'Technical Contact', 'de', 'CUST-2005'),
  ('CON-00013', 'Erik', 'Austermühle', 'kochgustav@example.net', '+49 8861 533555', 'Winzer', NULL, NULL, 'CUST-2006'),
  ('CON-00014', 'Agatha', 'Drubin', 'dwirth@example.net', '(0157) 399305', 'Elektroniker', 'Decision Maker', 'englisch', 'CUST-2006'),
  ('CON-00015', 'Kenneth', 'Weinhold', 'hans-hinrichzaenker@example.com', '5887704358', 'Medizininformatiker', 'End User', 'DE', 'CUST-2007'),
  ('CON-00016', 'Dorit', 'Hande', 'behlert@example.org', '', 'Forstwirt', 'Decision Maker', 'EN', 'CUST-2007'),
  ('CON-00017', 'Ivonne', 'Stey', 'N/A', '', 'Drogist', 'Decision Maker', 'EN', 'CUST-2007'),
  ('CON-00018', 'Andy', 'Hoffmann', 'agirschner@example.org', '(1449) 147660', 'Fleischer', 'End User', 'FR', 'CUST-2008'),
  ('CON-00019', 'Paulo', 'Säuberlich', 'ellenmende@example.org', 'N/A', 'Arzt', '', 'EN', 'CUST-2009'),
  ('CON-00020', 'Ottilie', 'Junitz', 'atzlerwalfried@example.org', '+495368222394', 'Mechaniker', 'N/A', 'DE', 'CUST-2009'),
  ('CON-00021', 'Sigmar', 'Wähner', 'ingriedkraus@example.net', '+49 7814 141397', 'Fleischer', 'N/A', 'de', 'CUST-2009'),
  ('CON-00022', 'Berndt', 'Kade', 'dehmelbrigitte@example.org', '+49 5775 949299', 'Fachinformatiker', 'Entscheider', 'FR', 'CUST-2009'),
  ('CON-00023', 'Waltrud', 'Scheuermann', 'mklapp@example.net', '(6452) 577754', 'Artist', 'End User', 'EN', 'CUST-2010'),
  ('CON-00024', 'Ralf', 'Jacobi Jäckel', 'herrmannalwina@example.net', '+494110809969', 'Mechaniker', '', 'Deutsch', 'CUST-2011'),
  ('CON-00025', 'Hans Jürgen', 'Heß', 'franco80@example.net', '2563942788', 'Chirurgiemechaniker', '', 'DE', 'CUST-2011'),
  ('CON-00026', 'Dietrich', 'Junck', 'dkambs@example.org', '', 'Winzer', 'Technical Contact', 'DE', 'CUST-2011'),
  ('CON-00027', 'Luis', 'Beyer', 'qfaust@example.org', '', 'Binnenschiffer', 'N/A', 'Deutsch', 'CUST-2012'),
  ('CON-00028', 'Stilla', 'Losekann', 'vholt@example.com', 'N/A', 'Forstwirt', NULL, 'English', 'CUST-2012'),
  ('CON-00029', 'Sören', '', 'elfie48@example.com', '+492723184322', 'Chirurgiemechaniker', 'N/A', 'EN', 'CUST-2013'),
  ('CON-00030', 'Monique', 'Sontag', 'jenny72@example.net', '1777392603', 'Pilot', '', 'FR', 'CUST-2013'),
  ('CON-00031', 'Hermann Josef', 'Gnatz', 'grafgeorg@example.org', '', 'Artist', NULL, 'Deutsch', 'CUST-2013'),
  ('CON-00032', 'Volker', 'Mälzer', 'khess@example.net', '', 'Beamter', 'End User', 'English', 'CUST-2013'),
  ('CON-00033', 'Inga', 'Rörricht', 'cbenthin@example.com', '+492103886291', 'Medizininformatiker', '', 'DE', 'CUST-2014'),
  ('CON-00034', 'Nuray', 'Finke', 'hnohlmans@example.net', NULL, NULL, '', 'englisch', 'CUST-2014'),
  ('CON-00035', 'Olav', 'Hölzenbecher', 'keudeldomenico@example.org', NULL, NULL, '', 'englisch', 'CUST-2014'),
  ('CON-00036', NULL, 'Pechel', 'marthageisler@example.net', '+49 0981 806356', 'Florist', 'Entscheider', 'Deutsch', 'CUST-2014'),
  ('CON-00037', 'Krista', 'Rudolph', 'corinaadolph@example.net', 'N/A', 'Designer', 'Technical Contact', 'English', 'CUST-2015'),
  ('CON-00038', 'Gülsen', 'Dehmel', 'pbuchholz@example.com', 'N/A', 'Programmierer', 'N/A', 'DE', 'CUST-2015'),
  ('CON-00039', 'Eugen', '', 'hoelzenbecherhannelore@example.net', '1279611435', 'Mechaniker', 'N/A', 'englisch', 'CUST-2015'),
  ('CON-00040', 'Angelo', 'Butte', 'daniela15@example.org', '9027703843', 'Arzt', '', 'de', 'CUST-2016'),
  ('CON-00041', 'Desiree', 'Sontag', 'ometz@example.com', 'N/A', NULL, 'N/A', 'EN', 'CUST-2016'),
  ('CON-00042', 'Gerhild', 'Scholtz', 'juettnerwibke@example.org', 'N/A', NULL, 'End User', 'englisch', 'CUST-2016'),
  ('CON-00043', 'Senta', 'Roskoth', 'ujunk@example.net', '(5184) 894769', 'Binnenschiffer', NULL, 'English', 'CUST-2016'),
  ('CON-00044', 'Karl-Wilhelm', 'Junitz', 'nerminbiggen@example.net', 'N/A', 'Augenoptiker', 'N/A', 'Deutsch', 'CUST-2017'),
  ('CON-00045', 'Ralf-Dieter', 'Davids', 'roggeurszula@example.net', '+495182755394', 'Mechaniker', 'N/A', 'de', 'CUST-2017'),
  ('CON-00046', 'Alwin', 'Hänel', 'hans-georg36@example.org', '4333395211', 'Chirurgiemechaniker', 'N/A', NULL, 'CUST-2017'),
  ('CON-00047', 'Frieda', 'Weller', 'zzahn@example.com', NULL, 'Chemikant', 'Technical Contact', 'englisch', 'CUST-2017'),
  ('CON-00048', 'Jelena', 'Jessel', 'huhnadina@example.com', '', 'Binnenschiffer', 'Technical Contact', 'DE', 'CUST-2018'),
  ('CON-00049', 'Oscar', 'Stadelmann', '', '+49 5942 843479', 'Bankkaufmann', 'Entscheider', 'englisch', 'CUST-2018'),
  ('CON-00050', 'Reinhilde', 'Kraushaar', 'angelique37@example.com', NULL, 'Krankenschwester', 'Entscheider', 'englisch', 'CUST-2019'),
  ('CON-00051', 'Kathrin', 'Löchel', 'carina96@example.org', '+49 7026 728857', 'Mathematiker', NULL, 'DE', 'CUST-2019'),
  ('CON-00052', 'Dogan', 'Benthin', 'sylvesterschuchhardt@example.com', NULL, 'Schornsteinfeger', 'Decision Maker', 'englisch', 'CUST-2020'),
  ('CON-00053', 'Heidelinde', 'Trüb', 'yasemin73@example.net', NULL, 'Chemikant', 'Decision Maker', 'englisch', 'CUST-2020'),
  ('CON-00054', 'Anneke', 'Carsten', 'oputz@example.net', '+492569961125', 'Forstwirt', 'N/A', 'Deutsch', 'CUST-2020'),
  ('CON-00055', 'Kuno', 'Fischer', 'fmaelzer@example.com', '', 'Binnenschiffer', 'Technical Contact', 'EN', 'CUST-2020'),
  ('CON-00056', 'Knud', 'Roskoth', 'melitta38@example.com', '+497800681149', NULL, 'Entscheider', 'Deutsch', 'CUST-2021'),
  ('CON-00057', 'Anika', 'Dörr', 'rohledercornelius@example.org', NULL, 'Schornsteinfeger', 'Technical Contact', NULL, 'CUST-2021'),
  ('CON-00058', 'Gesa', 'Tschentscher', 'glehmann@example.com', '+499796884578', 'Fleischer', 'Entscheider', 'Deutsch', 'CUST-2022'),
  ('CON-00059', 'Alexej', 'Drewes', 'jaroslaw91@example.net', '+49 0825 478077', NULL, 'Entscheider', 'Deutsch', 'CUST-2022'),
  ('CON-00060', 'Meryem', 'Kreusel', 'ygiess@example.org', '(8663) 266341', 'Artist', '', 'Deutsch', 'CUST-2023'),
  ('CON-00061', 'Konstantinos', 'Johann', 'lindaupetra@example.net', '+49 6312 241797', 'Arzt', 'Entscheider', 'de', 'CUST-2023'),
  ('CON-00062', 'Kati', 'Steckel', NULL, '(1442) 703120', 'Pilot', 'Entscheider', 'Deutsch', 'CUST-2024'),
  ('CON-00063', 'Dagobert', 'Weinhold', 'mirko23@example.org', '+490512046187', 'Fleischer', NULL, 'Deutsch', 'CUST-2024'),
  ('CON-00064', 'Adolf', 'Kroker', 'luebsantonia@example.org', '(3673) 037183', 'Beamter', 'Technical Contact', 'English', 'CUST-2024'),
  ('CON-00065', 'Veit', 'Süßebier', 'geisslergerhild@example.com', '+498147435031', 'Mechaniker', 'Technical Contact', 'DE', 'CUST-2025'),
  ('CON-00066', 'Oswald', 'Stumpf', 'njaehn@example.net', '+493009792513', 'Mechaniker', 'N/A', 'English', 'CUST-2025'),
  ('CON-00067', 'Magdalena', 'Jacobi Jäckel', '', '+49 2735 857306', 'Bäcker', 'Technical Contact', 'DE', 'CUST-2026'),
  ('CON-00068', 'Engin', 'Bachmann', 'franz-josefaustermuehle@example.org', NULL, 'Drogist', 'Decision Maker', 'FR', 'CUST-2027'),
  ('CON-00069', 'Frithjof', 'Seip', 'haeringwolfgang@example.net', '+49 7086 209593', 'Fachinformatiker', 'N/A', 'englisch', 'CUST-2027'),
  ('CON-00070', 'Hans-Hinrich', 'Christoph', 'yschomber@example.net', '2945651181', 'Friseur', 'End User', 'FR', 'CUST-2027'),
  ('CON-00071', 'Anastasios', 'Drub', 'efinke@example.com', '+49 1096 789940', 'Chirurgiemechaniker', 'N/A', 'EN', 'CUST-2027'),
  ('CON-00072', 'Walburga', 'Neureuther', 'joanatintzmann@example.com', 'N/A', NULL, 'Decision Maker', 'Deutsch', 'CUST-2028'),
  ('CON-00073', 'Imre', 'Gutknecht', 'cbaerer@example.net', '', 'Forstwirt', 'N/A', 'EN', 'CUST-2029'),
  ('CON-00074', 'Eduard', 'Schuchhardt', 'vbirnbaum@example.org', '(1228) 685289', 'Polizist', 'Technical Contact', 'English', 'CUST-2030'),
  ('CON-00075', 'Dietlinde', 'Wagenknecht', 'voderwald@example.net', '(5939) 836845', 'Forstwirt', 'Entscheider', 'DE', 'CUST-2030'),
  ('CON-00076', 'Anika', 'Schäfer', 'neuschaeferroger@example.com', 'N/A', 'Medizininformatiker', '', 'FR', 'CUST-2030'),
  ('CON-00077', 'Hilmar', 'Trüb', 'N/A', '', NULL, 'Technical Contact', NULL, 'CUST-2031'),
  ('CON-00078', 'Christl', 'Jopich', 'raedelalfredo@example.com', NULL, 'Ausbaufacharbeiter', NULL, 'EN', 'CUST-2032'),
  ('CON-00079', 'Agathe', 'Scholtz', 'rosalinde67@example.org', '+499060480589', 'Techniker', 'N/A', 'de', 'CUST-2032'),
  ('CON-00080', 'Tobias', 'Thanel', 'invalid@mail', '9813646225', 'Polizist', 'N/A', 'DE', 'CUST-2033'),
  ('CON-00081', 'Hans-Jochen', 'Möchlichen', 'fritschkenneth@example.net', 'N/A', 'Techniker', 'N/A', 'de', 'CUST-2033'),
  ('CON-00082', 'Thaddäus', 'Heinrich', 'invalid@mail', '', NULL, 'Technical Contact', 'FR', 'CUST-2034'),
  ('CON-00083', 'Sonja', 'Schleich', 'caeciliestolze@example.com', '7927033521', 'Arzt', 'End User', 'FR', 'CUST-2034'),
  ('CON-00084', 'Francis', 'Hornig', NULL, 'N/A', 'Koreanistiker', 'End User', 'DE', 'CUST-2035'),
  ('CON-00085', 'Osman', 'Mude', 'psteinberg@example.net', '4204394070', 'Chirurgiemechaniker', 'Technical Contact', 'English', 'CUST-2035'),
  ('CON-00086', NULL, 'Christoph', 'karl-wernerstumpf@example.net', '+496368157981', 'Krankenschwester', 'Entscheider', 'DE', 'CUST-2035'),
  ('CON-00087', 'Edeltraud', 'Noack', 'hajogute@example.org', NULL, NULL, 'Technical Contact', 'englisch', 'CUST-2036'),
  ('CON-00088', 'Laurenz', 'Heinz', 'liebelttherese@example.com', 'N/A', 'Erzieher', 'Technical Contact', 'English', 'CUST-2037'),
  ('CON-00089', 'Ole', 'Stey', 'baehrortwin@example.com', '+49 8324 826292', NULL, '', 'EN', 'CUST-2038'),
  ('CON-00090', 'Maja', 'Bolnbach', 'hannespaffrath@example.org', '+490566474231', 'Programmierer', NULL, 'Deutsch', 'CUST-2038'),
  ('CON-00091', 'Erol', 'Rörricht', 'ndrewes@example.org', '+493051728975', 'Elektroniker', 'Entscheider', NULL, 'CUST-2038'),
  ('CON-00092', 'Krystyna', 'Bien', 'vheser@example.com', '(0463) 331279', 'Florist', NULL, NULL, 'CUST-2038'),
  ('CON-00093', 'Dörthe', 'Staude', 'moniquestumpf@example.net', '6569998808', 'Bankkaufmann', NULL, 'DE', 'CUST-2039'),
  ('CON-00094', 'Virginia', 'Wende', 'mangoldluisa@example.com', NULL, 'Beamter', 'Entscheider', 'FR', 'CUST-2039'),
  ('CON-00095', 'Liesbeth', 'Dobes', 'zaenkereleni@example.net', '(2771) 812982', 'Artist', 'Entscheider', 'DE', 'CUST-2040'),
  ('CON-00096', 'Ortrun', 'Haering', 'geiseleugenia@example.org', '', 'Mathematiker', '', 'englisch', 'CUST-2040'),
  ('CON-00097', 'Thomas', 'Wiek', 'jadwigahornich@example.net', NULL, 'Schornsteinfeger', NULL, 'DE', 'CUST-2040'),
  ('CON-00098', 'Frieda', 'Knappe', 'gwagner@example.org', '(7421) 230940', 'Programmierer', 'Entscheider', 'DE', 'CUST-2040'),
  ('CON-00099', 'Wera', 'Liebelt', 'ewaldgutknecht@example.com', '', 'Altenpfleger', NULL, 'de', 'CUST-2041'),
  ('CON-00100', 'Isidor', 'Mühle', '', '+492099451016', 'Programmierer', 'Technical Contact', 'FR', 'CUST-2041');
INSERT INTO "Contact" ("Id", "FirstName", "LastName", "Email", "Phone", "Title", "Role__c", "Preferred_Language__c", "AccountId") VALUES
  ('CON-00101', 'Pero', 'Trubin', 'alwine21@example.com', '+49 0145 561681', 'Pfleger', 'Decision Maker', 'Deutsch', 'CUST-2041'),
  ('CON-00102', 'Siegward', 'Zirme', 'etta32@example.net', '(3901) 981794', 'Elektroniker', 'Technical Contact', 'Deutsch', 'CUST-2041'),
  ('CON-00103', 'Sinaida', 'Lange', 'lydialorch@example.com', '(7729) 343010', 'Arzt', 'Decision Maker', 'de', 'CUST-2042'),
  ('CON-00104', 'Kunigunde', 'Atzler', 'theresia07@example.org', '+49 5583 034414', 'Winzer', 'Technical Contact', 'DE', 'CUST-2042'),
  ('CON-00105', 'Rolf-Peter', 'Wirth', 'casparmijo@example.com', '', 'Chirurgiemechaniker', 'End User', NULL, 'CUST-2042'),
  ('CON-00106', 'Gertrude', 'Segebahn', 'zbolander@example.org', '', 'Chemikant', NULL, 'English', 'CUST-2043'),
  ('CON-00107', 'Samira', 'Ruppert', '', '', 'Augenoptiker', 'N/A', 'DE', 'CUST-2043'),
  ('CON-00108', 'Irmtraud', 'Weimer', 'siegbert68@example.com', NULL, 'Informatiker', 'Decision Maker', NULL, 'CUST-2043'),
  ('CON-00109', 'Songül', 'Finke', 'alan48@example.net', '', NULL, 'Entscheider', 'EN', 'CUST-2044'),
  ('CON-00110', 'Reni', 'Ring', 'pmatthaei@example.org', '', 'Pilot', 'Technical Contact', 'de', 'CUST-2045'),
  ('CON-00111', 'Dennis', 'Beier', 'reni63@example.com', '1422410988', 'Programmierer', 'Technical Contact', 'English', 'CUST-2046'),
  ('CON-00112', 'Radmila', 'Eberth', 'uvan-der-dussen@example.net', '+499321495870', NULL, 'N/A', 'DE', 'CUST-2046'),
  ('CON-00113', 'Ludwig', 'Pölitz', 'heinrich18@example.net', NULL, 'Programmierer', '', 'FR', 'CUST-2047'),
  ('CON-00114', 'Deborah', 'Heser', 'anatolijbaum@example.net', '(7477) 332945', 'Fachinformatiker', 'N/A', 'English', 'CUST-2048'),
  ('CON-00115', NULL, 'Wagenknecht', 'ivanka68@example.org', '5772459928', 'Augenoptiker', 'N/A', 'EN', 'CUST-2049'),
  ('CON-00116', 'Bela', 'Wernecke', 'joerg85@example.org', '(8769) 639382', 'Beamter', 'Technical Contact', 'de', 'CUST-2049'),
  ('CON-00117', 'Adem', 'Metz', 'khuhn@example.net', 'N/A', 'Programmierer', 'Technical Contact', 'EN', 'CUST-2049'),
  ('CON-00118', 'Carola', 'Trüb', 'magretweinhage@example.net', NULL, 'Elektroniker', 'Decision Maker', 'FR', 'CUST-2050'),
  ('CON-00119', 'Fredy', 'Trüb', 'kristian49@example.net', '', 'Koreanistiker', 'Technical Contact', 'EN', 'CUST-2050'),
  ('CON-00120', 'Constanze', 'Gröttner', 'egonjunken@example.net', NULL, 'Mathematiker', 'Decision Maker', 'de', 'CUST-2050'),
  ('CON-00121', 'Simon', 'Langern', 'jdippel@example.net', 'N/A', 'Bäcker', 'Technical Contact', 'englisch', 'CUST-2050'),
  ('CON-00122', 'Willy', 'Hamann', 'bolandersilvio@example.org', NULL, 'Pilot', NULL, 'englisch', 'CUST-2051'),
  ('CON-00123', 'Romuald', 'Schacht', 'koch-iiguelsen@example.net', NULL, 'Winzer', 'N/A', 'Deutsch', 'CUST-2051'),
  ('CON-00124', 'Fabienne', 'Löchel', 'lhettner@example.com', NULL, 'Pilot', NULL, 'Deutsch', 'CUST-2052'),
  ('CON-00125', 'Friedrich-Karl', 'Pärtzelt', 'awagenknecht@example.org', 'N/A', 'Binnenschiffer', 'Entscheider', NULL, 'CUST-2052'),
  ('CON-00126', 'Wencke', 'Tlustek', 'dtrub@example.org', '6544209494', 'Schornsteinfeger', '', 'FR', 'CUST-2052'),
  ('CON-00127', 'Wilhelm', 'Beckmann', 'taescheheini@example.com', '+499047128144', 'Chirurgiemechaniker', 'Technical Contact', 'Deutsch', 'CUST-2052'),
  ('CON-00128', 'Emil', 'Dussen van', 'sonja19@example.com', '+49 2752 437280', 'Mathematiker', 'End User', 'FR', 'CUST-2053'),
  ('CON-00129', 'Pedro', 'Jäkel', 'arthur82@example.org', '(7239) 504102', 'Mathematiker', 'Technical Contact', NULL, 'CUST-2054'),
  ('CON-00130', 'Friedhelm', 'Ziegert', 'klaus-ulrich70@example.org', '(6674) 286047', 'Pfleger', '', 'DE', 'CUST-2054'),
  ('CON-00131', 'Heinz-Georg', 'Gnatz', 'jaekelricarda@example.com', '(6945) 441496', 'Medizininformatiker', 'N/A', 'de', 'CUST-2054'),
  ('CON-00132', 'Cengiz', 'Beyer', 'eberhardtbernhardine@example.com', 'N/A', 'Pfleger', 'Entscheider', 'English', 'CUST-2054'),
  ('CON-00133', 'Torben', 'Kallert', 'truppersberger@example.net', '+499109391119', 'Koreanistiker', NULL, 'FR', 'CUST-2055'),
  ('CON-00134', 'Klaudia', 'Etzler', 'mtschentscher@example.org', NULL, NULL, 'Entscheider', 'English', 'CUST-2055'),
  ('CON-00135', 'Tom', 'Fischer', 'cwesack@example.net', NULL, 'Informatiker', '', 'EN', 'CUST-2056'),
  ('CON-00136', 'Sabri', 'Kraushaar', 'scholzgiovanna@example.net', '+499470720064', 'Elektroniker', 'Entscheider', 'DE', 'CUST-2057'),
  ('CON-00137', 'Verena', 'Steckel', 'ikambs@example.org', 'N/A', 'Pilot', 'Technical Contact', 'English', 'CUST-2057'),
  ('CON-00138', 'Andree', 'Rudolph', 'freia12@example.net', '1585174328', 'Friseur', 'N/A', 'de', 'CUST-2057'),
  ('CON-00139', 'Hans-Josef', 'Schönland', 'seifertbrunhild@example.org', '+495717320309', 'Augenoptiker', 'Decision Maker', 'Deutsch', 'CUST-2057'),
  ('CON-00140', 'Rosita', 'Bähr', 'karolinamuelichen@example.net', '(0050) 506138', 'Beamter', NULL, 'FR', 'CUST-2058'),
  ('CON-00141', 'Lilly', 'Haering', 'violettabaehr@example.com', '', NULL, 'Technical Contact', 'EN', 'CUST-2058'),
  ('CON-00142', 'Till', 'Caspar', 'maritatrapp@example.net', NULL, 'Informatiker', 'N/A', 'englisch', 'CUST-2058'),
  ('CON-00143', 'Nelli', 'Barkholz', 'cschacht@example.com', '+492530925114', 'Programmierer', 'End User', 'English', 'CUST-2058'),
  ('CON-00144', 'Natalie', 'Rädel', 'agirschner@example.org', '1962071002', 'Informatiker', '', 'Deutsch', 'CUST-2059'),
  ('CON-00145', 'Eckehard', 'Riehl', 'fhertrampf@example.org', '', NULL, 'End User', NULL, 'CUST-2059'),
  ('CON-00146', 'Jens-Peter', 'Wilmsen', 'kasparfechner@example.org', 'N/A', 'Bäcker', NULL, 'de', 'CUST-2060'),
  ('CON-00147', 'German', 'Jäntsch', NULL, '+49 7722 005436', 'Pfleger', NULL, NULL, 'CUST-2061'),
  ('CON-00148', 'Hanife', 'Geisler', NULL, '(0781) 137995', 'Augenoptiker', 'N/A', 'English', 'CUST-2061'),
  ('CON-00149', 'Reinhardt', 'Dippel', 'hans-bernd00@example.com', '(3636) 317970', 'Informatiker', '', NULL, 'CUST-2061'),
  ('CON-00150', 'Philippe', 'Dussen van', 'sandorjunitz@example.com', '5435209042', 'Augenoptiker', 'Entscheider', 'englisch', 'CUST-2062'),
  ('CON-00151', 'Cristina', 'Hellwig', 'igorweller@example.net', '(9292) 983168', 'Medizininformatiker', 'End User', NULL, 'CUST-2062'),
  ('CON-00152', 'Marc', 'Mitschke', 'rdrewes@example.org', '(3356) 939290', 'Pfleger', 'Decision Maker', NULL, 'CUST-2063'),
  ('CON-00153', 'Evelin', 'Heintze', 'netteangelo@example.com', '+496717731806', 'Asphaltbauer', 'Technical Contact', 'de', 'CUST-2063'),
  ('CON-00154', 'Kläre', 'Röhricht', 'birte91@example.org', '+494279907726', 'Binnenschiffer', 'Technical Contact', NULL, 'CUST-2063'),
  ('CON-00155', NULL, 'Schuster', 'catharina67@example.org', NULL, 'Schornsteinfeger', 'N/A', 'EN', 'CUST-2063'),
  ('CON-00156', 'Aynur', 'Geisler', 'lieselfaust@example.com', '+495016579055', 'Fachinformatiker', 'N/A', 'EN', 'CUST-2064'),
  ('CON-00157', 'Abdullah', 'Mitschke', 'croehricht@example.org', '+49 5381 793355', 'Forstwirt', 'Entscheider', 'Deutsch', 'CUST-2064'),
  ('CON-00158', 'Genoveva', 'Geisel', 'N/A', '+498178847951', 'Altenpfleger', 'Entscheider', 'EN', 'CUST-2064'),
  ('CON-00159', 'Jan', 'Stiffel', 'nergerjuergen@example.net', '', NULL, 'Entscheider', 'FR', 'CUST-2065'),
  ('CON-00160', 'Cornelia', 'Pergande', 'okiller@example.org', '', 'Forstwirt', 'Technical Contact', NULL, 'CUST-2066'),
  ('CON-00161', 'Carina', 'Bohnbach', 'fritschjoana@example.net', '+49 7749 242437', 'Friseur', NULL, 'DE', 'CUST-2066'),
  ('CON-00162', 'Maritta', 'Etzold', 'krokerhildburg@example.org', '9284222231', 'Florist', '', 'FR', 'CUST-2066'),
  ('CON-00163', 'Vanessa', 'Junck', 'nhaering@example.net', '0552578284', 'Programmierer', 'Entscheider', NULL, 'CUST-2066'),
  ('CON-00164', 'Geza', 'Jungfer', 'katarina74@example.org', '+49 8854 749297', 'Programmierer', 'N/A', NULL, 'CUST-2067'),
  ('CON-00165', 'Alexei', 'Süßebier', 'vassiliosscheuermann@example.com', 'N/A', 'Binnenschiffer', '', 'de', 'CUST-2067'),
  ('CON-00166', 'Sabine', 'Anders', 'schlosserwilly@example.org', '', 'Designer', 'End User', 'englisch', 'CUST-2068'),
  ('CON-00167', 'Adelgunde', 'Wiek', 'sroehricht@example.net', '+495478137674', 'Mechaniker', 'Entscheider', 'englisch', 'CUST-2068'),
  ('CON-00168', 'Gabriele', 'Buchholz', 'zirmepetra@example.net', '(3478) 519610', 'Asphaltbauer', 'Technical Contact', 'englisch', 'CUST-2068'),
  ('CON-00169', 'Wilma', 'Kohl', 'hsteinberg@example.com', '+49 2326 487049', 'Techniker', 'N/A', NULL, 'CUST-2069'),
  ('CON-00170', 'Alban', 'Ebert', 'xgierschner@example.net', NULL, 'Arzt', 'Decision Maker', 'English', 'CUST-2069'),
  ('CON-00171', 'Heinz-Willi', 'Weimer', 'tabea37@example.org', '+497158904290', 'Asphaltbauer', 'N/A', 'FR', 'CUST-2070'),
  ('CON-00172', 'Margita', 'Schmiedecke', 'hanne53@example.org', 'N/A', 'Friseur', '', 'English', 'CUST-2070'),
  ('CON-00173', 'Arndt', 'Holt', 'horst-dieternohlmans@example.com', 'N/A', 'Medizininformatiker', NULL, NULL, 'CUST-2070'),
  ('CON-00174', 'Robby', 'Dörschner', 'ahmedgunpf@example.net', '', 'Florist', 'Decision Maker', 'englisch', 'CUST-2070'),
  ('CON-00175', 'Gertrud', 'Warmer', 'jgeissler@example.org', '+490754527985', 'Designer', 'Decision Maker', 'EN', 'CUST-2071'),
  ('CON-00176', 'Carmelo', 'Eckbauer', 'schachtfernando@example.net', NULL, 'Fleischer', 'Entscheider', 'DE', 'CUST-2071'),
  ('CON-00177', NULL, 'Zänker', 'raissapreiss@example.net', NULL, 'Florist', '', 'de', 'CUST-2071'),
  ('CON-00178', 'Wibke', 'Süßebier', 'minnastiebitz@example.org', '+490124955289', 'Fleischer', 'Decision Maker', 'EN', 'CUST-2071'),
  ('CON-00179', 'Gunda', 'Seip', 'badler@example.net', '(2801) 387592', 'Augenoptiker', 'Decision Maker', 'FR', 'CUST-2072'),
  ('CON-00180', 'Hannchen', 'Pohl', 'steven64@example.org', '', 'Arzt', 'N/A', 'DE', 'CUST-2073'),
  ('CON-00181', 'Regine', 'Ullmann', 'hklotz@example.org', NULL, NULL, NULL, NULL, 'CUST-2073'),
  ('CON-00182', 'Annita', '', 'bekirholsten@example.com', '', 'Pilot', 'Decision Maker', 'FR', 'CUST-2073'),
  ('CON-00183', 'Darius', 'Rudolph', 'adem63@example.com', '+49 6136 749946', 'Asphaltbauer', '', 'englisch', 'CUST-2074'),
  ('CON-00184', 'Simone', 'Hering', 'helenloechel@example.org', '(1477) 320101', 'Drogist', 'End User', 'englisch', 'CUST-2075'),
  ('CON-00185', 'Erdmute', 'Schomber', 'mauricejockel@example.org', 'N/A', 'Bankkaufmann', 'Technical Contact', 'DE', 'CUST-2075'),
  ('CON-00186', NULL, 'Scheel', 'nasersteve@example.org', 'N/A', 'Programmierer', NULL, 'Deutsch', 'CUST-2075'),
  ('CON-00187', 'Veronica', 'Karge', 'ivan17@example.org', '(4671) 978897', 'Augenoptiker', 'End User', 'DE', 'CUST-2075'),
  ('CON-00188', 'Elly', 'Mangold', 'annamaria31@example.net', NULL, 'Bankkaufmann', 'Decision Maker', 'English', 'CUST-2076'),
  ('CON-00189', 'Yvette', 'Bolander', 'hsager@example.org', NULL, 'Artist', 'Technical Contact', 'FR', 'CUST-2076'),
  ('CON-00190', NULL, 'Kostolzin', 'N/A', '(6986) 407905', 'Informatiker', 'Technical Contact', 'EN', 'CUST-2076'),
  ('CON-00191', 'Sofia', 'Margraf', 'zaenkerferenc@example.org', '(5785) 294563', 'Augenoptiker', NULL, 'EN', 'CUST-2076'),
  ('CON-00192', 'Gülten', 'Blümel', 'eleni61@example.org', 'N/A', 'Augenoptiker', 'Entscheider', 'englisch', 'CUST-2077'),
  ('CON-00193', 'Ella', 'Weller', 'mirja66@example.org', 'N/A', 'Pfleger', 'N/A', 'FR', 'CUST-2077'),
  ('CON-00194', 'Emilie', 'Atzler', 'ninascheuermann@example.net', '+497374896908', 'Arzt', 'End User', 'de', 'CUST-2078'),
  ('CON-00195', 'Rahel', 'Scholl', 'ymitschke@example.com', '+496513644249', 'Bankkaufmann', 'Decision Maker', 'FR', 'CUST-2079'),
  ('CON-00196', 'Matthäus', 'Schaaf', 'gabriele07@example.net', '7786603242', 'Drogist', NULL, 'Deutsch', 'CUST-2079'),
  ('CON-00197', 'Ingried', 'Börner', 'dobesaleksandr@example.net', '(0015) 941651', 'Drogist', 'N/A', 'FR', 'CUST-2080'),
  ('CON-00198', 'Norman', 'Linke', 'fannypechel@example.com', NULL, 'Krankenschwester', 'Technical Contact', 'englisch', 'CUST-2080'),
  ('CON-00199', 'Lucie', 'Beyer', 'pgotthard@example.org', '', 'Augenoptiker', 'Technical Contact', 'englisch', 'CUST-2081'),
  ('CON-00200', 'Anica', 'Siering', 'ludgersauer@example.com', '+49 2575 409003', 'Techniker', 'Technical Contact', 'English', 'CUST-2081');
INSERT INTO "Contact" ("Id", "FirstName", "LastName", "Email", "Phone", "Title", "Role__c", "Preferred_Language__c", "AccountId") VALUES
  ('CON-00201', 'Walter', 'Jessel', 'corina82@example.org', '', 'Programmierer', NULL, 'englisch', 'CUST-2082'),
  ('CON-00202', 'Gerta', 'Stiebitz', 'paul-gerhard08@example.net', '+49 7765 612481', 'Chemikant', 'N/A', 'English', 'CUST-2083'),
  ('CON-00203', 'Natali', 'Bloch', 'hellwigamelie@example.net', '2720634591', 'Polizist', '', 'FR', 'CUST-2084'),
  ('CON-00204', 'Mirko', 'Graf', 'hans-michael33@example.org', '5772429543', 'Krankenschwester', 'End User', 'englisch', 'CUST-2084'),
  ('CON-00205', 'Mona', 'Sager', 'sschinke@example.com', '', 'Programmierer', 'Decision Maker', 'englisch', 'CUST-2084'),
  ('CON-00206', 'Ulf', 'Zobel', 'severin52@example.org', '+495291086771', 'Artist', 'End User', 'Deutsch', 'CUST-2084'),
  ('CON-00207', 'Hellmut', 'Süßebier', 'ahartmann@example.net', '+49 3934 362620', 'Elektroniker', 'End User', NULL, 'CUST-2085'),
  ('CON-00208', 'Wolf-Rüdiger', 'Wähner', 'nscholz@example.org', '', 'Programmierer', 'Decision Maker', 'EN', 'CUST-2085'),
  ('CON-00209', 'Marietta', 'Albers', 'zhaering@example.org', '+49 7599 004896', 'Mathematiker', 'N/A', 'English', 'CUST-2085'),
  ('CON-00210', 'Blanka', 'Drewes', 'briemeroliver@example.org', '(4287) 572158', 'Chemikant', 'Decision Maker', 'English', 'CUST-2086'),
  ('CON-00211', 'Klaus Peter', 'Mans', '', '+494564494856', 'Drogist', 'Entscheider', 'FR', 'CUST-2086'),
  ('CON-00212', 'Eva', 'Sauer', '', '', 'Mathematiker', 'Entscheider', NULL, 'CUST-2087'),
  ('CON-00213', 'Karlheinz', 'Gertz', 'beckerhans-uwe@example.org', '+495134228499', 'Elektroniker', 'Decision Maker', 'FR', 'CUST-2087'),
  ('CON-00214', 'Ismail', 'Gieß', 'irmengard25@example.net', '+491504165915', NULL, 'Entscheider', NULL, 'CUST-2087'),
  ('CON-00215', 'Sieglinde', 'Ditschlerin', 'anastasiosgierschner@example.com', NULL, 'Asphaltbauer', 'Technical Contact', 'DE', 'CUST-2087'),
  ('CON-00216', 'Mike', 'Häring', 'rafaelsoelzer@example.org', '+49 4236 103266', 'Friseur', 'N/A', 'FR', 'CUST-2088'),
  ('CON-00217', 'Gesa', 'Geißler', 'xhenck@example.com', '(4925) 158377', 'Winzer', '', 'englisch', 'CUST-2089'),
  ('CON-00218', 'Friedrich-Karl', 'Ehlert', 'etrub@example.org', 'N/A', 'Drogist', '', 'EN', 'CUST-2090'),
  ('CON-00219', 'Petros', 'Junck', 'annitakostolzin@example.net', 'N/A', NULL, 'Decision Maker', 'EN', 'CUST-2091'),
  ('CON-00220', 'Kläre', 'Schmiedt', 'pschuster@example.org', '+499454918017', 'Drogist', NULL, 'englisch', 'CUST-2091'),
  ('CON-00221', 'Myriam', 'Reising', 'invalid@mail', '', 'Forstwirt', 'Technical Contact', 'EN', 'CUST-2091'),
  ('CON-00222', NULL, 'Schuchhardt', 'matthiashentschel@example.org', '', 'Florist', 'N/A', 'englisch', 'CUST-2092'),
  ('CON-00223', 'Rena', 'Niemeier', 'miroslawapechel@example.net', NULL, 'Erzieher', NULL, 'de', 'CUST-2092'),
  ('CON-00224', 'Elisabet', 'Bolzmann', 'ziegertwenzel@example.net', 'N/A', 'Chirurgiemechaniker', 'Technical Contact', 'englisch', 'CUST-2092'),
  ('CON-00225', 'Andrea', 'Kraushaar', NULL, '(6679) 984076', 'Schornsteinfeger', 'N/A', NULL, 'CUST-2092'),
  ('CON-00226', 'Marius', 'Trub', 'alexandra87@example.org', '(5814) 671795', 'Mathematiker', 'Decision Maker', 'FR', 'CUST-2093'),
  ('CON-00227', 'Juergen', 'Salz', 'ftrubin@example.com', '(3839) 597246', 'Mechaniker', 'N/A', 'English', 'CUST-2093'),
  ('CON-00228', 'Toralf', 'Heinz', 'haenelheinz-peter@example.org', NULL, 'Mechaniker', 'Entscheider', 'Deutsch', 'CUST-2094'),
  ('CON-00229', 'Chantal', 'Franke', 'leonardloeffler@example.com', '5452280156', 'Mathematiker', 'Decision Maker', 'de', 'CUST-2094'),
  ('CON-00230', 'Klemens', 'Martin', 'betty12@example.org', NULL, 'Winzer', 'Decision Maker', 'EN', 'CUST-2094'),
  ('CON-00231', 'Angelique', 'Scholtz', 'hermann-josef90@example.com', '', 'Programmierer', NULL, 'FR', 'CUST-2094'),
  ('CON-00232', 'Saban', 'Koch', 'dmende@example.com', '', 'Medizininformatiker', 'Technical Contact', 'de', 'CUST-2095'),
  ('CON-00233', 'Thomas', 'Heintze', 'juergen60@example.org', NULL, NULL, NULL, 'EN', 'CUST-2096'),
  ('CON-00234', 'Klaus-Werner', 'Otto', 'frederike15@example.org', '(2606) 029084', 'Schornsteinfeger', 'N/A', 'Deutsch', 'CUST-2096'),
  ('CON-00235', NULL, 'Dippel', 'zimmerkarl-ernst@example.org', '', 'Beamter', NULL, 'englisch', 'CUST-2097'),
  ('CON-00236', 'Hans-Wilhelm', 'Kade', 'klingelhoeferarnim@example.net', 'N/A', 'Drogist', 'Technical Contact', 'FR', 'CUST-2097'),
  ('CON-00237', 'Gunhild', 'Jüttner', 'N/A', NULL, 'Fleischer', 'Decision Maker', NULL, 'CUST-2097'),
  ('CON-00238', NULL, 'Schleich', 'juliane43@example.net', '', 'Binnenschiffer', 'Entscheider', 'de', 'CUST-2098'),
  ('CON-00239', 'Liesel', 'Kusch', 'alban44@example.com', '+495712661106', 'Mechaniker', 'Entscheider', 'EN', 'CUST-2098'),
  ('CON-00240', 'Kirstin', 'Fischer', 'mudegeorgine@example.net', '+498649767762', 'Mechaniker', 'Entscheider', NULL, 'CUST-2098'),
  ('CON-00241', 'Hassan', 'Mühle', 'henrikullrich@example.net', '3770285196', 'Elektroniker', '', 'Deutsch', 'CUST-2099'),
  ('CON-00242', 'Ann', 'Schaaf', '', '+49 5447 022960', 'Arzt', 'End User', 'FR', 'CUST-2099'),
  ('CON-00243', 'Irmtrud', 'Misicher', 'N/A', NULL, 'Programmierer', 'N/A', NULL, 'CUST-2100'),
  ('CON-00244', 'Stavros', 'Winkler', 'johannmilena@example.org', '5199663658', 'Pfleger', 'Entscheider', 'Deutsch', 'CUST-2100'),
  ('CON-00245', 'Ansgar', 'Köster', 'theomende@example.net', NULL, NULL, '', 'de', 'CUST-2100'),
  ('CON-00246', 'Therese', '', 'cillyeckbauer@example.com', 'N/A', 'Altenpfleger', '', 'DE', 'CUST-2100'),
  ('CON-00247', NULL, 'Hecker', 'wsorgatz@example.com', '+496085641118', 'Pfleger', 'End User', 'Deutsch', 'CUST-2101'),
  ('CON-00248', 'Kläre', 'Wulff', 'wstriebitz@example.com', '+49 2095 200461', 'Friseur', 'Technical Contact', 'Deutsch', 'CUST-2101'),
  ('CON-00249', 'Sophia', 'Etzold', 'caecilia09@example.org', '+49 3399 378861', NULL, 'Entscheider', 'englisch', 'CUST-2101'),
  ('CON-00250', 'Gerhart', 'Kabus', NULL, '(0489) 138249', 'Mechaniker', NULL, 'de', 'CUST-2101'),
  ('CON-00251', 'Antonia', 'Krause', 'zhaase@example.org', '8687007942', NULL, 'Entscheider', 'Deutsch', 'CUST-2102'),
  ('CON-00252', 'Cathrin', 'Mentzel', 'williamdoerr@example.com', '+49 5398 402891', NULL, 'N/A', 'EN', 'CUST-2102'),
  ('CON-00253', 'Birgitt', 'Gierschner', 'dogan21@example.net', '+49 3985 547435', 'Artist', '', 'English', 'CUST-2103'),
  ('CON-00254', 'Marija', '', '', NULL, 'Medizininformatiker', 'N/A', 'EN', 'CUST-2103'),
  ('CON-00255', 'Siegrid', 'Krause', 'gotthardhans-uwe@example.org', '+49 1569 562017', 'Forstwirt', 'Entscheider', 'DE', 'CUST-2104'),
  ('CON-00256', 'Annekatrin', 'Bohnbach', 'holmhornich@example.net', '+49 5319 433750', 'Arzt', 'N/A', 'de', 'CUST-2105'),
  ('CON-00257', 'Bodo', 'Koch', 'invalid@mail', 'N/A', 'Winzer', 'Decision Maker', 'FR', 'CUST-2105'),
  ('CON-00258', 'Reinhold', 'Franke', 'geisslermato@example.com', '', 'Beamter', 'N/A', 'DE', 'CUST-2106'),
  ('CON-00259', 'Josefine', 'Bohnbach', 'apollonialindner@example.com', '6418775803', 'Koreanistiker', 'Entscheider', NULL, 'CUST-2106'),
  ('CON-00260', 'Steven', 'Tröst', 'folkerthaering@example.com', '9036133254', 'Krankenschwester', 'Decision Maker', 'DE', 'CUST-2106'),
  ('CON-00261', NULL, 'Schaaf', 'doerteruppert@example.com', NULL, 'Drogist', 'Decision Maker', NULL, 'CUST-2107'),
  ('CON-00262', 'Friedhold', 'Matthäi', 'mhofmann@example.org', '+49 1006 512070', 'Ausbaufacharbeiter', 'Entscheider', 'EN', 'CUST-2107'),
  ('CON-00263', 'Anneli', 'Jüttner', 'zschleich@example.org', '(6619) 639907', 'Medizininformatiker', 'Entscheider', 'EN', 'CUST-2107'),
  ('CON-00264', 'Jenny', 'Conradi', 'kmisicher@example.org', 'N/A', 'Forstwirt', 'End User', 'FR', 'CUST-2107'),
  ('CON-00265', 'Ljiljana', 'Huhn', 'skensy@example.net', '', 'Mechaniker', 'Technical Contact', 'FR', 'CUST-2108'),
  ('CON-00266', 'Ruth', 'Schönland', 'selimhering@example.org', '(5089) 203880', 'Polizist', 'End User', 'de', 'CUST-2108'),
  ('CON-00267', 'Hildburg', 'Roskoth', 'qkraus@example.org', '+497959959465', 'Bankkaufmann', NULL, 'DE', 'CUST-2108'),
  ('CON-00268', NULL, 'Franke', 'cthanel@example.org', '+493793375636', 'Florist', 'Decision Maker', 'English', 'CUST-2109'),
  ('CON-00269', NULL, 'Schottin', 'N/A', '+494739500334', 'Forstwirt', 'Technical Contact', 'FR', 'CUST-2109'),
  ('CON-00270', 'Sabrina', 'Harloff', 'thanelivanka@example.net', '+49 0241 026153', 'Medizininformatiker', 'Technical Contact', 'English', 'CUST-2109'),
  ('CON-00271', 'Paul-Gerhard', 'Buchholz', 'jwiek@example.org', '', 'Bankkaufmann', '', 'englisch', 'CUST-2109'),
  ('CON-00272', 'Harry', 'Patberg', 'sahin72@example.com', '(8425) 304289', 'Artist', 'Decision Maker', NULL, 'CUST-2110'),
  ('CON-00273', 'Henriette', 'Steuer', 'ebauer@example.net', '', 'Arzt', 'Entscheider', NULL, 'CUST-2110'),
  ('CON-00274', 'Nadeshda', 'Gude', 'vkarz@example.com', '(0333) 736346', 'Mechaniker', NULL, 'English', 'CUST-2111'),
  ('CON-00275', 'Inga', 'Ernst', 'atzlerjan@example.org', '+49 4785 390789', 'Informatiker', 'Entscheider', 'englisch', 'CUST-2111'),
  ('CON-00276', 'Darko', 'Rogge', 'dneureuther@example.org', NULL, 'Fachinformatiker', '', 'EN', 'CUST-2111'),
  ('CON-00277', 'Melitta', 'Fritsch', 'eetzold@example.com', '', 'Chirurgiemechaniker', 'End User', 'Deutsch', 'CUST-2112'),
  ('CON-00278', 'Mechthilde', 'Bähr', 'N/A', '', 'Bankkaufmann', 'Entscheider', 'de', 'CUST-2112'),
  ('CON-00279', 'Jolanta', 'Krein', 'klaus-ulrichebert@example.net', NULL, 'Chirurgiemechaniker', 'Technical Contact', 'FR', 'CUST-2112'),
  ('CON-00280', 'Gülten', 'Heydrich', 'steckelkonstanze@example.org', '5536668459', 'Chemikant', 'Decision Maker', 'FR', 'CUST-2113'),
  ('CON-00281', 'Inna', 'Beer', 'lklemt@example.org', '+499996636186', 'Erzieher', 'Technical Contact', NULL, 'CUST-2113'),
  ('CON-00282', 'Mareile', 'Preiß', 'dtextor@example.net', '+490970231643', 'Bankkaufmann', '', 'EN', 'CUST-2114'),
  ('CON-00283', 'Bernfried', '', 'tstumpf@example.com', '(5662) 128671', 'Altenpfleger', NULL, 'de', 'CUST-2114'),
  ('CON-00284', 'Suse', 'Hering', 'wirthpietro@example.org', '+497299493874', NULL, 'End User', NULL, 'CUST-2114'),
  ('CON-00285', 'Alexei', 'Linke', 'sibilla33@example.org', '+49 5977 790147', 'Asphaltbauer', 'N/A', 'Deutsch', 'CUST-2115'),
  ('CON-00286', 'Hannchen', 'Staude', 'kallertmarianna@example.org', '', 'Ausbaufacharbeiter', 'End User', 'FR', 'CUST-2116'),
  ('CON-00287', 'Gundolf', 'Ullrich', 'veronicadietz@example.net', NULL, 'Chirurgiemechaniker', 'Entscheider', NULL, 'CUST-2116'),
  ('CON-00288', 'Margit', 'Junken', 'liebeltangelique@example.org', '+49 0176 563600', 'Informatiker', 'End User', 'English', 'CUST-2116'),
  ('CON-00289', 'Rigo', 'Lorch', 'emmahaenel@example.net', 'N/A', 'Beamter', 'Technical Contact', 'EN', 'CUST-2116'),
  ('CON-00290', 'Marko', '', 'heinrichdoering@example.com', '', NULL, 'N/A', 'EN', 'CUST-2117'),
  ('CON-00291', 'Maik', 'Aumann', 'alexandrekuehnert@example.net', '(0063) 353310', NULL, 'Decision Maker', 'English', 'CUST-2117'),
  ('CON-00292', 'Celal', 'Sontag', 'dhahn@example.org', '', 'Florist', 'End User', 'englisch', 'CUST-2117'),
  ('CON-00293', 'Ladislaus', 'Wilms', 'aziz13@example.com', '+495520650637', NULL, NULL, 'Deutsch', 'CUST-2117'),
  ('CON-00294', 'Dorina', 'Ortmann', '', '', 'Bankkaufmann', NULL, 'FR', 'CUST-2118'),
  ('CON-00295', 'Marten', 'Schüler', 'jankodehmel@example.net', '', 'Koreanistiker', '', 'DE', 'CUST-2118'),
  ('CON-00296', 'Klara', 'Stroh', 'mehmetgertz@example.net', '+49 4363 910257', 'Informatiker', 'Entscheider', 'de', 'CUST-2118'),
  ('CON-00297', 'Ehrentraud', 'Sauer', 'vboerner@example.org', '+497524508640', 'Pilot', 'Technical Contact', 'English', 'CUST-2119'),
  ('CON-00298', 'Holger', 'Paffrath', 'opergande@example.net', NULL, 'Altenpfleger', 'End User', 'DE', 'CUST-2120'),
  ('CON-00299', 'Linus', 'Hellwig', 'amirschmiedt@example.org', '+49 1298 338167', 'Polizist', 'End User', 'de', 'CUST-2120'),
  ('CON-00300', 'Freddy', 'Köster', 'elmabudig@example.org', '(7347) 156627', 'Medizininformatiker', '', 'englisch', 'CUST-2059_DUP');
INSERT INTO "Contact" ("Id", "FirstName", "LastName", "Email", "Phone", "Title", "Role__c", "Preferred_Language__c", "AccountId") VALUES
  ('CON-00301', 'Florentine', 'Bender', 'hansgeorg26@example.org', '+49 0661 498282', 'Fachinformatiker', 'Technical Contact', NULL, 'CUST-2059_DUP'),
  ('CON-00302', 'Karl-Hans', 'Junck', 'vwarmer@example.org', '(5273) 230085', 'Artist', 'Entscheider', 'englisch', 'CUST-2059_DUP'),
  ('CON-00303', 'Hermann', 'Wagner', 'sseifert@example.org', '+49 9160 169236', 'Programmierer', NULL, 'English', 'CUST-2059_DUP'),
  ('CON-00304', 'Semra', 'Stadelmann', 'imre38@example.org', 'N/A', 'Fachinformatiker', 'N/A', 'FR', 'CUST-2057_DUP'),
  ('CON-00305', 'Mario', 'Gnatz', 'edithakranz@example.net', '(2011) 669183', 'Pilot', 'Entscheider', 'Deutsch', 'CUST-2057_DUP'),
  ('CON-00306', 'Christoph', 'Gröttner', 'bolzmannolivia@example.com', '', 'Augenoptiker', 'N/A', 'englisch', 'CUST-2057_DUP'),
  ('CON-00307', NULL, 'Conradi', 'tatianahaase@example.org', '+497011686462', 'Designer', 'N/A', 'FR', 'CUST-2057_DUP'),
  ('CON-00308', 'Slavko', 'van der Dussen', 'hubertuspatberg@example.org', '', 'Arzt', 'Decision Maker', 'FR', 'CUST-2103_DUP'),
  ('CON-00309', 'Luciano', 'Gehringer', NULL, NULL, 'Drogist', 'N/A', 'DE', 'CUST-2103_DUP'),
  ('CON-00310', 'Jacek', 'Jähn', 'sigurdgierschner@example.net', '+49 8477 596555', 'Forstwirt', 'Technical Contact', 'englisch', 'CUST-2074_DUP'),
  ('CON-00311', 'Nelly', 'Zänker', 'mschuster@example.com', '', 'Krankenschwester', 'End User', 'English', 'CUST-2058_DUP'),
  ('CON-00312', 'Gundolf', 'Mude', 'klingelhoeferrocco@example.com', '+498630505057', 'Pilot', 'Entscheider', 'EN', 'CUST-2058_DUP'),
  ('CON-00313', 'Sven', 'Wesack', 'npaertzelt@example.net', '7164932898', 'Chemikant', NULL, 'EN', 'CUST-2058_DUP'),
  ('CON-00314', 'Stanislaus', 'Carsten', 'wbaerer@example.com', NULL, 'Friseur', 'N/A', 'EN', 'CUST-2058_DUP'),
  ('CON-00315', 'Jiri', 'Kramer', 'birgittvogt@example.org', '5643471287', 'Arzt', 'Technical Contact', 'de', 'CUST-2012_DUP');

CREATE TABLE "Installed_Asset__c" ( "Id" text PRIMARY KEY, "Name" text, "Serial_Number__c" text, "Warranty_End_Date__c" text, "Account__c" text, "Project__c" text );

INSERT INTO "Installed_Asset__c" ("Id", "Name", "Serial_Number__c", "Warranty_End_Date__c", "Account__c", "Project__c") VALUES
  ('AST-00001', 'Mobile App', 'SN-29798986', 'N/A', 'CUST-2025', 'PROJ-00195'),
  ('AST-00002', 'API Bundle', 'SN-69511989', '2025-03-26', 'CUST-2035', 'PROJ-00022'),
  ('AST-00003', 'API Bundle', 'SN-77842475', '20251103', 'CUST-2036', 'PROJ-00156'),
  ('AST-00004', 'CRM Seat', 'SN-51763795', '6/23/2023', 'CUST-2023', 'PROJ-00163'),
  ('AST-00005', 'CRM Seat', 'SN-55828977', '20271102', 'CUST-2072', 'PROJ-00090'),
  ('AST-00006', 'CRM Seat', 'SN-85992639', '20251031', 'CUST-2073', 'PROJ-00179'),
  ('AST-00007', 'CRM Seat', 'SN-34494865', 'N/A', 'CUST-2012', 'PROJ-00030'),
  ('AST-00008', 'Support Package', 'SN-89342612', 'N/A', 'CUST-2012', 'PROJ-00048'),
  ('AST-00009', 'API Bundle', 'SN-11401059', '14.11.2026', 'CUST-2074_DUP', 'PROJ-00006'),
  ('AST-00010', 'Data Connector', 'SN-20908536', 'N/A', 'CUST-2082', 'PROJ-00096'),
  ('AST-00011', 'Support Package', 'SN-96210380', NULL, 'CUST-2059_DUP', 'PROJ-00064'),
  ('AST-00012', 'API Bundle', 'SN-51672868', '2025-12-26', 'CUST-2025', 'PROJ-00192'),
  ('AST-00013', 'Support Package', 'SN-33891297', '3/31/2027', 'CUST-2049', 'PROJ-00181'),
  ('AST-00014', 'Support Package', 'SN-65563827', '07.05.2027', 'CUST-2018', 'PROJ-00145'),
  ('AST-00015', 'Support Package', 'SN-36739479', '21.12.2023', 'CUST-2107', 'PROJ-00049'),
  ('AST-00016', 'Support Package', 'SN-69001888', '6/28/2027', 'CUST-2012_DUP', 'PROJ-00076'),
  ('AST-00017', 'Support Package', 'SN-87671284', '2/23/2025', 'CUST-2012', 'PROJ-00126'),
  ('AST-00018', 'Mobile App', 'SN-70354107', NULL, 'CUST-2045', 'PROJ-00165'),
  ('AST-00019', 'API Bundle', 'SN-14929963', NULL, 'CUST-2081', 'PROJ-00176'),
  ('AST-00020', 'API Bundle', 'SN-82202263', '0000-00-00', 'CUST-2075', 'PROJ-00099'),
  ('AST-00021', 'Data Connector', 'SN-56563019', 'N/A', 'CUST-2027', 'PROJ-00180'),
  ('AST-00022', 'Support Package', 'SN-37843059', '9/26/2024', 'CUST-2104', 'PROJ-00175'),
  ('AST-00023', 'Mobile App', 'SN-46097873', '2025-10-06', 'CUST-2090', 'PROJ-00129'),
  ('AST-00024', 'Support Package', 'SN-39293679', '20270811', 'CUST-2066', 'PROJ-00054'),
  ('AST-00025', 'CRM Seat', 'SN-79394567', 'N/A', 'CUST-2034', 'PROJ-00009'),
  ('AST-00026', 'Data Connector', 'SN-28765689', '20250220', 'CUST-2081', 'PROJ-00048'),
  ('AST-00027', 'Support Package', 'SN-85667851', '20260122', 'CUST-2076', 'PROJ-00083'),
  ('AST-00028', 'CRM Seat', 'SN-53268043', 'N/A', 'CUST-2085', 'PROJ-00151'),
  ('AST-00029', 'Support Package', 'SN-11060092', '18.10.2027', 'CUST-2014', 'PROJ-00162'),
  ('AST-00030', 'Support Package', 'SN-55187329', 'N/A', 'CUST-2054', 'PROJ-00122'),
  ('AST-00031', 'API Bundle', 'SN-58050555', '11/22/2025', 'CUST-2116', 'PROJ-00026'),
  ('AST-00032', 'Mobile App', 'SN-34986069', NULL, 'CUST-2021', 'PROJ-00120'),
  ('AST-00033', 'Mobile App', 'SN-71263101', '0000-00-00', 'CUST-2003', 'PROJ-00113'),
  ('AST-00034', 'Data Connector', 'SN-63597632', '20260902', 'CUST-2074', 'PROJ-00178'),
  ('AST-00035', 'Support Package', 'SN-60092039', '0000-00-00', 'CUST-2107', 'PROJ-00063'),
  ('AST-00036', 'Data Connector', 'SN-50288578', '2025-07-10', 'CUST-2044', 'PROJ-00124'),
  ('AST-00037', 'Mobile App', 'SN-24476095', '20240728', 'CUST-2058_DUP', 'PROJ-00060'),
  ('AST-00038', 'Mobile App', 'SN-63787771', '0000-00-00', 'CUST-2055', 'PROJ-00069'),
  ('AST-00039', 'Mobile App', 'SN-32331780', '4/4/2025', 'CUST-2004', 'PROJ-00042'),
  ('AST-00040', 'Mobile App', 'SN-36637137', '0000-00-00', 'CUST-2114', 'PROJ-00153'),
  ('AST-00041', 'API Bundle', 'SN-99040902', '5/11/2026', 'CUST-2097', 'PROJ-00036'),
  ('AST-00042', 'CRM Seat', 'SN-51509991', NULL, 'CUST-2101', 'PROJ-00014'),
  ('AST-00043', 'Support Package', 'SN-71567486', '20250816', 'CUST-2099', 'PROJ-00037'),
  ('AST-00044', 'CRM Seat', 'SN-98396950', '02.07.2024', 'CUST-2022', 'PROJ-00118'),
  ('AST-00045', 'Support Package', 'SN-51275542', '2023-12-02', 'CUST-2026', 'PROJ-00045'),
  ('AST-00046', 'API Bundle', 'SN-68592599', '2028-01-28', 'CUST-2024', 'PROJ-00061'),
  ('AST-00047', 'API Bundle', 'SN-84537577', NULL, 'CUST-2093', 'PROJ-00063'),
  ('AST-00048', 'CRM Seat', 'SN-74068039', '05.01.2024', 'CUST-2100', 'PROJ-00096'),
  ('AST-00049', 'Data Connector', 'SN-83796808', 'N/A', 'CUST-2045', 'PROJ-00026'),
  ('AST-00050', 'API Bundle', 'SN-73391831', 'N/A', 'CUST-2051', 'PROJ-00179'),
  ('AST-00051', 'API Bundle', 'SN-22861395', '20260313', 'CUST-2049', 'PROJ-00119'),
  ('AST-00052', 'API Bundle', 'SN-63671462', NULL, 'CUST-2017', 'PROJ-00082'),
  ('AST-00053', 'Data Connector', 'SN-90119779', '20280528', 'CUST-2042', 'PROJ-00073'),
  ('AST-00054', 'Support Package', 'SN-75539768', 'N/A', 'CUST-2069', 'PROJ-00019'),
  ('AST-00055', 'CRM Seat', 'SN-39755270', '0000-00-00', 'CUST-2095', 'PROJ-00151'),
  ('AST-00056', 'Support Package', 'SN-58624457', '1/9/2028', 'CUST-2023', 'PROJ-00061'),
  ('AST-00057', 'Mobile App', 'SN-90419261', NULL, 'CUST-2065', 'PROJ-00001'),
  ('AST-00058', 'API Bundle', 'SN-28532770', '20250215', 'CUST-2051', 'PROJ-00020'),
  ('AST-00059', 'API Bundle', 'SN-50525421', '20260601', 'CUST-2025', 'PROJ-00012'),
  ('AST-00060', 'Data Connector', 'SN-97784425', '13.03.2028', 'CUST-2012', 'PROJ-00087'),
  ('AST-00061', 'Support Package', 'SN-51754071', '20241107', 'CUST-2055', 'PROJ-00039'),
  ('AST-00062', 'CRM Seat', 'SN-45033443', '20240603', 'CUST-2087', 'PROJ-00124'),
  ('AST-00063', 'Data Connector', 'SN-79437349', NULL, 'CUST-2023', 'PROJ-00042'),
  ('AST-00064', 'CRM Seat', 'SN-56477836', 'N/A', 'CUST-2014', 'PROJ-00120'),
  ('AST-00065', 'Data Connector', 'SN-11640743', '23.08.2027', 'CUST-2094', 'PROJ-00026'),
  ('AST-00066', 'Mobile App', 'SN-78044419', '20240201', 'CUST-2041', 'PROJ-00033'),
  ('AST-00067', 'CRM Seat', 'SN-75248523', 'N/A', 'CUST-2088', 'PROJ-00117'),
  ('AST-00068', 'Data Connector', 'SN-66701227', NULL, 'CUST-2103_DUP', 'PROJ-00172'),
  ('AST-00069', 'Data Connector', 'SN-44715287', 'N/A', 'CUST-2007', 'PROJ-00078'),
  ('AST-00070', 'Mobile App', 'SN-70434208', '0000-00-00', 'CUST-2082', 'PROJ-00030'),
  ('AST-00071', 'Support Package', 'SN-81809727', '1/9/2024', 'CUST-2048', 'PROJ-00122'),
  ('AST-00072', 'Data Connector', 'SN-81365126', NULL, 'CUST-2015', 'PROJ-00046'),
  ('AST-00073', 'CRM Seat', 'SN-30184631', '2028-02-09', 'CUST-2050', 'PROJ-00173'),
  ('AST-00074', 'Mobile App', 'SN-44606236', '16.03.2024', 'CUST-2044', 'PROJ-00182'),
  ('AST-00075', 'Data Connector', 'SN-68369685', '2026-11-16', 'CUST-2066', 'PROJ-00158'),
  ('AST-00076', 'CRM Seat', 'SN-26314358', NULL, 'CUST-2060', 'PROJ-00073'),
  ('AST-00077', 'Support Package', 'SN-16720752', '0000-00-00', 'CUST-2063', 'PROJ-00118'),
  ('AST-00078', 'Support Package', 'SN-67136827', '4/6/2026', 'CUST-2088', 'PROJ-00095'),
  ('AST-00079', 'CRM Seat', 'SN-82846470', '4/13/2024', 'CUST-2087', 'PROJ-00076'),
  ('AST-00080', 'Support Package', 'SN-65976877', '2025-11-26', 'CUST-2023', 'PROJ-00076'),
  ('AST-00081', 'Support Package', 'SN-95360153', '2023-10-17', 'CUST-2058', 'PROJ-00084'),
  ('AST-00082', 'Support Package', 'SN-14914026', '0000-00-00', 'CUST-2077', 'PROJ-00029'),
  ('AST-00083', 'API Bundle', 'SN-33519462', '2025-09-27', 'CUST-2095', 'PROJ-00102'),
  ('AST-00084', 'API Bundle', 'SN-29413831', 'N/A', 'CUST-2069', 'PROJ-00025'),
  ('AST-00085', 'Support Package', 'SN-56356961', '20270807', 'CUST-2064', 'PROJ-00111'),
  ('AST-00086', 'API Bundle', 'SN-80270865', '0000-00-00', 'CUST-2089', 'PROJ-00159'),
  ('AST-00087', 'CRM Seat', 'SN-53833963', '11/29/2025', 'CUST-2059', 'PROJ-00011'),
  ('AST-00088', 'Mobile App', 'SN-95606010', NULL, 'CUST-2005', 'PROJ-00038'),
  ('AST-00089', 'Data Connector', 'SN-78804339', 'N/A', 'CUST-2113', 'PROJ-00026'),
  ('AST-00090', 'Support Package', 'SN-66711004', '20270823', 'CUST-2011', 'PROJ-00087'),
  ('AST-00091', 'Support Package', 'SN-97630141', 'N/A', 'CUST-2003', 'PROJ-00048'),
  ('AST-00092', 'Data Connector', 'SN-25626356', NULL, 'CUST-2114', 'PROJ-00021'),
  ('AST-00093', 'Support Package', 'SN-50695005', '0000-00-00', 'CUST-2025', 'PROJ-00147'),
  ('AST-00094', 'API Bundle', 'SN-16554015', '5/25/2027', 'CUST-2066', 'PROJ-00139'),
  ('AST-00095', 'API Bundle', 'SN-68645850', '12/24/2025', 'CUST-2074', 'PROJ-00122'),
  ('AST-00096', 'API Bundle', 'SN-47158689', '0000-00-00', 'CUST-2096', 'PROJ-00177'),
  ('AST-00097', 'Mobile App', 'SN-63508666', '10.04.2026', 'CUST-2086', 'PROJ-00012'),
  ('AST-00098', 'Support Package', 'SN-10677940', '20280328', 'CUST-2087', 'PROJ-00073'),
  ('AST-00099', 'Data Connector', 'SN-98209607', '14.01.2027', 'CUST-2027', 'PROJ-00005'),
  ('AST-00100', 'Data Connector', 'SN-90407082', NULL, 'CUST-2036', 'PROJ-00069');
INSERT INTO "Installed_Asset__c" ("Id", "Name", "Serial_Number__c", "Warranty_End_Date__c", "Account__c", "Project__c") VALUES
  ('AST-00101', 'Support Package', 'SN-23038943', '19.02.2027', 'CUST-2058_DUP', 'PROJ-00163'),
  ('AST-00102', 'Support Package', 'SN-39669864', '2025-08-18', 'CUST-2029', 'PROJ-00005'),
  ('AST-00103', 'Mobile App', 'SN-71826611', '0000-00-00', 'CUST-2079', 'PROJ-00074'),
  ('AST-00104', 'Mobile App', 'SN-54124348', '0000-00-00', 'CUST-2054', 'PROJ-00163'),
  ('AST-00105', 'Mobile App', 'SN-11686744', '8/19/2023', 'CUST-2050', 'PROJ-00122'),
  ('AST-00106', 'Support Package', 'SN-69644085', '19.02.2028', 'CUST-2044', 'PROJ-00082'),
  ('AST-00107', 'Data Connector', 'SN-38271272', '0000-00-00', 'CUST-2060', 'PROJ-00191'),
  ('AST-00108', 'Data Connector', 'SN-44318479', '20261111', 'CUST-2090', 'PROJ-00044'),
  ('AST-00109', 'Mobile App', 'SN-20550656', 'N/A', 'CUST-2005', 'PROJ-00170'),
  ('AST-00110', 'Support Package', 'SN-21152419', '19.06.2025', 'CUST-2063', 'PROJ-00144'),
  ('AST-00111', 'Support Package', 'SN-50806582', '12/29/2027', 'CUST-2096', 'PROJ-00136'),
  ('AST-00112', 'Data Connector', 'SN-72730696', '2027-12-08', 'CUST-2097', 'PROJ-00081'),
  ('AST-00113', 'Mobile App', 'SN-32378699', '0000-00-00', 'CUST-2020', 'PROJ-00160'),
  ('AST-00114', 'Data Connector', 'SN-65753103', NULL, 'CUST-2046', 'PROJ-00145'),
  ('AST-00115', 'Support Package', 'SN-84684043', 'N/A', 'CUST-2003', 'PROJ-00193'),
  ('AST-00116', 'Data Connector', 'SN-82154472', '25.08.2025', 'CUST-2063', 'PROJ-00061'),
  ('AST-00117', 'CRM Seat', 'SN-23016411', '20271107', 'CUST-2049', 'PROJ-00156'),
  ('AST-00118', 'CRM Seat', 'SN-86604099', '6/29/2027', 'CUST-2028', 'PROJ-00055'),
  ('AST-00119', 'Data Connector', 'SN-83829193', '20240302', 'CUST-2023', 'PROJ-00041'),
  ('AST-00120', 'API Bundle', 'SN-66127168', '0000-00-00', 'CUST-2046', 'PROJ-00193'),
  ('AST-00121', 'Support Package', 'SN-94594167', '2024-09-20', 'CUST-2036', 'PROJ-00082'),
  ('AST-00122', 'Support Package', 'SN-77418191', '0000-00-00', 'CUST-2086', 'PROJ-00176'),
  ('AST-00123', 'API Bundle', 'SN-64219394', '20240620', 'CUST-2069', 'PROJ-00101'),
  ('AST-00124', 'Support Package', 'SN-70324953', '29.12.2024', 'CUST-2097', 'PROJ-00119'),
  ('AST-00125', 'Data Connector', 'SN-48709441', '2024-12-15', 'CUST-2119', 'PROJ-00046'),
  ('AST-00126', 'Data Connector', 'SN-98072413', '08.02.2028', 'CUST-2069', 'PROJ-00086'),
  ('AST-00127', 'Data Connector', 'SN-87867465', 'N/A', 'CUST-2088', 'PROJ-00026'),
  ('AST-00128', 'Data Connector', 'SN-35350367', 'N/A', 'CUST-2054', 'PROJ-00108'),
  ('AST-00129', 'API Bundle', 'SN-28598824', '0000-00-00', 'CUST-2004', 'PROJ-00159'),
  ('AST-00130', 'CRM Seat', 'SN-90472677', '0000-00-00', 'CUST-2080', 'PROJ-00129'),
  ('AST-00131', 'CRM Seat', 'SN-53623487', '0000-00-00', 'CUST-2094', 'PROJ-00105'),
  ('AST-00132', 'Mobile App', 'SN-93952534', '20260207', 'CUST-2032', 'PROJ-00043'),
  ('AST-00133', 'Support Package', 'SN-13049361', 'N/A', 'CUST-2088', 'PROJ-00024'),
  ('AST-00134', 'Data Connector', 'SN-84095884', '0000-00-00', 'CUST-2077', 'PROJ-00168'),
  ('AST-00135', 'API Bundle', 'SN-71440701', '11/24/2026', 'CUST-2111', 'PROJ-00050'),
  ('AST-00136', 'API Bundle', 'SN-73373435', 'N/A', 'CUST-2093', 'PROJ-00062'),
  ('AST-00137', 'Support Package', 'SN-27803989', '3/29/2025', 'CUST-2118', 'PROJ-00052'),
  ('AST-00138', 'API Bundle', 'SN-87524461', '20251020', 'CUST-2009', 'PROJ-00008'),
  ('AST-00139', 'Mobile App', 'SN-69546123', '11.04.2028', 'CUST-2059', 'PROJ-00063'),
  ('AST-00140', 'Data Connector', 'SN-77137712', 'N/A', 'CUST-2102', 'PROJ-00046'),
  ('AST-00141', 'Support Package', 'SN-31376399', '13.01.2028', 'CUST-2015', 'PROJ-00155'),
  ('AST-00142', 'CRM Seat', 'SN-10923862', 'N/A', 'CUST-2060', 'PROJ-00185'),
  ('AST-00143', 'Data Connector', 'SN-79762014', '20270422', 'CUST-2005', 'PROJ-00175'),
  ('AST-00144', 'CRM Seat', 'SN-65980819', '11/30/2023', 'CUST-2111', 'PROJ-00099'),
  ('AST-00145', 'Mobile App', 'SN-26237925', 'N/A', 'CUST-2114', 'PROJ-00184'),
  ('AST-00146', 'Mobile App', 'SN-13183661', '20280102', 'CUST-2100', 'PROJ-00156'),
  ('AST-00147', 'CRM Seat', 'SN-49320837', NULL, 'CUST-2062', 'PROJ-00186'),
  ('AST-00148', 'CRM Seat', 'SN-58771134', '20260516', 'CUST-2051', 'PROJ-00186'),
  ('AST-00149', 'Data Connector', 'SN-67524179', NULL, 'CUST-2092', 'PROJ-00131'),
  ('AST-00150', 'API Bundle', 'SN-45232032', NULL, 'CUST-2016', 'PROJ-00027'),
  ('AST-00151', 'CRM Seat', 'SN-32676550', '12/21/2027', 'CUST-2106', 'PROJ-00149'),
  ('AST-00152', 'Support Package', 'SN-29052219', '10.11.2027', 'CUST-2053', 'PROJ-00169'),
  ('AST-00153', 'API Bundle', 'SN-45501623', '2023-09-27', 'CUST-2102', 'PROJ-00124'),
  ('AST-00154', 'CRM Seat', 'SN-71504202', 'N/A', 'CUST-2043', 'PROJ-00165'),
  ('AST-00155', 'API Bundle', 'SN-44896549', '2/6/2024', 'CUST-2063', 'PROJ-00193'),
  ('AST-00156', 'Data Connector', 'SN-54380596', NULL, 'CUST-2038', 'PROJ-00177'),
  ('AST-00157', 'Support Package', 'SN-86266699', '10/14/2025', 'CUST-2058', 'PROJ-00180'),
  ('AST-00158', 'API Bundle', 'SN-29867441', '0000-00-00', 'CUST-2077', 'PROJ-00010'),
  ('AST-00159', 'API Bundle', 'SN-59774794', '0000-00-00', 'CUST-2037', 'PROJ-00007'),
  ('AST-00160', 'Support Package', 'SN-51159574', 'N/A', 'CUST-2047', 'PROJ-00183'),
  ('AST-00161', 'Support Package', 'SN-73791651', 'N/A', 'CUST-2021', 'PROJ-00146'),
  ('AST-00162', 'Support Package', 'SN-30728758', 'N/A', 'CUST-2057', 'PROJ-00173'),
  ('AST-00163', 'API Bundle', 'SN-29666405', '0000-00-00', 'CUST-2104', 'PROJ-00178'),
  ('AST-00164', 'Support Package', 'SN-95464793', '03.01.2024', 'CUST-2038', 'PROJ-00099'),
  ('AST-00165', 'Mobile App', 'SN-50662142', '11.06.2026', 'CUST-2004', 'PROJ-00055'),
  ('AST-00166', 'Support Package', 'SN-58876968', 'N/A', 'CUST-2075', 'PROJ-00004'),
  ('AST-00167', 'Mobile App', 'SN-64471544', '20260419', 'CUST-2066', 'PROJ-00191'),
  ('AST-00168', 'Support Package', 'SN-96416288', '04.12.2026', 'CUST-2080', 'PROJ-00044'),
  ('AST-00169', 'Support Package', 'SN-80241159', '10/17/2027', 'CUST-2076', 'PROJ-00129'),
  ('AST-00170', 'API Bundle', 'SN-80496099', '20240129', 'CUST-2049', 'PROJ-00125'),
  ('AST-00171', 'Data Connector', 'SN-11910266', 'N/A', 'CUST-2023', 'PROJ-00124'),
  ('AST-00172', 'Support Package', 'SN-40175524', '1/9/2026', 'CUST-2057_DUP', 'PROJ-00017'),
  ('AST-00173', 'API Bundle', 'SN-47354880', '0000-00-00', 'CUST-2027', 'PROJ-00058'),
  ('AST-00174', 'CRM Seat', 'SN-97241075', '24.12.2026', 'CUST-2100', 'PROJ-00187'),
  ('AST-00175', 'Data Connector', 'SN-86424646', 'N/A', 'CUST-2046', 'PROJ-00128'),
  ('AST-00176', 'Mobile App', 'SN-40651479', 'N/A', 'CUST-2117', 'PROJ-00004'),
  ('AST-00177', 'CRM Seat', 'SN-63484586', 'N/A', 'CUST-2026', 'PROJ-00094'),
  ('AST-00178', 'Mobile App', 'SN-19019126', '2/26/2024', 'CUST-2013', 'PROJ-00085'),
  ('AST-00179', 'Mobile App', 'SN-20663234', NULL, 'CUST-2071', 'PROJ-00137'),
  ('AST-00180', 'Mobile App', 'SN-80188999', '02.09.2026', 'CUST-2008', 'PROJ-00115'),
  ('AST-00181', 'API Bundle', 'SN-97349865', NULL, 'CUST-2032', 'PROJ-00066'),
  ('AST-00182', 'Data Connector', 'SN-33814342', '2026-08-12', 'CUST-2032', 'PROJ-00059'),
  ('AST-00183', 'Support Package', 'SN-84084918', '1/25/2027', 'CUST-2012_DUP', 'PROJ-00156'),
  ('AST-00184', 'API Bundle', 'SN-18545499', '26.02.2028', 'CUST-2012', 'PROJ-00191'),
  ('AST-00185', 'CRM Seat', 'SN-37881323', '02.07.2027', 'CUST-2067', 'PROJ-00078'),
  ('AST-00186', 'Mobile App', 'SN-74059746', '20260803', 'CUST-2032', 'PROJ-00150'),
  ('AST-00187', 'CRM Seat', 'SN-52796441', NULL, 'CUST-2013', 'PROJ-00138'),
  ('AST-00188', 'API Bundle', 'SN-74196211', '2023-10-22', 'CUST-2082', 'PROJ-00019'),
  ('AST-00189', 'Data Connector', 'SN-36494075', '2024-03-27', 'CUST-2057', 'PROJ-00022'),
  ('AST-00190', 'API Bundle', 'SN-90301630', '20271114', 'CUST-2070', 'PROJ-00151'),
  ('AST-00191', 'CRM Seat', 'SN-88076270', '20260126', 'CUST-2039', 'PROJ-00146'),
  ('AST-00192', 'Data Connector', 'SN-96251983', '15.09.2024', 'CUST-2111', 'PROJ-00029'),
  ('AST-00193', 'Mobile App', 'SN-71237433', '2023-12-28', 'CUST-2076', 'PROJ-00163'),
  ('AST-00194', 'Data Connector', 'SN-90712387', '8/6/2023', 'CUST-2033', 'PROJ-00194'),
  ('AST-00195', 'API Bundle', 'SN-54109233', '0000-00-00', 'CUST-2064', 'PROJ-00162'),
  ('AST-00196', 'Support Package', 'SN-96607967', '6/4/2025', 'CUST-2062', 'PROJ-00132'),
  ('AST-00197', 'API Bundle', 'SN-55787342', '2/6/2028', 'CUST-2034', 'PROJ-00137'),
  ('AST-00198', 'Mobile App', 'SN-51446973', 'N/A', 'CUST-2087', 'PROJ-00144'),
  ('AST-00199', 'API Bundle', 'SN-75441939', '2025-11-21', 'CUST-2057', 'PROJ-00029'),
  ('AST-00200', 'Data Connector', 'SN-76543529', '23.05.2024', 'CUST-2041', 'PROJ-00131');
INSERT INTO "Installed_Asset__c" ("Id", "Name", "Serial_Number__c", "Warranty_End_Date__c", "Account__c", "Project__c") VALUES
  ('AST-00201', 'Data Connector', 'SN-50888220', '2024-08-23', 'CUST-2023', 'PROJ-00017'),
  ('AST-00202', 'Support Package', 'SN-95615203', 'N/A', 'CUST-2119', 'PROJ-00114'),
  ('AST-00203', 'API Bundle', 'SN-24591037', NULL, 'CUST-2069', 'PROJ-00047'),
  ('AST-00204', 'Support Package', 'SN-77347727', '7/14/2026', 'CUST-2030', 'PROJ-00055'),
  ('AST-00205', 'Data Connector', 'SN-23813301', 'N/A', 'CUST-2041', 'PROJ-00136'),
  ('AST-00206', 'API Bundle', 'SN-86639453', 'N/A', 'CUST-2039', 'PROJ-00157'),
  ('AST-00207', 'API Bundle', 'SN-35756927', NULL, 'CUST-2020', 'PROJ-00083'),
  ('AST-00208', 'API Bundle', 'SN-91889353', 'N/A', 'CUST-2051', 'PROJ-00044'),
  ('AST-00209', 'Mobile App', 'SN-73589030', 'N/A', 'CUST-2021', 'PROJ-00084'),
  ('AST-00210', 'Support Package', 'SN-40698761', '3/6/2024', 'CUST-2077', 'PROJ-00107'),
  ('AST-00211', 'Support Package', 'SN-29459762', '3/12/2027', 'CUST-2061', 'PROJ-00078'),
  ('AST-00212', 'Support Package', 'SN-52325110', '20240903', 'CUST-2043', 'PROJ-00187'),
  ('AST-00213', 'Mobile App', 'SN-62820340', NULL, 'CUST-2040', 'PROJ-00109'),
  ('AST-00214', 'Data Connector', 'SN-17423236', '20261220', 'CUST-2054', 'PROJ-00002'),
  ('AST-00215', 'API Bundle', 'SN-71322699', NULL, 'CUST-2046', 'PROJ-00166'),
  ('AST-00216', 'API Bundle', 'SN-37999031', 'N/A', 'CUST-2036', 'PROJ-00005'),
  ('AST-00217', 'Support Package', 'SN-60126991', '2024-12-01', 'CUST-2092', 'PROJ-00066'),
  ('AST-00218', 'Data Connector', 'SN-53712718', '0000-00-00', 'CUST-2042', 'PROJ-00110'),
  ('AST-00219', 'API Bundle', 'SN-38854107', '0000-00-00', 'CUST-2072', 'PROJ-00190'),
  ('AST-00220', 'Support Package', 'SN-24339094', '2025-04-22', 'CUST-2065', 'PROJ-00113'),
  ('AST-00221', 'Support Package', 'SN-74381921', 'N/A', 'CUST-2032', 'PROJ-00042'),
  ('AST-00222', 'CRM Seat', 'SN-98505617', '20250526', 'CUST-2076', 'PROJ-00121'),
  ('AST-00223', 'Data Connector', 'SN-43533779', '6/21/2027', 'CUST-2089', 'PROJ-00181'),
  ('AST-00224', 'Data Connector', 'SN-17961369', '2025-10-16', 'CUST-2078', 'PROJ-00151'),
  ('AST-00225', 'Support Package', 'SN-47050296', '0000-00-00', 'CUST-2008', 'PROJ-00164'),
  ('AST-00226', 'Support Package', 'SN-24902300', '20240318', 'CUST-2048', 'PROJ-00113'),
  ('AST-00227', 'CRM Seat', 'SN-53559761', NULL, 'CUST-2018', 'PROJ-00192'),
  ('AST-00228', 'API Bundle', 'SN-30188973', '0000-00-00', 'CUST-2094', 'PROJ-00106'),
  ('AST-00229', 'API Bundle', 'SN-85408403', '2025-06-02', 'CUST-2039', 'PROJ-00147'),
  ('AST-00230', 'Support Package', 'SN-86870944', '0000-00-00', 'CUST-2057', 'PROJ-00063'),
  ('AST-00231', 'Support Package', 'SN-84715577', '0000-00-00', 'CUST-2098', 'PROJ-00170'),
  ('AST-00232', 'CRM Seat', 'SN-28853237', NULL, 'CUST-2105', 'PROJ-00075'),
  ('AST-00233', 'Support Package', 'SN-58483417', NULL, 'CUST-2099', 'PROJ-00018'),
  ('AST-00234', 'API Bundle', 'SN-34714856', '9/10/2025', 'CUST-2058', 'PROJ-00192'),
  ('AST-00235', 'Data Connector', 'SN-58614170', '1/5/2028', 'CUST-2060', 'PROJ-00059'),
  ('AST-00236', 'Support Package', 'SN-44273540', '0000-00-00', 'CUST-2026', 'PROJ-00174'),
  ('AST-00237', 'API Bundle', 'SN-25997469', 'N/A', 'CUST-2096', 'PROJ-00006'),
  ('AST-00238', 'Data Connector', 'SN-75277802', NULL, 'CUST-2053', 'PROJ-00110'),
  ('AST-00239', 'CRM Seat', 'SN-78754597', '10/5/2025', 'CUST-2007', 'PROJ-00136'),
  ('AST-00240', 'Data Connector', 'SN-14306243', '0000-00-00', 'CUST-2003', 'PROJ-00145'),
  ('AST-00241', 'Mobile App', 'SN-76036393', '4/6/2024', 'CUST-2112', 'PROJ-00084'),
  ('AST-00242', 'CRM Seat', 'SN-20140494', '0000-00-00', 'CUST-2074', 'PROJ-00086'),
  ('AST-00243', 'CRM Seat', 'SN-81371946', '11.10.2027', 'CUST-2012', 'PROJ-00143'),
  ('AST-00244', 'CRM Seat', 'SN-87030941', '20240710', 'CUST-2103', 'PROJ-00132'),
  ('AST-00245', 'API Bundle', 'SN-19809109', NULL, 'CUST-2079', 'PROJ-00167'),
  ('AST-00246', 'Support Package', 'SN-72507231', '20260204', 'CUST-2088', 'PROJ-00111'),
  ('AST-00247', 'API Bundle', 'SN-97301075', '1/13/2026', 'CUST-2114', 'PROJ-00190'),
  ('AST-00248', 'Mobile App', 'SN-55608488', '20240505', 'CUST-2010', 'PROJ-00047'),
  ('AST-00249', 'Data Connector', 'SN-12883470', '20240324', 'CUST-2068', 'PROJ-00178'),
  ('AST-00250', 'CRM Seat', 'SN-93710220', NULL, 'CUST-2074', 'PROJ-00076'),
  ('AST-00251', 'CRM Seat', 'SN-40229850', '4/15/2026', 'CUST-2050', 'PROJ-00005'),
  ('AST-00252', 'Support Package', 'SN-39915787', '0000-00-00', 'CUST-2055', 'PROJ-00039'),
  ('AST-00253', 'Mobile App', 'SN-71438610', 'N/A', 'CUST-2087', 'PROJ-00084'),
  ('AST-00254', 'Mobile App', 'SN-57599687', 'N/A', 'CUST-2086', 'PROJ-00052'),
  ('AST-00255', 'API Bundle', 'SN-35346665', NULL, 'CUST-2112', 'PROJ-00148'),
  ('AST-00256', 'Support Package', 'SN-34372157', '2026-10-06', 'CUST-2019', 'PROJ-00053'),
  ('AST-00257', 'Mobile App', 'SN-15295236', NULL, 'CUST-2004', 'PROJ-00137'),
  ('AST-00258', 'Support Package', 'SN-19296843', '10/24/2023', 'CUST-2017', 'PROJ-00139'),
  ('AST-00259', 'API Bundle', 'SN-98337685', '01.09.2027', 'CUST-2112', 'PROJ-00081'),
  ('AST-00260', 'API Bundle', 'SN-66946385', '11/21/2025', 'CUST-2026', 'PROJ-00078'),
  ('AST-00261', 'Support Package', 'SN-13663666', '13.04.2028', 'CUST-2030', 'PROJ-00056'),
  ('AST-00262', 'CRM Seat', 'SN-60346941', '2026-07-02', 'CUST-2113', 'PROJ-00113'),
  ('AST-00263', 'API Bundle', 'SN-61058647', '2024-05-16', 'CUST-2057', 'PROJ-00191'),
  ('AST-00264', 'Data Connector', 'SN-36660705', '05.01.2027', 'CUST-2058', 'PROJ-00113'),
  ('AST-00265', 'Mobile App', 'SN-26730148', '2026-01-02', 'CUST-2099', 'PROJ-00098'),
  ('AST-00266', 'Mobile App', 'SN-87618586', 'N/A', 'CUST-2058_DUP', 'PROJ-00045'),
  ('AST-00267', 'API Bundle', 'SN-38137132', '2024-10-07', 'CUST-2067', 'PROJ-00032'),
  ('AST-00268', 'Mobile App', 'SN-58102338', 'N/A', 'CUST-2059_DUP', 'PROJ-00126'),
  ('AST-00269', 'API Bundle', 'SN-38229673', '2026-06-01', 'CUST-2041', 'PROJ-00107'),
  ('AST-00270', 'Support Package', 'SN-74153249', '5/17/2026', 'CUST-2103', 'PROJ-00130'),
  ('AST-00271', 'Data Connector', 'SN-12167007', '2026-05-24', 'CUST-2066', 'PROJ-00029'),
  ('AST-00272', 'Data Connector', 'SN-23430634', '8/15/2027', 'CUST-2049', 'PROJ-00108'),
  ('AST-00273', 'CRM Seat', 'SN-68270476', NULL, 'CUST-2047', 'PROJ-00080'),
  ('AST-00274', 'API Bundle', 'SN-21334884', 'N/A', 'CUST-2084', 'PROJ-00077'),
  ('AST-00275', 'Data Connector', 'SN-12127354', '2/19/2027', 'CUST-2083', 'PROJ-00100'),
  ('AST-00276', 'Support Package', 'SN-16089390', '18.08.2024', 'CUST-2094', 'PROJ-00166'),
  ('AST-00277', 'API Bundle', 'SN-85776544', '2026-10-18', 'CUST-2109', 'PROJ-00064'),
  ('AST-00278', 'API Bundle', 'SN-28820058', 'N/A', 'CUST-2017', 'PROJ-00133'),
  ('AST-00279', 'CRM Seat', 'SN-18211636', '0000-00-00', 'CUST-2061', 'PROJ-00196'),
  ('AST-00280', 'Support Package', 'SN-59889271', '0000-00-00', 'CUST-2103', 'PROJ-00054'),
  ('AST-00281', 'Data Connector', 'SN-33141819', '17.08.2024', 'CUST-2054', 'PROJ-00041'),
  ('AST-00282', 'API Bundle', 'SN-99747074', '01.05.2027', 'CUST-2120', 'PROJ-00133'),
  ('AST-00283', 'API Bundle', 'SN-14023864', '20280121', 'CUST-2047', 'PROJ-00029'),
  ('AST-00284', 'Data Connector', 'SN-93928021', '6/13/2027', 'CUST-2027', 'PROJ-00079'),
  ('AST-00285', 'Mobile App', 'SN-53093653', '2023-12-31', 'CUST-2117', 'PROJ-00068'),
  ('AST-00286', 'Support Package', 'SN-13824787', '20271116', 'CUST-2101', 'PROJ-00007'),
  ('AST-00287', 'API Bundle', 'SN-64714435', '2027-02-10', 'CUST-2005', 'PROJ-00189'),
  ('AST-00288', 'Mobile App', 'SN-80491768', '23.05.2025', 'CUST-2070', 'PROJ-00097'),
  ('AST-00289', 'CRM Seat', 'SN-56797212', '03.05.2028', 'CUST-2021', 'PROJ-00026'),
  ('AST-00290', 'CRM Seat', 'SN-25087493', '20280131', 'CUST-2012', 'PROJ-00108'),
  ('AST-00291', 'Mobile App', 'SN-69111612', '13.10.2023', 'CUST-2060', 'PROJ-00107'),
  ('AST-00292', 'CRM Seat', 'SN-51799545', '20240921', 'CUST-2110', 'PROJ-00155'),
  ('AST-00293', 'API Bundle', 'SN-53335744', 'N/A', 'CUST-2061', 'PROJ-00066'),
  ('AST-00294', 'Mobile App', 'SN-99715417', 'N/A', 'CUST-2070', 'PROJ-00094'),
  ('AST-00295', 'Data Connector', 'SN-86670472', '05.09.2025', 'CUST-2013', 'PROJ-00123'),
  ('AST-00296', 'Mobile App', 'SN-27422482', NULL, 'CUST-2017', 'PROJ-00057'),
  ('AST-00297', 'API Bundle', 'SN-98477659', '2026-08-17', 'CUST-2059_DUP', 'PROJ-00037'),
  ('AST-00298', 'Data Connector', 'SN-47889634', '0000-00-00', 'CUST-2096', 'PROJ-00025'),
  ('AST-00299', 'API Bundle', 'SN-43644452', '04.05.2024', 'CUST-2014', 'PROJ-00064'),
  ('AST-00300', 'Support Package', 'SN-54107402', 'N/A', 'CUST-2094', 'PROJ-00169');
INSERT INTO "Installed_Asset__c" ("Id", "Name", "Serial_Number__c", "Warranty_End_Date__c", "Account__c", "Project__c") VALUES
  ('AST-00301', 'Mobile App', 'SN-79782068', '0000-00-00', 'CUST-2058_DUP', 'PROJ-00119'),
  ('AST-00302', 'API Bundle', 'SN-54015900', '20240220', 'CUST-2074', 'PROJ-00069'),
  ('AST-00303', 'API Bundle', 'SN-87761531', 'N/A', 'CUST-2048', 'PROJ-00170'),
  ('AST-00304', 'Data Connector', 'SN-94809528', '2026-04-03', 'CUST-2120', 'PROJ-00009'),
  ('AST-00305', 'API Bundle', 'SN-11922230', '13.06.2024', 'CUST-2102', 'PROJ-00051'),
  ('AST-00306', 'API Bundle', 'SN-31727864', '20251204', 'CUST-2082', 'PROJ-00009'),
  ('AST-00307', 'Mobile App', 'SN-74528712', '20261112', 'CUST-2042', 'PROJ-00003'),
  ('AST-00308', 'API Bundle', 'SN-94384419', NULL, 'CUST-2110', 'PROJ-00089'),
  ('AST-00309', 'Data Connector', 'SN-70680386', '08.03.2027', 'CUST-2105', 'PROJ-00148'),
  ('AST-00310', 'Support Package', 'SN-83266696', '20250822', 'CUST-2059', 'PROJ-00160'),
  ('AST-00311', 'Support Package', 'SN-97974419', NULL, 'CUST-2016', 'PROJ-00191'),
  ('AST-00312', 'Support Package', 'SN-35007366', '6/3/2027', 'CUST-2066', 'PROJ-00087'),
  ('AST-00313', 'Mobile App', 'SN-71245697', 'N/A', 'CUST-2044', 'PROJ-00125'),
  ('AST-00314', 'Support Package', 'SN-79668788', '8/5/2023', 'CUST-2013', 'PROJ-00172'),
  ('AST-00315', 'Data Connector', 'SN-96207066', '2028-04-08', 'CUST-2009', 'PROJ-00094'),
  ('AST-00316', 'API Bundle', 'SN-22694785', '14.12.2023', 'CUST-2074_DUP', 'PROJ-00140'),
  ('AST-00317', 'CRM Seat', 'SN-26143405', '0000-00-00', 'CUST-2058_DUP', 'PROJ-00118'),
  ('AST-00318', 'API Bundle', 'SN-56657336', '3/4/2024', 'CUST-2092', 'PROJ-00076'),
  ('AST-00319', 'Mobile App', 'SN-21135674', NULL, 'CUST-2058', 'PROJ-00112'),
  ('AST-00320', 'API Bundle', 'SN-63359344', NULL, 'CUST-2058_DUP', 'PROJ-00130'),
  ('AST-00321', 'API Bundle', 'SN-29019782', NULL, 'CUST-2059_DUP', 'PROJ-00131'),
  ('AST-00322', 'CRM Seat', 'SN-36665991', 'N/A', 'CUST-2088', 'PROJ-00057'),
  ('AST-00323', 'Mobile App', 'SN-90656304', NULL, 'CUST-2096', 'PROJ-00091'),
  ('AST-00324', 'Mobile App', 'SN-80470377', '2026-11-18', 'CUST-2020', 'PROJ-00145'),
  ('AST-00325', 'Support Package', 'SN-82404720', '04.04.2028', 'CUST-2103', 'PROJ-00137'),
  ('AST-00326', 'API Bundle', 'SN-60260797', '10.02.2027', 'CUST-2089', 'PROJ-00136'),
  ('AST-00327', 'API Bundle', 'SN-95215820', 'N/A', 'CUST-2013', 'PROJ-00175'),
  ('AST-00328', 'API Bundle', 'SN-30407950', '0000-00-00', 'CUST-2110', 'PROJ-00159'),
  ('AST-00329', 'Data Connector', 'SN-37138304', '7/4/2024', 'CUST-2059_DUP', 'PROJ-00157'),
  ('AST-00330', 'Support Package', 'SN-62314365', '0000-00-00', 'CUST-2007', 'PROJ-00103'),
  ('AST-00331', 'Data Connector', 'SN-72814453', '12/22/2025', 'CUST-2058_DUP', 'PROJ-00108'),
  ('AST-00332', 'Support Package', 'SN-10047461', '2025-04-02', 'CUST-2018', 'PROJ-00185'),
  ('AST-00333', 'Mobile App', 'SN-99673571', '12/20/2027', 'CUST-2033', 'PROJ-00182'),
  ('AST-00334', 'Mobile App', 'SN-89723307', '2027-09-27', 'CUST-2027', 'PROJ-00188'),
  ('AST-00335', 'Data Connector', 'SN-28831186', '24.06.2027', 'CUST-2008', 'PROJ-00194'),
  ('AST-00336', 'API Bundle', 'SN-62511111', NULL, 'CUST-2062', 'PROJ-00042'),
  ('AST-00337', 'Data Connector', 'SN-62479086', '0000-00-00', 'CUST-2021', 'PROJ-00166'),
  ('AST-00338', 'Support Package', 'SN-19466596', '03.11.2027', 'CUST-2025', 'PROJ-00064'),
  ('AST-00339', 'API Bundle', 'SN-63880436', '2026-04-26', 'CUST-2074_DUP', 'PROJ-00071'),
  ('AST-00340', 'Mobile App', 'SN-30380452', '09.02.2024', 'CUST-2093', 'PROJ-00190'),
  ('AST-00341', 'Support Package', 'SN-53952205', '2026-01-21', 'CUST-2057', 'PROJ-00037'),
  ('AST-00342', 'Mobile App', 'SN-51763267', '0000-00-00', 'CUST-2082', 'PROJ-00031'),
  ('AST-00343', 'Mobile App', 'SN-73231224', '18.12.2025', 'CUST-2014', 'PROJ-00161'),
  ('AST-00344', 'Support Package', 'SN-26759028', '0000-00-00', 'CUST-2085', 'PROJ-00113'),
  ('AST-00345', 'Data Connector', 'SN-30626125', '2026-03-05', 'CUST-2096', 'PROJ-00157'),
  ('AST-00346', 'Support Package', 'SN-46521017', '2023-08-02', 'CUST-2113', 'PROJ-00194'),
  ('AST-00347', 'CRM Seat', 'SN-94140870', '20270730', 'CUST-2049', 'PROJ-00066'),
  ('AST-00348', 'API Bundle', 'SN-75404850', NULL, 'CUST-2055', 'PROJ-00150'),
  ('AST-00349', 'Mobile App', 'SN-23831159', '2027-08-12', 'CUST-2038', 'PROJ-00058'),
  ('AST-00350', 'Mobile App', 'SN-58660554', '03.06.2025', 'CUST-2094', 'PROJ-00155'),
  ('AST-00351', 'Data Connector', 'SN-68046122', '20250405', 'CUST-2112', 'PROJ-00171'),
  ('AST-00352', 'CRM Seat', 'SN-47608285', NULL, 'CUST-2008', 'PROJ-00164'),
  ('AST-00353', 'Support Package', 'SN-43778683', 'N/A', 'CUST-2093', 'PROJ-00188'),
  ('AST-00354', 'Data Connector', 'SN-99520336', NULL, 'CUST-2066', 'PROJ-00085'),
  ('AST-00355', 'CRM Seat', 'SN-11734913', '2026-02-21', 'CUST-2033', 'PROJ-00092'),
  ('AST-00356', 'API Bundle', 'SN-88622613', '20240904', 'CUST-2092', 'PROJ-00125'),
  ('AST-00357', 'Data Connector', 'SN-99339143', '1/22/2026', 'CUST-2029', 'PROJ-00152'),
  ('AST-00358', 'Data Connector', 'SN-85251955', '0000-00-00', 'CUST-2014', 'PROJ-00182'),
  ('AST-00359', 'Data Connector', 'SN-91420209', '0000-00-00', 'CUST-2108', 'PROJ-00145'),
  ('AST-00360', 'Data Connector', 'SN-15650731', '0000-00-00', 'CUST-2112', 'PROJ-00171'),
  ('AST-00361', 'CRM Seat', 'SN-87259150', '2026-03-14', 'CUST-2014', 'PROJ-00152'),
  ('AST-00362', 'API Bundle', 'SN-58412445', '0000-00-00', 'CUST-2016', 'PROJ-00196'),
  ('AST-00363', 'Mobile App', 'SN-66616973', NULL, 'CUST-2087', 'PROJ-00182'),
  ('AST-00364', 'CRM Seat', 'SN-56614414', 'N/A', 'CUST-2051', 'PROJ-00184'),
  ('AST-00365', 'Data Connector', 'SN-86953052', NULL, 'CUST-2101', 'PROJ-00113'),
  ('AST-00366', 'Data Connector', 'SN-94304617', 'N/A', 'CUST-2067', 'PROJ-00010'),
  ('AST-00367', 'CRM Seat', 'SN-38996335', '0000-00-00', 'CUST-2100', 'PROJ-00111'),
  ('AST-00368', 'Support Package', 'SN-23261275', '7/30/2025', 'CUST-2024', 'PROJ-00007'),
  ('AST-00369', 'CRM Seat', 'SN-71286924', NULL, 'CUST-2118', 'PROJ-00106'),
  ('AST-00370', 'Support Package', 'SN-56177572', '11/29/2027', 'CUST-2115', 'PROJ-00065'),
  ('AST-00371', 'Support Package', 'SN-69862044', NULL, 'CUST-2058_DUP', 'PROJ-00064'),
  ('AST-00372', 'Data Connector', 'SN-95202397', '6/28/2024', 'CUST-2007', 'PROJ-00084'),
  ('AST-00373', 'API Bundle', 'SN-84957616', NULL, 'CUST-2099', 'PROJ-00042'),
  ('AST-00374', 'Support Package', 'SN-63864375', NULL, 'CUST-2111', 'PROJ-00141'),
  ('AST-00375', 'Data Connector', 'SN-21927856', '4/4/2027', 'CUST-2045', 'PROJ-00045'),
  ('AST-00376', 'Mobile App', 'SN-40544052', '1/12/2028', 'CUST-2046', 'PROJ-00158'),
  ('AST-00377', 'CRM Seat', 'SN-22137642', 'N/A', 'CUST-2107', 'PROJ-00079'),
  ('AST-00378', 'Mobile App', 'SN-76732073', 'N/A', 'CUST-2052', 'PROJ-00081'),
  ('AST-00379', 'Data Connector', 'SN-37131995', '7/2/2027', 'CUST-2024', 'PROJ-00194'),
  ('AST-00380', 'Data Connector', 'SN-57055917', '4/16/2026', 'CUST-2110', 'PROJ-00182'),
  ('AST-00381', 'Support Package', 'SN-31369793', '09.07.2026', 'CUST-2104', 'PROJ-00113'),
  ('AST-00382', 'CRM Seat', 'SN-35473149', '0000-00-00', 'CUST-2042', 'PROJ-00005'),
  ('AST-00383', 'Mobile App', 'SN-49755786', NULL, 'CUST-2040', 'PROJ-00130'),
  ('AST-00384', 'API Bundle', 'SN-63414794', '0000-00-00', 'CUST-2072', 'PROJ-00138'),
  ('AST-00385', 'API Bundle', 'SN-22531060', '2023-10-29', 'CUST-2090', 'PROJ-00020'),
  ('AST-00386', 'Data Connector', 'SN-45348929', '21.07.2025', 'CUST-2092', 'PROJ-00154'),
  ('AST-00387', 'Mobile App', 'SN-57486185', '20270302', 'CUST-2092', 'PROJ-00088'),
  ('AST-00388', 'CRM Seat', 'SN-49448235', '0000-00-00', 'CUST-2018', 'PROJ-00099'),
  ('AST-00389', 'Support Package', 'SN-40175481', '20271128', 'CUST-2073', 'PROJ-00022'),
  ('AST-00390', 'API Bundle', 'SN-83549599', '12.11.2025', 'CUST-2106', 'PROJ-00011'),
  ('AST-00391', 'CRM Seat', 'SN-76369717', '13.02.2024', 'CUST-2086', 'PROJ-00071'),
  ('AST-00392', 'API Bundle', 'SN-42930552', '01.02.2027', 'CUST-2107', 'PROJ-00178'),
  ('AST-00393', 'API Bundle', 'SN-29512130', '2023-12-29', 'CUST-2057', 'PROJ-00166'),
  ('AST-00394', 'CRM Seat', 'SN-92170846', '20251214', 'CUST-2038', 'PROJ-00063'),
  ('AST-00395', 'Data Connector', 'SN-84668321', '0000-00-00', 'CUST-2108', 'PROJ-00113'),
  ('AST-00396', 'Data Connector', 'SN-34972287', NULL, 'CUST-2073', 'PROJ-00050'),
  ('AST-00397', 'Data Connector', 'SN-94188755', '0000-00-00', 'CUST-2067', 'PROJ-00149'),
  ('AST-00398', 'Support Package', 'SN-58851081', NULL, 'CUST-2114', 'PROJ-00100'),
  ('AST-00399', 'Data Connector', 'SN-59691228', '11/8/2027', 'CUST-2103', 'PROJ-00068'),
  ('AST-00400', 'Support Package', 'SN-82527114', '8/10/2024', 'CUST-2116', 'PROJ-00061');
INSERT INTO "Installed_Asset__c" ("Id", "Name", "Serial_Number__c", "Warranty_End_Date__c", "Account__c", "Project__c") VALUES
  ('AST-00401', 'API Bundle', 'SN-53172816', NULL, 'CUST-2010', 'PROJ-00178'),
  ('AST-00402', 'API Bundle', 'SN-82246104', '0000-00-00', 'CUST-2106', 'PROJ-00180'),
  ('AST-00403', 'Mobile App', 'SN-73852434', '0000-00-00', 'CUST-2017', 'PROJ-00025'),
  ('AST-00404', 'Mobile App', 'SN-40578076', 'N/A', 'CUST-2041', 'PROJ-00027'),
  ('AST-00405', 'Mobile App', 'SN-40059912', '20260706', 'CUST-2045', 'PROJ-00184'),
  ('AST-00406', 'CRM Seat', 'SN-71772215', '0000-00-00', 'CUST-2035', 'PROJ-00148'),
  ('AST-00407', 'Mobile App', 'SN-68543659', '2026-11-21', 'CUST-2057', 'PROJ-00128'),
  ('AST-00408', 'CRM Seat', 'SN-85156388', '20230725', 'CUST-2103_DUP', 'PROJ-00044'),
  ('AST-00409', 'CRM Seat', 'SN-56654498', '20251118', 'CUST-2072', 'PROJ-00167'),
  ('AST-00410', 'API Bundle', 'SN-18559981', 'N/A', 'CUST-2112', 'PROJ-00181'),
  ('AST-00411', 'Support Package', 'SN-86471037', '5/10/2025', 'CUST-2046', 'PROJ-00017'),
  ('AST-00412', 'CRM Seat', 'SN-90227105', '20240205', 'CUST-2057_DUP', 'PROJ-00187'),
  ('AST-00413', 'API Bundle', 'SN-63183240', '23.12.2026', 'CUST-2056', 'PROJ-00181'),
  ('AST-00414', 'Support Package', 'SN-82262247', 'N/A', 'CUST-2085', 'PROJ-00116'),
  ('AST-00415', 'Support Package', 'SN-41214258', '0000-00-00', 'CUST-2087', 'PROJ-00078'),
  ('AST-00416', 'Data Connector', 'SN-29358634', NULL, 'CUST-2103', 'PROJ-00131'),
  ('AST-00417', 'Mobile App', 'SN-52205917', NULL, 'CUST-2070', 'PROJ-00175'),
  ('AST-00418', 'CRM Seat', 'SN-58096857', '0000-00-00', 'CUST-2001', 'PROJ-00157'),
  ('AST-00419', 'Mobile App', 'SN-18540104', '0000-00-00', 'CUST-2016', 'PROJ-00019'),
  ('AST-00420', 'API Bundle', 'SN-36121315', '09.03.2025', 'CUST-2053', 'PROJ-00187'),
  ('AST-00421', 'API Bundle', 'SN-34325365', '2028-01-23', 'CUST-2012_DUP', 'PROJ-00154'),
  ('AST-00422', 'CRM Seat', 'SN-54532115', '2024-08-29', 'CUST-2084', 'PROJ-00127'),
  ('AST-00423', 'Mobile App', 'SN-62002811', NULL, 'CUST-2013', 'PROJ-00104'),
  ('AST-00424', 'Data Connector', 'SN-28590430', NULL, 'CUST-2053', 'PROJ-00098'),
  ('AST-00425', 'CRM Seat', 'SN-51767937', '7/15/2025', 'CUST-2044', 'PROJ-00047'),
  ('AST-00426', 'Data Connector', 'SN-43824764', '20270327', 'CUST-2023', 'PROJ-00182'),
  ('AST-00427', 'Support Package', 'SN-63878721', '05.07.2027', 'CUST-2012', 'PROJ-00048'),
  ('AST-00428', 'CRM Seat', 'SN-55596469', '20260225', 'CUST-2030', 'PROJ-00090'),
  ('AST-00429', 'Mobile App', 'SN-44597012', '2023-09-13', 'CUST-2097', 'PROJ-00025'),
  ('AST-00430', 'CRM Seat', 'SN-84776506', '2027-06-25', 'CUST-2113', 'PROJ-00156'),
  ('AST-00431', 'CRM Seat', 'SN-32617447', '2027-11-02', 'CUST-2088', 'PROJ-00096'),
  ('AST-00432', 'CRM Seat', 'SN-10625592', '9/20/2024', 'CUST-2074_DUP', 'PROJ-00136'),
  ('AST-00433', 'CRM Seat', 'SN-86246226', '0000-00-00', 'CUST-2050', 'PROJ-00079'),
  ('AST-00434', 'API Bundle', 'SN-35297638', 'N/A', 'CUST-2048', 'PROJ-00018'),
  ('AST-00435', 'API Bundle', 'SN-81835206', '30.08.2025', 'CUST-2080', 'PROJ-00128'),
  ('AST-00436', 'CRM Seat', 'SN-30759612', '0000-00-00', 'CUST-2058_DUP', 'PROJ-00089'),
  ('AST-00437', 'API Bundle', 'SN-69149428', 'N/A', 'CUST-2048', 'PROJ-00147'),
  ('AST-00438', 'Mobile App', 'SN-29978275', NULL, 'CUST-2109', 'PROJ-00046'),
  ('AST-00439', 'CRM Seat', 'SN-93494515', '2027-12-03', 'CUST-2105', 'PROJ-00114'),
  ('AST-00440', 'CRM Seat', 'SN-51831014', '6/17/2028', 'CUST-2120', 'PROJ-00138'),
  ('AST-00441', 'API Bundle', 'SN-89202730', '0000-00-00', 'CUST-2014', 'PROJ-00090'),
  ('AST-00442', 'Data Connector', 'SN-35925455', '0000-00-00', 'CUST-2022', 'PROJ-00026'),
  ('AST-00443', 'Support Package', 'SN-71024383', 'N/A', 'CUST-2020', 'PROJ-00157'),
  ('AST-00444', 'Data Connector', 'SN-25620477', 'N/A', 'CUST-2071', 'PROJ-00100'),
  ('AST-00445', 'Support Package', 'SN-43047380', '11/8/2023', 'CUST-2071', 'PROJ-00017'),
  ('AST-00446', 'Data Connector', 'SN-35278591', NULL, 'CUST-2019', 'PROJ-00062'),
  ('AST-00447', 'Support Package', 'SN-17868404', '20240701', 'CUST-2052', 'PROJ-00011'),
  ('AST-00448', 'Mobile App', 'SN-23258076', NULL, 'CUST-2104', 'PROJ-00169'),
  ('AST-00449', 'Support Package', 'SN-80778039', '0000-00-00', 'CUST-2067', 'PROJ-00024'),
  ('AST-00450', 'Mobile App', 'SN-80017740', '20271217', 'CUST-2074', 'PROJ-00180'),
  ('AST-00451', 'API Bundle', 'SN-47924770', '10/7/2027', 'CUST-2097', 'PROJ-00140'),
  ('AST-00452', 'API Bundle', 'SN-49320311', 'N/A', 'CUST-2018', 'PROJ-00115'),
  ('AST-00453', 'Data Connector', 'SN-60609069', '2024-12-25', 'CUST-2055', 'PROJ-00104'),
  ('AST-00454', 'Data Connector', 'SN-24001392', '4/22/2025', 'CUST-2063', 'PROJ-00007'),
  ('AST-00455', 'Mobile App', 'SN-62185014', '3/24/2026', 'CUST-2072', 'PROJ-00124'),
  ('AST-00456', 'CRM Seat', 'SN-80806579', NULL, 'CUST-2064', 'PROJ-00074'),
  ('AST-00457', 'CRM Seat', 'SN-51220925', '0000-00-00', 'CUST-2006', 'PROJ-00049'),
  ('AST-00458', 'Mobile App', 'SN-33267818', 'N/A', 'CUST-2096', 'PROJ-00147'),
  ('AST-00459', 'CRM Seat', 'SN-81711476', '2025-01-24', 'CUST-2041', 'PROJ-00190'),
  ('AST-00460', 'Data Connector', 'SN-35265012', '3/6/2026', 'CUST-2007', 'PROJ-00078'),
  ('AST-00461', 'CRM Seat', 'SN-68224195', 'N/A', 'CUST-2074_DUP', 'PROJ-00138'),
  ('AST-00462', 'API Bundle', 'SN-78282676', '3/15/2025', 'CUST-2066', 'PROJ-00135'),
  ('AST-00463', 'CRM Seat', 'SN-38788785', '2025-07-11', 'CUST-2088', 'PROJ-00179'),
  ('AST-00464', 'API Bundle', 'SN-52991351', '2028-03-22', 'CUST-2059', 'PROJ-00048'),
  ('AST-00465', 'Data Connector', 'SN-37747762', '0000-00-00', 'CUST-2092', 'PROJ-00053'),
  ('AST-00466', 'CRM Seat', 'SN-16071188', '20231112', 'CUST-2082', 'PROJ-00157'),
  ('AST-00467', 'CRM Seat', 'SN-48982422', '2028-01-12', 'CUST-2027', 'PROJ-00177'),
  ('AST-00468', 'Support Package', 'SN-33764288', '20270905', 'CUST-2116', 'PROJ-00062'),
  ('AST-00469', 'Support Package', 'SN-63949988', '2026-01-28', 'CUST-2106', 'PROJ-00059'),
  ('AST-00470', 'Mobile App', 'SN-43040802', '0000-00-00', 'CUST-2020', 'PROJ-00037'),
  ('AST-00471', 'Data Connector', 'SN-86576546', 'N/A', 'CUST-2086', 'PROJ-00067'),
  ('AST-00472', 'Support Package', 'SN-37498028', 'N/A', 'CUST-2111', 'PROJ-00161'),
  ('AST-00473', 'Data Connector', 'SN-11372698', '20270204', 'CUST-2095', 'PROJ-00070'),
  ('AST-00474', 'Data Connector', 'SN-47324162', NULL, 'CUST-2106', 'PROJ-00106'),
  ('AST-00475', 'Data Connector', 'SN-44014192', '0000-00-00', 'CUST-2116', 'PROJ-00049'),
  ('AST-00476', 'Data Connector', 'SN-15610213', 'N/A', 'CUST-2002', 'PROJ-00161'),
  ('AST-00477', 'API Bundle', 'SN-98981391', 'N/A', 'CUST-2099', 'PROJ-00115'),
  ('AST-00478', 'CRM Seat', 'SN-25472405', '17.04.2027', 'CUST-2029', 'PROJ-00019'),
  ('AST-00479', 'CRM Seat', 'SN-34609969', '0000-00-00', 'CUST-2116', 'PROJ-00126'),
  ('AST-00480', 'Support Package', 'SN-63446108', '7/30/2023', 'CUST-2042', 'PROJ-00043'),
  ('AST-00481', 'Support Package', 'SN-86518645', '8/27/2027', 'CUST-2069', 'PROJ-00074'),
  ('AST-00482', 'CRM Seat', 'SN-63003418', NULL, 'CUST-2014', 'PROJ-00195'),
  ('AST-00483', 'CRM Seat', 'SN-84457282', NULL, 'CUST-2114', 'PROJ-00052'),
  ('AST-00484', 'API Bundle', 'SN-79555056', '2024-12-21', 'CUST-2064', 'PROJ-00052'),
  ('AST-00485', 'CRM Seat', 'SN-24952744', '18.04.2028', 'CUST-2061', 'PROJ-00123'),
  ('AST-00486', 'API Bundle', 'SN-21221679', NULL, 'CUST-2005', 'PROJ-00100'),
  ('AST-00487', 'API Bundle', 'SN-68512034', '0000-00-00', 'CUST-2089', 'PROJ-00018'),
  ('AST-00488', 'API Bundle', 'SN-69327432', '0000-00-00', 'CUST-2048', 'PROJ-00113'),
  ('AST-00489', 'Mobile App', 'SN-35363046', NULL, 'CUST-2099', 'PROJ-00011'),
  ('AST-00490', 'Support Package', 'SN-15873085', '0000-00-00', 'CUST-2027', 'PROJ-00186'),
  ('AST-00491', 'Support Package', 'SN-43662096', '09.09.2025', 'CUST-2002', 'PROJ-00040'),
  ('AST-00492', 'API Bundle', 'SN-96454359', '2024-08-04', 'CUST-2045', 'PROJ-00119'),
  ('AST-00493', 'API Bundle', 'SN-49165484', '0000-00-00', 'CUST-2051', 'PROJ-00098'),
  ('AST-00494', 'API Bundle', 'SN-94183188', '09.10.2026', 'CUST-2009', 'PROJ-00058'),
  ('AST-00495', 'Data Connector', 'SN-13397006', NULL, 'CUST-2043', 'PROJ-00169'),
  ('AST-00496', 'API Bundle', 'SN-90753445', '0000-00-00', 'CUST-2057', 'PROJ-00018'),
  ('AST-00497', 'API Bundle', 'SN-29241916', '0000-00-00', 'CUST-2037', 'PROJ-00143'),
  ('AST-00498', 'CRM Seat', 'SN-24947264', 'N/A', 'CUST-2074_DUP', 'PROJ-00082'),
  ('AST-00499', 'Mobile App', 'SN-81709011', '2028-02-27', 'CUST-2009', 'PROJ-00105'),
  ('AST-00500', 'API Bundle', 'SN-53171972', '1/8/2028', 'CUST-2080', 'PROJ-00185');
INSERT INTO "Installed_Asset__c" ("Id", "Name", "Serial_Number__c", "Warranty_End_Date__c", "Account__c", "Project__c") VALUES
  ('AST-00501', 'CRM Seat', 'SN-41361578', '2027-03-30', 'CUST-2005', 'PROJ-00037'),
  ('AST-00502', 'Mobile App', 'SN-17840669', NULL, 'CUST-2049', 'PROJ-00001'),
  ('AST-00503', 'CRM Seat', 'SN-40134305', NULL, 'CUST-2050', 'PROJ-00146'),
  ('AST-00504', 'Mobile App', 'SN-83226848', '2024-10-13', 'CUST-2081', 'PROJ-00010'),
  ('AST-00505', 'Data Connector', 'SN-86704340', 'N/A', 'CUST-2003', 'PROJ-00167'),
  ('AST-00506', 'Mobile App', 'SN-61911006', '20240721', 'CUST-2050', 'PROJ-00073'),
  ('AST-00507', 'API Bundle', 'SN-75842162', '0000-00-00', 'CUST-2117', 'PROJ-00192'),
  ('AST-00508', 'Data Connector', 'SN-74307616', '06.02.2027', 'CUST-2033', 'PROJ-00089'),
  ('AST-00509', 'Support Package', 'SN-40043274', '30.07.2026', 'CUST-2059', 'PROJ-00138'),
  ('AST-00510', 'API Bundle', 'SN-62137114', '10/19/2027', 'CUST-2037', 'PROJ-00164'),
  ('AST-00511', 'Support Package', 'SN-12810133', '20270521', 'CUST-2113', 'PROJ-00042'),
  ('AST-00512', 'API Bundle', 'SN-15711620', '20280211', 'CUST-2104', 'PROJ-00077'),
  ('AST-00513', 'Mobile App', 'SN-40465492', '20270326', 'CUST-2053', 'PROJ-00182'),
  ('AST-00514', 'Support Package', 'SN-37930832', '20270705', 'CUST-2017', 'PROJ-00161'),
  ('AST-00515', 'Data Connector', 'SN-70708263', '20260328', 'CUST-2054', 'PROJ-00107'),
  ('AST-00516', 'Data Connector', 'SN-58796232', '3/26/2028', 'CUST-2057_DUP', 'PROJ-00100'),
  ('AST-00517', 'Data Connector', 'SN-27866349', 'N/A', 'CUST-2042', 'PROJ-00171'),
  ('AST-00518', 'API Bundle', 'SN-39119785', 'N/A', 'CUST-2068', 'PROJ-00053'),
  ('AST-00519', 'API Bundle', 'SN-98493234', NULL, 'CUST-2025', 'PROJ-00146'),
  ('AST-00520', 'Data Connector', 'SN-83578898', NULL, 'CUST-2080', 'PROJ-00094'),
  ('AST-00521', 'Support Package', 'SN-96436223', '8/3/2025', 'CUST-2098', 'PROJ-00105'),
  ('AST-00522', 'API Bundle', 'SN-73113531', '2027-01-25', 'CUST-2028', 'PROJ-00101'),
  ('AST-00523', 'Data Connector', 'SN-50308304', NULL, 'CUST-2070', 'PROJ-00167'),
  ('AST-00524', 'Data Connector', 'SN-16829764', '08.10.2024', 'CUST-2103_DUP', 'PROJ-00160'),
  ('AST-00525', 'Mobile App', 'SN-31034514', 'N/A', 'CUST-2028', 'PROJ-00087'),
  ('AST-00526', 'Data Connector', 'SN-34201500', '20251022', 'CUST-2050', 'PROJ-00133'),
  ('AST-00527', 'API Bundle', 'SN-61804106', '0000-00-00', 'CUST-2004', 'PROJ-00178'),
  ('AST-00528', 'Support Package', 'SN-85613436', NULL, 'CUST-2086', 'PROJ-00045'),
  ('AST-00529', 'Data Connector', 'SN-87184473', NULL, 'CUST-2020', 'PROJ-00165'),
  ('AST-00530', 'API Bundle', 'SN-65202373', '11/15/2024', 'CUST-2103', 'PROJ-00051'),
  ('AST-00531', 'API Bundle', 'SN-75321753', '11/19/2026', 'CUST-2060', 'PROJ-00063'),
  ('AST-00532', 'Mobile App', 'SN-81214330', 'N/A', 'CUST-2079', 'PROJ-00196'),
  ('AST-00533', 'CRM Seat', 'SN-18772342', '2028-06-18', 'CUST-2081', 'PROJ-00010'),
  ('AST-00534', 'CRM Seat', 'SN-54494335', NULL, 'CUST-2003', 'PROJ-00003'),
  ('AST-00535', 'Support Package', 'SN-37247147', 'N/A', 'CUST-2012', 'PROJ-00081'),
  ('AST-00536', 'Support Package', 'SN-18861468', '4/29/2026', 'CUST-2020', 'PROJ-00055'),
  ('AST-00537', 'Mobile App', 'SN-69943922', '20230831', 'CUST-2080', 'PROJ-00081'),
  ('AST-00538', 'API Bundle', 'SN-48888385', '11/3/2024', 'CUST-2044', 'PROJ-00181'),
  ('AST-00539', 'API Bundle', 'SN-30403362', '24.10.2024', 'CUST-2013', 'PROJ-00144'),
  ('AST-00540', 'Mobile App', 'SN-92985330', '20240921', 'CUST-2054', 'PROJ-00031'),
  ('AST-00541', 'Mobile App', 'SN-94380335', '20260926', 'CUST-2021', 'PROJ-00144'),
  ('AST-00542', 'API Bundle', 'SN-25214980', 'N/A', 'CUST-2090', 'PROJ-00072'),
  ('AST-00543', 'Data Connector', 'SN-23028371', NULL, 'CUST-2057_DUP', 'PROJ-00038'),
  ('AST-00544', 'Data Connector', 'SN-73459898', '20250102', 'CUST-2006', 'PROJ-00035'),
  ('AST-00545', 'CRM Seat', 'SN-88675126', 'N/A', 'CUST-2062', 'PROJ-00044'),
  ('AST-00546', 'Data Connector', 'SN-88502768', '0000-00-00', 'CUST-2105', 'PROJ-00093'),
  ('AST-00547', 'CRM Seat', 'SN-76003853', 'N/A', 'CUST-2024', 'PROJ-00115'),
  ('AST-00548', 'Support Package', 'SN-21409917', '9/9/2025', 'CUST-2073', 'PROJ-00089'),
  ('AST-00549', 'API Bundle', 'SN-93756036', '7/23/2023', 'CUST-2009', 'PROJ-00046'),
  ('AST-00550', 'API Bundle', 'SN-24894384', NULL, 'CUST-2087', 'PROJ-00101'),
  ('AST-00551', 'API Bundle', 'SN-95123938', '8/28/2023', 'CUST-2103_DUP', 'PROJ-00172'),
  ('AST-00552', 'CRM Seat', 'SN-57608618', '0000-00-00', 'CUST-2038', 'PROJ-00183'),
  ('AST-00553', 'CRM Seat', 'SN-93464930', '0000-00-00', 'CUST-2012_DUP', 'PROJ-00127'),
  ('AST-00554', 'Support Package', 'SN-43918937', '03.04.2026', 'CUST-2054', 'PROJ-00044'),
  ('AST-00555', 'Mobile App', 'SN-13146646', '20250707', 'CUST-2066', 'PROJ-00072'),
  ('AST-00556', 'CRM Seat', 'SN-97161679', '15.05.2026', 'CUST-2041', 'PROJ-00043'),
  ('AST-00557', 'Support Package', 'SN-70254507', '20231114', 'CUST-2090', 'PROJ-00079'),
  ('AST-00558', 'Support Package', 'SN-98139894', '20271216', 'CUST-2044', 'PROJ-00011'),
  ('AST-00559', 'Support Package', 'SN-83990759', '2026-03-24', 'CUST-2085', 'PROJ-00021'),
  ('AST-00560', 'CRM Seat', 'SN-86994349', '2028-03-27', 'CUST-2017', 'PROJ-00160'),
  ('AST-00561', 'API Bundle', 'SN-73098568', '20250903', 'CUST-2039', 'PROJ-00098'),
  ('AST-00562', 'Support Package', 'SN-60350701', '10/5/2024', 'CUST-2050', 'PROJ-00010'),
  ('AST-00563', 'Data Connector', 'SN-64652792', 'N/A', 'CUST-2047', 'PROJ-00132'),
  ('AST-00564', 'Support Package', 'SN-45109738', '0000-00-00', 'CUST-2044', 'PROJ-00034'),
  ('AST-00565', 'Support Package', 'SN-45792181', '2025-12-11', 'CUST-2025', 'PROJ-00126'),
  ('AST-00566', 'CRM Seat', 'SN-99418882', '8/10/2024', 'CUST-2117', 'PROJ-00116'),
  ('AST-00567', 'CRM Seat', 'SN-13088008', NULL, 'CUST-2111', 'PROJ-00131'),
  ('AST-00568', 'CRM Seat', 'SN-42609677', '2027-10-29', 'CUST-2017', 'PROJ-00196'),
  ('AST-00569', 'CRM Seat', 'SN-30670352', '0000-00-00', 'CUST-2023', 'PROJ-00096'),
  ('AST-00570', 'CRM Seat', 'SN-20121566', '2024-08-19', 'CUST-2103', 'PROJ-00061'),
  ('AST-00571', 'Support Package', 'SN-92874168', '2026-09-29', 'CUST-2093', 'PROJ-00004'),
  ('AST-00572', 'Data Connector', 'SN-94691777', NULL, 'CUST-2020', 'PROJ-00150'),
  ('AST-00573', 'CRM Seat', 'SN-92217107', '2026-01-02', 'CUST-2043', 'PROJ-00171'),
  ('AST-00574', 'API Bundle', 'SN-36779296', 'N/A', 'CUST-2008', 'PROJ-00181'),
  ('AST-00575', 'API Bundle', 'SN-22308286', 'N/A', 'CUST-2119', 'PROJ-00021'),
  ('AST-00576', 'CRM Seat', 'SN-68112164', NULL, 'CUST-2057_DUP', 'PROJ-00024'),
  ('AST-00577', 'API Bundle', 'SN-16710702', 'N/A', 'CUST-2088', 'PROJ-00060'),
  ('AST-00578', 'Support Package', 'SN-93946711', '0000-00-00', 'CUST-2011', 'PROJ-00100'),
  ('AST-00579', 'API Bundle', 'SN-76478091', '0000-00-00', 'CUST-2025', 'PROJ-00122'),
  ('AST-00580', 'Data Connector', 'SN-48663227', 'N/A', 'CUST-2091', 'PROJ-00048'),
  ('AST-00581', 'CRM Seat', 'SN-69393536', '21.07.2023', 'CUST-2087', 'PROJ-00152'),
  ('AST-00582', 'CRM Seat', 'SN-33602309', '11.09.2027', 'CUST-2065', 'PROJ-00002'),
  ('AST-00583', 'Mobile App', 'SN-87233454', '20.09.2027', 'CUST-2034', 'PROJ-00037'),
  ('AST-00584', 'CRM Seat', 'SN-35259577', '04.03.2026', 'CUST-2090', 'PROJ-00032'),
  ('AST-00585', 'API Bundle', 'SN-31800123', '20230911', 'CUST-2109', 'PROJ-00083'),
  ('AST-00586', 'Support Package', 'SN-90739206', '20240823', 'CUST-2082', 'PROJ-00152'),
  ('AST-00587', 'Support Package', 'SN-39294123', '20240107', 'CUST-2065', 'PROJ-00164'),
  ('AST-00588', 'API Bundle', 'SN-81209329', '2026-01-02', 'CUST-2033', 'PROJ-00089'),
  ('AST-00589', 'Support Package', 'SN-47775463', NULL, 'CUST-2084', 'PROJ-00175'),
  ('AST-00590', 'CRM Seat', 'SN-18426588', '20231110', 'CUST-2021', 'PROJ-00017'),
  ('AST-00591', 'CRM Seat', 'SN-93194239', NULL, 'CUST-2045', 'PROJ-00188'),
  ('AST-00592', 'CRM Seat', 'SN-69851981', '2026-04-28', 'CUST-2105', 'PROJ-00111'),
  ('AST-00593', 'CRM Seat', 'SN-52734662', '0000-00-00', 'CUST-2012_DUP', 'PROJ-00191'),
  ('AST-00594', 'Mobile App', 'SN-18842104', '0000-00-00', 'CUST-2099', 'PROJ-00093'),
  ('AST-00595', 'Support Package', 'SN-70503600', '10/30/2023', 'CUST-2034', 'PROJ-00187'),
  ('AST-00596', 'Support Package', 'SN-77067918', '8/8/2025', 'CUST-2096', 'PROJ-00123'),
  ('AST-00597', 'Support Package', 'SN-83271725', 'N/A', 'CUST-2098', 'PROJ-00126'),
  ('AST-00598', 'Mobile App', 'SN-32891228', '2023-08-06', 'CUST-2025', 'PROJ-00059'),
  ('AST-00599', 'Data Connector', 'SN-72403836', '20260704', 'CUST-2089', 'PROJ-00091'),
  ('AST-00600', 'Data Connector', 'SN-72329716', '20250409', 'CUST-2042', 'PROJ-00104');

CREATE TABLE "Opportunity" ( "Id" text PRIMARY KEY, "Name" text, "StageName" text, "CloseDate" text, "Amount" text, "CurrencyIsoCode" text, "AccountId" text );

INSERT INTO "Opportunity" ("Id", "Name", "StageName", "CloseDate", "Amount", "CurrencyIsoCode", "AccountId") VALUES
  ('OPP-00001', 'Monetize Ubiquitous Technologies', 'LOST', '5/7/2025', 'None', 'CHF', 'CUST-2001'),
  ('OPP-00002', 'Expedite Compelling Partnerships', 'lost', '20250219', '404.415,29', 'Dollar', 'CUST-2001'),
  ('OPP-00003', 'Unleash Collaborative Solutions', 'Prospect', '2024-03-30', 'None', 'eur', 'CUST-2001'),
  ('OPP-00004', 'Aggregate Clicks-And-Mortar Synergies', 'Prospect', '12.10.2027', '-426811.82', 'EUR', 'CUST-2001'),
  ('OPP-00005', 'Drive Out-Of-The-Box Models', 'In Prüfung', '0000-00-00', '-95738.98', 'CHF', 'CUST-2001'),
  ('OPP-00006', 'Deploy Impactful Relationships', 'closed won', NULL, 'None', 'eur', 'CUST-2002'),
  ('OPP-00007', 'Monetize Intuitive E-Markets', 'Prospect', '0000-00-00', 'EUR 426328.65', 'GBP', 'CUST-2002'),
  ('OPP-00008', 'Redefine 24/7 Architectures', 'In Prüfung', '20280218', '340.310,48', 'Dollar', 'CUST-2002'),
  ('OPP-00009', 'Leverage Dynamic E-Commerce', 'prospecting', '4/3/2028', 'None', 'USD', 'CUST-2003'),
  ('OPP-00010', 'Revolutionize Cross-Media Mindshare', 'Quali', 'N/A', 'None', 'eur', 'CUST-2003'),
  ('OPP-00011', 'Whiteboard Out-Of-The-Box Markets', 'In Prüfung', '20260922', 'EUR 30347.48', 'GBP', 'CUST-2004'),
  ('OPP-00012', 'Re-Contextualize Cutting-Edge Action-Items', 'Qualifikation', NULL, 'None', 'EUR', 'CUST-2004'),
  ('OPP-00013', 'Integrate Bricks-And-Clicks Functionalities', 'Qualification', 'N/A', 'None', 'GBP', 'CUST-2004'),
  ('OPP-00014', 'Utilize B2B Portals', 'Prospecting', '7/1/2026', '-211796.3', '€', 'CUST-2004'),
  ('OPP-00015', 'Innovate B2B Portals', 'Gewonnen', 'N/A', 'None', 'eur', 'CUST-2005'),
  ('OPP-00016', 'Benchmark Granular Synergies', 'lost', '21.01.2024', '0', 'EUR', 'CUST-2005'),
  ('OPP-00017', 'Evolve Integrated Interfaces', 'In Prüfung', '01.01.2027', '-289001.55', NULL, 'CUST-2005'),
  ('OPP-00018', 'Productize Strategic Deliverables', 'In Prüfung', '08.01.2028', 'None', 'eur', 'CUST-2005'),
  ('OPP-00019', 'Matrix Cutting-Edge Communities', 'closed won', '0000-00-00', '51.871,97', 'CHF', 'CUST-2006'),
  ('OPP-00020', 'Morph Seamless Mindshare', 'Qualification', '2028-04-22', '-178436.34', 'GBP', 'CUST-2007'),
  ('OPP-00021', 'Repurpose Enterprise Applications', 'prospecting', '0000-00-00', '0', 'CHF', 'CUST-2007'),
  ('OPP-00022', 'Deploy E-Business Platforms', 'In Kontakt', '20260826', '123255.5', 'eur', 'CUST-2007'),
  ('OPP-00023', 'Revolutionize Cross-Media Eyeballs', 'Gewonnen', 'N/A', '298.481,58', 'CHF', 'CUST-2007'),
  ('OPP-00024', 'Architect Impactful Content', 'Abgeschlossen (Gewonnen)', 'N/A', 'None', NULL, 'CUST-2008'),
  ('OPP-00025', 'Leverage Holistic Synergies', 'Prospecting', '2023-12-15', 'None', 'eur', 'CUST-2009'),
  ('OPP-00026', 'Revolutionize Next-Generation Deliverables', 'Prospecting', '0000-00-00', 'None', 'USD', 'CUST-2009'),
  ('OPP-00027', 'Envisioneer User-Centric Communities', 'Abgeschlossen (Verloren)', '20240509', 'None', 'CHF', 'CUST-2009'),
  ('OPP-00028', 'Reinvent Global Solutions', 'Abgeschlossen (Verloren)', '11/26/2025', '0', 'GBP', 'CUST-2010'),
  ('OPP-00029', 'Deliver One-To-One Systems', 'Gewonnen', '2026-04-22', '0', NULL, 'CUST-2010'),
  ('OPP-00030', 'Architect Viral Solutions', 'PROSPECTING', '0000-00-00', 'None', 'USD', 'CUST-2010'),
  ('OPP-00031', 'Reinvent Dynamic Portals', 'Prospect', '0000-00-00', '347912.73', NULL, 'CUST-2011'),
  ('OPP-00032', 'Cultivate Transparent Systems', 'Closed Won', '09.08.2026', 'None', 'GBP', 'CUST-2011'),
  ('OPP-00033', 'Re-Intermediate Sticky Functionalities', 'lost', NULL, '18467.63', 'Dollar', 'CUST-2012'),
  ('OPP-00034', 'Envisioneer Strategic Architectures', 'lost', 'N/A', 'EUR 1042.7', 'EUR', 'CUST-2013'),
  ('OPP-00035', 'Optimize Cross-Platform Web-Readiness', 'Verloren', '5/26/2026', '-329919.63', 'GBP', 'CUST-2013'),
  ('OPP-00036', 'Syndicate Holistic Methodologies', 'Abgeschlossen (Verloren)', '4/10/2027', 'EUR 261810.46', 'eur', 'CUST-2013'),
  ('OPP-00037', 'Implement Leading-Edge Niches', 'prospecting', '25.03.2027', '71.692,00', 'GBP', 'CUST-2014'),
  ('OPP-00038', 'Implement Revolutionary Platforms', 'lost', '7/11/2024', 'None', 'CHF', 'CUST-2015'),
  ('OPP-00039', 'Generate Clicks-And-Mortar Architectures', 'PROSPECTING', '6/27/2026', '191.509,37', 'CHF', 'CUST-2015'),
  ('OPP-00040', 'Engineer Real-Time Models', 'Abgeschlossen (Gewonnen)', '11/2/2025', 'None', 'GBP', 'CUST-2015'),
  ('OPP-00041', 'Facilitate Cutting-Edge Supply-Chains', 'lost', 'N/A', 'None', 'eur', 'CUST-2015'),
  ('OPP-00042', 'Matrix Cross-Platform Vortals', 'closed won', 'N/A', '0', 'GBP', 'CUST-2015'),
  ('OPP-00043', 'Disintermediate Wireless Architectures', 'In Kontakt', NULL, '217379.94', 'eur', 'CUST-2016'),
  ('OPP-00044', 'Seize Open-Source Platforms', 'PROSPECTING', '0000-00-00', '0', 'CHF', 'CUST-2016'),
  ('OPP-00045', 'Cultivate Wireless Channels', 'PROSPECTING', '2023-08-07', 'EUR 182046.92', 'Dollar', 'CUST-2016'),
  ('OPP-00046', 'Embrace Efficient Action-Items', 'In Kontakt', '24.04.2025', '137549.75', 'CHF', 'CUST-2016'),
  ('OPP-00047', 'Re-Intermediate Collaborative Mindshare', 'Gewonnen', NULL, '462.892,29', 'Dollar', 'CUST-2017'),
  ('OPP-00048', 'Aggregate Clicks-And-Mortar Functionalities', 'Abgeschlossen (Verloren)', '20280404', 'EUR 48674.74', 'Dollar', 'CUST-2017'),
  ('OPP-00049', 'Transition World-Class Web-Readiness', 'Quali', '2026-08-22', '-86202.96', 'GBP', 'CUST-2018'),
  ('OPP-00050', 'Cultivate Revolutionary Vortals', 'closed won', 'N/A', '0', 'CHF', 'CUST-2018'),
  ('OPP-00051', 'Enhance Holistic Interfaces', 'Closed Lost', '3/2/2027', '0', 'GBP', 'CUST-2018'),
  ('OPP-00052', 'Generate Strategic Convergence', 'In Kontakt', '0000-00-00', '367975.77', '€', 'CUST-2018'),
  ('OPP-00053', 'Re-Contextualize Collaborative Web Services', 'qualification', '20271004', '353.686,59', NULL, 'CUST-2018'),
  ('OPP-00054', 'Productize Mission-Critical Architectures', 'Abgeschlossen (Gewonnen)', '12/9/2024', '0', 'eur', 'CUST-2019'),
  ('OPP-00055', 'Aggregate B2B Deliverables', 'In Prüfung', '2027-11-08', '-473779.87', '€', 'CUST-2019'),
  ('OPP-00056', 'Generate Robust Channels', 'PROSPECTING', '2025-12-17', '365246.56', 'GBP', 'CUST-2019'),
  ('OPP-00057', 'Evolve Seamless Methodologies', 'prospecting', '6/14/2028', '-277525.73', 'EUR', 'CUST-2020'),
  ('OPP-00058', 'Cultivate Plug-And-Play Communities', 'Won', 'N/A', '-69077.76', 'USD', 'CUST-2020'),
  ('OPP-00059', NULL, 'Gewonnen', '30.03.2028', 'None', 'EUR', 'CUST-2020'),
  ('OPP-00060', 'Syndicate Web-Enabled Action-Items', 'Won', 'N/A', 'None', 'EUR', 'CUST-2020'),
  ('OPP-00061', 'Engineer E-Business Platforms', 'LOST', '24.08.2025', '0', 'eur', 'CUST-2020'),
  ('OPP-00062', 'Unleash Proactive Communities', 'PROSPECTING', '12.02.2028', '257328.56', 'CHF', 'CUST-2021'),
  ('OPP-00063', 'Harness Integrated Niches', 'Closed Lost', '7/28/2024', 'EUR 484894.47', 'eur', 'CUST-2021'),
  ('OPP-00064', 'Morph Collaborative Web Services', 'Prospect', '20240201', '147.478,97', 'EUR', 'CUST-2022'),
  ('OPP-00065', 'Enable Holistic Infrastructures', 'Abgeschlossen (Verloren)', '6/13/2027', 'None', 'EUR', 'CUST-2022'),
  ('OPP-00066', 'Facilitate Magnetic Networks', 'Abgeschlossen (Gewonnen)', NULL, 'EUR 244644.96', 'EUR', 'CUST-2022'),
  ('OPP-00067', 'Expedite Innovative Experiences', 'LOST', '3/9/2025', '177592.48', '€', 'CUST-2022'),
  ('OPP-00068', 'Redefine Enterprise Experiences', 'Qualification', '2026-09-06', '-51567.55', 'eur', 'CUST-2022'),
  ('OPP-00069', 'Engage User-Centric E-Services', 'Verloren', '03.08.2024', '-205948.81', 'EUR', 'CUST-2023'),
  ('OPP-00070', 'Embrace Distributed Infrastructures', 'Quali', '20240111', 'EUR 187780.42', 'CHF', 'CUST-2024'),
  ('OPP-00071', 'Facilitate Dynamic Initiatives', 'Qualification', '5/3/2026', '-55238.8', NULL, 'CUST-2024'),
  ('OPP-00072', 'Enable Turn-Key Architectures', 'In Kontakt', '20260510', 'None', 'eur', 'CUST-2025'),
  ('OPP-00073', 'Implement Extensible Markets', 'Prospect', '2026-06-03', '-67706.49', '€', 'CUST-2025'),
  ('OPP-00074', 'Aggregate Integrated E-Commerce', 'Qualification', '20250125', 'EUR 479889.73', 'USD', 'CUST-2026'),
  ('OPP-00075', 'Disintermediate End-To-End Deliverables', 'Closed Lost', NULL, '341.186,50', '€', 'CUST-2027'),
  ('OPP-00076', 'Benchmark Magnetic Platforms', 'Gewonnen', 'N/A', '-421688.39', 'GBP', 'CUST-2027'),
  ('OPP-00077', 'Incubate Ubiquitous Vortals', 'Prospect', NULL, '11.554,95', '€', 'CUST-2027'),
  ('OPP-00078', NULL, 'Verloren', 'N/A', 'None', '€', 'CUST-2027'),
  ('OPP-00079', 'E-Enable Magnetic Models', 'LOST', '20261114', 'EUR 240616.31', NULL, 'CUST-2028'),
  ('OPP-00080', 'Orchestrate Front-End Eyeballs', 'PROSPECTING', '17.03.2027', 'None', 'GBP', 'CUST-2028'),
  ('OPP-00081', 'Iterate Robust Metrics', 'qualification', '2025-01-26', 'None', 'eur', 'CUST-2028'),
  ('OPP-00082', 'Deliver 24/7 Niches', 'Won', 'N/A', '391575.74', 'GBP', 'CUST-2028'),
  ('OPP-00083', 'Unleash Compelling Functionalities', 'Abgeschlossen (Verloren)', '13.08.2027', '115.462,71', 'CHF', 'CUST-2029'),
  ('OPP-00084', 'Synthesize Distributed Architectures', 'prospecting', '07.10.2023', '-464620.07', 'EUR', 'CUST-2029'),
  ('OPP-00085', 'Exploit Open-Source Eyeballs', 'Qualifikation', '2027-08-11', '0', 'Dollar', 'CUST-2030'),
  ('OPP-00086', 'Architect Magnetic Markets', 'qualification', '20280201', '0', 'CHF', 'CUST-2030'),
  ('OPP-00087', 'Revolutionize Virtual Models', 'prospecting', '2/9/2027', 'EUR 182424.5', 'CHF', 'CUST-2030'),
  ('OPP-00088', 'Monetize Granular Web-Readiness', 'qualification', '2026-03-18', '91694.06', 'EUR', 'CUST-2030'),
  ('OPP-00089', 'Facilitate Cutting-Edge Methodologies', 'Closed Won', '20251102', '0', 'USD', 'CUST-2030'),
  ('OPP-00090', 'Seize Impactful Interfaces', 'Qualification', '20231031', 'EUR 182427.04', 'USD', 'CUST-2031'),
  ('OPP-00091', 'Drive Front-End Technologies', 'Prospect', 'N/A', '276.332,35', '€', 'CUST-2031'),
  ('OPP-00092', 'Aggregate Impactful Platforms', 'closed won', '2/16/2024', '0', '€', 'CUST-2031'),
  ('OPP-00093', 'Engineer Scalable Content', 'qualification', '04.10.2025', '292579.28', 'USD', 'CUST-2031'),
  ('OPP-00094', 'Leverage Global Systems', 'LOST', '0000-00-00', 'None', 'eur', 'CUST-2032'),
  ('OPP-00095', 'Envisioneer B2B E-Tailers', 'Qualifikation', '2024-07-24', '0', '€', 'CUST-2032'),
  ('OPP-00096', 'Extend 24/365 Experiences', 'Closed Lost', '08.07.2023', '267.245,22', 'EUR', 'CUST-2033'),
  ('OPP-00097', 'Drive Sticky Methodologies', 'In Kontakt', '0000-00-00', '0', '€', 'CUST-2033'),
  ('OPP-00098', 'Iterate B2B Architectures', 'closed won', 'N/A', '-59597.04', 'USD', 'CUST-2033'),
  ('OPP-00099', 'Brand Frictionless Markets', 'Won', '0000-00-00', '395.651,70', 'Dollar', 'CUST-2034'),
  ('OPP-00100', 'Syndicate Virtual Markets', 'In Kontakt', '0000-00-00', 'None', 'eur', 'CUST-2034');
INSERT INTO "Opportunity" ("Id", "Name", "StageName", "CloseDate", "Amount", "CurrencyIsoCode", "AccountId") VALUES
  ('OPP-00101', 'Deliver Cross-Platform Applications', 'Gewonnen', '0000-00-00', '435257.6', 'GBP', 'CUST-2034'),
  ('OPP-00102', 'Orchestrate Wireless Action-Items', 'Abgeschlossen (Gewonnen)', '20230823', '-281686.8', 'CHF', 'CUST-2034'),
  ('OPP-00103', 'Incentivize Impactful Models', 'Quali', '2024-12-25', '80.841,52', 'EUR', 'CUST-2035'),
  ('OPP-00104', 'Expedite Virtual Experiences', 'Verloren', 'N/A', 'EUR 360569.0', 'Dollar', 'CUST-2035'),
  ('OPP-00105', 'Revolutionize E-Business Bandwidth', 'qualification', '10/18/2027', '276.523,31', 'eur', 'CUST-2035'),
  ('OPP-00106', 'Visualize Enterprise Niches', 'prospecting', '8/19/2026', '20.506,25', 'Dollar', 'CUST-2035'),
  ('OPP-00107', 'Grow Out-Of-The-Box Synergies', 'In Kontakt', NULL, '26.708,47', 'eur', 'CUST-2035'),
  ('OPP-00108', NULL, 'Prospect', '11/19/2023', 'EUR 316708.76', '€', 'CUST-2036'),
  ('OPP-00109', 'Synthesize Magnetic Web-Readiness', 'PROSPECTING', '0000-00-00', '132.755,05', 'CHF', 'CUST-2036'),
  ('OPP-00110', 'Maximize Compelling Niches', 'LOST', '2026-12-09', '313351.7', '€', 'CUST-2036'),
  ('OPP-00111', 'Transform Viral Architectures', 'qualification', '11/22/2025', '89190.88', 'USD', 'CUST-2036'),
  ('OPP-00112', 'Visualize User-Centric Content', 'Gewonnen', '4/30/2026', 'None', 'eur', 'CUST-2036'),
  ('OPP-00113', 'Transform World-Class Partnerships', 'qualification', '15.01.2027', '-291250.24', 'GBP', 'CUST-2037'),
  ('OPP-00114', 'Cultivate Viral Interfaces', 'Abgeschlossen (Gewonnen)', 'N/A', '217.517,88', NULL, 'CUST-2037'),
  ('OPP-00115', 'Utilize Impactful Schemas', 'PROSPECTING', '20270723', '93.328,98', 'eur', 'CUST-2037'),
  ('OPP-00116', 'Generate Holistic Partnerships', 'Abgeschlossen (Verloren)', 'N/A', 'EUR 91022.91', 'EUR', 'CUST-2037'),
  ('OPP-00117', 'Benchmark 24/7 E-Tailers', 'Qualification', NULL, '0', 'eur', 'CUST-2038'),
  ('OPP-00118', 'Productize 24/7 Roi', 'PROSPECTING', '20271013', 'None', 'CHF', 'CUST-2038'),
  ('OPP-00119', 'Scale Viral Synergies', 'Prospect', '30.03.2026', '363655.55', 'USD', 'CUST-2038'),
  ('OPP-00120', NULL, 'Gewonnen', NULL, 'None', 'EUR', 'CUST-2039'),
  ('OPP-00121', 'Embrace Revolutionary Channels', 'In Kontakt', '2026-05-07', 'None', 'EUR', 'CUST-2039'),
  ('OPP-00122', 'Visualize Granular Infrastructures', 'Prospecting', '2026-04-14', 'EUR 271642.71', 'USD', 'CUST-2039'),
  ('OPP-00123', 'Iterate Robust Infrastructures', 'Qualifikation', NULL, '-281862.77', 'GBP', 'CUST-2039'),
  ('OPP-00124', 'Deliver Seamless Relationships', 'Closed Won', '20.04.2028', 'None', 'Dollar', 'CUST-2040'),
  ('OPP-00125', 'Leverage Cutting-Edge Web Services', 'lost', NULL, '0', 'Dollar', 'CUST-2040'),
  ('OPP-00126', 'Monetize Revolutionary Deliverables', 'Prospect', NULL, '208227.05', 'eur', 'CUST-2040'),
  ('OPP-00127', 'Envisioneer Visionary Channels', 'qualification', '10.05.2026', 'EUR 177301.65', 'eur', 'CUST-2041'),
  ('OPP-00128', 'Scale Turn-Key Deliverables', 'Prospect', '2028-01-10', 'EUR 113036.71', '€', 'CUST-2042'),
  ('OPP-00129', 'Seize Best-Of-Breed Platforms', 'PROSPECTING', '2026-10-13', '180886.26', 'EUR', 'CUST-2042'),
  ('OPP-00130', 'Integrate Web-Enabled Paradigms', 'LOST', '20240530', '0', 'GBP', 'CUST-2042'),
  ('OPP-00131', 'Monetize Killer Channels', 'Won', 'N/A', '0', 'Dollar', 'CUST-2042'),
  ('OPP-00132', 'Architect Synergistic Niches', 'Prospect', '20240211', 'EUR 331204.13', 'USD', 'CUST-2043'),
  ('OPP-00133', 'Re-Intermediate Cutting-Edge Partnerships', 'Prospecting', '22.03.2026', '389.114,24', '€', 'CUST-2043'),
  ('OPP-00134', 'Morph Enterprise Experiences', 'In Kontakt', 'N/A', '-398628.52', 'USD', 'CUST-2043'),
  ('OPP-00135', 'Strategize Ubiquitous Infrastructures', 'Abgeschlossen (Verloren)', 'N/A', '139959.6', '€', 'CUST-2044'),
  ('OPP-00136', 'Innovate Cutting-Edge Eyeballs', 'Qualification', '2/24/2026', '-160338.57', NULL, 'CUST-2045'),
  ('OPP-00137', 'Optimize Real-Time Functionalities', 'Won', 'N/A', 'None', 'eur', 'CUST-2045'),
  ('OPP-00138', 'Aggregate Out-Of-The-Box Networks', 'Won', '0000-00-00', '0', 'eur', 'CUST-2046'),
  ('OPP-00139', 'Transition Granular E-Markets', 'Gewonnen', 'N/A', '0', 'eur', 'CUST-2046'),
  ('OPP-00140', 'Harness User-Centric Architectures', 'PROSPECTING', '2023-08-08', '102436.55', '€', 'CUST-2046'),
  ('OPP-00141', 'Expedite Interactive Partnerships', 'lost', '27.10.2024', '460531.15', '€', 'CUST-2046'),
  ('OPP-00142', 'Incubate One-To-One Methodologies', 'In Kontakt', '19.03.2026', '0', 'CHF', 'CUST-2047'),
  ('OPP-00143', 'Optimize Open-Source Functionalities', 'qualification', '01.12.2023', '28.876,97', 'USD', 'CUST-2047'),
  ('OPP-00144', 'Redefine Open-Source Niches', 'In Kontakt', '2024-03-15', '-348365.14', '€', 'CUST-2047'),
  ('OPP-00145', 'Exploit Magnetic Niches', 'Prospect', '2023-07-10', '0', 'GBP', 'CUST-2048'),
  ('OPP-00146', 'Synergize Magnetic Architectures', 'In Kontakt', '2028-03-24', '123277.86', 'CHF', 'CUST-2049'),
  ('OPP-00147', 'Generate 24/7 Roi', 'Qualification', '07.02.2026', 'None', 'Dollar', 'CUST-2050'),
  ('OPP-00148', 'Matrix Extensible Applications', 'Closed Lost', '7/30/2027', 'None', 'EUR', 'CUST-2050'),
  ('OPP-00149', 'Synthesize Mission-Critical Deliverables', 'Prospect', 'N/A', '17.027,43', 'GBP', 'CUST-2051'),
  ('OPP-00150', 'Maximize Front-End Schemas', 'Prospecting', '20241028', '-340271.87', 'Dollar', 'CUST-2051'),
  ('OPP-00151', 'Transform Scalable Communities', 'Abgeschlossen (Verloren)', 'N/A', '114.430,11', 'Dollar', 'CUST-2051'),
  ('OPP-00152', 'Engineer Integrated Roi', 'Verloren', '13.03.2025', '-371824.23', 'EUR', 'CUST-2052'),
  ('OPP-00153', 'Extend Wireless Info-Mediaries', 'Gewonnen', 'N/A', '0', 'USD', 'CUST-2053'),
  ('OPP-00154', 'Morph Value-Added Methodologies', 'Abgeschlossen (Gewonnen)', 'N/A', '-321303.53', 'GBP', 'CUST-2053'),
  ('OPP-00155', 'Orchestrate End-To-End Eyeballs', 'closed won', '13.05.2025', '135689.86', 'USD', 'CUST-2054'),
  ('OPP-00156', 'Extend Real-Time Markets', 'LOST', '1/24/2028', 'EUR 14996.38', 'GBP', 'CUST-2055'),
  ('OPP-00157', 'Whiteboard Out-Of-The-Box Action-Items', 'lost', '11.11.2026', 'EUR 298958.27', 'eur', 'CUST-2055'),
  ('OPP-00158', 'Deploy Ubiquitous Roi', 'lost', '2025-08-31', '120927.24', 'EUR', 'CUST-2055'),
  ('OPP-00159', NULL, 'Closed Lost', '3/29/2025', 'EUR 47512.26', 'EUR', 'CUST-2056'),
  ('OPP-00160', 'Target Front-End Niches', 'closed won', '20280326', 'EUR 250607.83', 'CHF', 'CUST-2056'),
  ('OPP-00161', 'Mesh Bleeding-Edge Content', 'closed won', 'N/A', 'EUR 337668.52', 'CHF', 'CUST-2056'),
  ('OPP-00162', 'Evolve Extensible E-Markets', 'Verloren', NULL, '387755.03', 'CHF', 'CUST-2056'),
  ('OPP-00163', 'Iterate E-Business Functionalities', 'Closed Lost', NULL, '19.666,74', 'GBP', 'CUST-2056'),
  ('OPP-00164', 'Drive Web-Enabled Infrastructures', 'PROSPECTING', '2024-04-18', '476.456,33', 'eur', 'CUST-2057'),
  ('OPP-00165', 'Streamline Strategic Technologies', 'In Kontakt', '29.03.2026', '0', '€', 'CUST-2057'),
  ('OPP-00166', 'Synthesize Value-Added E-Commerce', 'Abgeschlossen (Gewonnen)', '11/9/2026', '0', 'CHF', 'CUST-2057'),
  ('OPP-00167', 'Re-Contextualize Global Info-Mediaries', 'prospecting', NULL, '341.753,86', 'eur', 'CUST-2057'),
  ('OPP-00168', 'Innovate 24/7 Interfaces', 'LOST', '17.07.2023', '-283883.53', 'USD', 'CUST-2058'),
  ('OPP-00169', 'Aggregate Clicks-And-Mortar E-Commerce', 'Prospecting', NULL, '155461.61', NULL, 'CUST-2058'),
  ('OPP-00170', 'Extend Cross-Media Action-Items', 'Prospect', '10.06.2028', '467.093,93', 'USD', 'CUST-2058'),
  ('OPP-00171', 'Repurpose Revolutionary Metrics', 'Quali', '9/18/2025', '45.525,39', NULL, 'CUST-2058'),
  ('OPP-00172', 'Leverage Magnetic Roi', 'Quali', '11/6/2023', '-381810.04', 'GBP', 'CUST-2058'),
  ('OPP-00173', 'E-Enable Global Mindshare', 'Abgeschlossen (Verloren)', '3/28/2025', '-429642.62', 'CHF', 'CUST-2059'),
  ('OPP-00174', 'Streamline Cutting-Edge Models', 'In Kontakt', '0000-00-00', 'EUR 422572.99', '€', 'CUST-2060'),
  ('OPP-00175', 'Disintermediate One-To-One Supply-Chains', 'PROSPECTING', '0000-00-00', 'None', 'EUR', 'CUST-2060'),
  ('OPP-00176', 'Incentivize 24/7 Technologies', 'LOST', '2024-12-19', '370.780,24', 'EUR', 'CUST-2060'),
  ('OPP-00177', 'Envisioneer Back-End E-Tailers', 'In Kontakt', '6/26/2023', '0', 'CHF', 'CUST-2060'),
  ('OPP-00178', 'Whiteboard Impactful E-Tailers', 'PROSPECTING', NULL, '231677.01', '€', 'CUST-2060'),
  ('OPP-00179', 'Re-Contextualize Robust Bandwidth', 'Abgeschlossen (Gewonnen)', NULL, '232961.65', 'GBP', 'CUST-2061'),
  ('OPP-00180', 'Iterate Holistic Markets', 'Prospect', '20250401', '384.340,11', 'CHF', 'CUST-2061'),
  ('OPP-00181', 'Re-Intermediate Ubiquitous Supply-Chains', 'Closed Won', '12/17/2024', '-498222.68', 'eur', 'CUST-2061'),
  ('OPP-00182', 'Transform Clicks-And-Mortar Convergence', 'Closed Lost', '20271203', '20.102,89', NULL, 'CUST-2061'),
  ('OPP-00183', 'Reinvent Wireless Convergence', 'Qualifikation', '2023-07-08', '-493917.56', 'EUR', 'CUST-2062'),
  ('OPP-00184', 'Brand Holistic Solutions', 'closed won', '20231123', '107.496,99', 'EUR', 'CUST-2062'),
  ('OPP-00185', 'Deliver B2C E-Markets', 'Quali', '03.02.2024', '42712.05', 'Dollar', 'CUST-2063'),
  ('OPP-00186', 'Synthesize Clicks-And-Mortar Eyeballs', 'Gewonnen', NULL, '-356391.14', 'eur', 'CUST-2063'),
  ('OPP-00187', 'Morph Magnetic Info-Mediaries', 'Quali', '2025-06-12', '-47128.19', '€', 'CUST-2063'),
  ('OPP-00188', 'Monetize Bricks-And-Clicks E-Commerce', 'In Prüfung', '12/7/2027', '-471028.88', NULL, 'CUST-2063'),
  ('OPP-00189', 'Incubate Real-Time Platforms', 'Qualification', '20280601', 'None', 'CHF', 'CUST-2064'),
  ('OPP-00190', 'Repurpose Visionary Communities', 'Prospecting', '0000-00-00', 'None', 'GBP', 'CUST-2064'),
  ('OPP-00191', 'Extend User-Centric Synergies', 'Closed Won', NULL, 'None', '€', 'CUST-2064'),
  ('OPP-00192', 'Cultivate 24/365 Initiatives', 'Prospecting', '20240602', '-466975.88', '€', 'CUST-2064'),
  ('OPP-00193', 'Integrate Global Interfaces', 'Prospect', 'N/A', '0', 'EUR', 'CUST-2064'),
  ('OPP-00194', 'Facilitate Robust Communities', 'In Kontakt', 'N/A', '484759.3', 'EUR', 'CUST-2065'),
  ('OPP-00195', 'Syndicate Real-Time Initiatives', 'Qualifikation', '29.07.2025', '0', 'GBP', 'CUST-2065'),
  ('OPP-00196', 'Engage Rich Methodologies', 'LOST', '1/16/2027', '105.671,78', 'EUR', 'CUST-2065'),
  ('OPP-00197', 'Harness Wireless Mindshare', 'closed won', '2027-02-06', 'EUR 151670.29', 'USD', 'CUST-2065'),
  ('OPP-00198', 'Extend Integrated Channels', 'Abgeschlossen (Gewonnen)', '1/8/2024', '0', 'CHF', 'CUST-2066'),
  ('OPP-00199', 'Transform Vertical Channels', 'Verloren', '4/1/2024', '57.576,62', NULL, 'CUST-2066'),
  ('OPP-00200', 'Deliver Value-Added Methodologies', 'Won', '0000-00-00', '0', 'CHF', 'CUST-2066');
INSERT INTO "Opportunity" ("Id", "Name", "StageName", "CloseDate", "Amount", "CurrencyIsoCode", "AccountId") VALUES
  ('OPP-00201', 'Innovate Cross-Platform E-Commerce', 'Gewonnen', 'N/A', '-344586.78', 'Dollar', 'CUST-2066'),
  ('OPP-00202', 'Extend Value-Added E-Commerce', 'Prospect', NULL, '418780.02', 'EUR', 'CUST-2067'),
  ('OPP-00203', 'Envisioneer Holistic Infrastructures', 'LOST', '2027-04-11', '0', 'USD', 'CUST-2067'),
  ('OPP-00204', 'Incentivize B2C Mindshare', 'Abgeschlossen (Gewonnen)', NULL, 'EUR 17285.13', 'CHF', 'CUST-2067'),
  ('OPP-00205', 'Empower One-To-One Portals', 'Qualifikation', '20280610', '276242.37', 'eur', 'CUST-2067'),
  ('OPP-00206', 'Incentivize Cutting-Edge Solutions', 'Closed Lost', '11/3/2025', '-483840.43', 'CHF', 'CUST-2067'),
  ('OPP-00207', 'Generate Sticky Mindshare', 'Prospecting', NULL, 'EUR 112744.36', 'Dollar', 'CUST-2068'),
  ('OPP-00208', 'Aggregate B2C E-Services', 'Quali', NULL, 'None', 'eur', 'CUST-2068'),
  ('OPP-00209', 'Strategize Robust Niches', 'Prospecting', '20280603', '17304.63', 'GBP', 'CUST-2068'),
  ('OPP-00210', 'Re-Contextualize B2B E-Commerce', 'closed won', '0000-00-00', '0', '€', 'CUST-2068'),
  ('OPP-00211', 'Aggregate E-Business Markets', 'Qualification', '20250516', '-121673.73', 'eur', 'CUST-2069'),
  ('OPP-00212', 'Mesh Extensible Functionalities', 'LOST', NULL, '0', 'CHF', 'CUST-2069'),
  ('OPP-00213', 'Enhance Cross-Platform E-Commerce', 'In Kontakt', '20251113', '488.700,46', 'CHF', 'CUST-2069'),
  ('OPP-00214', 'Deliver Cutting-Edge Experiences', 'Verloren', '24.09.2023', '50.689,38', 'USD', 'CUST-2070'),
  ('OPP-00215', 'Embrace Real-Time Relationships', 'Abgeschlossen (Verloren)', NULL, 'EUR 381323.76', 'GBP', 'CUST-2070'),
  ('OPP-00216', 'Seize Next-Generation Action-Items', 'Closed Won', '2025-01-26', '13794.47', 'GBP', 'CUST-2070'),
  ('OPP-00217', 'Streamline Viral Paradigms', 'LOST', '2023-06-22', '286325.12', 'GBP', 'CUST-2071'),
  ('OPP-00218', 'Repurpose World-Class E-Tailers', 'closed won', 'N/A', 'EUR 449056.71', 'eur', 'CUST-2072'),
  ('OPP-00219', 'Empower Mission-Critical E-Commerce', 'lost', 'N/A', '-390234.45', 'Dollar', 'CUST-2072'),
  ('OPP-00220', 'Synthesize Bricks-And-Clicks Supply-Chains', 'prospecting', '28.12.2024', 'None', 'USD', 'CUST-2072'),
  ('OPP-00221', 'Transform Value-Added Methodologies', 'Prospect', '0000-00-00', '62.219,48', 'Dollar', 'CUST-2072'),
  ('OPP-00222', 'Cultivate End-To-End Supply-Chains', 'Qualification', '20250410', '422.467,18', 'CHF', 'CUST-2073'),
  ('OPP-00223', 'Exploit Bricks-And-Clicks Applications', 'Prospect', '2026-02-11', '-207458.82', 'USD', 'CUST-2073'),
  ('OPP-00224', 'Disintermediate Web-Enabled Experiences', 'Qualifikation', '20241106', 'None', NULL, 'CUST-2073'),
  ('OPP-00225', 'Benchmark Integrated Infrastructures', 'Qualification', '28.11.2027', 'None', 'EUR', 'CUST-2074'),
  ('OPP-00226', 'Enable 24/7 Paradigms', 'Prospect', '5/28/2026', '0', 'EUR', 'CUST-2074'),
  ('OPP-00227', 'Redefine Dynamic Solutions', 'Verloren', '2026-12-29', '97229.78', 'EUR', 'CUST-2075'),
  ('OPP-00228', 'Re-Contextualize Mission-Critical Partnerships', 'Verloren', '06.03.2028', 'EUR 108936.96', 'USD', 'CUST-2075'),
  ('OPP-00229', 'Re-Intermediate Cross-Platform Content', 'Prospecting', '05.02.2027', 'None', 'GBP', 'CUST-2076'),
  ('OPP-00230', 'Engineer 24/365 Users', 'Quali', '28.01.2027', 'EUR 476661.45', 'Dollar', 'CUST-2076'),
  ('OPP-00231', 'Integrate End-To-End Solutions', 'Closed Lost', '20250724', 'EUR 461251.7', 'GBP', 'CUST-2077'),
  ('OPP-00232', 'Unleash Dot-Com Schemas', 'Qualifikation', 'N/A', '-141260.3', 'USD', 'CUST-2077'),
  ('OPP-00233', 'Productize Bricks-And-Clicks Systems', 'Abgeschlossen (Verloren)', '0000-00-00', '156.480,98', NULL, 'CUST-2077'),
  ('OPP-00234', 'Embrace User-Centric Partnerships', 'Won', '20251119', 'EUR 298568.56', '€', 'CUST-2077'),
  ('OPP-00235', 'Mesh Vertical Communities', 'Prospect', '20260620', 'EUR 100660.67', '€', 'CUST-2078'),
  ('OPP-00236', 'Scale End-To-End Technologies', 'PROSPECTING', '2023-09-12', 'EUR 479090.62', 'CHF', 'CUST-2078'),
  ('OPP-00237', 'Maximize Leading-Edge Solutions', 'In Prüfung', 'N/A', '0', '€', 'CUST-2078'),
  ('OPP-00238', NULL, 'Gewonnen', '16.06.2025', '-404711.19', 'GBP', 'CUST-2078'),
  ('OPP-00239', 'Innovate Intuitive Communities', 'closed won', '29.08.2025', 'EUR 328820.35', 'GBP', 'CUST-2078'),
  ('OPP-00240', NULL, 'Prospect', 'N/A', 'EUR 6439.61', 'eur', 'CUST-2079'),
  ('OPP-00241', 'Engage Integrated Interfaces', 'Abgeschlossen (Gewonnen)', '7/4/2026', '0', 'USD', 'CUST-2079'),
  ('OPP-00242', 'Architect Viral Synergies', 'Gewonnen', '09.04.2024', '264103.92', 'Dollar', 'CUST-2079'),
  ('OPP-00243', 'Architect Value-Added Mindshare', 'PROSPECTING', 'N/A', '-211453.32', '€', 'CUST-2080'),
  ('OPP-00244', 'Unleash Back-End Content', 'Closed Won', '2027-09-25', '-401559.87', 'EUR', 'CUST-2080'),
  ('OPP-00245', 'Envisioneer Real-Time Schemas', 'Quali', '2024-01-25', '0', '€', 'CUST-2080'),
  ('OPP-00246', 'Enhance Revolutionary Users', 'Abgeschlossen (Verloren)', '0000-00-00', '11613.08', 'EUR', 'CUST-2080'),
  ('OPP-00247', 'Integrate B2B Niches', 'Abgeschlossen (Gewonnen)', NULL, '483459.92', 'EUR', 'CUST-2080'),
  ('OPP-00248', 'Empower Scalable Experiences', 'Prospecting', '2028-05-15', '-415095.26', 'Dollar', 'CUST-2081'),
  ('OPP-00249', 'Transition Best-Of-Breed Users', 'Quali', '1/20/2024', '0', '€', 'CUST-2081'),
  ('OPP-00250', 'Visualize Cross-Media Functionalities', 'Closed Lost', '20260701', '-149923.46', NULL, 'CUST-2081'),
  ('OPP-00251', 'Disintermediate World-Class Infrastructures', 'closed won', '2028-03-15', '15614.8', 'EUR', 'CUST-2082'),
  ('OPP-00252', 'Matrix Back-End Channels', 'Prospect', NULL, '-344111.86', 'eur', 'CUST-2083'),
  ('OPP-00253', 'Re-Intermediate Distributed Vortals', 'Qualification', 'N/A', 'EUR 451235.97', 'EUR', 'CUST-2083'),
  ('OPP-00254', 'Whiteboard Value-Added Convergence', 'Quali', '2024-07-26', 'EUR 56290.99', 'USD', 'CUST-2084'),
  ('OPP-00255', 'Empower Virtual Portals', 'Closed Won', NULL, 'EUR 406430.28', 'GBP', 'CUST-2085'),
  ('OPP-00256', 'Incubate Sticky Architectures', 'In Kontakt', '2028-03-13', '64.018,06', 'CHF', 'CUST-2085'),
  ('OPP-00257', 'Morph Best-Of-Breed Systems', 'Abgeschlossen (Gewonnen)', '0000-00-00', '0', NULL, 'CUST-2085'),
  ('OPP-00258', 'Empower Best-Of-Breed Applications', 'Quali', 'N/A', '241870.45', 'Dollar', 'CUST-2086'),
  ('OPP-00259', 'Iterate Impactful Eyeballs', 'In Prüfung', '9/13/2025', '279.699,10', 'eur', 'CUST-2086'),
  ('OPP-00260', 'Drive User-Centric Relationships', 'PROSPECTING', '20240318', '31073.2', 'eur', 'CUST-2086'),
  ('OPP-00261', 'Syndicate E-Business Models', 'Abgeschlossen (Gewonnen)', '18.05.2024', 'EUR 244335.14', 'eur', 'CUST-2086'),
  ('OPP-00262', 'Reinvent Virtual Solutions', 'Verloren', '4/27/2026', 'EUR 380483.49', NULL, 'CUST-2087'),
  ('OPP-00263', 'Drive Viral Experiences', 'In Kontakt', '2024-11-18', '457.148,51', '€', 'CUST-2087'),
  ('OPP-00264', 'Monetize Granular Roi', 'Gewonnen', NULL, '310.618,55', 'CHF', 'CUST-2087'),
  ('OPP-00265', 'Innovate Dynamic Partnerships', 'Qualifikation', '20240310', 'EUR 82933.97', 'USD', 'CUST-2087'),
  ('OPP-00266', 'Brand Interactive Bandwidth', 'In Kontakt', '2028-01-07', '372.767,97', 'EUR', 'CUST-2087'),
  ('OPP-00267', 'Strategize Mission-Critical Deliverables', 'Qualification', '20240227', '-331280.87', '€', 'CUST-2088'),
  ('OPP-00268', 'Engineer Value-Added Metrics', 'Quali', '0000-00-00', '-42949.32', 'eur', 'CUST-2088'),
  ('OPP-00269', 'Synergize Vertical Initiatives', 'In Kontakt', '20270809', '254455.49', NULL, 'CUST-2088'),
  ('OPP-00270', 'Engineer Revolutionary Channels', 'Quali', '2024-09-17', 'None', 'CHF', 'CUST-2088'),
  ('OPP-00271', 'Evolve Real-Time Eyeballs', 'In Prüfung', '29.02.2028', '0', NULL, 'CUST-2089'),
  ('OPP-00272', 'Expedite Value-Added Synergies', 'Verloren', 'N/A', '25.885,85', 'USD', 'CUST-2089'),
  ('OPP-00273', 'Transform Cross-Platform Infrastructures', 'Prospect', '2024-06-25', '288.040,02', 'USD', 'CUST-2090'),
  ('OPP-00274', 'Syndicate Visionary Communities', 'lost', '03.01.2025', 'None', 'CHF', 'CUST-2090'),
  ('OPP-00275', 'Syndicate B2C Action-Items', 'Gewonnen', 'N/A', 'None', 'Dollar', 'CUST-2091'),
  ('OPP-00276', 'Scale Real-Time Functionalities', 'Closed Lost', NULL, 'None', 'Dollar', 'CUST-2091'),
  ('OPP-00277', 'Utilize Revolutionary Platforms', 'LOST', '2026-03-12', '0', NULL, 'CUST-2091'),
  ('OPP-00278', 'Transform Next-Generation Eyeballs', 'In Prüfung', 'N/A', 'EUR 120071.12', 'USD', 'CUST-2091'),
  ('OPP-00279', 'Enhance Proactive E-Services', 'Qualification', '20250809', '71774.99', NULL, 'CUST-2092'),
  ('OPP-00280', 'Orchestrate Synergistic Experiences', 'Won', '26.11.2024', '487211.06', 'GBP', 'CUST-2092'),
  ('OPP-00281', 'Redefine Integrated Methodologies', 'LOST', '20271122', '-291996.27', 'eur', 'CUST-2093'),
  ('OPP-00282', NULL, 'Prospect', '2027-08-02', 'EUR 284066.1', 'eur', 'CUST-2094'),
  ('OPP-00283', 'Embrace Holistic Communities', 'Verloren', NULL, '74144.9', 'USD', 'CUST-2094'),
  ('OPP-00284', 'Enhance Sticky Technologies', 'In Prüfung', '4/4/2025', 'None', '€', 'CUST-2094'),
  ('OPP-00285', 'Re-Intermediate Open-Source Initiatives', 'lost', '20250410', '-127514.89', 'EUR', 'CUST-2094'),
  ('OPP-00286', 'Re-Contextualize Strategic Paradigms', 'In Prüfung', '0000-00-00', '0', NULL, 'CUST-2095'),
  ('OPP-00287', 'Reinvent Cutting-Edge Deliverables', 'Prospect', '0000-00-00', '364379.56', 'GBP', 'CUST-2095'),
  ('OPP-00288', 'Reinvent Cutting-Edge Eyeballs', 'Won', 'N/A', 'EUR 497049.44', NULL, 'CUST-2095'),
  ('OPP-00289', 'Innovate Seamless E-Business', 'qualification', 'N/A', 'EUR 486672.0', 'eur', 'CUST-2096'),
  ('OPP-00290', 'Seize Sticky Niches', 'Qualifikation', '20280120', 'EUR 319728.14', NULL, 'CUST-2097'),
  ('OPP-00291', 'Repurpose Out-Of-The-Box Portals', 'Qualification', 'N/A', 'EUR 175073.68', 'CHF', 'CUST-2098'),
  ('OPP-00292', 'Unleash Intuitive Synergies', 'Abgeschlossen (Verloren)', '10/12/2027', '155352.33', '€', 'CUST-2098'),
  ('OPP-00293', 'Orchestrate B2B Vortals', 'LOST', NULL, 'EUR 228058.81', 'Dollar', 'CUST-2098'),
  ('OPP-00294', 'Grow Compelling Partnerships', 'Prospect', '20240114', '463.689,28', NULL, 'CUST-2098'),
  ('OPP-00295', 'Brand Efficient Eyeballs', 'In Kontakt', '12/4/2023', 'None', 'GBP', 'CUST-2098'),
  ('OPP-00296', 'Enable Viral Architectures', 'Closed Lost', NULL, '-148068.64', 'EUR', 'CUST-2099'),
  ('OPP-00297', 'Synthesize Cutting-Edge Info-Mediaries', 'Qualifikation', '0000-00-00', '-62594.45', 'Dollar', 'CUST-2099'),
  ('OPP-00298', 'Deploy Open-Source Channels', 'Prospecting', 'N/A', '417220.92', 'Dollar', 'CUST-2099'),
  ('OPP-00299', 'Visualize Interactive Architectures', 'closed won', NULL, 'None', 'GBP', 'CUST-2100'),
  ('OPP-00300', 'Synthesize Rich Users', 'PROSPECTING', '25.02.2026', '497.961,21', 'CHF', 'CUST-2100');
INSERT INTO "Opportunity" ("Id", "Name", "StageName", "CloseDate", "Amount", "CurrencyIsoCode", "AccountId") VALUES
  ('OPP-00301', 'Enhance Integrated Infrastructures', 'PROSPECTING', '2026-05-17', 'EUR 237115.71', 'eur', 'CUST-2101'),
  ('OPP-00302', 'Deploy Magnetic Infrastructures', 'Gewonnen', '2024-08-24', 'EUR 446623.79', 'Dollar', 'CUST-2101'),
  ('OPP-00303', 'Implement Best-Of-Breed Web-Readiness', 'Qualification', 'N/A', '0', 'GBP', 'CUST-2101'),
  ('OPP-00304', 'Syndicate Global Initiatives', 'Qualifikation', '20231008', 'EUR 277587.6', 'Dollar', 'CUST-2101'),
  ('OPP-00305', 'Seize Bricks-And-Clicks Channels', 'PROSPECTING', 'N/A', '231.116,04', 'CHF', 'CUST-2101'),
  ('OPP-00306', 'Orchestrate Next-Generation Action-Items', 'Prospect', '20240710', '0', '€', 'CUST-2102'),
  ('OPP-00307', 'Enhance Leading-Edge Channels', 'Abgeschlossen (Gewonnen)', '20240122', '-210832.33', NULL, 'CUST-2102'),
  ('OPP-00308', 'Scale B2B Architectures', 'Prospecting', '2027-02-19', '-478788.39', 'USD', 'CUST-2102'),
  ('OPP-00309', 'Scale Cutting-Edge Relationships', 'In Kontakt', '9/28/2023', '0', '€', 'CUST-2102'),
  ('OPP-00310', 'Transform Intuitive Info-Mediaries', 'LOST', '0000-00-00', '439024.81', 'CHF', 'CUST-2103'),
  ('OPP-00311', 'Cultivate Granular Web-Readiness', 'In Kontakt', '2024-03-16', '0', NULL, 'CUST-2103'),
  ('OPP-00312', 'Orchestrate Strategic Action-Items', 'PROSPECTING', NULL, '493100.59', '€', 'CUST-2104'),
  ('OPP-00313', 'Maximize Next-Generation Eyeballs', 'Prospect', '0000-00-00', 'EUR 241252.48', 'EUR', 'CUST-2105'),
  ('OPP-00314', 'Syndicate Global Deliverables', 'Prospect', 'N/A', 'None', 'EUR', 'CUST-2105'),
  ('OPP-00315', 'Monetize Collaborative E-Markets', 'Qualifikation', '0000-00-00', '-370471.64', 'GBP', 'CUST-2105'),
  ('OPP-00316', 'Grow Value-Added Technologies', 'qualification', 'N/A', 'EUR 426275.59', 'Dollar', 'CUST-2105'),
  ('OPP-00317', 'Streamline Robust Metrics', 'Prospecting', '0000-00-00', '344199.57', 'USD', 'CUST-2105'),
  ('OPP-00318', 'Deliver Granular Synergies', 'In Kontakt', '2025-06-14', '260.391,46', 'eur', 'CUST-2106'),
  ('OPP-00319', NULL, 'Closed Lost', '0000-00-00', '222464.12', 'USD', 'CUST-2107'),
  ('OPP-00320', 'Matrix Ubiquitous Schemas', 'Gewonnen', '11.01.2027', '0', 'Dollar', 'CUST-2108'),
  ('OPP-00321', 'Morph Extensible E-Services', 'LOST', NULL, '329421.5', 'CHF', 'CUST-2108'),
  ('OPP-00322', 'Leverage Real-Time Infrastructures', 'In Kontakt', '29.01.2026', 'None', 'eur', 'CUST-2108'),
  ('OPP-00323', 'Enable Killer Interfaces', 'Verloren', '0000-00-00', '-100975.17', 'Dollar', 'CUST-2109'),
  ('OPP-00324', 'Enhance Impactful Roi', 'In Prüfung', '0000-00-00', 'None', 'Dollar', 'CUST-2109'),
  ('OPP-00325', 'Engage Intuitive Bandwidth', 'Gewonnen', '2025-11-09', '-232517.89', 'GBP', 'CUST-2110'),
  ('OPP-00326', 'Visualize Wireless Architectures', 'Prospecting', '2024-04-17', '282540.33', 'Dollar', 'CUST-2110'),
  ('OPP-00327', 'Exploit Out-Of-The-Box Experiences', 'prospecting', 'N/A', '310318.35', '€', 'CUST-2110'),
  ('OPP-00328', 'Empower Sticky Platforms', 'In Kontakt', 'N/A', '229716.74', 'GBP', 'CUST-2110'),
  ('OPP-00329', 'Expedite Open-Source Web-Readiness', 'Verloren', '0000-00-00', 'None', 'CHF', 'CUST-2111'),
  ('OPP-00330', 'Leverage Sticky Partnerships', 'Verloren', 'N/A', 'None', '€', 'CUST-2111'),
  ('OPP-00331', 'Implement Extensible Solutions', 'Abgeschlossen (Gewonnen)', NULL, 'None', 'Dollar', 'CUST-2111'),
  ('OPP-00332', 'Whiteboard Robust Action-Items', 'PROSPECTING', 'N/A', '-242388.59', 'GBP', 'CUST-2112'),
  ('OPP-00333', 'Maximize Revolutionary Networks', 'Abgeschlossen (Verloren)', '0000-00-00', '0', 'Dollar', 'CUST-2112'),
  ('OPP-00334', 'Syndicate Revolutionary Markets', 'In Kontakt', '0000-00-00', 'EUR 477642.1', 'CHF', 'CUST-2112'),
  ('OPP-00335', NULL, 'PROSPECTING', NULL, '366.705,87', 'USD', 'CUST-2112'),
  ('OPP-00336', 'Implement Synergistic Technologies', 'Closed Lost', '20280406', '162.506,03', 'eur', 'CUST-2113'),
  ('OPP-00337', 'Deliver Dynamic Vortals', 'Qualification', '20270325', '-378151.12', 'USD', 'CUST-2114'),
  ('OPP-00338', 'Drive Synergistic Channels', 'LOST', '2026-12-26', '423554.12', NULL, 'CUST-2115'),
  ('OPP-00339', 'Transform Open-Source E-Markets', 'LOST', '2027-12-15', 'EUR 461851.87', 'USD', 'CUST-2116'),
  ('OPP-00340', 'Deliver Mission-Critical Mindshare', 'Abgeschlossen (Gewonnen)', 'N/A', '287.316,05', 'eur', 'CUST-2116'),
  ('OPP-00341', 'Orchestrate Proactive Applications', 'Quali', 'N/A', '143.758,58', 'GBP', 'CUST-2116'),
  ('OPP-00342', 'Syndicate Robust Technologies', 'Verloren', '11.04.2024', '43923.13', 'USD', 'CUST-2117'),
  ('OPP-00343', NULL, 'Qualifikation', '19.11.2026', 'EUR 446752.21', 'CHF', 'CUST-2117'),
  ('OPP-00344', 'Evolve E-Business E-Services', 'Abgeschlossen (Verloren)', '2027-11-22', 'None', NULL, 'CUST-2117'),
  ('OPP-00345', 'Exploit B2B Communities', 'Qualifikation', '0000-00-00', '0', '€', 'CUST-2117'),
  ('OPP-00346', 'Deliver Cross-Platform Systems', 'LOST', NULL, '69798.89', NULL, 'CUST-2118'),
  ('OPP-00347', 'Facilitate Distributed Relationships', 'Won', NULL, '36362.94', 'GBP', 'CUST-2118'),
  ('OPP-00348', 'Brand Revolutionary Methodologies', 'Verloren', '2025-05-29', '249857.41', '€', 'CUST-2118'),
  ('OPP-00349', 'Architect Intuitive Eyeballs', 'qualification', '4/22/2026', 'EUR 461214.39', 'CHF', 'CUST-2119'),
  ('OPP-00350', 'Synthesize Mission-Critical Synergies', 'PROSPECTING', '08.03.2024', '484089.29', 'eur', 'CUST-2120'),
  ('OPP-00351', 'Cultivate Extensible Schemas', 'Verloren', '0000-00-00', '0', 'EUR', 'CUST-2120'),
  ('OPP-00352', 'Exploit E-Business Models', 'lost', '2023-12-10', 'EUR 291803.48', 'EUR', 'CUST-2120'),
  ('OPP-00353', 'Harness Frictionless Technologies', 'Closed Won', '11.04.2024', '167936.08', 'GBP', 'CUST-2059_DUP'),
  ('OPP-00354', 'Empower Bricks-And-Clicks Convergence', 'lost', '12/1/2023', 'None', 'EUR', 'CUST-2057_DUP'),
  ('OPP-00355', 'Reinvent Ubiquitous Portals', 'qualification', NULL, '0', 'EUR', 'CUST-2057_DUP'),
  ('OPP-00356', 'Morph Visionary Experiences', 'PROSPECTING', '0000-00-00', '369905.41', NULL, 'CUST-2103_DUP'),
  ('OPP-00357', 'Embrace Holistic Paradigms', 'In Kontakt', '2025-04-15', '-52926.55', 'eur', 'CUST-2103_DUP'),
  ('OPP-00358', 'Envisioneer Wireless E-Markets', 'closed won', '10/3/2027', '390.989,38', 'EUR', 'CUST-2103_DUP'),
  ('OPP-00359', 'Redefine End-To-End Systems', 'Prospecting', NULL, '0', 'CHF', 'CUST-2074_DUP'),
  ('OPP-00360', 'Iterate Turn-Key Relationships', 'lost', '20231121', 'None', 'GBP', 'CUST-2058_DUP'),
  ('OPP-00361', 'Deploy Customized Portals', 'Won', '2027-11-10', '0', '€', 'CUST-2012_DUP'),
  ('OPP-00362', 'Innovate Revolutionary E-Business', 'closed won', '20280510', '459.116,23', 'eur', 'CUST-2012_DUP'),
  ('OPP-00363', 'Streamline Interactive Schemas', 'PROSPECTING', '06.07.2023', '0', 'EUR', 'CUST-2012_DUP'),
  ('OPP-00364', 'Iterate Sticky Technologies', 'Prospecting', '08.05.2025', '406498.32', 'EUR', 'CUST-2012_DUP');

CREATE TABLE "Project__c" ( "Id" text PRIMARY KEY, "Name" text, "Project_Status__c" text, "Go_Live_Date__c" text, "Account__c" text, "Opportunity__c" text );

INSERT INTO "Project__c" ("Id", "Name", "Project_Status__c", "Go_Live_Date__c", "Account__c", "Opportunity__c") VALUES
  ('PROJ-00001', 'Kuhl Impl.', 'inactive', '2027-09-28', 'CUST-2001', 'OPP-00161'),
  ('PROJ-00002', 'Kraushaar GmbH & Co. KG Impl.', 'Inactive', '10/25/2026', 'CUST-2002', 'OPP-00067'),
  ('PROJ-00003', 'Mohaupt Mosemann KGaA Impl.', 'In Bearbeitung', 'N/A', 'CUST-2002', 'OPP-00063'),
  ('PROJ-00004', 'Dörr Caspar AG & Co. KGaA Impl.', 'Inactive', '20270217', 'CUST-2005', 'OPP-00362'),
  ('PROJ-00005', 'Wilmsen Löwer AG & Co. OHG Impl.', 'Inaktiv', NULL, 'CUST-2005', 'OPP-00113'),
  ('PROJ-00006', 'Junck GmbH Impl.', 'Inaktiv', NULL, 'CUST-2006', 'OPP-00283'),
  ('PROJ-00007', 'Hahn Tintzmann Stiftung & Co. KGaA Impl.', 'Inactive', '0000-00-00', 'CUST-2006', 'OPP-00137'),
  ('PROJ-00008', 'Metz Bender KG Impl.', 'active', '2024-04-01', 'CUST-2006', 'OPP-00178'),
  ('PROJ-00009', 'Fiebig Schwital AG & Co. OHG Impl.', 'In Bearbeitung', '1/26/2025', 'CUST-2007', 'OPP-00041'),
  ('PROJ-00010', 'Schinke e.G. Impl.', 'Aktiv', NULL, 'CUST-2007', 'OPP-00267'),
  ('PROJ-00011', 'Zobel Losekann GmbH & Co. KGaA Impl.', 'Inactive', '2024-07-15', 'CUST-2007', 'OPP-00191'),
  ('PROJ-00012', NULL, 'Inactive', 'N/A', 'CUST-2008', 'OPP-00226'),
  ('PROJ-00013', 'Werner OHG mbH Impl.', 'Active', '20250802', 'CUST-2009', 'OPP-00018'),
  ('PROJ-00014', 'Schuster Gierschner AG Impl.', 'Pending', '3/6/2024', 'CUST-2009', 'OPP-00044'),
  ('PROJ-00015', 'Lachmann Butte GmbH Impl.', 'Pending', '20271103', 'CUST-2009', 'OPP-00010'),
  ('PROJ-00016', 'Lindner Pruschke AG & Co. OHG Impl.', 'Active', '26.10.2026', 'CUST-2010', 'OPP-00106'),
  ('PROJ-00017', 'Gorlitz Bloch AG Impl.', 'Pending', '0000-00-00', 'CUST-2010', 'OPP-00027'),
  ('PROJ-00018', 'Karz Weller GmbH Impl.', 'Active', '0000-00-00', 'CUST-2010', 'OPP-00179'),
  ('PROJ-00019', 'Lindner Nerger GmbH & Co. KGaA Impl.', 'inactive', NULL, 'CUST-2012', 'OPP-00303'),
  ('PROJ-00020', 'Textor GmbH & Co. KG Impl.', 'Active', '3/30/2025', 'CUST-2012', 'OPP-00319'),
  ('PROJ-00021', 'Rudolph Impl.', 'Active', NULL, 'CUST-2013', 'OPP-00056'),
  ('PROJ-00022', 'Rörricht e.V. Impl.', 'inactive', NULL, 'CUST-2013', 'OPP-00274'),
  ('PROJ-00023', 'Buchholz Stiftung & Co. KGaA Impl.', 'inactive', '23.10.2026', 'CUST-2013', 'OPP-00196'),
  ('PROJ-00024', 'Fiebig Impl.', 'Inactive', '02.02.2025', 'CUST-2014', 'OPP-00008'),
  ('PROJ-00025', 'Weimer Impl.', 'inactive', '2027-08-06', 'CUST-2014', 'OPP-00128'),
  ('PROJ-00026', 'Junck Impl.', 'inactive', '7/17/2023', 'CUST-2014', 'OPP-00293'),
  ('PROJ-00027', NULL, 'inactive', '12/15/2027', 'CUST-2015', 'OPP-00138'),
  ('PROJ-00028', 'Ortmann GmbH Impl.', 'Active', '2024-01-15', 'CUST-2015', 'OPP-00158'),
  ('PROJ-00029', 'Ladeck Impl.', 'Inaktiv', NULL, 'CUST-2015', 'OPP-00136'),
  ('PROJ-00030', 'Adler Impl.', 'Active', '20280530', 'CUST-2016', 'OPP-00005'),
  ('PROJ-00031', NULL, 'Inaktiv', '20280309', 'CUST-2017', 'OPP-00327'),
  ('PROJ-00032', 'Schulz GmbH & Co. KG Impl.', 'Inactive', '20260831', 'CUST-2017', 'OPP-00030'),
  ('PROJ-00033', 'Dietz Impl.', 'active', '8/27/2023', 'CUST-2017', 'OPP-00313'),
  ('PROJ-00034', 'Graf Impl.', 'In Bearbeitung', '28.07.2025', 'CUST-2018', 'OPP-00133'),
  ('PROJ-00035', 'Wohlgemut Impl.', 'inactive', '4/20/2024', 'CUST-2018', 'OPP-00254'),
  ('PROJ-00036', 'Hande Keudel AG & Co. OHG Impl.', 'Aktiv', '26.03.2028', 'CUST-2019', 'OPP-00317'),
  ('PROJ-00037', 'Rust Impl.', 'Active', '31.03.2028', 'CUST-2021', 'OPP-00351'),
  ('PROJ-00038', 'Knappe Bachmann GmbH Impl.', 'Active', '0000-00-00', 'CUST-2022', 'OPP-00117'),
  ('PROJ-00039', 'Ebert Impl.', 'inactive', '12/19/2026', 'CUST-2022', 'OPP-00009'),
  ('PROJ-00040', 'Meyer Impl.', 'Inaktiv', '0000-00-00', 'CUST-2022', 'OPP-00023'),
  ('PROJ-00041', 'Kitzmann Riehl GmbH & Co. KG Impl.', 'active', '0000-00-00', 'CUST-2023', 'OPP-00228'),
  ('PROJ-00042', 'Drewes Gierschner GmbH & Co. KG Impl.', 'Inaktiv', NULL, 'CUST-2026', 'OPP-00349'),
  ('PROJ-00043', 'Röhrdanz KG Impl.', 'Pending', '4/14/2024', 'CUST-2027', 'OPP-00074'),
  ('PROJ-00044', NULL, 'Inaktiv', '8/25/2025', 'CUST-2027', 'OPP-00209'),
  ('PROJ-00045', 'Sorgatz Stroh OHG mbH Impl.', 'Inaktiv', '20250828', 'CUST-2027', 'OPP-00151'),
  ('PROJ-00046', 'Tintzmann Scholl AG Impl.', 'inactive', '12.06.2028', 'CUST-2029', 'OPP-00303'),
  ('PROJ-00047', 'Cichorius KGaA Impl.', 'Inaktiv', '21.07.2023', 'CUST-2032', 'OPP-00194'),
  ('PROJ-00048', 'Döhn Oestrovsky Stiftung & Co. KGaA Impl.', 'active', '2027-03-25', 'CUST-2034', 'OPP-00115'),
  ('PROJ-00049', 'Ditschlerin Impl.', 'active', NULL, 'CUST-2035', 'OPP-00271'),
  ('PROJ-00050', 'Salz Impl.', 'In Bearbeitung', 'N/A', 'CUST-2035', 'OPP-00269'),
  ('PROJ-00051', 'Hoffmann Impl.', 'Inaktiv', '9/24/2027', 'CUST-2035', 'OPP-00100'),
  ('PROJ-00052', 'Hauffer e.G. Impl.', 'Inaktiv', '29.09.2025', 'CUST-2036', 'OPP-00186'),
  ('PROJ-00053', 'Drewes Gunpf GmbH & Co. KGaA Impl.', 'Inaktiv', 'N/A', 'CUST-2036', 'OPP-00060'),
  ('PROJ-00054', 'Mitschke Lehmann KGaA Impl.', 'Pending', '12/28/2026', 'CUST-2037', 'OPP-00041'),
  ('PROJ-00055', 'Kroker Impl.', 'active', '7/5/2023', 'CUST-2038', 'OPP-00335'),
  ('PROJ-00056', 'Zänker Hauffer GmbH & Co. OHG Impl.', 'Inactive', '20241120', 'CUST-2038', 'OPP-00215'),
  ('PROJ-00057', 'Hettner Impl.', 'Aktiv', '0000-00-00', 'CUST-2039', 'OPP-00126'),
  ('PROJ-00058', 'Steinberg Hendriks AG Impl.', 'Aktiv', '0000-00-00', 'CUST-2040', 'OPP-00134'),
  ('PROJ-00059', 'Beckmann Austermühle AG Impl.', 'Inaktiv', '3/28/2024', 'CUST-2040', 'OPP-00061'),
  ('PROJ-00060', 'Pohl Weihmann KG Impl.', 'Pending', '0000-00-00', 'CUST-2040', 'OPP-00076'),
  ('PROJ-00061', 'Rudolph GmbH & Co. KG Impl.', 'Inactive', '05.09.2024', 'CUST-2041', 'OPP-00233'),
  ('PROJ-00062', NULL, 'active', '20280503', 'CUST-2041', 'OPP-00135'),
  ('PROJ-00063', 'Schmiedt KGaA Impl.', 'In Bearbeitung', 'N/A', 'CUST-2041', 'OPP-00052'),
  ('PROJ-00064', 'Rust GmbH & Co. KG Impl.', 'Pending', '2024-02-12', 'CUST-2042', 'OPP-00354'),
  ('PROJ-00065', 'Krebs Impl.', 'Aktiv', '0000-00-00', 'CUST-2043', 'OPP-00272'),
  ('PROJ-00066', 'Kusch GmbH Impl.', 'Inaktiv', '21.01.2026', 'CUST-2044', 'OPP-00206'),
  ('PROJ-00067', 'Heinrich Dippel Stiftung & Co. KG Impl.', 'Inactive', 'N/A', 'CUST-2044', 'OPP-00151'),
  ('PROJ-00068', 'Drubin Impl.', 'Inaktiv', '0000-00-00', 'CUST-2044', 'OPP-00312'),
  ('PROJ-00069', 'Wiek Schottin GbR Impl.', 'Pending', 'N/A', 'CUST-2048', 'OPP-00231'),
  ('PROJ-00070', 'Junitz AG & Co. OHG Impl.', 'Pending', '12/9/2023', 'CUST-2048', 'OPP-00245'),
  ('PROJ-00071', 'Mälzer AG Impl.', 'active', '13.08.2026', 'CUST-2049', 'OPP-00004'),
  ('PROJ-00072', 'Fliegner Impl.', 'In Bearbeitung', '20230811', 'CUST-2050', 'OPP-00165'),
  ('PROJ-00073', 'Ring Impl.', 'inactive', NULL, 'CUST-2050', 'OPP-00050'),
  ('PROJ-00074', 'Rudolph GmbH Impl.', 'Inaktiv', '2023-08-07', 'CUST-2051', 'OPP-00289'),
  ('PROJ-00075', 'Ehlert Impl.', 'Pending', '5/21/2028', 'CUST-2052', 'OPP-00092'),
  ('PROJ-00076', 'Schüler Impl.', 'Active', NULL, 'CUST-2052', 'OPP-00108'),
  ('PROJ-00077', 'Henck KGaA Impl.', 'inactive', '0000-00-00', 'CUST-2052', 'OPP-00316'),
  ('PROJ-00078', 'Gude Reising GbR Impl.', 'inactive', '07.02.2027', 'CUST-2053', 'OPP-00061'),
  ('PROJ-00079', 'Winkler Heß OHG mbH Impl.', 'In Bearbeitung', '20230924', 'CUST-2053', 'OPP-00115'),
  ('PROJ-00080', 'Fechner KGaA Impl.', 'inactive', '0000-00-00', 'CUST-2054', 'OPP-00055'),
  ('PROJ-00081', 'Dobes Impl.', 'Aktiv', '2024-01-10', 'CUST-2055', 'OPP-00106'),
  ('PROJ-00082', NULL, 'Active', '0000-00-00', 'CUST-2056', 'OPP-00276'),
  ('PROJ-00083', NULL, 'Active', '2/1/2024', 'CUST-2057', 'OPP-00105'),
  ('PROJ-00084', 'Holzapfel GbR Impl.', 'Pending', 'N/A', 'CUST-2058', 'OPP-00228'),
  ('PROJ-00085', 'Buchholz GmbH & Co. KGaA Impl.', 'In Bearbeitung', '9/11/2027', 'CUST-2058', 'OPP-00057'),
  ('PROJ-00086', 'Krein AG Impl.', 'In Bearbeitung', '12/4/2025', 'CUST-2060', 'OPP-00045'),
  ('PROJ-00087', 'Lehmann AG Impl.', 'inactive', 'N/A', 'CUST-2060', 'OPP-00343'),
  ('PROJ-00088', 'Buchholz Impl.', 'Inaktiv', NULL, 'CUST-2060', 'OPP-00041'),
  ('PROJ-00089', 'Kohl Johann KGaA Impl.', 'Inaktiv', '05.01.2028', 'CUST-2061', 'OPP-00260'),
  ('PROJ-00090', 'Girschner GmbH Impl.', 'active', 'N/A', 'CUST-2062', 'OPP-00353'),
  ('PROJ-00091', 'Sorgatz KG Impl.', 'Active', '20260817', 'CUST-2062', 'OPP-00052'),
  ('PROJ-00092', 'Drubin GmbH Impl.', 'Active', 'N/A', 'CUST-2063', 'OPP-00322'),
  ('PROJ-00093', NULL, 'Aktiv', '0000-00-00', 'CUST-2063', 'OPP-00193'),
  ('PROJ-00094', 'Schinke Impl.', 'inactive', '20260315', 'CUST-2064', 'OPP-00078'),
  ('PROJ-00095', 'Preiß Stiftung & Co. KGaA Impl.', 'In Bearbeitung', '9/28/2024', 'CUST-2065', 'OPP-00068'),
  ('PROJ-00096', 'Gröttner KG Impl.', 'active', '0000-00-00', 'CUST-2065', 'OPP-00110'),
  ('PROJ-00097', NULL, 'active', '20230803', 'CUST-2065', 'OPP-00286'),
  ('PROJ-00098', 'Wesack Impl.', 'Active', '20240326', 'CUST-2066', 'OPP-00353'),
  ('PROJ-00099', 'Drewes Harloff AG Impl.', 'Inactive', 'N/A', 'CUST-2067', 'OPP-00179'),
  ('PROJ-00100', 'Carsten Stiftung & Co. KGaA Impl.', 'Aktiv', '12/5/2026', 'CUST-2067', 'OPP-00119');
INSERT INTO "Project__c" ("Id", "Name", "Project_Status__c", "Go_Live_Date__c", "Account__c", "Opportunity__c") VALUES
  ('PROJ-00101', 'Heuser GbR Impl.', 'In Bearbeitung', NULL, 'CUST-2068', 'OPP-00323'),
  ('PROJ-00102', 'Keudel Stiftung & Co. KG Impl.', 'Inaktiv', '0000-00-00', 'CUST-2068', 'OPP-00247'),
  ('PROJ-00103', 'Mosemann Weinhage e.V. Impl.', 'active', NULL, 'CUST-2069', 'OPP-00148'),
  ('PROJ-00104', 'Kuhl Impl.', 'In Bearbeitung', '1/31/2028', 'CUST-2069', 'OPP-00127'),
  ('PROJ-00105', 'Gerlach Gumprich OHG mbH Impl.', 'In Bearbeitung', '9/13/2027', 'CUST-2070', 'OPP-00339'),
  ('PROJ-00106', 'Holt Impl.', 'Pending', 'N/A', 'CUST-2070', 'OPP-00066'),
  ('PROJ-00107', 'Säuberlich e.V. Impl.', 'In Bearbeitung', NULL, 'CUST-2070', 'OPP-00251'),
  ('PROJ-00108', 'Gehringer Haering Stiftung & Co. KGaA Impl.', 'Active', '11/28/2025', 'CUST-2071', 'OPP-00138'),
  ('PROJ-00109', 'Löchel Schenk Stiftung & Co. KGaA Impl.', 'Pending', '2024-10-30', 'CUST-2071', 'OPP-00288'),
  ('PROJ-00110', 'Scholtz Dörr KG Impl.', 'inactive', 'N/A', 'CUST-2071', 'OPP-00163'),
  ('PROJ-00111', 'Rosenow GmbH Impl.', 'In Bearbeitung', '20250504', 'CUST-2072', 'OPP-00205'),
  ('PROJ-00112', 'Bolnbach Impl.', 'Active', '9/19/2025', 'CUST-2072', 'OPP-00249'),
  ('PROJ-00113', 'Pergande GbR Impl.', 'Inaktiv', 'N/A', 'CUST-2072', 'OPP-00024'),
  ('PROJ-00114', 'Schleich Seidel GmbH & Co. OHG Impl.', 'Inactive', '0000-00-00', 'CUST-2073', 'OPP-00086'),
  ('PROJ-00115', 'Drewes AG & Co. KGaA Impl.', 'active', '0000-00-00', 'CUST-2073', 'OPP-00313'),
  ('PROJ-00116', 'Zobel Gotthard GmbH Impl.', 'Active', 'N/A', 'CUST-2074', 'OPP-00011'),
  ('PROJ-00117', 'Sontag GmbH Impl.', 'active', NULL, 'CUST-2074', 'OPP-00361'),
  ('PROJ-00118', 'Eberhardt Anders GmbH Impl.', 'active', 'N/A', 'CUST-2075', 'OPP-00026'),
  ('PROJ-00119', 'Jüttner Impl.', 'Inaktiv', '0000-00-00', 'CUST-2075', 'OPP-00102'),
  ('PROJ-00120', 'Jungfer Impl.', 'Pending', NULL, 'CUST-2076', 'OPP-00118'),
  ('PROJ-00121', 'Bolzmann Impl.', 'Inaktiv', '5/26/2025', 'CUST-2077', 'OPP-00212'),
  ('PROJ-00122', 'Hahn Impl.', 'Inactive', '2026-02-08', 'CUST-2077', 'OPP-00019'),
  ('PROJ-00123', 'Rörricht GbR Impl.', 'Active', '19.01.2027', 'CUST-2080', 'OPP-00145'),
  ('PROJ-00124', 'Bruder Impl.', 'Inactive', 'N/A', 'CUST-2080', 'OPP-00353'),
  ('PROJ-00125', 'Linke Impl.', 'inactive', 'N/A', 'CUST-2080', 'OPP-00064'),
  ('PROJ-00126', 'Junck Juncken AG & Co. OHG Impl.', 'Aktiv', NULL, 'CUST-2081', 'OPP-00139'),
  ('PROJ-00127', 'Ortmann Bien GbR Impl.', 'active', '2025-07-30', 'CUST-2081', 'OPP-00259'),
  ('PROJ-00128', 'Mentzel AG & Co. KGaA Impl.', 'Pending', '2026-06-24', 'CUST-2081', 'OPP-00008'),
  ('PROJ-00129', 'Kraus Impl.', 'Pending', '26.08.2024', 'CUST-2082', 'OPP-00311'),
  ('PROJ-00130', 'Hölzenbecher AG Impl.', 'Pending', '0000-00-00', 'CUST-2083', 'OPP-00012'),
  ('PROJ-00131', 'Adolph Impl.', 'In Bearbeitung', '11.01.2028', 'CUST-2083', 'OPP-00052'),
  ('PROJ-00132', 'Eigenwillig Kusch AG Impl.', 'In Bearbeitung', '20271213', 'CUST-2084', 'OPP-00150'),
  ('PROJ-00133', 'Benthin Impl.', 'Inactive', '20250227', 'CUST-2084', 'OPP-00288'),
  ('PROJ-00134', 'Bohnbach GmbH & Co. KGaA Impl.', 'Inactive', '20231212', 'CUST-2085', 'OPP-00009'),
  ('PROJ-00135', 'Ullrich Jacobi Jäckel GbR Impl.', 'Pending', '1/21/2025', 'CUST-2085', 'OPP-00280'),
  ('PROJ-00136', 'Kuhl Budig KG Impl.', 'Active', '20270506', 'CUST-2087', 'OPP-00119'),
  ('PROJ-00137', 'Schmidtke Biggen GmbH Impl.', 'In Bearbeitung', '0000-00-00', 'CUST-2087', 'OPP-00056'),
  ('PROJ-00138', 'Nohlmans Segebahn AG Impl.', 'Inaktiv', '08.09.2027', 'CUST-2087', 'OPP-00323'),
  ('PROJ-00139', 'Dobes Impl.', 'In Bearbeitung', '0000-00-00', 'CUST-2090', 'OPP-00128'),
  ('PROJ-00140', 'Atzler AG & Co. KG Impl.', 'In Bearbeitung', '0000-00-00', 'CUST-2092', 'OPP-00291'),
  ('PROJ-00141', 'Stroh Ullrich GmbH & Co. KG Impl.', 'In Bearbeitung', '8/8/2024', 'CUST-2093', 'OPP-00211'),
  ('PROJ-00142', 'Grein Groth Stiftung & Co. KGaA Impl.', 'Aktiv', '2027-12-25', 'CUST-2094', 'OPP-00165'),
  ('PROJ-00143', 'Renner Adolph Stiftung & Co. KG Impl.', 'Pending', NULL, 'CUST-2094', 'OPP-00003'),
  ('PROJ-00144', 'Ziegert Beyer AG Impl.', 'In Bearbeitung', '0000-00-00', 'CUST-2095', 'OPP-00256'),
  ('PROJ-00145', 'Bruder Hettner GmbH Impl.', 'Inactive', '11/29/2026', 'CUST-2095', 'OPP-00237'),
  ('PROJ-00146', 'Hiller Thanel AG & Co. KGaA Impl.', 'active', '2028-02-04', 'CUST-2096', 'OPP-00218'),
  ('PROJ-00147', 'Mies Impl.', 'Pending', '26.01.2024', 'CUST-2096', 'OPP-00007'),
  ('PROJ-00148', 'Finke Weller KG Impl.', 'active', '29.11.2027', 'CUST-2096', 'OPP-00102'),
  ('PROJ-00149', 'Schweitzer Matthäi OHG mbH Impl.', 'active', '2024-01-31', 'CUST-2097', 'OPP-00218'),
  ('PROJ-00150', 'Hendriks Impl.', 'In Bearbeitung', '12.05.2026', 'CUST-2097', 'OPP-00281'),
  ('PROJ-00151', 'Niemeier Impl.', 'Active', '5/8/2028', 'CUST-2097', 'OPP-00061'),
  ('PROJ-00152', 'Wirth Wagenknecht GmbH & Co. KGaA Impl.', 'inactive', '0000-00-00', 'CUST-2098', 'OPP-00166'),
  ('PROJ-00153', 'Wilms Hübel Stiftung & Co. KG Impl.', 'Inaktiv', '0000-00-00', 'CUST-2098', 'OPP-00333'),
  ('PROJ-00154', 'Henk Impl.', 'inactive', '0000-00-00', 'CUST-2098', 'OPP-00351'),
  ('PROJ-00155', 'Haering Impl.', 'Inaktiv', '0000-00-00', 'CUST-2099', 'OPP-00310'),
  ('PROJ-00156', 'Oderwald AG Impl.', 'Inactive', '7/13/2024', 'CUST-2100', 'OPP-00070'),
  ('PROJ-00157', 'Hande Impl.', 'In Bearbeitung', '2025-10-23', 'CUST-2100', 'OPP-00163'),
  ('PROJ-00158', 'Graf Neuschäfer AG Impl.', 'In Bearbeitung', '2025-03-04', 'CUST-2101', 'OPP-00003'),
  ('PROJ-00159', 'Wesack Impl.', 'Inactive', '09.02.2026', 'CUST-2101', 'OPP-00356'),
  ('PROJ-00160', 'Wesack Jockel Stiftung & Co. KG Impl.', 'In Bearbeitung', '9/28/2025', 'CUST-2101', 'OPP-00049'),
  ('PROJ-00161', 'Pärtzelt AG Impl.', 'active', '1/16/2028', 'CUST-2103', 'OPP-00326'),
  ('PROJ-00162', 'Knappe GmbH Impl.', 'Inactive', '5/6/2028', 'CUST-2103', 'OPP-00322'),
  ('PROJ-00163', NULL, 'Inactive', '10/23/2027', 'CUST-2103', 'OPP-00146'),
  ('PROJ-00164', 'Gutknecht Impl.', 'inactive', '5/16/2027', 'CUST-2104', 'OPP-00320'),
  ('PROJ-00165', 'Bohnbach GbR Impl.', 'inactive', '0000-00-00', 'CUST-2104', 'OPP-00278'),
  ('PROJ-00166', 'Jäntsch Impl.', 'Inactive', '2028-03-24', 'CUST-2104', 'OPP-00304'),
  ('PROJ-00167', 'Seifert Impl.', 'Inactive', '12/25/2023', 'CUST-2105', 'OPP-00092'),
  ('PROJ-00168', 'Döring Weinhage AG Impl.', 'Aktiv', NULL, 'CUST-2106', 'OPP-00268'),
  ('PROJ-00169', 'Gotthard Hethur AG Impl.', 'Pending', '11/7/2025', 'CUST-2106', 'OPP-00295'),
  ('PROJ-00170', 'Mentzel Impl.', 'In Bearbeitung', '25.03.2025', 'CUST-2107', 'OPP-00087'),
  ('PROJ-00171', NULL, 'Inactive', '24.01.2024', 'CUST-2107', 'OPP-00047'),
  ('PROJ-00172', 'Caspar Impl.', 'In Bearbeitung', NULL, 'CUST-2108', 'OPP-00001'),
  ('PROJ-00173', 'Flantz GmbH Impl.', 'Active', '24.12.2025', 'CUST-2109', 'OPP-00262'),
  ('PROJ-00174', 'Kade Impl.', 'Pending', 'N/A', 'CUST-2109', 'OPP-00242'),
  ('PROJ-00175', 'Koch II Dippel AG Impl.', 'active', '18.09.2026', 'CUST-2110', 'OPP-00287'),
  ('PROJ-00176', 'Löchel Impl.', 'Pending', 'N/A', 'CUST-2110', 'OPP-00243'),
  ('PROJ-00177', 'Kusch AG & Co. KGaA Impl.', 'Inaktiv', '0000-00-00', 'CUST-2111', 'OPP-00041'),
  ('PROJ-00178', 'Schlosser Impl.', 'Inactive', '09.12.2025', 'CUST-2111', 'OPP-00325'),
  ('PROJ-00179', 'Dörr Stiffel AG Impl.', 'Pending', '0000-00-00', 'CUST-2112', 'OPP-00227'),
  ('PROJ-00180', 'Hartmann AG Impl.', 'inactive', 'N/A', 'CUST-2112', 'OPP-00062'),
  ('PROJ-00181', 'Ruppert GbR Impl.', 'Aktiv', '2024-08-30', 'CUST-2113', 'OPP-00188'),
  ('PROJ-00182', 'Ditschlerin Impl.', 'Inaktiv', 'N/A', 'CUST-2113', 'OPP-00218'),
  ('PROJ-00183', 'Thies Impl.', 'Inactive', '20270119', 'CUST-2113', 'OPP-00192'),
  ('PROJ-00184', 'Kreusel Ditschlerin GbR Impl.', 'Active', '21.02.2027', 'CUST-2114', 'OPP-00227'),
  ('PROJ-00185', 'Heuser Impl.', 'Active', '0000-00-00', 'CUST-2115', 'OPP-00159'),
  ('PROJ-00186', 'Zimmer AG & Co. OHG Impl.', 'Inaktiv', '3/17/2025', 'CUST-2115', 'OPP-00258'),
  ('PROJ-00187', NULL, 'inactive', 'N/A', 'CUST-2117', 'OPP-00246'),
  ('PROJ-00188', 'Hövel Impl.', 'inactive', '2/21/2027', 'CUST-2117', 'OPP-00321'),
  ('PROJ-00189', 'Gorlitz GmbH & Co. OHG Impl.', 'In Bearbeitung', '20280104', 'CUST-2120', 'OPP-00089'),
  ('PROJ-00190', 'Müller Impl.', 'active', '2027-03-02', 'CUST-2120', 'OPP-00190'),
  ('PROJ-00191', NULL, 'Aktiv', 'N/A', 'CUST-2120', 'OPP-00091'),
  ('PROJ-00192', 'Henck Impl.', 'active', '2024-04-27', 'CUST-2059_DUP', 'OPP-00228'),
  ('PROJ-00193', 'Bohnbach Impl.', 'inactive', NULL, 'CUST-2103_DUP', 'OPP-00100'),
  ('PROJ-00194', 'Meyer Faust AG Impl.', 'Active', '10/20/2026', 'CUST-2103_DUP', 'OPP-00345'),
  ('PROJ-00195', 'Käster Bärer AG & Co. KGaA Impl.', 'Aktiv', '0000-00-00', 'CUST-2074_DUP', 'OPP-00188'),
  ('PROJ-00196', 'Geißler OHG mbH Impl.', 'Pending', '20270410', 'CUST-2074_DUP', 'OPP-00342');
