CREATE SCHEMA IF NOT EXISTS fixture_wrong_field_names_v2_golden;
SET search_path TO fixture_wrong_field_names_v2_golden;


-- Target schema + ground truth data

CREATE TABLE "Account" ( "Id" text PRIMARY KEY, "Name" text NOT NULL, "ERP_Number__c" text UNIQUE, "Customer_Tier__c" text CHECK ("Customer_Tier__c" IN ('Gold','Silver','Bronze','Platinum')), "Region__c" text, "Industry" text, "Website" text, "BillingCity" text, "BillingCountry" text, "Legacy_Customer_ID__c" text UNIQUE, "CreatedDate" text DEFAULT CURRENT_TIMESTAMP, "LastModifiedDate" text DEFAULT CURRENT_TIMESTAMP, "IsDeleted" integer DEFAULT 0 );

CREATE TABLE "Contact" ( "Id" text PRIMARY KEY, "FirstName" text, "LastName" text NOT NULL, "Email" text, "Phone" text, "Title" text, "Role__c" text CHECK ("Role__c" IN ('Decision Maker','End User','Technical Contact','Executive Sponsor')), "Preferred_Language__c" text CHECK ("Preferred_Language__c" IN ('DE','EN','FR','ES','IT')), "AccountId" text REFERENCES "Account"("Id"), "Legacy_Contact_ID__c" text UNIQUE, "CreatedDate" text DEFAULT CURRENT_TIMESTAMP, "LastModifiedDate" text DEFAULT CURRENT_TIMESTAMP, "IsDeleted" integer DEFAULT 0 );

CREATE TABLE "Opportunity" ( "Id" text PRIMARY KEY, "Name" text NOT NULL, "StageName" text NOT NULL CHECK ("StageName" IN ( 'Prospecting','Qualification','Needs Analysis', 'Value Proposition','Id. Decision Makers', 'Perception Analysis','Proposal/Price Quote', 'Negotiation/Review','Closed Won','Closed Lost')), "CloseDate" text NOT NULL, "Amount" double precision, "CurrencyIsoCode" text DEFAULT 'EUR', "AccountId" text REFERENCES "Account"("Id"), "Legacy_Opportunity_ID__c" text UNIQUE, "CreatedDate" text DEFAULT CURRENT_TIMESTAMP, "LastModifiedDate" text DEFAULT CURRENT_TIMESTAMP, "IsDeleted" integer DEFAULT 0 );

CREATE TABLE "Project__c" ( "Id" text PRIMARY KEY, "Name" text NOT NULL, "Project_Status__c" text CHECK ("Project_Status__c" IN ('Active','Completed','In Planning','On Hold','Cancelled')), "Go_Live_Date__c" text, "Account__c" text REFERENCES "Account"("Id"), "Opportunity__c" text REFERENCES "Opportunity"("Id"), "Legacy_Project_ID__c" text UNIQUE, "CreatedDate" text DEFAULT CURRENT_TIMESTAMP, "LastModifiedDate" text DEFAULT CURRENT_TIMESTAMP, "IsDeleted" integer DEFAULT 0 );

CREATE TABLE "Installed_Asset__c" ( "Id" text PRIMARY KEY, "Name" text NOT NULL, "Serial_Number__c" text UNIQUE, "Warranty_End_Date__c" text, "Account__c" text REFERENCES "Account"("Id"), "Project__c" text REFERENCES "Project__c"("Id"), "Legacy_Asset_ID__c" text UNIQUE, "CreatedDate" text DEFAULT CURRENT_TIMESTAMP, "LastModifiedDate" text DEFAULT CURRENT_TIMESTAMP, "IsDeleted" integer DEFAULT 0 );

INSERT INTO "Account" ("Id", "Name", "ERP_Number__c", "Customer_Tier__c", "Region__c", "Industry", "Website", "BillingCity", "BillingCountry", "Legacy_Customer_ID__c") VALUES
  ('001000000000001', 'Hörle Stiftung & Co. KG', 'ERP-28865', 'Gold', 'UK', 'Healthcare', 'http://steckel.com/', 'Sankt Goarshausen', 'Martinique', 'CUST-1001'),
  ('001000000000002', 'Bähr', 'ERP-69400', 'Bronze', 'Southern Europe', 'Technology', 'https://rogge.de/', 'Eisenberg', 'Aruba', 'CUST-1002'),
  ('001000000000003', 'Ebert GmbH', 'ERP-77381', 'Platinum', 'UK', 'Technology', 'http://www.peukert.com/', 'Sankt Goar', 'Mauritius', 'CUST-1003'),
  ('001000000000004', 'Ruppert Gnatz GmbH', 'ERP-61633', 'Bronze', 'Nordics', 'Manufacturing', 'http://www.bolander.com/', 'Eckernförde', 'Guyana', 'CUST-1004'),
  ('001000000000005', 'Buchholz Preiß KG', 'ERP-26325', 'Gold', 'UK', 'Technology', 'http://www.scholtz.de/', 'Pegnitz', 'Ruanda', 'CUST-1005'),
  ('001000000000006', 'Mangold', 'ERP-31052', 'Silver', 'Southern Europe', 'Technology', 'http://www.zahn.com/', 'Kelheim', 'Simbabwe', 'CUST-1006'),
  ('001000000000007', 'Steinberg KG', 'ERP-60705', 'Platinum', 'Southern Europe', 'Finance', 'http://www.oderwald.de/', 'Bad Langensalza', 'Malaysia', 'CUST-1007'),
  ('001000000000008', 'Schleich Wohlgemut AG', 'ERP-59404', 'Bronze', 'DACH', 'Finance', 'https://www.christoph.com/', 'Bützow', 'Samoa', 'CUST-1008'),
  ('001000000000009', 'Löffler', 'ERP-34460', 'Gold', 'DACH', 'Technology', 'https://www.adler.com/', 'Wittenberg', 'Amerikanisch-Ozeanien', 'CUST-1009'),
  ('001000000000010', 'Drubin Trupp KG', 'ERP-46081', 'Silver', 'DACH', 'Healthcare', 'https://meyer.de/', 'Brand', 'Serbien', 'CUST-1010'),
  ('001000000000011', 'Davids Stiftung & Co. KG', 'ERP-22333', 'Gold', 'Southern Europe', 'Technology', 'http://stolze.de/', 'Sangerhausen', 'Nordmazedonien', 'CUST-1011'),
  ('001000000000012', 'Junken Kruschwitz GmbH', 'ERP-53277', 'Platinum', 'Southern Europe', 'Healthcare', 'http://www.giess.net/', 'Strausberg', 'Französisch-Polynesien', 'CUST-1012'),
  ('001000000000013', 'Hartung Kaul AG & Co. OHG', 'ERP-26559', 'Platinum', 'DACH', 'Finance', 'http://hecker.com/', 'Auerbach', 'Amerikanische Jungferninseln', 'CUST-1013'),
  ('001000000000014', 'Schmidtke', 'ERP-87517', 'Bronze', 'Benelux', 'Technology', 'http://hartmann.de/', 'Grafenau', 'Alandinseln', 'CUST-1014'),
  ('001000000000015', 'Thies GbR', 'ERP-98064', 'Bronze', 'Southern Europe', 'Finance', 'http://kohl.com/', 'Erding', 'Kanada', 'CUST-1015'),
  ('001000000000016', 'Jüttner GmbH', 'ERP-48929', 'Gold', 'UK', 'Technology', 'https://www.ruppert.com/', 'Finsterwalde', 'Färöer', 'CUST-1016'),
  ('001000000000017', 'Conradi GbR', 'ERP-15418', 'Bronze', 'UK', 'Manufacturing', 'https://briemer.de/', 'Diepholz', 'Irak', 'CUST-1017'),
  ('001000000000018', 'Atzler Stiftung & Co. KGaA', 'ERP-56939', 'Platinum', 'Nordics', 'Technology', 'http://fischer.org/', 'Hannover', 'Sierra Leone', 'CUST-1018'),
  ('001000000000019', 'Martin Jäntsch e.G.', 'ERP-85247', 'Gold', 'Benelux', 'Finance', 'https://luebs.com/', 'Schwabmünchen', 'Weihnachtsinsel', 'CUST-1019'),
  ('001000000000020', 'Schwital', 'ERP-68074', 'Gold', 'Southern Europe', 'Manufacturing', 'http://www.doerr.com/', 'Erfurt', 'Ecuador', 'CUST-1020'),
  ('001000000000021', 'Vollbrecht', 'ERP-10330', 'Gold', 'DACH', 'Finance', 'http://neureuther.de/', 'Belzig', 'Italien', 'CUST-1021'),
  ('001000000000022', 'Margraf Täsche GbR', 'ERP-12235', 'Gold', 'Benelux', 'Finance', 'https://www.jungfer.de/', 'Burgdorf', 'St. Pierre und Miquelon', 'CUST-1022'),
  ('001000000000023', 'Thanel Meister GmbH', 'ERP-43945', 'Gold', 'UK', 'Manufacturing', 'https://www.zorbach.com/', 'Hannoversch Münden', 'Lesotho', 'CUST-1023'),
  ('001000000000024', 'Scheel GmbH', 'ERP-21422', 'Bronze', 'DACH', 'Manufacturing', 'http://www.ehlert.net/', 'Eisenhüttenstadt', 'Samoa', 'CUST-1024'),
  ('001000000000025', 'Schacht', 'ERP-98120', 'Gold', 'UK', 'Finance', 'http://kraushaar.org/', 'Wolfratshausen', 'Mexiko', 'CUST-1025'),
  ('001000000000026', 'Eimer Dobes GmbH & Co. KG', 'ERP-44120', 'Silver', 'Southern Europe', 'Manufacturing', 'https://fliegner.de/', 'Klötze', 'Niger', 'CUST-1026'),
  ('001000000000027', 'Schüler Mies KG', 'ERP-62155', 'Platinum', 'Benelux', 'Healthcare', 'https://www.steuer.de/', 'Bischofswerda', 'Guinea', 'CUST-1027'),
  ('001000000000028', 'Stahr Stiftung & Co. KGaA', 'ERP-80462', 'Gold', 'Nordics', 'Finance', 'http://christoph.de/', 'Donaueschingen', 'Äquatorialguinea', 'CUST-1028'),
  ('001000000000029', 'Klemt AG', 'ERP-97772', 'Silver', 'Nordics', 'Technology', 'http://berger.de/', 'Aschaffenburg', 'Papua-Neuguinea', 'CUST-1029'),
  ('001000000000030', 'Haase Junk AG', 'ERP-55272', 'Bronze', 'Nordics', 'Finance', 'https://atzler.com/', 'Böblingen', 'Wallis und Futuna', 'CUST-1030'),
  ('001000000000031', 'Schmiedecke AG & Co. OHG', 'ERP-61006', 'Silver', 'Nordics', 'Manufacturing', 'http://www.benthin.org/', 'Bernburg', 'Palau', 'CUST-1031'),
  ('001000000000032', 'Staude', 'ERP-75720', 'Gold', 'DACH', 'Manufacturing', 'http://kruschwitz.com/', 'Neustrelitz', 'Svalbard und Jan Mayen', 'CUST-1032'),
  ('001000000000033', 'Langern', 'ERP-13112', 'Gold', 'Southern Europe', 'Technology', 'https://koehler.net/', 'Marktheidenfeld', 'Peru', 'CUST-1033'),
  ('001000000000034', 'Bachmann Preiß AG & Co. KG', 'ERP-44536', 'Gold', 'Nordics', 'Healthcare', 'https://www.giess.com/', 'Melle', 'Bangladesch', 'CUST-1034'),
  ('001000000000035', 'Döhn Eberhardt AG', 'ERP-61262', 'Silver', 'Nordics', 'Manufacturing', 'https://oestrovsky.com/', 'Helmstedt', 'Kaimaninseln', 'CUST-1035'),
  ('001000000000036', 'Krein AG', 'ERP-24208', 'Silver', 'Nordics', 'Technology', 'http://www.scheuermann.com/', 'Mallersdorf', 'Anguilla', 'CUST-1036'),
  ('001000000000037', 'Bolnbach', 'ERP-36347', 'Gold', 'UK', 'Manufacturing', 'http://www.roehricht.de/', 'Jüterbog', 'Schweden', 'CUST-1037'),
  ('001000000000038', 'Jungfer', 'ERP-11931', 'Platinum', 'Nordics', 'Technology', 'https://loeffler.com/', 'Wernigerode', 'Singapur', 'CUST-1038'),
  ('001000000000039', 'Baum KG', 'ERP-53041', 'Platinum', 'Benelux', 'Technology', 'http://www.loos.org/', 'Auerbach', 'Jersey', 'CUST-1039'),
  ('001000000000040', 'Jäntsch Beckmann AG', 'ERP-80900', 'Bronze', 'Southern Europe', 'Finance', 'https://wende.de/', 'Wittstock', 'Fidschi', 'CUST-1040'),
  ('001000000000041', 'Ebert', 'ERP-36174', 'Silver', 'Nordics', 'Finance', 'https://roskoth.com/', 'Jüterbog', 'Mauretanien', 'CUST-1041'),
  ('001000000000042', 'Dörr GmbH & Co. KG', 'ERP-45157', 'Gold', 'UK', 'Technology', 'https://gerlach.org/', 'Norden', 'Papua-Neuguinea', 'CUST-1042'),
  ('001000000000043', 'Dobes Jopich GmbH', 'ERP-73142', 'Bronze', 'Benelux', 'Technology', 'https://www.pechel.de/', 'Wiedenbrück', 'Gibraltar', 'CUST-1043'),
  ('001000000000044', 'Krause', 'ERP-39266', 'Silver', 'DACH', 'Healthcare', 'https://www.schueler.com/', 'Hainichen', 'Dschibuti', 'CUST-1044'),
  ('001000000000045', 'Killer', 'ERP-93935', 'Silver', 'Nordics', 'Manufacturing', 'https://www.scheuermann.de/', 'Rosenheim', 'Alandinseln', 'CUST-1045'),
  ('001000000000046', 'Schulz Hering KG', 'ERP-49194', 'Bronze', 'UK', 'Manufacturing', 'https://ullrich.com/', 'Beilngries', 'Honduras', 'CUST-1046'),
  ('001000000000047', 'Ehlert', 'ERP-81894', 'Platinum', 'UK', 'Healthcare', 'http://kallert.org/', 'Starnberg', 'Französisch-Guayana', 'CUST-1047'),
  ('001000000000048', 'Stiffel e.V.', 'ERP-77900', 'Platinum', 'Southern Europe', 'Manufacturing', 'http://gerlach.com/', 'Bremervörde', 'Kap Verde', 'CUST-1048'),
  ('001000000000049', 'Ring Trubin Stiftung & Co. KG', 'ERP-90467', 'Gold', 'Nordics', 'Finance', 'http://koehler.de/', 'Bogen', 'Rumänien', 'CUST-1049'),
  ('001000000000050', 'Schäfer Börner e.G.', 'ERP-93600', 'Gold', 'DACH', 'Technology', 'http://www.neureuther.org/', 'Guben', 'Aserbaidschan', 'CUST-1050'),
  ('001000000000051', 'Fischer Schomber GmbH & Co. KG', 'ERP-35879', 'Silver', 'Southern Europe', 'Finance', 'https://salz.com/', 'Goslar', 'Usbekistan', 'CUST-1051'),
  ('001000000000052', 'Seifert GmbH', 'ERP-32265', 'Gold', 'UK', 'Healthcare', 'http://schweitzer.com/', 'Hoyerswerda', 'Vereinigtes Königreich', 'CUST-1052'),
  ('001000000000053', 'Pruschke Fritsch GbR', 'ERP-48957', 'Platinum', 'DACH', 'Manufacturing', 'http://schaaf.de/', 'Geldern', 'Paraguay', 'CUST-1053'),
  ('001000000000054', 'Juncken GbR', 'ERP-68042', 'Bronze', 'Benelux', 'Manufacturing', 'https://www.juncken.de/', 'Koblenz', 'Antarktis', 'CUST-1054'),
  ('001000000000055', 'Hoffmann GmbH', 'ERP-25002', 'Platinum', 'Benelux', 'Finance', 'http://krebs.com/', 'Bayreuth', 'Angola', 'CUST-1055'),
  ('001000000000056', 'Kuhl Ebert GbR', 'ERP-57818', 'Bronze', 'DACH', 'Healthcare', 'http://www.wagenknecht.de/', 'Bogen', 'Mongolei', 'CUST-1056'),
  ('001000000000057', 'Dussen van e.V.', 'ERP-52798', 'Platinum', 'Benelux', 'Manufacturing', 'https://www.dietz.de/', 'Schwäbisch Gmünd', 'Kroatien', 'CUST-1057'),
  ('001000000000058', 'Steuer', 'ERP-70688', 'Silver', 'Nordics', 'Finance', 'https://luebs.net/', 'Schrobenhausen', 'Kroatien', 'CUST-1058'),
  ('001000000000059', 'Roskoth Cichorius e.G.', 'ERP-66954', 'Bronze', 'Nordics', 'Healthcare', 'http://www.kraus.net/', 'Miesbach', 'Swasiland', 'CUST-1059'),
  ('001000000000060', 'Weihmann Stiftung & Co. KGaA', 'ERP-33791', 'Bronze', 'Benelux', 'Technology', 'http://gehringer.com/', 'Gießen', 'Puerto Rico', 'CUST-1060'),
  ('001000000000061', 'Röhrdanz GmbH', 'ERP-37988', 'Silver', 'Nordics', 'Finance', 'https://naser.com/', 'Pritzwalk', 'Armenien', 'CUST-1061'),
  ('001000000000062', 'Metz e.V.', 'ERP-44202', 'Silver', 'UK', 'Finance', 'http://troest.org/', 'Gräfenhainichen', 'Bulgarien', 'CUST-1062'),
  ('001000000000063', 'Heidrich Hermighausen GmbH', 'ERP-43382', 'Platinum', 'DACH', 'Finance', 'https://kallert.de/', 'Kitzingen', 'Mosambik', 'CUST-1063'),
  ('001000000000064', 'Margraf Patberg KG', 'ERP-23554', 'Bronze', 'UK', 'Finance', 'http://www.baum.de/', 'Aue', 'Niederlande', 'CUST-1064'),
  ('001000000000065', 'Dörschner Stolze AG & Co. KGaA', 'ERP-22540', 'Bronze', 'Nordics', 'Healthcare', 'http://kruschwitz.com/', 'Schweinfurt', 'Lettland', 'CUST-1065'),
  ('001000000000066', 'Harloff', 'ERP-59289', 'Platinum', 'Southern Europe', 'Technology', 'http://www.roht.com/', 'Eisenberg', 'Taiwan', 'CUST-1066'),
  ('001000000000067', 'Hettner Steckel GmbH & Co. KGaA', 'ERP-83645', 'Platinum', 'UK', 'Manufacturing', 'https://www.koch.com/', 'Aachen', 'Südafrika', 'CUST-1067'),
  ('001000000000068', 'Thies Caspar Stiftung & Co. KG', 'ERP-98520', 'Gold', 'UK', 'Technology', 'http://bachmann.org/', 'Forst', 'Vatikanstadt', 'CUST-1068'),
  ('001000000000069', 'Eberhardt AG & Co. OHG', 'ERP-47649', 'Platinum', 'DACH', 'Technology', 'https://poelitz.de/', 'Göttingen', 'Barbados', 'CUST-1069'),
  ('001000000000070', 'Tintzmann Barkholz GbR', 'ERP-21489', 'Silver', 'Southern Europe', 'Manufacturing', 'https://www.kruschwitz.de/', 'Heiligenstadt', 'Ägypten', 'CUST-1070'),
  ('001000000000071', 'Hesse Lorch AG', 'ERP-29312', 'Platinum', 'Nordics', 'Manufacturing', 'http://www.liebelt.net/', 'Malchin', 'Thailand', 'CUST-1071'),
  ('001000000000072', 'Scheel AG & Co. KG', 'ERP-20787', 'Bronze', 'Benelux', 'Technology', 'https://gertz.net/', 'Chemnitz', 'Kanada', 'CUST-1072'),
  ('001000000000073', 'Biggen', 'ERP-21609', 'Bronze', 'Southern Europe', 'Technology', 'http://weller.de/', 'Wittenberg', 'Serbien', 'CUST-1073'),
  ('001000000000074', 'Jockel AG', 'ERP-12946', 'Bronze', 'Benelux', 'Finance', 'https://www.jaekel.de/', 'Warendorf', 'Thailand', 'CUST-1074'),
  ('001000000000075', 'Siering', 'ERP-26100', 'Silver', 'UK', 'Healthcare', 'http://heinz.de/', 'Angermünde', 'Guadeloupe', 'CUST-1075'),
  ('001000000000076', 'Drub Atzler GmbH', 'ERP-11503', 'Platinum', 'DACH', 'Technology', 'http://www.jopich.com/', 'Nördlingen', 'Guernsey', 'CUST-1076'),
  ('001000000000077', 'Paffrath', 'ERP-36362', 'Silver', 'Southern Europe', 'Technology', 'http://mueller.org/', 'Wolgast', 'Haiti', 'CUST-1077'),
  ('001000000000078', 'Hauffer GmbH', 'ERP-15582', 'Silver', 'UK', 'Finance', 'https://drub.de/', 'Sömmerda', 'Britisches Territorium im Indischen Ozean', 'CUST-1078'),
  ('001000000000079', 'Mangold Heser GmbH & Co. OHG', 'ERP-23034', 'Gold', 'Benelux', 'Technology', 'https://schwital.com/', 'Starnberg', 'Singapur', 'CUST-1079'),
  ('001000000000080', 'Bärer', 'ERP-90712', 'Gold', 'Southern Europe', 'Technology', 'https://www.ackermann.org/', 'Ilmenau', 'Papua-Neuguinea', 'CUST-1080'),
  ('001000000000081', 'Hartmann', 'ERP-46465', 'Silver', 'UK', 'Healthcare', 'http://www.wiek.de/', 'Bogen', 'Salomonen', 'CUST-1081'),
  ('001000000000082', 'Briemer', 'ERP-91942', 'Silver', 'Benelux', 'Finance', 'http://www.kensy.com/', 'Aschaffenburg', 'Argentinien', 'CUST-1082'),
  ('001000000000083', 'Dietz AG & Co. KG', 'ERP-92297', 'Platinum', 'UK', 'Manufacturing', 'https://www.holt.net/', 'Schwäbisch Hall', 'Togo', 'CUST-1083'),
  ('001000000000084', 'Dobes', 'ERP-58850', 'Bronze', 'Southern Europe', 'Manufacturing', 'http://gunpf.org/', 'Hünfeld', 'Sambia', 'CUST-1084'),
  ('001000000000085', 'Peukert Bohnbach KG', 'ERP-67257', 'Silver', 'UK', 'Manufacturing', 'https://albers.com/', 'Eberswalde', 'Brasilien', 'CUST-1085'),
  ('001000000000086', 'Carsten', 'ERP-67720', 'Gold', 'DACH', 'Finance', 'http://scholl.com/', 'Bad Kissingen', 'Nauru', 'CUST-1086'),
  ('001000000000087', 'Fritsch Bloch GmbH', 'ERP-19896', 'Silver', 'UK', 'Technology', 'http://rogge.de/', 'Borna', 'Kongo', 'CUST-1087'),
  ('001000000000088', 'Rogge GbR', 'ERP-23753', 'Gold', 'DACH', 'Manufacturing', 'http://www.kohl.org/', 'Saarlouis', 'Französisch-Guayana', 'CUST-1088'),
  ('001000000000089', 'Hofmann Schuchhardt GmbH', 'ERP-95893', 'Gold', 'Southern Europe', 'Healthcare', 'https://dietz.de/', 'Bad Mergentheim', 'Bosnien und Herzegowina', 'CUST-1089'),
  ('001000000000090', 'Jacob Kaul AG', 'ERP-75050', 'Platinum', 'DACH', 'Finance', 'https://www.riehl.de/', 'Bad Brückenau', 'Island', 'CUST-1090'),
  ('001000000000091', 'Karge', 'ERP-57974', 'Silver', 'DACH', 'Healthcare', 'http://preiss.com/', 'Ilmenau', 'Sambia', 'CUST-1091'),
  ('001000000000092', 'Säuberlich Becker AG & Co. OHG', 'ERP-26953', 'Platinum', 'DACH', 'Technology', 'http://www.loos.de/', 'Staßfurt', 'Algerien', 'CUST-1092'),
  ('001000000000093', 'Cichorius Hamann AG', 'ERP-66685', 'Gold', 'DACH', 'Technology', 'http://www.wilmsen.com/', 'Aachen', 'Mali', 'CUST-1093'),
  ('001000000000094', 'Gröttner Barkholz GbR', 'ERP-96099', 'Gold', 'DACH', 'Finance', 'http://wesack.net/', 'Meiningen', 'Guam', 'CUST-1094'),
  ('001000000000095', 'Bolander', 'ERP-56826', 'Platinum', 'Southern Europe', 'Technology', 'https://www.caspar.de/', 'Lüneburg', 'St. Helena', 'CUST-1095'),
  ('001000000000096', 'Striebitz GmbH & Co. KGaA', 'ERP-47086', 'Bronze', 'UK', 'Healthcare', 'https://mielcarek.org/', 'Hohenstein-Ernstthal', 'Singapur', 'CUST-1096'),
  ('001000000000097', 'Hiller', 'ERP-21599', 'Gold', 'DACH', 'Manufacturing', 'https://www.henck.com/', 'Koblenz', 'Tokelau', 'CUST-1097'),
  ('001000000000098', 'Peukert Juncken AG', 'ERP-12610', 'Gold', 'UK', 'Technology', 'https://www.doehn.de/', 'Grimma', 'Brasilien', 'CUST-1098'),
  ('001000000000099', 'Wähner', 'ERP-80598', 'Bronze', 'Benelux', 'Healthcare', 'https://herrmann.de/', 'Kemnath', 'Lettland', 'CUST-1099'),
  ('001000000000100', 'Tintzmann Eimer GmbH', 'ERP-69056', 'Gold', 'Benelux', 'Healthcare', 'http://www.zirme.de/', 'Schwabmünchen', 'Grenada', 'CUST-1100');

INSERT INTO "Contact" ("Id", "FirstName", "LastName", "Email", "Phone", "Title", "Role__c", "Preferred_Language__c", "AccountId", "Legacy_Contact_ID__c") VALUES
  ('003000000000001', 'Almut', 'Stoll', 'ejunk@example.com', '+494515038165', 'Krankenschwester', 'Executive Sponsor', 'EN', '001000000000001', 'CON-00001'),
  ('003000000000002', 'Maurizio', 'Dowerg', 'adlerandrej@example.com', '+497582176672', 'Elektroniker', 'Technical Contact', 'DE', '001000000000002', 'CON-00002'),
  ('003000000000003', 'Pia', 'Hofmann', 'reuterthoralf@example.org', '+497615541988', 'Medizininformatiker', 'Technical Contact', 'EN', '001000000000002', 'CON-00003'),
  ('003000000000004', 'Heino', 'Mies', 'juliane13@example.net', '+494660002435', 'Mathematiker', 'Executive Sponsor', 'FR', '001000000000003', 'CON-00004'),
  ('003000000000005', 'Justina', 'Müller', 'vjopich@example.com', '+498987690438', 'Augenoptiker', 'Technical Contact', 'DE', '001000000000003', 'CON-00005'),
  ('003000000000006', 'Kunigunde', 'Schomber', 'neureutherguelten@example.net', '+498204217542', 'Pfleger', 'Decision Maker', 'FR', '001000000000003', 'CON-00006'),
  ('003000000000007', 'Ahmet', 'Wilmsen', 'priska53@example.com', '+494297802164', 'Ausbaufacharbeiter', 'Decision Maker', 'EN', '001000000000004', 'CON-00007'),
  ('003000000000008', 'Adolf', 'Mitschke', 'cichoriusfrieder@example.net', '+495159751791', 'Koreanistiker', 'End User', 'FR', '001000000000004', 'CON-00008'),
  ('003000000000009', 'Agatha', 'Butte', 'schleichgerti@example.org', '+497645406279', 'Fleischer', 'End User', 'DE', '001000000000004', 'CON-00009'),
  ('003000000000010', 'Leif', 'Hölzenbecher', 'kordulahiller@example.org', '+499023251870', 'Mathematiker', 'Technical Contact', 'EN', '001000000000005', 'CON-00010'),
  ('003000000000011', 'Raphael', 'Schwital', 'jozefkabus@example.net', '+492336898653', 'Winzer', 'Technical Contact', 'FR', '001000000000005', 'CON-00011'),
  ('003000000000012', 'Hans-Uwe', 'Sölzer', 'gebhardstiffel@example.net', '+497145175160', 'Designer', 'Technical Contact', 'DE', '001000000000005', 'CON-00012'),
  ('003000000000013', 'Anton', 'Seip', 'julia65@example.org', '+494069095007', 'Asphaltbauer', 'Technical Contact', 'DE', '001000000000006', 'CON-00013'),
  ('003000000000014', 'Uschi', 'Davids', 'metzmarvin@example.org', '+492096518314', 'Bäcker', 'End User', 'FR', '001000000000007', 'CON-00014'),
  ('003000000000015', 'Hans-Uwe', 'Nette', 'semraloechel@example.net', '+493579685516', 'Friseur', 'Executive Sponsor', 'DE', '001000000000007', 'CON-00015'),
  ('003000000000016', 'Victor', 'Stiffel', 'priska27@example.net', '+496791903164', 'Chirurgiemechaniker', 'Technical Contact', 'FR', '001000000000008', 'CON-00016'),
  ('003000000000017', 'Rosa', 'Tschentscher', 'miodrag79@example.net', '+499815207308', 'Schornsteinfeger', 'Executive Sponsor', 'DE', '001000000000008', 'CON-00017'),
  ('003000000000018', 'Stilla', 'Nohlmans', 'baerermarliese@example.com', '+496278017060', 'Schornsteinfeger', 'End User', 'EN', '001000000000009', 'CON-00018'),
  ('003000000000019', 'Manja', 'Juncken', 'alinke@example.net', '+497425346899', 'Techniker', 'Technical Contact', 'FR', '001000000000009', 'CON-00019'),
  ('003000000000020', 'Margita', 'Ziegert', 'stephan01@example.com', '+495452587789', 'Arzt', 'Executive Sponsor', 'DE', '001000000000010', 'CON-00020'),
  ('003000000000021', 'Kati', 'Bonbach', 'thiesjelena@example.com', '+490860094128', 'Techniker', 'End User', 'FR', '001000000000010', 'CON-00021'),
  ('003000000000022', 'Otfried', 'van der Dussen', 'karl-ernst06@example.net', '+497822978312', 'Designer', 'End User', 'EN', '001000000000011', 'CON-00022'),
  ('003000000000023', 'Jelena', 'Rosemann', 'kristinahenschel@example.com', '+492447480750', 'Fleischer', 'Decision Maker', 'DE', '001000000000012', 'CON-00023'),
  ('003000000000024', 'Justine', 'Gehringer', 'vkraushaar@example.net', '+494193490463', 'Friseur', 'Decision Maker', 'DE', '001000000000013', 'CON-00024'),
  ('003000000000025', 'Ben', 'Henschel', 'yscheel@example.com', '+495997384504', 'Beamter', 'Decision Maker', 'DE', '001000000000013', 'CON-00025'),
  ('003000000000026', 'Hardy', 'Blümel', 'julianeraedel@example.com', '+495934669604', 'Erzieher', 'Decision Maker', 'DE', '001000000000014', 'CON-00026'),
  ('003000000000027', 'Maurice', 'Patberg', 'schulzandre@example.com', '+499107653366', 'Florist', 'Decision Maker', 'FR', '001000000000015', 'CON-00027'),
  ('003000000000028', 'Tabea', 'Wiek', 'ngeisler@example.net', '+499956320311', 'Binnenschiffer', 'End User', 'FR', '001000000000015', 'CON-00028'),
  ('003000000000029', 'Mesut', 'Wende', 'rroht@example.com', '+490752341600', 'Arzt', 'Decision Maker', 'FR', '001000000000016', 'CON-00029'),
  ('003000000000030', 'Gesche', 'Jopich', 'seidelnorma@example.net', '+492437004710', 'Schornsteinfeger', 'Technical Contact', 'DE', '001000000000016', 'CON-00030'),
  ('003000000000031', 'Dennis', 'Steckel', 'danny25@example.org', '+495892808481', 'Fleischer', 'End User', 'EN', '001000000000017', 'CON-00031'),
  ('003000000000032', 'Annika', 'Hölzenbecher', 'teresapruschke@example.com', '+499142355761', 'Beamter', 'Executive Sponsor', 'EN', '001000000000017', 'CON-00032'),
  ('003000000000033', 'Dietlind', 'Hamann', 'rschaefer@example.com', '+492774856664', 'Polizist', 'Executive Sponsor', 'DE', '001000000000018', 'CON-00033'),
  ('003000000000034', 'Paul-Gerhard', 'Rust', 'gudemagnus@example.net', '+490969901024', 'Ausbaufacharbeiter', 'Executive Sponsor', 'FR', '001000000000018', 'CON-00034'),
  ('003000000000035', 'Valentin', 'Stoll', 'ivana24@example.net', '+498331855191', 'Forstwirt', 'Technical Contact', 'FR', '001000000000018', 'CON-00035'),
  ('003000000000036', 'Monja', 'Hornig', 'haaseralph@example.com', '+495628250001', 'Artist', 'End User', 'EN', '001000000000019', 'CON-00036'),
  ('003000000000037', 'Josephine', 'Wernecke', 'msaeuberlich@example.org', '+498114938210', 'Beamter', 'Technical Contact', 'FR', '001000000000019', 'CON-00037'),
  ('003000000000038', 'Fredo', 'Stumpf', 'kgotthard@example.org', '+493405481966', 'Augenoptiker', 'Executive Sponsor', 'FR', '001000000000019', 'CON-00038'),
  ('003000000000039', 'Dragan', 'Steckel', 'birgerlindau@example.com', '+492191807193', 'Florist', 'Decision Maker', 'EN', '001000000000020', 'CON-00039'),
  ('003000000000040', 'Nadeshda', 'Hecker', 'bstroh@example.com', '+490424885316', 'Informatiker', 'Executive Sponsor', 'DE', '001000000000021', 'CON-00040'),
  ('003000000000041', 'Rosa', 'Riehl', 'zklapp@example.org', '+492836615479', 'Designer', 'Technical Contact', 'FR', '001000000000022', 'CON-00041'),
  ('003000000000042', 'Hans-Wilhelm', 'Ruppert', 'bekirscholz@example.com', '+496441127501', 'Bankkaufmann', 'Executive Sponsor', 'FR', '001000000000023', 'CON-00042'),
  ('003000000000043', 'Anneke', 'Sorgatz', 'betzold@example.com', '+497908875058', 'Florist', 'Technical Contact', 'DE', '001000000000024', 'CON-00043'),
  ('003000000000044', 'Patricia', 'Eckbauer', 'schuelerannika@example.net', '+492849805549', 'Beamter', 'End User', 'EN', '001000000000024', 'CON-00044'),
  ('003000000000045', 'Canan', 'Kranz', 'schollbernfried@example.org', '+499657061301', 'Chirurgiemechaniker', 'End User', 'DE', '001000000000025', 'CON-00045'),
  ('003000000000046', 'Frauke', 'Bien', 'katarzynatrubin@example.org', '+490763049145', 'Chirurgiemechaniker', 'End User', 'EN', '001000000000026', 'CON-00046'),
  ('003000000000047', 'Hans-Dietrich', 'Conradi', 'dippelhermann@example.org', '+493074804141', 'Elektroniker', 'Decision Maker', 'FR', '001000000000026', 'CON-00047'),
  ('003000000000048', 'Muzaffer', 'Oestrovsky', 'cwaehner@example.com', '+495627794571', 'Mathematiker', 'Technical Contact', 'EN', '001000000000026', 'CON-00048'),
  ('003000000000049', 'Sigismund', 'Jacobi Jäckel', 'roehrdanzdorota@example.org', '+495440633882', 'Chemikant', 'Technical Contact', 'DE', '001000000000027', 'CON-00049'),
  ('003000000000050', 'Tomasz', 'Reising', 'putzheinz-georg@example.net', '+498516011472', 'Fachinformatiker', 'Executive Sponsor', 'EN', '001000000000027', 'CON-00050'),
  ('003000000000051', 'Pierre', 'Kade', 'hschaefer@example.org', '+490450576253', 'Pfleger', 'Executive Sponsor', 'EN', '001000000000027', 'CON-00051'),
  ('003000000000052', 'Zofia', 'Schäfer', 'metin70@example.net', '+499888769475', 'Schornsteinfeger', 'Executive Sponsor', 'FR', '001000000000028', 'CON-00052'),
  ('003000000000053', 'Eva-Marie', 'Weiß', 'staudesilke@example.org', '+490045131871', 'Pfleger', 'Executive Sponsor', 'DE', '001000000000028', 'CON-00053'),
  ('003000000000054', 'Juliane', 'Schleich', 'raymundstiffel@example.com', '+491337575770', 'Pfleger', 'Executive Sponsor', 'EN', '001000000000028', 'CON-00054'),
  ('003000000000055', 'Wieland', 'Jopich', 'martine38@example.net', '+495340111280', 'Ausbaufacharbeiter', 'Executive Sponsor', 'EN', '001000000000029', 'CON-00055'),
  ('003000000000056', 'Egon', 'Hörle', 'jmuehle@example.net', '+499171424244', 'Polizist', 'Executive Sponsor', 'DE', '001000000000030', 'CON-00056'),
  ('003000000000057', 'Volkmar', 'Huhn', 'xherrmann@example.com', '+495683283256', 'Beamter', 'End User', 'EN', '001000000000030', 'CON-00057'),
  ('003000000000058', 'Hans-Jürgen', 'Jockel', 'robert75@example.net', '+490175311363', 'Friseur', 'Decision Maker', 'FR', '001000000000031', 'CON-00058'),
  ('003000000000059', 'Giuseppe', 'Seifert', 'schlossermichaele@example.org', '+495278792557', 'Erzieher', 'Technical Contact', 'FR', '001000000000031', 'CON-00059'),
  ('003000000000060', 'Corina', 'Fiebig', 'moechlichengotthilf@example.com', '+497788876685', 'Mathematiker', 'Decision Maker', 'DE', '001000000000032', 'CON-00060'),
  ('003000000000061', 'Lieschen', 'Vollbrecht', 'margita36@example.com', '+496017706054', 'Bankkaufmann', 'Technical Contact', 'EN', '001000000000032', 'CON-00061'),
  ('003000000000062', 'Jorge', 'Rose', 'antonios46@example.com', '+495223494762', 'Koreanistiker', 'Decision Maker', 'EN', '001000000000032', 'CON-00062'),
  ('003000000000063', 'Toralf', 'Conradi', 'reimer@example.com', '+490312873031', 'Fachinformatiker', 'Executive Sponsor', 'EN', '001000000000033', 'CON-00063'),
  ('003000000000064', 'Lotte', 'Hörle', 'rochusheydrich@example.com', '+498462392784', 'Erzieher', 'Technical Contact', 'EN', '001000000000033', 'CON-00064'),
  ('003000000000065', 'Hedi', 'Thies', 'beatricehornig@example.net', '+491858951251', 'Designer', 'Executive Sponsor', 'FR', '001000000000034', 'CON-00065'),
  ('003000000000066', 'Marleen', 'Klapp', 'wolfschenk@example.com', '+493858416959', 'Beamter', 'Technical Contact', 'FR', '001000000000034', 'CON-00066'),
  ('003000000000067', 'Erich', 'Säuberlich', 'erogner@example.net', '+495598152497', 'Elektroniker', 'Decision Maker', 'DE', '001000000000035', 'CON-00067'),
  ('003000000000068', 'Annedore', 'Mielcarek', 'akensy@example.com', '+496540693398', 'Mechaniker', 'Decision Maker', 'DE', '001000000000036', 'CON-00068'),
  ('003000000000069', 'Sönke', 'Fritsch', 'evelinholsten@example.net', '+499220306714', 'Bäcker', 'Executive Sponsor', 'DE', '001000000000036', 'CON-00069'),
  ('003000000000070', 'Gabor', 'Scholz', 'gislinde62@example.com', '+493958752822', 'Informatiker', 'Decision Maker', 'EN', '001000000000036', 'CON-00070'),
  ('003000000000071', 'Malgorzata', 'Rosemann', 'yklemt@example.net', '+499172658418', 'Techniker', 'Executive Sponsor', 'DE', '001000000000037', 'CON-00071'),
  ('003000000000072', 'Hans-Michael', 'Weitzel', 'kallertkenneth@example.com', '+491900862230', 'Bäcker', 'End User', 'DE', '001000000000038', 'CON-00072'),
  ('003000000000073', 'Ewald', 'Killer', 'hhande@example.org', '+493221377657', 'Florist', 'Decision Maker', 'DE', '001000000000038', 'CON-00073'),
  ('003000000000074', 'Hermann-Josef', 'Nette', 'mareikeloechel@example.com', '+498936420837', 'Artist', 'Technical Contact', 'DE', '001000000000038', 'CON-00074'),
  ('003000000000075', 'Vincent', 'Hartung', 'schweitzerwoldemar@example.com', '+496982656457', 'Winzer', 'End User', 'FR', '001000000000039', 'CON-00075'),
  ('003000000000076', 'Nathalie', 'Stahr', 'wohlgemuteckard@example.org', '+492693679653', 'Mechaniker', 'Decision Maker', 'FR', '001000000000039', 'CON-00076'),
  ('003000000000077', 'Burckhard', 'Bohnbach', 'susannahornig@example.com', '+491678149969', 'Designer', 'Executive Sponsor', 'EN', '001000000000039', 'CON-00077'),
  ('003000000000078', 'Milos', 'Losekann', 'weitzeldirk@example.org', '+494741467593', 'Koreanistiker', 'Executive Sponsor', 'EN', '001000000000040', 'CON-00078'),
  ('003000000000079', 'Traute', 'Pölitz', 'marc79@example.org', '+491230726925', 'Beamter', 'Decision Maker', 'FR', '001000000000040', 'CON-00079'),
  ('003000000000080', 'Silke', 'Ring', 'beckerrosemarie@example.com', '+496514046449', 'Programmierer', 'Technical Contact', 'DE', '001000000000040', 'CON-00080'),
  ('003000000000081', 'Adriane', 'Werner', 'zirmethea@example.com', '+496713264743', 'Informatiker', 'End User', 'EN', '001000000000041', 'CON-00081'),
  ('003000000000082', 'Leonard', 'Schäfer', 'iweinhold@example.org', '+492279751968', 'Krankenschwester', 'Technical Contact', 'FR', '001000000000041', 'CON-00082'),
  ('003000000000083', 'Lili', 'Reichmann', 'heinrichmitschke@example.net', '+495678763486', 'Florist', 'End User', 'EN', '001000000000042', 'CON-00083'),
  ('003000000000084', 'Rebekka', 'Kobelt', 'maria-theresia70@example.net', '+496272958756', 'Pilot', 'Decision Maker', 'EN', '001000000000042', 'CON-00084'),
  ('003000000000085', 'Kriemhild', 'Rädel', 'jbeer@example.com', '+495453918731', 'Augenoptiker', 'Technical Contact', 'DE', '001000000000043', 'CON-00085'),
  ('003000000000086', 'Samuel', 'Haering', 'mechtild60@example.net', '+499436737017', 'Schornsteinfeger', 'Decision Maker', 'EN', '001000000000043', 'CON-00086'),
  ('003000000000087', 'Leyla', 'Jüttner', 'karl17@example.com', '+498111634401', 'Binnenschiffer', 'Executive Sponsor', 'DE', '001000000000043', 'CON-00087'),
  ('003000000000088', 'Wiltrud', 'Trommler', 'hermine77@example.com', '+495664579381', 'Elektroniker', 'Decision Maker', 'DE', '001000000000044', 'CON-00088'),
  ('003000000000089', 'Freya', 'Reising', 'helma00@example.org', '+499504759682', 'Designer', 'Technical Contact', 'FR', '001000000000045', 'CON-00089'),
  ('003000000000090', 'Bartholomäus', 'Rose', 'mkobelt@example.net', '+493798944705', 'Schornsteinfeger', 'Executive Sponsor', 'DE', '001000000000046', 'CON-00090'),
  ('003000000000091', 'Oxana', 'Budig', 'heinz-peterkostolzin@example.net', '+492580846063', 'Pilot', 'Executive Sponsor', 'DE', '001000000000046', 'CON-00091'),
  ('003000000000092', 'Gitte', 'Haering', 'schottinmargit@example.net', '+491745247763', 'Chemikant', 'Technical Contact', 'EN', '001000000000047', 'CON-00092'),
  ('003000000000093', 'Kristina', 'Scholl', 'sandy64@example.com', '+491829996598', 'Chemikant', 'Decision Maker', 'DE', '001000000000047', 'CON-00093'),
  ('003000000000094', 'Bartholomäus', 'Freudenberger', 'maximherrmann@example.org', '+496919708325', 'Pfleger', 'End User', 'DE', '001000000000047', 'CON-00094'),
  ('003000000000095', 'Anatoli', 'Ackermann', 'maxkrebs@example.net', '+499225420263', 'Beamter', 'Technical Contact', 'EN', '001000000000048', 'CON-00095'),
  ('003000000000096', 'Wolf-Rüdiger', 'Wernecke', 'gabrielebauer@example.org', '+491302733350', 'Erzieher', 'Decision Maker', 'DE', '001000000000048', 'CON-00096'),
  ('003000000000097', 'Balthasar', 'Sorgatz', 'jolanthegrein-groth@example.com', '+497222836368', 'Fachinformatiker', 'End User', 'EN', '001000000000049', 'CON-00097'),
  ('003000000000098', 'Giesela', 'Paffrath', 'tassilo22@example.org', '+495977839469', 'Drogist', 'Decision Maker', 'DE', '001000000000049', 'CON-00098'),
  ('003000000000099', 'Bastian', 'Ditschlerin', 'aheinrich@example.net', '+496783168689', 'Chirurgiemechaniker', 'Technical Contact', 'EN', '001000000000049', 'CON-00099'),
  ('003000000000100', 'Henning', 'Schmiedt', 'denise77@example.net', '+496053723223', 'Fleischer', 'Technical Contact', 'FR', '001000000000050', 'CON-00100'),
  ('003000000000101', 'Maurizio', 'Liebelt', 'jschacht@example.com', '+496368773715', 'Pfleger', 'Decision Maker', 'DE', '001000000000051', 'CON-00101'),
  ('003000000000102', 'Rolf-Dieter', 'Rörricht', 'oplath@example.org', '+497097824342', 'Pfleger', 'Decision Maker', 'FR', '001000000000051', 'CON-00102'),
  ('003000000000103', 'Reimar', 'Baum', 'evamariajuncken@example.net', '+494656235388', 'Techniker', 'End User', 'DE', '001000000000051', 'CON-00103'),
  ('003000000000104', 'Roswita', 'Hering', 'wielandetzler@example.net', '+499950583229', 'Binnenschiffer', 'Executive Sponsor', 'DE', '001000000000052', 'CON-00104'),
  ('003000000000105', 'Hans-Bernd', 'Bähr', 'ioannisroskoth@example.com', '+492169237965', 'Fachinformatiker', 'Decision Maker', 'EN', '001000000000052', 'CON-00105'),
  ('003000000000106', 'Marika', 'Mielcarek', 'bheinz@example.net', '+495835287592', 'Medizininformatiker', 'Decision Maker', 'EN', '001000000000053', 'CON-00106'),
  ('003000000000107', 'Lena', 'Jüttner', 'sibyllamielcarek@example.org', '+498342949849', 'Schornsteinfeger', 'Decision Maker', 'FR', '001000000000054', 'CON-00107'),
  ('003000000000108', 'Claire', 'Mosemann', 'ruppertwolf-ruediger@example.org', '+490354190926', 'Winzer', 'Technical Contact', 'FR', '001000000000055', 'CON-00108'),
  ('003000000000109', 'Franz Josef', 'Striebitz', 'joerggroettner@example.com', '+491731412789', 'Programmierer', 'Technical Contact', 'FR', '001000000000056', 'CON-00109'),
  ('003000000000110', 'Swen', 'Keudel', 'burckhardstaude@example.com', '+491545080919', 'Pfleger', 'Executive Sponsor', 'FR', '001000000000056', 'CON-00110'),
  ('003000000000111', 'Heiner', 'Steuer', 'hardyklingelhoefer@example.net', '+496937214568', 'Schornsteinfeger', 'End User', 'DE', '001000000000057', 'CON-00111'),
  ('003000000000112', 'Christopher', 'Scholl', 'aadolph@example.com', '+494870897032', 'Informatiker', 'Executive Sponsor', 'DE', '001000000000057', 'CON-00112'),
  ('003000000000113', 'Holm', 'Gehringer', 'ullrichoscar@example.net', '+497321242502', 'Designer', 'Decision Maker', 'FR', '001000000000058', 'CON-00113'),
  ('003000000000114', 'Gert', 'Christoph', 'eweinhage@example.com', '+499602709527', 'Koreanistiker', 'Technical Contact', 'EN', '001000000000058', 'CON-00114'),
  ('003000000000115', 'Raik', 'Knappe', 'holgernohlmans@example.net', '+498786615312', 'Chirurgiemechaniker', 'Decision Maker', 'DE', '001000000000059', 'CON-00115'),
  ('003000000000116', 'Hartmuth', 'Köster', 'kaesteroswald@example.net', '+495599641982', 'Designer', 'Executive Sponsor', 'EN', '001000000000059', 'CON-00116'),
  ('003000000000117', 'Karen', 'Franke', 'tjuncken@example.net', '+495544041479', 'Bäcker', 'Technical Contact', 'DE', '001000000000059', 'CON-00117'),
  ('003000000000118', 'Leonie', 'Stiffel', 'hwulff@example.net', '+490139199098', 'Winzer', 'Decision Maker', 'FR', '001000000000060', 'CON-00118'),
  ('003000000000119', 'Freia', 'Eberth', 'maikehethur@example.net', '+499502374780', 'Friseur', 'End User', 'EN', '001000000000060', 'CON-00119'),
  ('003000000000120', 'Renate', 'Kitzmann', 'ellen19@example.org', '+499940579551', 'Artist', 'Technical Contact', 'FR', '001000000000061', 'CON-00120'),
  ('003000000000121', 'Jörg-Peter', 'Butte', 'goenuelstey@example.com', '+492580473783', 'Artist', 'End User', 'DE', '001000000000061', 'CON-00121'),
  ('003000000000122', 'Gertrude', 'Patberg', 'ronjunken@example.org', '+490483973610', 'Fleischer', 'End User', 'DE', '001000000000062', 'CON-00122'),
  ('003000000000123', 'Juan', 'Ditschlerin', 'niemeierilja@example.org', '+496587945696', 'Chirurgiemechaniker', 'Executive Sponsor', 'EN', '001000000000062', 'CON-00123'),
  ('003000000000124', 'Rose-Marie', 'Salz', 'lpieper@example.net', '+497047881465', 'Arzt', 'End User', 'DE', '001000000000062', 'CON-00124'),
  ('003000000000125', 'Marcel', 'Blümel', 'kallerttraudel@example.com', '+491479466055', 'Schornsteinfeger', 'Executive Sponsor', 'FR', '001000000000063', 'CON-00125'),
  ('003000000000126', 'Dagobert', 'Scheuermann', 'rosenoweva@example.net', '+497444478475', 'Krankenschwester', 'End User', 'EN', '001000000000063', 'CON-00126'),
  ('003000000000127', 'Marie-Luise', 'Wesack', 'cetintrub@example.com', '+499094560741', 'Elektroniker', 'Decision Maker', 'DE', '001000000000064', 'CON-00127'),
  ('003000000000128', 'Galina', 'Killer', 'ggeissler@example.com', '+498413518197', 'Mechaniker', 'Technical Contact', 'FR', '001000000000064', 'CON-00128'),
  ('003000000000129', 'Ortrun', 'Heß', 'zsauer@example.org', '+495907431835', 'Winzer', 'Executive Sponsor', 'FR', '001000000000065', 'CON-00129'),
  ('003000000000130', 'Veronika', 'Renner', 'tbeier@example.net', '+497229212255', 'Pilot', 'Technical Contact', 'DE', '001000000000065', 'CON-00130'),
  ('003000000000131', 'Thorben', 'Reising', 'gutknechtstefani@example.org', '+492409987871', 'Techniker', 'Decision Maker', 'FR', '001000000000066', 'CON-00131'),
  ('003000000000132', 'Hans D.', 'Warmer', 'schaafthaddaeus@example.org', '+498466134464', 'Beamter', 'Technical Contact', 'EN', '001000000000067', 'CON-00132'),
  ('003000000000133', 'Burghard', 'Werner', 'kunofoerster@example.com', '+491437185886', 'Chirurgiemechaniker', 'Executive Sponsor', 'DE', '001000000000067', 'CON-00133'),
  ('003000000000134', 'Hans-Günter', 'Matthäi', 'klaus-dieter96@example.org', '+495770631802', 'Asphaltbauer', 'Decision Maker', 'FR', '001000000000068', 'CON-00134'),
  ('003000000000135', 'Rudolf', 'Dippel', 'gino79@example.net', '+495066861854', 'Chemikant', 'Technical Contact', 'DE', '001000000000068', 'CON-00135'),
  ('003000000000136', 'Mariele', 'Liebelt', 'wsuessebier@example.net', '+492726755422', 'Mechaniker', 'End User', 'FR', '001000000000068', 'CON-00136'),
  ('003000000000137', 'Gotthilf', 'Rosemann', 'jungferhans-hinrich@example.org', '+496412574369', 'Chirurgiemechaniker', 'Decision Maker', 'DE', '001000000000069', 'CON-00137'),
  ('003000000000138', 'Caroline', 'Rudolph', 'ukarz@example.com', '+491932428257', 'Polizist', 'Decision Maker', 'FR', '001000000000069', 'CON-00138'),
  ('003000000000139', 'Birthe', 'Fechner', 'leopoldine19@example.net', '+495904650223', 'Schornsteinfeger', 'End User', 'FR', '001000000000069', 'CON-00139'),
  ('003000000000140', 'Kornelius', 'Trüb', 'florian55@example.com', '+497795603855', 'Augenoptiker', 'End User', 'EN', '001000000000070', 'CON-00140'),
  ('003000000000141', 'Rafael', 'Carsten', 'cosimo47@example.net', '+493677072829', 'Asphaltbauer', 'Decision Maker', 'EN', '001000000000070', 'CON-00141'),
  ('003000000000142', 'Michaela', 'Dörr', 'schmiedeckealeksej@example.net', '+496038527271', 'Drogist', 'Executive Sponsor', 'DE', '001000000000070', 'CON-00142'),
  ('003000000000143', 'Brian', 'Schmidt', 'schinkefreia@example.net', '+494828461955', 'Schornsteinfeger', 'End User', 'EN', '001000000000071', 'CON-00143'),
  ('003000000000144', 'Marie-Luise', 'Stumpf', 'foersterkatja@example.com', '+490314695131', 'Programmierer', 'End User', 'FR', '001000000000071', 'CON-00144'),
  ('003000000000145', 'Mirjana', 'Holt', 'eimerharri@example.com', '+499403879105', 'Krankenschwester', 'Technical Contact', 'EN', '001000000000072', 'CON-00145'),
  ('003000000000146', 'Sylke', 'Täsche', 'klotzmagrit@example.com', '+493264871568', 'Friseur', 'Technical Contact', 'FR', '001000000000072', 'CON-00146'),
  ('003000000000147', 'Ortwin', 'Klingelhöfer', 'jungferuli@example.net', '+498559251234', 'Bäcker', 'Decision Maker', 'FR', '001000000000072', 'CON-00147'),
  ('003000000000148', 'Paul', 'Pohl', 'ilka22@example.org', '+493903195432', 'Augenoptiker', 'End User', 'DE', '001000000000073', 'CON-00148'),
  ('003000000000149', 'Flora', 'Haering', 'wolf37@example.net', '+498572654646', 'Drogist', 'Decision Maker', 'FR', '001000000000073', 'CON-00149'),
  ('003000000000150', 'Hans-Helmut', 'Schinke', 'blochjuan@example.net', '+498382275503', 'Krankenschwester', 'Technical Contact', 'FR', '001000000000073', 'CON-00150'),
  ('003000000000151', 'Antonios', 'Lachmann', 'estherloewer@example.org', '+492017791663', 'Polizist', 'Executive Sponsor', 'DE', '001000000000074', 'CON-00151'),
  ('003000000000152', 'Walfried', 'Ruppert', 'sevim65@example.net', '+495400076232', 'Friseur', 'End User', 'FR', '001000000000075', 'CON-00152'),
  ('003000000000153', 'Julius', 'Fischer', 'tadeusz96@example.net', '+496589559588', 'Chirurgiemechaniker', 'Executive Sponsor', 'FR', '001000000000075', 'CON-00153'),
  ('003000000000154', 'Marit', 'Wieloch', 'bschottin@example.com', '+495570405354', 'Arzt', 'End User', 'EN', '001000000000075', 'CON-00154'),
  ('003000000000155', 'Matteo', 'Heß', 'schwitaljens-peter@example.com', '+497564296461', 'Erzieher', 'Executive Sponsor', 'EN', '001000000000076', 'CON-00155'),
  ('003000000000156', 'Stella', 'Mies', 'hspiess@example.com', '+493886384609', 'Forstwirt', 'Decision Maker', 'DE', '001000000000076', 'CON-00156'),
  ('003000000000157', 'Marcel', 'Trüb', 'ywirth@example.org', '+498849143067', 'Mathematiker', 'Decision Maker', 'FR', '001000000000077', 'CON-00157'),
  ('003000000000158', 'Katalin', 'Mentzel', 'ivoherrmann@example.net', '+495361489897', 'Friseur', 'Technical Contact', 'DE', '001000000000078', 'CON-00158'),
  ('003000000000159', 'Leonore', 'Hornig', 'leonardo47@example.net', '+490628043281', 'Pilot', 'Technical Contact', 'DE', '001000000000079', 'CON-00159'),
  ('003000000000160', 'Cäcilia', 'Bloch', 'ron61@example.org', '+494656658237', 'Friseur', 'Technical Contact', 'EN', '001000000000079', 'CON-00160'),
  ('003000000000161', 'Tony', 'Zirme', 'svenja60@example.net', '+496042508543', 'Forstwirt', 'Technical Contact', 'FR', '001000000000080', 'CON-00161'),
  ('003000000000162', 'Irma', 'Stahr', 'doerschnerhans-erich@example.com', '+496127612182', 'Winzer', 'Executive Sponsor', 'EN', '001000000000081', 'CON-00162'),
  ('003000000000163', 'Eduard', 'Pölitz', 'helma13@example.com', '+495840831456', 'Bankkaufmann', 'Decision Maker', 'EN', '001000000000081', 'CON-00163'),
  ('003000000000164', 'Gertraude', 'Kraushaar', 'ikoch@example.net', '+492890539023', 'Informatiker', 'Technical Contact', 'DE', '001000000000081', 'CON-00164'),
  ('003000000000165', 'Mirjana', 'Conradi', 'matthaeikenan@example.org', '+499277533659', 'Schornsteinfeger', 'End User', 'DE', '001000000000082', 'CON-00165'),
  ('003000000000166', 'Klaus-D.', 'Dehmel', 'mahmoudkramer@example.org', '+497423199996', 'Medizininformatiker', 'Decision Maker', 'EN', '001000000000082', 'CON-00166'),
  ('003000000000167', 'Harriet', 'Freudenberger', 'silvanaeigenwillig@example.net', '+493804685146', 'Bäcker', 'Technical Contact', 'EN', '001000000000083', 'CON-00167'),
  ('003000000000168', 'Niklas', 'Killer', 'hannestrueb@example.net', '+496016384009', 'Beamter', 'End User', 'FR', '001000000000083', 'CON-00168'),
  ('003000000000169', 'Gerfried', 'Hertrampf', 'biancaebert@example.net', '+492212409278', 'Altenpfleger', 'End User', 'DE', '001000000000083', 'CON-00169'),
  ('003000000000170', 'Marvin', 'Löffler', 'dpieper@example.org', '+499835585719', 'Fleischer', 'End User', 'EN', '001000000000084', 'CON-00170'),
  ('003000000000171', 'Freia', 'Budig', 'anneli46@example.com', '+496751714291', 'Drogist', 'End User', 'FR', '001000000000085', 'CON-00171'),
  ('003000000000172', 'Marjan', 'Mälzer', 'karl-heinz64@example.org', '+495977045128', 'Beamter', 'Technical Contact', 'EN', '001000000000086', 'CON-00172'),
  ('003000000000173', 'Wera', 'Mülichen', 'hermighausenhans-heinrich@example.net', '+491396352235', 'Bankkaufmann', 'Executive Sponsor', 'FR', '001000000000086', 'CON-00173'),
  ('003000000000174', 'Yusuf', 'Dowerg', 'antonietta86@example.net', '+499309634199', 'Augenoptiker', 'Executive Sponsor', 'FR', '001000000000087', 'CON-00174'),
  ('003000000000175', 'Minna', 'Gute', 'albina70@example.com', '+494995574327', 'Bankkaufmann', 'Executive Sponsor', 'DE', '001000000000088', 'CON-00175'),
  ('003000000000176', 'Hartmut', 'Zänker', 'gehringeruschi@example.com', '+493643215370', 'Informatiker', 'Executive Sponsor', 'DE', '001000000000089', 'CON-00176'),
  ('003000000000177', 'Pius', 'Cichorius', 'kraushaarsebastian@example.net', '+492197461981', 'Winzer', 'Decision Maker', 'DE', '001000000000089', 'CON-00177'),
  ('003000000000178', 'Sylke', 'Wagner', 'jost69@example.org', '+499352019707', 'Chirurgiemechaniker', 'Decision Maker', 'EN', '001000000000089', 'CON-00178'),
  ('003000000000179', 'Gerlind', 'Wirth', 'yfischer@example.com', '+492044197645', 'Mathematiker', 'Technical Contact', 'FR', '001000000000090', 'CON-00179'),
  ('003000000000180', 'Franz-Peter', 'Söding', 'mina42@example.net', '+493710415612', 'Altenpfleger', 'Executive Sponsor', 'DE', '001000000000090', 'CON-00180'),
  ('003000000000181', 'Eckehard', 'Gehringer', 'casparserge@example.com', '+499451500804', 'Programmierer', 'End User', 'FR', '001000000000090', 'CON-00181'),
  ('003000000000182', 'Siegfried', 'Trubin', 'mholt@example.net', '+490819275558', 'Binnenschiffer', 'Technical Contact', 'DE', '001000000000091', 'CON-00182'),
  ('003000000000183', 'Edit', 'Heinz', 'soedingernest@example.net', '+494954946688', 'Binnenschiffer', 'End User', 'FR', '001000000000091', 'CON-00183'),
  ('003000000000184', 'Ottomar', 'Mühle', 'josefine28@example.org', '+490805728661', 'Fachinformatiker', 'Technical Contact', 'DE', '001000000000091', 'CON-00184'),
  ('003000000000185', 'Samuel', 'Klemm', 'carolin04@example.net', '+499931344868', 'Augenoptiker', 'Executive Sponsor', 'FR', '001000000000092', 'CON-00185'),
  ('003000000000186', 'Herlinde', 'Säuberlich', 'guentherseidel@example.org', '+493748141050', 'Erzieher', 'Executive Sponsor', 'DE', '001000000000092', 'CON-00186'),
  ('003000000000187', 'Sybilla', 'Junck', 'dmisicher@example.net', '+492060614894', 'Pfleger', 'Technical Contact', 'DE', '001000000000092', 'CON-00187'),
  ('003000000000188', 'Miroslaw', 'Krebs', 'henckamalia@example.com', '+498715773896', 'Krankenschwester', 'Executive Sponsor', 'DE', '001000000000093', 'CON-00188'),
  ('003000000000189', 'Rosita', 'Meister', 'muelichenhans-henning@example.com', '+494787438799', 'Pilot', 'Executive Sponsor', 'DE', '001000000000094', 'CON-00189'),
  ('003000000000190', 'Hans Dieter', 'Rudolph', 'mielcarekgerhart@example.net', '+499595041416', 'Altenpfleger', 'End User', 'FR', '001000000000095', 'CON-00190'),
  ('003000000000191', 'Valerie', 'Hendriks', 'ydehmel@example.org', '+494639072964', 'Schornsteinfeger', 'Decision Maker', 'DE', '001000000000096', 'CON-00191'),
  ('003000000000192', 'Sieglinde', 'Bolnbach', 'guido72@example.com', '+493602819787', 'Programmierer', 'Technical Contact', 'EN', '001000000000096', 'CON-00192'),
  ('003000000000193', 'Franziska', 'Seifert', 'wolframjaekel@example.net', '+492884027509', 'Chirurgiemechaniker', 'End User', 'DE', '001000000000096', 'CON-00193'),
  ('003000000000194', 'Pamela', 'Killer', 'roderich19@example.com', '+499609510945', 'Fleischer', 'Decision Maker', 'FR', '001000000000097', 'CON-00194'),
  ('003000000000195', 'Hasan', 'Buchholz', 'meikesalz@example.org', '+493078997257', 'Fleischer', 'Technical Contact', 'FR', '001000000000098', 'CON-00195'),
  ('003000000000196', 'Erika', 'Bruder', 'lschottin@example.com', '+499067990736', 'Elektroniker', 'Technical Contact', 'DE', '001000000000098', 'CON-00196'),
  ('003000000000197', 'Conny', 'Rädel', 'ruppersbergerviola@example.com', '+490803482128', 'Techniker', 'Executive Sponsor', 'FR', '001000000000099', 'CON-00197'),
  ('003000000000198', 'Lilli', 'Austermühle', 'heide-marie94@example.net', '+496131142827', 'Fachinformatiker', 'Executive Sponsor', 'FR', '001000000000099', 'CON-00198'),
  ('003000000000199', 'Berend', 'Knappe', 'gschacht@example.net', '+496099421405', 'Pilot', 'End User', 'FR', '001000000000099', 'CON-00199'),
  ('003000000000200', 'Karl-Ludwig', 'Schottin', 'jasmin32@example.com', '+494905380235', 'Schornsteinfeger', 'Technical Contact', 'DE', '001000000000100', 'CON-00200'),
  ('003000000000201', 'Hannah', 'Wesack', 'xdrewes@example.com', '+496867750165', 'Pfleger', 'Technical Contact', 'DE', '001000000000100', 'CON-00201');

INSERT INTO "Opportunity" ("Id", "Name", "StageName", "CloseDate", "Amount", "CurrencyIsoCode", "AccountId", "Legacy_Opportunity_ID__c") VALUES
  ('006000000000001', 'Engage Cross-Media Vortals', 'Closed Won', '2024-10-19', 183380.69, 'EUR', '001000000000001', 'OPP-00001'),
  ('006000000000002', 'Harness Mission-Critical Channels', 'Closed Lost', '2026-04-15', 43712.24, 'GBP', '001000000000001', 'OPP-00002'),
  ('006000000000003', 'Empower Killer Action-Items', 'Qualification', '2025-01-25', 247593.53, 'GBP', '001000000000001', 'OPP-00003'),
  ('006000000000004', 'Re-Contextualize Proactive Experiences', 'Qualification', '2025-03-30', 224204.51, 'EUR', '001000000000002', 'OPP-00004'),
  ('006000000000005', 'Transition Intuitive Networks', 'Qualification', '2026-08-31', 199345.4, 'EUR', '001000000000002', 'OPP-00005'),
  ('006000000000006', 'Redefine Extensible E-Services', 'Qualification', '2027-04-25', 238699.16, 'CHF', '001000000000002', 'OPP-00006'),
  ('006000000000007', 'Architect Leading-Edge Web Services', 'Closed Won', '2024-12-08', 213652.72, 'GBP', '001000000000003', 'OPP-00007'),
  ('006000000000008', 'Harness Customized Communities', 'Prospecting', '2026-01-15', 307530.15, 'CHF', '001000000000003', 'OPP-00008'),
  ('006000000000009', 'Unleash Front-End E-Markets', 'Qualification', '2025-10-18', 170513.05, 'CHF', '001000000000003', 'OPP-00009'),
  ('006000000000010', 'Synergize Extensible Mindshare', 'Closed Lost', '2025-05-09', 291568.7, 'EUR', '001000000000004', 'OPP-00010'),
  ('006000000000011', 'Mesh B2B Roi', 'Qualification', '2026-12-20', 207768.57, 'CHF', '001000000000004', 'OPP-00011'),
  ('006000000000012', 'Facilitate Bricks-And-Clicks Web Services', 'Closed Lost', '2025-10-28', 75654.37, 'USD', '001000000000004', 'OPP-00012'),
  ('006000000000013', 'Unleash Magnetic Paradigms', 'Qualification', '2027-02-11', 491918.43, 'USD', '001000000000005', 'OPP-00013'),
  ('006000000000014', 'Maximize Compelling Eyeballs', 'Qualification', '2026-05-10', 143230.39, 'CHF', '001000000000005', 'OPP-00014'),
  ('006000000000015', 'Unleash Value-Added Infrastructures', 'Closed Lost', '2026-08-02', 234855.9, 'USD', '001000000000006', 'OPP-00015'),
  ('006000000000016', 'Syndicate Intuitive E-Markets', 'Closed Won', '2025-12-11', 337772.42, 'USD', '001000000000006', 'OPP-00016'),
  ('006000000000017', 'Enhance Next-Generation Solutions', 'Closed Lost', '2025-09-24', 444757.13, 'GBP', '001000000000007', 'OPP-00017'),
  ('006000000000018', 'Whiteboard Dot-Com Synergies', 'Closed Won', '2026-01-30', 347395.26, 'CHF', '001000000000007', 'OPP-00018'),
  ('006000000000019', 'Generate Holistic E-Commerce', 'Closed Lost', '2024-08-29', 283601.57, 'GBP', '001000000000008', 'OPP-00019'),
  ('006000000000020', 'Incentivize Frictionless Interfaces', 'Closed Won', '2025-01-09', 278944.22, 'GBP', '001000000000008', 'OPP-00020'),
  ('006000000000021', 'Engage Wireless Web Services', 'Closed Lost', '2025-09-25', 12406.75, 'CHF', '001000000000008', 'OPP-00021'),
  ('006000000000022', 'Incubate Bricks-And-Clicks Relationships', 'Qualification', '2026-11-17', 330490.54, 'USD', '001000000000008', 'OPP-00022'),
  ('006000000000023', 'Seize Holistic Networks', 'Closed Lost', '2027-03-16', 115559.51, 'CHF', '001000000000009', 'OPP-00023'),
  ('006000000000024', 'Target Open-Source Relationships', 'Closed Lost', '2026-07-05', 454361.08, 'USD', '001000000000009', 'OPP-00024'),
  ('006000000000025', 'Implement Extensible Paradigms', 'Qualification', '2025-12-01', 233548.06, 'USD', '001000000000009', 'OPP-00025'),
  ('006000000000026', 'Generate Interactive Relationships', 'Closed Lost', '2025-08-13', 386321.28, 'USD', '001000000000010', 'OPP-00026'),
  ('006000000000027', 'Harness Wireless Niches', 'Closed Lost', '2025-05-30', 481684.4, 'USD', '001000000000010', 'OPP-00027'),
  ('006000000000028', 'Harness Integrated Technologies', 'Closed Won', '2025-11-24', 61193.84, 'USD', '001000000000011', 'OPP-00028'),
  ('006000000000029', 'Enable Integrated Niches', 'Prospecting', '2026-10-02', 290164.21, 'EUR', '001000000000011', 'OPP-00029'),
  ('006000000000030', 'Maximize Vertical Eyeballs', 'Closed Lost', '2025-10-02', 267690.78, 'USD', '001000000000011', 'OPP-00030'),
  ('006000000000031', 'Re-Contextualize Integrated Solutions', 'Closed Lost', '2026-10-20', 250881.23, 'EUR', '001000000000011', 'OPP-00031'),
  ('006000000000032', 'Strategize Value-Added Networks', 'Closed Won', '2026-01-10', 394656.81, 'CHF', '001000000000012', 'OPP-00032'),
  ('006000000000033', 'Re-Contextualize Leading-Edge E-Business', 'Prospecting', '2024-08-17', 149779.35, 'GBP', '001000000000013', 'OPP-00033'),
  ('006000000000034', 'Morph Mission-Critical Functionalities', 'Closed Won', '2026-02-26', 53782.97, 'CHF', '001000000000013', 'OPP-00034'),
  ('006000000000035', 'Repurpose Leading-Edge Interfaces', 'Qualification', '2025-05-25', 341143.55, 'GBP', '001000000000013', 'OPP-00035'),
  ('006000000000036', 'Architect Best-Of-Breed Niches', 'Closed Won', '2026-06-03', 42243.97, 'CHF', '001000000000014', 'OPP-00036'),
  ('006000000000037', 'E-Enable Bricks-And-Clicks Solutions', 'Qualification', '2026-11-18', 60015.08, 'GBP', '001000000000014', 'OPP-00037'),
  ('006000000000038', 'Empower Plug-And-Play E-Commerce', 'Qualification', '2025-10-14', 217071.65, 'USD', '001000000000015', 'OPP-00038'),
  ('006000000000039', 'Disintermediate B2B Web-Readiness', 'Prospecting', '2025-07-28', 456664.05, 'USD', '001000000000015', 'OPP-00039'),
  ('006000000000040', 'Synergize Frictionless Mindshare', 'Prospecting', '2027-03-18', 98471.27, 'USD', '001000000000016', 'OPP-00040'),
  ('006000000000041', 'Aggregate Viral Schemas', 'Prospecting', '2024-09-01', 211361.48, 'CHF', '001000000000017', 'OPP-00041'),
  ('006000000000042', 'Generate Intuitive Channels', 'Prospecting', '2027-05-05', 478139.74, 'GBP', '001000000000017', 'OPP-00042'),
  ('006000000000043', 'Generate Transparent Niches', 'Closed Won', '2025-12-19', 406632.34, 'USD', '001000000000017', 'OPP-00043'),
  ('006000000000044', 'Disintermediate Transparent E-Commerce', 'Prospecting', '2027-04-27', 302588.3, 'EUR', '001000000000017', 'OPP-00044'),
  ('006000000000045', 'Incubate End-To-End E-Services', 'Closed Lost', '2026-12-18', 488468.64, 'USD', '001000000000018', 'OPP-00045'),
  ('006000000000046', 'Aggregate B2B Supply-Chains', 'Qualification', '2027-02-26', 411337.89, 'GBP', '001000000000018', 'OPP-00046'),
  ('006000000000047', 'Integrate Back-End Eyeballs', 'Closed Lost', '2026-01-09', 147140.61, 'EUR', '001000000000019', 'OPP-00047'),
  ('006000000000048', 'Deliver Cross-Platform Technologies', 'Closed Won', '2025-07-25', 399929.75, 'USD', '001000000000020', 'OPP-00048'),
  ('006000000000049', 'Engage Customized Niches', 'Qualification', '2025-02-28', 377630.18, 'GBP', '001000000000020', 'OPP-00049'),
  ('006000000000050', 'Redefine Viral Bandwidth', 'Qualification', '2025-10-20', 15026.81, 'GBP', '001000000000021', 'OPP-00050'),
  ('006000000000051', 'Extend B2C Initiatives', 'Closed Won', '2025-08-19', 439337.77, 'GBP', '001000000000021', 'OPP-00051'),
  ('006000000000052', 'Reinvent End-To-End Partnerships', 'Closed Lost', '2026-12-13', 454143.44, 'USD', '001000000000022', 'OPP-00052'),
  ('006000000000053', 'Generate Extensible Markets', 'Closed Won', '2025-04-06', 262753.99, 'EUR', '001000000000022', 'OPP-00053'),
  ('006000000000054', 'Enhance E-Business Niches', 'Closed Won', '2026-02-23', 14012.24, 'USD', '001000000000022', 'OPP-00054'),
  ('006000000000055', 'Brand Enterprise Content', 'Closed Won', '2025-07-27', 43518.2, 'GBP', '001000000000022', 'OPP-00055'),
  ('006000000000056', 'Utilize End-To-End Schemas', 'Qualification', '2027-05-26', 157662.24, 'EUR', '001000000000023', 'OPP-00056'),
  ('006000000000057', 'Scale Leading-Edge Relationships', 'Closed Lost', '2026-05-09', 119349.88, 'GBP', '001000000000024', 'OPP-00057'),
  ('006000000000058', 'Expedite Robust Eyeballs', 'Closed Won', '2025-03-05', 269750.29, 'GBP', '001000000000025', 'OPP-00058'),
  ('006000000000059', 'Transition Open-Source Supply-Chains', 'Qualification', '2027-05-08', 132939.16, 'GBP', '001000000000025', 'OPP-00059'),
  ('006000000000060', 'Enhance B2C Info-Mediaries', 'Prospecting', '2025-04-02', 342933.58, 'GBP', '001000000000026', 'OPP-00060'),
  ('006000000000061', 'Redefine Magnetic E-Tailers', 'Qualification', '2025-12-24', 401902.51, 'GBP', '001000000000026', 'OPP-00061'),
  ('006000000000062', 'Seize One-To-One Architectures', 'Prospecting', '2026-10-24', 86243.52, 'USD', '001000000000026', 'OPP-00062'),
  ('006000000000063', 'Morph Viral Solutions', 'Closed Lost', '2026-12-12', 287333.13, 'USD', '001000000000027', 'OPP-00063'),
  ('006000000000064', 'Transform User-Centric Applications', 'Closed Won', '2027-02-27', 339149.33, 'EUR', '001000000000027', 'OPP-00064'),
  ('006000000000065', 'Exploit Out-Of-The-Box Interfaces', 'Qualification', '2026-05-06', 295956.02, 'GBP', '001000000000027', 'OPP-00065'),
  ('006000000000066', 'Streamline Distributed E-Markets', 'Qualification', '2025-02-02', 345766.88, 'CHF', '001000000000028', 'OPP-00066'),
  ('006000000000067', 'Transform Front-End Interfaces', 'Prospecting', '2026-01-23', 12407.64, 'CHF', '001000000000028', 'OPP-00067'),
  ('006000000000068', 'Reinvent Next-Generation Synergies', 'Closed Lost', '2024-08-22', 347448.81, 'GBP', '001000000000028', 'OPP-00068'),
  ('006000000000069', 'Unleash Best-Of-Breed Users', 'Prospecting', '2024-10-01', 99239.57, 'CHF', '001000000000029', 'OPP-00069'),
  ('006000000000070', 'Streamline Vertical Networks', 'Qualification', '2025-06-01', 50824.87, 'EUR', '001000000000030', 'OPP-00070'),
  ('006000000000071', 'Productize Web-Enabled Infrastructures', 'Prospecting', '2027-06-08', 23816.53, 'GBP', '001000000000030', 'OPP-00071'),
  ('006000000000072', 'Orchestrate Intuitive Eyeballs', 'Closed Lost', '2025-01-16', 345531.42, 'USD', '001000000000031', 'OPP-00072'),
  ('006000000000073', 'Empower Scalable E-Business', 'Closed Won', '2026-10-13', 30438.07, 'EUR', '001000000000032', 'OPP-00073'),
  ('006000000000074', 'Mesh Value-Added E-Services', 'Closed Won', '2024-12-20', 156336.64, 'EUR', '001000000000032', 'OPP-00074'),
  ('006000000000075', 'Deliver 24/365 Niches', 'Prospecting', '2026-05-26', 258465.57, 'GBP', '001000000000033', 'OPP-00075'),
  ('006000000000076', 'Drive Bleeding-Edge Supply-Chains', 'Closed Won', '2026-10-11', 479326.85, 'USD', '001000000000033', 'OPP-00076'),
  ('006000000000077', 'Engage Cross-Media Systems', 'Closed Won', '2026-07-27', 287871.54, 'EUR', '001000000000033', 'OPP-00077'),
  ('006000000000078', 'Utilize Collaborative Infrastructures', 'Qualification', '2024-09-15', 164003.91, 'EUR', '001000000000034', 'OPP-00078'),
  ('006000000000079', 'Drive Transparent Info-Mediaries', 'Qualification', '2026-11-10', 217267.03, 'CHF', '001000000000035', 'OPP-00079'),
  ('006000000000080', 'Grow Strategic Portals', 'Qualification', '2025-08-13', 420884.09, 'CHF', '001000000000035', 'OPP-00080'),
  ('006000000000081', 'Expedite Intuitive Relationships', 'Closed Won', '2024-12-18', 88727.22, 'EUR', '001000000000035', 'OPP-00081'),
  ('006000000000082', 'Re-Intermediate Out-Of-The-Box Interfaces', 'Prospecting', '2024-08-19', 165674.72, 'GBP', '001000000000036', 'OPP-00082'),
  ('006000000000083', 'Syndicate Customized Web-Readiness', 'Qualification', '2025-07-31', 4460.25, 'CHF', '001000000000036', 'OPP-00083'),
  ('006000000000084', 'Disintermediate Intuitive Roi', 'Closed Won', '2025-05-27', 78413.07, 'CHF', '001000000000036', 'OPP-00084'),
  ('006000000000085', 'Engage Next-Generation Models', 'Closed Won', '2026-05-19', 182555.37, 'USD', '001000000000037', 'OPP-00085'),
  ('006000000000086', 'Iterate 24/365 Web Services', 'Prospecting', '2026-06-17', 369211.77, 'EUR', '001000000000037', 'OPP-00086'),
  ('006000000000087', 'Deploy Bleeding-Edge Vortals', 'Closed Won', '2026-03-18', 183817.85, 'CHF', '001000000000037', 'OPP-00087'),
  ('006000000000088', 'Enable 24/365 Supply-Chains', 'Qualification', '2024-11-15', 173754.55, 'USD', '001000000000037', 'OPP-00088'),
  ('006000000000089', 'E-Enable Frictionless Bandwidth', 'Prospecting', '2026-12-03', 114488.16, 'USD', '001000000000038', 'OPP-00089'),
  ('006000000000090', 'Engage Bleeding-Edge Markets', 'Closed Won', '2027-05-24', 388320.59, 'CHF', '001000000000038', 'OPP-00090'),
  ('006000000000091', 'Whiteboard Killer Web Services', 'Prospecting', '2026-05-01', 265838.82, 'EUR', '001000000000039', 'OPP-00091'),
  ('006000000000092', 'Transition Mission-Critical Methodologies', 'Prospecting', '2025-05-27', 45870.99, 'EUR', '001000000000040', 'OPP-00092'),
  ('006000000000093', 'Leverage Ubiquitous Channels', 'Closed Lost', '2026-03-16', 72808.25, 'EUR', '001000000000041', 'OPP-00093'),
  ('006000000000094', 'Morph Cross-Platform Relationships', 'Closed Lost', '2026-08-09', 422299.46, 'USD', '001000000000041', 'OPP-00094'),
  ('006000000000095', 'Architect B2C Models', 'Qualification', '2025-12-11', 206722.72, 'CHF', '001000000000041', 'OPP-00095'),
  ('006000000000096', 'Brand Value-Added Action-Items', 'Qualification', '2026-01-11', 117303.07, 'CHF', '001000000000042', 'OPP-00096'),
  ('006000000000097', 'Deploy Seamless Solutions', 'Closed Won', '2026-12-03', 406988.75, 'EUR', '001000000000042', 'OPP-00097'),
  ('006000000000098', 'Optimize World-Class Solutions', 'Qualification', '2026-10-21', 120891.52, 'GBP', '001000000000043', 'OPP-00098'),
  ('006000000000099', 'Scale Robust Supply-Chains', 'Prospecting', '2025-12-21', 129235.64, 'CHF', '001000000000043', 'OPP-00099'),
  ('006000000000100', 'Orchestrate End-To-End Initiatives', 'Prospecting', '2026-06-24', 93319.85, 'CHF', '001000000000043', 'OPP-00100'),
  ('006000000000101', 'Monetize Impactful Partnerships', 'Closed Won', '2026-05-01', 75944.78, 'EUR', '001000000000043', 'OPP-00101'),
  ('006000000000102', 'E-Enable Intuitive E-Tailers', 'Prospecting', '2026-03-31', 67938.54, 'CHF', '001000000000044', 'OPP-00102'),
  ('006000000000103', 'Deliver Innovative E-Markets', 'Prospecting', '2025-06-25', 360310.64, 'EUR', '001000000000044', 'OPP-00103'),
  ('006000000000104', 'Architect Cross-Platform Communities', 'Closed Lost', '2026-03-24', 460129.57, 'GBP', '001000000000044', 'OPP-00104'),
  ('006000000000105', 'Generate Rich Markets', 'Qualification', '2024-07-15', 172278.89, 'GBP', '001000000000044', 'OPP-00105'),
  ('006000000000106', 'Harness Holistic Networks', 'Qualification', '2025-12-09', 237843.09, 'GBP', '001000000000045', 'OPP-00106'),
  ('006000000000107', 'Unleash Seamless Applications', 'Qualification', '2026-04-24', 1947.78, 'CHF', '001000000000045', 'OPP-00107'),
  ('006000000000108', 'Leverage Proactive Content', 'Closed Lost', '2026-06-09', 349696.0, 'CHF', '001000000000045', 'OPP-00108'),
  ('006000000000109', 'Maximize Holistic E-Commerce', 'Closed Lost', '2025-05-17', 42119.14, 'CHF', '001000000000045', 'OPP-00109'),
  ('006000000000110', 'Aggregate Collaborative Web-Readiness', 'Qualification', '2025-04-09', 55878.96, 'CHF', '001000000000046', 'OPP-00110'),
  ('006000000000111', 'Matrix One-To-One Markets', 'Qualification', '2025-03-27', 442898.01, 'USD', '001000000000046', 'OPP-00111'),
  ('006000000000112', 'Disintermediate Integrated Platforms', 'Closed Lost', '2025-05-22', 348071.71, 'EUR', '001000000000047', 'OPP-00112'),
  ('006000000000113', 'Disintermediate Virtual Methodologies', 'Closed Won', '2024-11-24', 168586.36, 'EUR', '001000000000048', 'OPP-00113'),
  ('006000000000114', 'Facilitate Sticky Supply-Chains', 'Prospecting', '2026-03-22', 466853.31, 'USD', '001000000000048', 'OPP-00114'),
  ('006000000000115', 'Utilize Value-Added Methodologies', 'Qualification', '2024-07-26', 154701.32, 'CHF', '001000000000048', 'OPP-00115'),
  ('006000000000116', 'Disintermediate Integrated Relationships', 'Closed Lost', '2025-05-04', 1161.4, 'CHF', '001000000000048', 'OPP-00116'),
  ('006000000000117', 'Streamline E-Business Networks', 'Closed Lost', '2026-12-04', 271014.99, 'CHF', '001000000000049', 'OPP-00117'),
  ('006000000000118', 'Syndicate Out-Of-The-Box Relationships', 'Closed Won', '2024-12-27', 434583.85, 'EUR', '001000000000049', 'OPP-00118'),
  ('006000000000119', 'Evolve Integrated Functionalities', 'Qualification', '2025-07-11', 280810.77, 'EUR', '001000000000049', 'OPP-00119'),
  ('006000000000120', 'Scale Efficient Applications', 'Prospecting', '2026-05-08', 471688.05, 'USD', '001000000000049', 'OPP-00120'),
  ('006000000000121', 'Monetize Distributed Architectures', 'Prospecting', '2026-08-07', 322920.39, 'GBP', '001000000000050', 'OPP-00121'),
  ('006000000000122', 'Mesh Seamless Action-Items', 'Closed Won', '2025-10-10', 3163.34, 'GBP', '001000000000050', 'OPP-00122'),
  ('006000000000123', 'Engage Value-Added Vortals', 'Closed Won', '2026-06-23', 223509.29, 'EUR', '001000000000051', 'OPP-00123'),
  ('006000000000124', 'Generate Wireless E-Commerce', 'Qualification', '2025-11-18', 116248.85, 'EUR', '001000000000051', 'OPP-00124'),
  ('006000000000125', 'Repurpose One-To-One Functionalities', 'Closed Lost', '2027-03-28', 285251.14, 'GBP', '001000000000051', 'OPP-00125'),
  ('006000000000126', 'Redefine Cutting-Edge Applications', 'Closed Won', '2025-12-21', 474173.12, 'EUR', '001000000000052', 'OPP-00126'),
  ('006000000000127', 'Transition Web-Enabled Platforms', 'Prospecting', '2027-01-15', 425410.52, 'CHF', '001000000000052', 'OPP-00127'),
  ('006000000000128', 'Redefine Real-Time Content', 'Closed Won', '2025-02-20', 10559.71, 'CHF', '001000000000052', 'OPP-00128'),
  ('006000000000129', 'Strategize Efficient Architectures', 'Prospecting', '2027-01-20', 350634.75, 'USD', '001000000000053', 'OPP-00129'),
  ('006000000000130', 'Innovate Magnetic Methodologies', 'Qualification', '2024-09-02', 453368.56, 'GBP', '001000000000054', 'OPP-00130'),
  ('006000000000131', 'Engage Mission-Critical Web Services', 'Closed Lost', '2025-12-19', 345336.17, 'GBP', '001000000000054', 'OPP-00131'),
  ('006000000000132', 'Evolve Scalable Vortals', 'Prospecting', '2026-12-04', 165763.74, 'GBP', '001000000000054', 'OPP-00132'),
  ('006000000000133', 'Productize Dot-Com Action-Items', 'Prospecting', '2026-11-28', 443981.39, 'CHF', '001000000000055', 'OPP-00133'),
  ('006000000000134', 'Scale Revolutionary Web Services', 'Prospecting', '2025-01-14', 266177.37, 'CHF', '001000000000055', 'OPP-00134'),
  ('006000000000135', 'Re-Contextualize Next-Generation Partnerships', 'Closed Lost', '2025-09-16', 193548.68, 'USD', '001000000000055', 'OPP-00135'),
  ('006000000000136', 'Re-Contextualize Extensible Partnerships', 'Qualification', '2025-05-04', 178474.95, 'CHF', '001000000000056', 'OPP-00136'),
  ('006000000000137', 'Unleash Cutting-Edge Initiatives', 'Prospecting', '2024-12-17', 328644.47, 'CHF', '001000000000056', 'OPP-00137'),
  ('006000000000138', 'E-Enable Intuitive Supply-Chains', 'Closed Won', '2026-01-12', 486431.96, 'EUR', '001000000000057', 'OPP-00138'),
  ('006000000000139', 'Engineer Interactive Mindshare', 'Prospecting', '2025-11-21', 57505.32, 'CHF', '001000000000058', 'OPP-00139'),
  ('006000000000140', 'Strategize Strategic Relationships', 'Qualification', '2026-04-30', 354274.78, 'GBP', '001000000000058', 'OPP-00140'),
  ('006000000000141', 'Orchestrate Distributed Info-Mediaries', 'Prospecting', '2027-02-25', 319013.43, 'EUR', '001000000000058', 'OPP-00141'),
  ('006000000000142', 'Repurpose Collaborative Portals', 'Qualification', '2026-06-15', 357628.68, 'EUR', '001000000000059', 'OPP-00142'),
  ('006000000000143', 'Incubate Compelling Networks', 'Closed Won', '2025-03-17', 272626.65, 'GBP', '001000000000059', 'OPP-00143'),
  ('006000000000144', 'Aggregate Dynamic E-Business', 'Qualification', '2026-03-30', 36719.7, 'EUR', '001000000000060', 'OPP-00144'),
  ('006000000000145', 'Exploit Cross-Media Experiences', 'Closed Won', '2027-06-26', 287398.3, 'EUR', '001000000000060', 'OPP-00145'),
  ('006000000000146', 'Embrace Back-End Platforms', 'Prospecting', '2024-08-09', 92475.26, 'CHF', '001000000000060', 'OPP-00146'),
  ('006000000000147', 'Monetize Robust Markets', 'Closed Won', '2025-10-07', 367303.73, 'EUR', '001000000000061', 'OPP-00147'),
  ('006000000000148', 'Strategize Killer Applications', 'Closed Won', '2027-03-06', 268433.52, 'USD', '001000000000061', 'OPP-00148'),
  ('006000000000149', 'Re-Contextualize Collaborative Channels', 'Closed Lost', '2024-08-16', 365780.9, 'USD', '001000000000061', 'OPP-00149'),
  ('006000000000150', 'Engineer Transparent Methodologies', 'Prospecting', '2026-05-08', 287859.93, 'CHF', '001000000000062', 'OPP-00150'),
  ('006000000000151', 'Extend Real-Time Content', 'Closed Won', '2027-04-11', 82247.43, 'USD', '001000000000062', 'OPP-00151'),
  ('006000000000152', 'Implement Global Deliverables', 'Qualification', '2025-01-27', 195290.87, 'GBP', '001000000000062', 'OPP-00152'),
  ('006000000000153', 'Engineer Visionary Mindshare', 'Qualification', '2024-10-15', 272848.02, 'GBP', '001000000000063', 'OPP-00153'),
  ('006000000000154', 'Target Interactive Partnerships', 'Prospecting', '2027-06-17', 93803.31, 'CHF', '001000000000063', 'OPP-00154'),
  ('006000000000155', 'Mesh Extensible Paradigms', 'Prospecting', '2024-12-26', 383255.9, 'EUR', '001000000000064', 'OPP-00155'),
  ('006000000000156', 'Iterate Synergistic Markets', 'Prospecting', '2025-01-18', 60077.5, 'EUR', '001000000000064', 'OPP-00156'),
  ('006000000000157', 'Empower One-To-One Users', 'Qualification', '2026-04-01', 130081.72, 'CHF', '001000000000064', 'OPP-00157'),
  ('006000000000158', 'Deploy Scalable Networks', 'Qualification', '2026-05-10', 266197.4, 'GBP', '001000000000065', 'OPP-00158'),
  ('006000000000159', 'Seize 24/7 Synergies', 'Qualification', '2026-12-22', 437910.22, 'GBP', '001000000000065', 'OPP-00159'),
  ('006000000000160', 'Monetize Synergistic Supply-Chains', 'Prospecting', '2026-05-14', 491402.47, 'GBP', '001000000000065', 'OPP-00160'),
  ('006000000000161', 'Incubate Extensible E-Tailers', 'Closed Lost', '2024-07-01', 348856.57, 'GBP', '001000000000066', 'OPP-00161'),
  ('006000000000162', 'Target Visionary Channels', 'Prospecting', '2024-07-08', 200088.86, 'GBP', '001000000000066', 'OPP-00162'),
  ('006000000000163', 'Synergize Frictionless Niches', 'Closed Won', '2025-06-19', 191733.05, 'GBP', '001000000000066', 'OPP-00163'),
  ('006000000000164', 'Integrate Enterprise Bandwidth', 'Qualification', '2025-01-14', 336613.09, 'CHF', '001000000000066', 'OPP-00164'),
  ('006000000000165', 'Re-Intermediate Clicks-And-Mortar Systems', 'Closed Lost', '2026-04-10', 249028.56, 'CHF', '001000000000067', 'OPP-00165'),
  ('006000000000166', 'Mesh Turn-Key E-Commerce', 'Prospecting', '2025-02-28', 321112.33, 'EUR', '001000000000067', 'OPP-00166'),
  ('006000000000167', 'Visualize Leading-Edge Deliverables', 'Qualification', '2027-05-18', 385484.54, 'CHF', '001000000000067', 'OPP-00167'),
  ('006000000000168', 'Empower Global Platforms', 'Closed Lost', '2024-09-06', 233365.14, 'GBP', '001000000000067', 'OPP-00168'),
  ('006000000000169', 'Deliver Enterprise E-Business', 'Closed Won', '2024-11-29', 429182.91, 'USD', '001000000000068', 'OPP-00169'),
  ('006000000000170', 'Transform Bleeding-Edge Initiatives', 'Prospecting', '2025-08-30', 27387.38, 'CHF', '001000000000068', 'OPP-00170'),
  ('006000000000171', 'Empower Granular Experiences', 'Closed Won', '2026-08-28', 427486.1, 'GBP', '001000000000069', 'OPP-00171'),
  ('006000000000172', 'Leverage Collaborative Web Services', 'Closed Lost', '2026-07-21', 152751.8, 'USD', '001000000000070', 'OPP-00172'),
  ('006000000000173', 'Architect Integrated Web-Readiness', 'Qualification', '2027-04-05', 263584.49, 'CHF', '001000000000070', 'OPP-00173'),
  ('006000000000174', 'Empower B2B Initiatives', 'Prospecting', '2026-03-24', 67861.16, 'CHF', '001000000000070', 'OPP-00174'),
  ('006000000000175', 'Implement Open-Source Niches', 'Closed Lost', '2026-08-19', 103675.89, 'GBP', '001000000000071', 'OPP-00175'),
  ('006000000000176', 'Empower Proactive Technologies', 'Closed Lost', '2024-11-11', 182932.78, 'CHF', '001000000000071', 'OPP-00176'),
  ('006000000000177', 'Matrix Open-Source Action-Items', 'Qualification', '2026-05-09', 42006.55, 'GBP', '001000000000071', 'OPP-00177'),
  ('006000000000178', 'Engage Vertical Channels', 'Closed Lost', '2026-10-29', 151760.42, 'USD', '001000000000072', 'OPP-00178'),
  ('006000000000179', 'Matrix World-Class Vortals', 'Prospecting', '2025-02-01', 140697.03, 'GBP', '001000000000072', 'OPP-00179'),
  ('006000000000180', 'Engage Impactful Web Services', 'Qualification', '2024-10-24', 29900.76, 'USD', '001000000000073', 'OPP-00180'),
  ('006000000000181', 'Iterate Collaborative Functionalities', 'Closed Won', '2025-11-18', 412620.08, 'CHF', '001000000000073', 'OPP-00181'),
  ('006000000000182', 'Seize Leading-Edge Partnerships', 'Qualification', '2026-08-19', 214922.37, 'USD', '001000000000073', 'OPP-00182'),
  ('006000000000183', 'Monetize Virtual Relationships', 'Qualification', '2025-09-15', 73735.41, 'USD', '001000000000074', 'OPP-00183'),
  ('006000000000184', 'Evolve Bricks-And-Clicks Convergence', 'Closed Lost', '2027-03-18', 268683.62, 'EUR', '001000000000075', 'OPP-00184'),
  ('006000000000185', 'Envisioneer Strategic Relationships', 'Qualification', '2026-08-12', 487907.09, 'CHF', '001000000000075', 'OPP-00185'),
  ('006000000000186', 'Incentivize Synergistic Models', 'Qualification', '2026-09-15', 92481.18, 'EUR', '001000000000076', 'OPP-00186'),
  ('006000000000187', 'Mesh Open-Source Roi', 'Closed Won', '2024-09-13', 281798.33, 'CHF', '001000000000077', 'OPP-00187'),
  ('006000000000188', 'Brand Plug-And-Play Action-Items', 'Closed Won', '2024-10-09', 487457.61, 'GBP', '001000000000077', 'OPP-00188'),
  ('006000000000189', 'Facilitate Proactive Channels', 'Closed Won', '2024-07-23', 63343.3, 'CHF', '001000000000078', 'OPP-00189'),
  ('006000000000190', 'Disintermediate Efficient Vortals', 'Closed Won', '2025-11-06', 57318.68, 'GBP', '001000000000078', 'OPP-00190'),
  ('006000000000191', 'Unleash Seamless E-Commerce', 'Prospecting', '2027-05-29', 331873.26, 'USD', '001000000000078', 'OPP-00191'),
  ('006000000000192', 'Drive Mission-Critical Architectures', 'Closed Won', '2024-08-26', 139420.72, 'GBP', '001000000000078', 'OPP-00192'),
  ('006000000000193', 'E-Enable Seamless Metrics', 'Closed Lost', '2026-05-04', 326163.52, 'EUR', '001000000000079', 'OPP-00193'),
  ('006000000000194', 'Synthesize Cross-Platform Schemas', 'Prospecting', '2024-12-30', 249078.88, 'CHF', '001000000000080', 'OPP-00194'),
  ('006000000000195', 'Target E-Business Info-Mediaries', 'Closed Won', '2027-03-26', 125588.88, 'USD', '001000000000081', 'OPP-00195'),
  ('006000000000196', 'Deploy Real-Time Channels', 'Prospecting', '2024-07-08', 377041.83, 'CHF', '001000000000081', 'OPP-00196'),
  ('006000000000197', 'Productize Customized E-Markets', 'Prospecting', '2026-09-07', 281042.83, 'EUR', '001000000000081', 'OPP-00197'),
  ('006000000000198', 'Expedite Integrated Roi', 'Closed Won', '2026-02-02', 324314.28, 'GBP', '001000000000081', 'OPP-00198'),
  ('006000000000199', 'Reinvent Dynamic Channels', 'Prospecting', '2024-12-10', 143365.72, 'GBP', '001000000000082', 'OPP-00199'),
  ('006000000000200', 'Engineer Global Functionalities', 'Closed Won', '2027-06-13', 89990.78, 'CHF', '001000000000083', 'OPP-00200'),
  ('006000000000201', 'Generate Ubiquitous Technologies', 'Closed Won', '2026-09-03', 495615.32, 'GBP', '001000000000084', 'OPP-00201'),
  ('006000000000202', 'Iterate Value-Added Deliverables', 'Closed Lost', '2026-12-04', 397418.12, 'CHF', '001000000000084', 'OPP-00202'),
  ('006000000000203', 'Incentivize Plug-And-Play Networks', 'Closed Lost', '2026-03-25', 38829.41, 'EUR', '001000000000084', 'OPP-00203'),
  ('006000000000204', 'Harness Dynamic Methodologies', 'Prospecting', '2026-04-29', 148321.8, 'EUR', '001000000000084', 'OPP-00204'),
  ('006000000000205', 'Enhance Visionary Portals', 'Qualification', '2026-08-09', 209248.56, 'GBP', '001000000000085', 'OPP-00205'),
  ('006000000000206', 'Leverage Turn-Key Relationships', 'Closed Lost', '2027-03-01', 328958.01, 'EUR', '001000000000085', 'OPP-00206'),
  ('006000000000207', 'Scale Integrated Mindshare', 'Closed Lost', '2026-12-23', 337881.83, 'EUR', '001000000000086', 'OPP-00207'),
  ('006000000000208', 'Brand Ubiquitous Portals', 'Closed Won', '2027-03-18', 475552.29, 'GBP', '001000000000087', 'OPP-00208'),
  ('006000000000209', 'Empower Dot-Com Schemas', 'Prospecting', '2026-03-12', 183881.97, 'CHF', '001000000000087', 'OPP-00209'),
  ('006000000000210', 'Transition User-Centric Deliverables', 'Closed Won', '2026-02-25', 303018.3, 'EUR', '001000000000088', 'OPP-00210'),
  ('006000000000211', 'Grow Turn-Key E-Services', 'Closed Lost', '2025-12-16', 262473.17, 'USD', '001000000000088', 'OPP-00211'),
  ('006000000000212', 'Revolutionize Synergistic Portals', 'Qualification', '2025-03-11', 354283.71, 'CHF', '001000000000088', 'OPP-00212'),
  ('006000000000213', 'Strategize Bleeding-Edge Paradigms', 'Closed Lost', '2026-06-27', 159422.41, 'EUR', '001000000000089', 'OPP-00213'),
  ('006000000000214', 'Redefine Next-Generation Methodologies', 'Prospecting', '2026-02-25', 436501.62, 'EUR', '001000000000089', 'OPP-00214'),
  ('006000000000215', 'Enable Extensible Web Services', 'Closed Won', '2024-12-15', 56616.32, 'CHF', '001000000000090', 'OPP-00215'),
  ('006000000000216', 'Target Robust Functionalities', 'Qualification', '2025-03-28', 37914.53, 'USD', '001000000000091', 'OPP-00216'),
  ('006000000000217', 'Harness Rich Solutions', 'Qualification', '2025-03-20', 148939.11, 'CHF', '001000000000091', 'OPP-00217'),
  ('006000000000218', 'Re-Contextualize Wireless E-Services', 'Closed Won', '2026-10-24', 1751.43, 'USD', '001000000000091', 'OPP-00218'),
  ('006000000000219', 'Revolutionize Ubiquitous Niches', 'Closed Won', '2027-05-21', 222563.19, 'CHF', '001000000000091', 'OPP-00219'),
  ('006000000000220', 'Reinvent 24/7 Infrastructures', 'Closed Won', '2026-10-23', 280563.05, 'USD', '001000000000092', 'OPP-00220'),
  ('006000000000221', 'Incubate Vertical Applications', 'Closed Won', '2025-04-29', 187601.67, 'EUR', '001000000000092', 'OPP-00221'),
  ('006000000000222', 'Revolutionize Wireless Channels', 'Qualification', '2027-02-01', 246131.81, 'USD', '001000000000092', 'OPP-00222'),
  ('006000000000223', 'Transform Integrated Synergies', 'Prospecting', '2026-02-05', 347309.25, 'CHF', '001000000000093', 'OPP-00223'),
  ('006000000000224', 'Re-Contextualize Mission-Critical Convergence', 'Prospecting', '2025-12-30', 37143.01, 'USD', '001000000000094', 'OPP-00224'),
  ('006000000000225', 'Monetize User-Centric Solutions', 'Closed Lost', '2026-02-27', 230136.22, 'CHF', '001000000000094', 'OPP-00225'),
  ('006000000000226', 'Benchmark Rich Platforms', 'Closed Lost', '2026-06-01', 397060.56, 'USD', '001000000000094', 'OPP-00226'),
  ('006000000000227', 'Cultivate E-Business Convergence', 'Closed Won', '2025-04-05', 242779.29, 'USD', '001000000000094', 'OPP-00227'),
  ('006000000000228', 'Empower Revolutionary Partnerships', 'Closed Won', '2025-09-15', 93867.19, 'EUR', '001000000000095', 'OPP-00228'),
  ('006000000000229', 'Innovate Global Markets', 'Closed Lost', '2025-02-15', 35296.23, 'CHF', '001000000000095', 'OPP-00229'),
  ('006000000000230', 'Redefine Visionary Infrastructures', 'Closed Won', '2026-07-01', 350031.28, 'USD', '001000000000095', 'OPP-00230'),
  ('006000000000231', 'Re-Contextualize B2B Technologies', 'Closed Won', '2026-11-27', 156071.52, 'GBP', '001000000000096', 'OPP-00231'),
  ('006000000000232', 'Enable Killer Channels', 'Closed Won', '2024-11-06', 223761.79, 'CHF', '001000000000097', 'OPP-00232'),
  ('006000000000233', 'Integrate Magnetic Methodologies', 'Qualification', '2025-03-27', 268057.87, 'EUR', '001000000000098', 'OPP-00233'),
  ('006000000000234', 'Incentivize Innovative Experiences', 'Qualification', '2027-03-31', 438188.03, 'CHF', '001000000000099', 'OPP-00234'),
  ('006000000000235', 'Implement Best-Of-Breed Solutions', 'Closed Won', '2026-09-17', 107950.24, 'USD', '001000000000100', 'OPP-00235');

INSERT INTO "Project__c" ("Id", "Name", "Project_Status__c", "Go_Live_Date__c", "Account__c", "Opportunity__c", "Legacy_Project_ID__c") VALUES
  ('a00000000000001', 'Kruschwitz Impl.', 'Completed', '2026-09-17', '001000000000001', '006000000000022', 'PROJ-00001'),
  ('a00000000000002', 'Liebelt GmbH & Co. KG Impl.', 'On Hold', '2028-05-21', '001000000000001', '006000000000211', 'PROJ-00002'),
  ('a00000000000003', 'Roskoth Impl.', 'On Hold', '2027-05-31', '001000000000002', '006000000000086', 'PROJ-00003'),
  ('a00000000000004', 'Herrmann Impl.', 'Active', '2027-05-02', '001000000000004', '006000000000192', 'PROJ-00004'),
  ('a00000000000005', 'Scholz Impl.', 'Completed', '2028-05-12', '001000000000004', '006000000000111', 'PROJ-00005'),
  ('a00000000000006', 'Stumpf Impl.', 'In Planning', '2026-04-13', '001000000000004', '006000000000158', 'PROJ-00006'),
  ('a00000000000007', 'Schleich AG Impl.', 'Cancelled', '2027-08-08', '001000000000005', '006000000000030', 'PROJ-00007'),
  ('a00000000000008', 'Hartmann Stiftung & Co. KGaA Impl.', 'In Planning', '2027-04-23', '001000000000005', '006000000000057', 'PROJ-00008'),
  ('a00000000000009', 'Stey Fiebig AG & Co. OHG Impl.', 'Completed', '2027-09-16', '001000000000006', '006000000000105', 'PROJ-00009'),
  ('a00000000000010', 'Hölzenbecher AG & Co. OHG Impl.', 'Cancelled', '2026-02-18', '001000000000006', '006000000000099', 'PROJ-00010'),
  ('a00000000000011', 'Matthäi Impl.', 'Active', '2025-10-24', '001000000000006', '006000000000012', 'PROJ-00011'),
  ('a00000000000012', 'Geisler Meister GbR Impl.', 'Active', '2025-07-03', '001000000000008', '006000000000083', 'PROJ-00012'),
  ('a00000000000013', 'Wesack Impl.', 'Active', '2026-04-07', '001000000000008', '006000000000053', 'PROJ-00013'),
  ('a00000000000014', 'Fritsch Impl.', 'In Planning', '2025-11-18', '001000000000009', '006000000000147', 'PROJ-00014'),
  ('a00000000000015', 'Grein Groth Impl.', 'Completed', '2028-02-01', '001000000000011', '006000000000087', 'PROJ-00015'),
  ('a00000000000016', 'Thanel Impl.', 'Cancelled', '2026-08-02', '001000000000011', '006000000000164', 'PROJ-00016'),
  ('a00000000000017', 'Wilmsen Impl.', 'Completed', '2028-06-22', '001000000000011', '006000000000159', 'PROJ-00017'),
  ('a00000000000018', 'Hiller Impl.', 'Active', '2027-11-26', '001000000000012', '006000000000045', 'PROJ-00018'),
  ('a00000000000019', 'Röhrdanz Beyer GmbH & Co. KG Impl.', 'Cancelled', '2028-02-17', '001000000000012', '006000000000150', 'PROJ-00019'),
  ('a00000000000020', 'Rosenow Hesse GmbH Impl.', 'Active', '2026-02-10', '001000000000012', '006000000000146', 'PROJ-00020'),
  ('a00000000000021', 'Scheel Impl.', 'On Hold', '2027-04-09', '001000000000014', '006000000000168', 'PROJ-00021'),
  ('a00000000000022', 'Freudenberger Bauer GmbH Impl.', 'Active', '2028-03-14', '001000000000014', '006000000000103', 'PROJ-00022'),
  ('a00000000000023', 'Juncken Impl.', 'Active', '2027-05-08', '001000000000015', '006000000000208', 'PROJ-00023'),
  ('a00000000000024', 'Huhn AG Impl.', 'Completed', '2025-10-01', '001000000000015', '006000000000078', 'PROJ-00024'),
  ('a00000000000025', 'Möchlichen Bruder GmbH & Co. KG Impl.', 'Completed', '2026-03-24', '001000000000015', '006000000000012', 'PROJ-00025'),
  ('a00000000000026', 'Hellwig Jäkel AG & Co. OHG Impl.', 'In Planning', '2025-11-08', '001000000000016', '006000000000189', 'PROJ-00026'),
  ('a00000000000027', 'Köster Impl.', 'On Hold', '2027-09-29', '001000000000018', '006000000000052', 'PROJ-00027'),
  ('a00000000000028', 'Renner Koch AG & Co. KGaA Impl.', 'Cancelled', '2027-04-11', '001000000000018', '006000000000198', 'PROJ-00028'),
  ('a00000000000029', 'Döring Stumpf GmbH Impl.', 'Cancelled', '2028-06-12', '001000000000019', '006000000000120', 'PROJ-00029'),
  ('a00000000000030', 'Jacob OHG mbH Impl.', 'On Hold', '2027-07-13', '001000000000019', '006000000000231', 'PROJ-00030'),
  ('a00000000000031', 'Grein Groth Köhler e.V. Impl.', 'In Planning', '2027-03-16', '001000000000020', '006000000000150', 'PROJ-00031'),
  ('a00000000000032', 'Christoph Reichmann e.V. Impl.', 'On Hold', '2028-03-04', '001000000000020', '006000000000035', 'PROJ-00032'),
  ('a00000000000033', 'Speer Impl.', 'Cancelled', '2026-01-02', '001000000000020', '006000000000106', 'PROJ-00033'),
  ('a00000000000034', 'Heinrich Ruppersberger GmbH Impl.', 'Completed', '2026-04-24', '001000000000021', '006000000000129', 'PROJ-00034'),
  ('a00000000000035', 'Rosemann Stroh e.V. Impl.', 'Active', '2027-05-07', '001000000000022', '006000000000106', 'PROJ-00035'),
  ('a00000000000036', 'Aumann GmbH & Co. KGaA Impl.', 'On Hold', '2025-08-19', '001000000000023', '006000000000180', 'PROJ-00036'),
  ('a00000000000037', 'Franke Impl.', 'In Planning', '2028-03-17', '001000000000024', '006000000000110', 'PROJ-00037'),
  ('a00000000000038', 'Roskoth Schönland KG Impl.', 'On Hold', '2026-05-17', '001000000000024', '006000000000127', 'PROJ-00038'),
  ('a00000000000039', 'Oderwald Peukert AG & Co. KG Impl.', 'Cancelled', '2027-02-28', '001000000000025', '006000000000082', 'PROJ-00039'),
  ('a00000000000040', 'Täsche Vollbrecht e.V. Impl.', 'Completed', '2026-12-01', '001000000000025', '006000000000059', 'PROJ-00040'),
  ('a00000000000041', 'Lange AG Impl.', 'Completed', '2027-11-14', '001000000000025', '006000000000050', 'PROJ-00041'),
  ('a00000000000042', 'Schmidt Impl.', 'On Hold', '2027-07-14', '001000000000026', '006000000000063', 'PROJ-00042'),
  ('a00000000000043', 'Täsche Rose AG Impl.', 'Cancelled', '2027-02-10', '001000000000027', '006000000000017', 'PROJ-00043'),
  ('a00000000000044', 'Kohl AG & Co. OHG Impl.', 'Completed', '2027-10-27', '001000000000027', '006000000000159', 'PROJ-00044'),
  ('a00000000000045', 'Eigenwillig Beyer AG Impl.', 'Active', '2028-03-21', '001000000000028', '006000000000003', 'PROJ-00045'),
  ('a00000000000046', 'Walter AG Impl.', 'In Planning', '2025-12-08', '001000000000028', '006000000000223', 'PROJ-00046'),
  ('a00000000000047', 'Junitz Impl.', 'Completed', '2027-05-04', '001000000000029', '006000000000160', 'PROJ-00047'),
  ('a00000000000048', 'Bolnbach Impl.', 'Completed', '2025-08-19', '001000000000029', '006000000000193', 'PROJ-00048'),
  ('a00000000000049', 'Renner Fiebig Stiftung & Co. KG Impl.', 'Completed', '2026-10-09', '001000000000030', '006000000000232', 'PROJ-00049'),
  ('a00000000000050', 'Gnatz KG Impl.', 'Cancelled', '2027-01-30', '001000000000030', '006000000000057', 'PROJ-00050'),
  ('a00000000000051', 'Bonbach GmbH & Co. KGaA Impl.', 'In Planning', '2026-06-28', '001000000000030', '006000000000217', 'PROJ-00051'),
  ('a00000000000052', 'Karge Impl.', 'In Planning', '2027-07-22', '001000000000031', '006000000000220', 'PROJ-00052'),
  ('a00000000000053', 'Schenk van der Dussen GmbH Impl.', 'Cancelled', '2028-03-02', '001000000000031', '006000000000111', 'PROJ-00053'),
  ('a00000000000054', 'Klotz GmbH & Co. OHG Impl.', 'Completed', '2025-09-26', '001000000000032', '006000000000012', 'PROJ-00054'),
  ('a00000000000055', 'Koch Impl.', 'In Planning', '2025-11-04', '001000000000032', '006000000000068', 'PROJ-00055'),
  ('a00000000000056', 'Stiebitz GmbH Impl.', 'Active', '2027-04-08', '001000000000033', '006000000000020', 'PROJ-00056'),
  ('a00000000000057', 'Wähner Impl.', 'On Hold', '2025-07-16', '001000000000033', '006000000000012', 'PROJ-00057'),
  ('a00000000000058', 'Weinhage KGaA Impl.', 'Cancelled', '2027-12-22', '001000000000033', '006000000000080', 'PROJ-00058'),
  ('a00000000000059', 'Rose Karge OHG mbH Impl.', 'Active', '2025-12-22', '001000000000034', '006000000000089', 'PROJ-00059'),
  ('a00000000000060', 'Niemeier GmbH & Co. KG Impl.', 'On Hold', '2026-01-04', '001000000000034', '006000000000092', 'PROJ-00060'),
  ('a00000000000061', 'Wesack Impl.', 'In Planning', '2028-04-04', '001000000000034', '006000000000047', 'PROJ-00061'),
  ('a00000000000062', 'Nerger Impl.', 'Active', '2026-02-05', '001000000000035', '006000000000081', 'PROJ-00062'),
  ('a00000000000063', 'Mülichen GmbH Impl.', 'On Hold', '2028-01-08', '001000000000035', '006000000000059', 'PROJ-00063'),
  ('a00000000000064', 'Heinz KGaA Impl.', 'On Hold', '2027-07-02', '001000000000035', '006000000000206', 'PROJ-00064'),
  ('a00000000000065', 'Seifert Impl.', 'On Hold', '2026-04-18', '001000000000036', '006000000000114', 'PROJ-00065'),
  ('a00000000000066', 'Sorgatz OHG mbH Impl.', 'Cancelled', '2027-12-24', '001000000000036', '006000000000148', 'PROJ-00066'),
  ('a00000000000067', 'Rogge KGaA Impl.', 'In Planning', '2026-07-21', '001000000000037', '006000000000009', 'PROJ-00067'),
  ('a00000000000068', 'Hendriks Impl.', 'On Hold', '2027-07-08', '001000000000037', '006000000000132', 'PROJ-00068'),
  ('a00000000000069', 'Albers Carsten Stiftung & Co. KG Impl.', 'Cancelled', '2027-06-12', '001000000000039', '006000000000224', 'PROJ-00069'),
  ('a00000000000070', 'Hesse Impl.', 'Active', '2026-07-08', '001000000000039', '006000000000141', 'PROJ-00070'),
  ('a00000000000071', 'Walter Impl.', 'On Hold', '2028-05-05', '001000000000039', '006000000000143', 'PROJ-00071'),
  ('a00000000000072', 'Kranz Holsten AG & Co. KG Impl.', 'Completed', '2026-11-30', '001000000000040', '006000000000023', 'PROJ-00072'),
  ('a00000000000073', 'Knappe GmbH & Co. OHG Impl.', 'In Planning', '2026-07-09', '001000000000040', '006000000000026', 'PROJ-00073'),
  ('a00000000000074', 'Carsten Impl.', 'Cancelled', '2027-04-24', '001000000000041', '006000000000003', 'PROJ-00074'),
  ('a00000000000075', 'Schenk GmbH & Co. OHG Impl.', 'In Planning', '2025-09-12', '001000000000042', '006000000000074', 'PROJ-00075'),
  ('a00000000000076', 'Kobelt Jockel Stiftung & Co. KGaA Impl.', 'In Planning', '2026-04-05', '001000000000042', '006000000000160', 'PROJ-00076'),
  ('a00000000000077', 'Trub Impl.', 'In Planning', '2028-03-16', '001000000000044', '006000000000138', 'PROJ-00077'),
  ('a00000000000078', 'Haase Impl.', 'On Hold', '2027-11-18', '001000000000044', '006000000000096', 'PROJ-00078'),
  ('a00000000000079', 'Reinhardt GmbH Impl.', 'Cancelled', '2026-07-14', '001000000000045', '006000000000077', 'PROJ-00079'),
  ('a00000000000080', 'Heidrich GmbH Impl.', 'On Hold', '2025-10-27', '001000000000045', '006000000000040', 'PROJ-00080'),
  ('a00000000000081', 'Wulf Jähn AG Impl.', 'Cancelled', '2026-06-12', '001000000000045', '006000000000004', 'PROJ-00081'),
  ('a00000000000082', 'Bachmann GmbH & Co. OHG Impl.', 'Completed', '2026-01-07', '001000000000046', '006000000000041', 'PROJ-00082'),
  ('a00000000000083', 'Scholtz AG Impl.', 'Active', '2026-12-21', '001000000000047', '006000000000074', 'PROJ-00083'),
  ('a00000000000084', 'Dörschner AG Impl.', 'In Planning', '2027-02-13', '001000000000047', '006000000000138', 'PROJ-00084'),
  ('a00000000000085', 'Lange Kreusel AG Impl.', 'On Hold', '2027-03-24', '001000000000048', '006000000000055', 'PROJ-00085'),
  ('a00000000000086', 'Mühle Zahn AG & Co. OHG Impl.', 'Cancelled', '2025-12-04', '001000000000048', '006000000000212', 'PROJ-00086'),
  ('a00000000000087', 'Holsten Pieper AG & Co. KGaA Impl.', 'Completed', '2028-01-11', '001000000000048', '006000000000131', 'PROJ-00087'),
  ('a00000000000088', 'Kensy GbR Impl.', 'On Hold', '2026-10-17', '001000000000049', '006000000000019', 'PROJ-00088'),
  ('a00000000000089', 'Kramer Impl.', 'On Hold', '2027-05-08', '001000000000049', '006000000000124', 'PROJ-00089'),
  ('a00000000000090', 'Segebahn Impl.', 'In Planning', '2026-03-12', '001000000000050', '006000000000210', 'PROJ-00090'),
  ('a00000000000091', 'Krein GmbH & Co. KGaA Impl.', 'In Planning', '2026-04-11', '001000000000051', '006000000000035', 'PROJ-00091'),
  ('a00000000000092', 'Scholl GmbH Impl.', 'Cancelled', '2026-04-27', '001000000000052', '006000000000119', 'PROJ-00092'),
  ('a00000000000093', 'Wagner Döhn GmbH Impl.', 'Cancelled', '2026-03-20', '001000000000053', '006000000000103', 'PROJ-00093'),
  ('a00000000000094', 'Fritsch KG Impl.', 'Cancelled', '2026-04-07', '001000000000055', '006000000000060', 'PROJ-00094'),
  ('a00000000000095', 'Gorlitz Gerlach GbR Impl.', 'Completed', '2027-11-03', '001000000000055', '006000000000220', 'PROJ-00095'),
  ('a00000000000096', 'Fischer e.V. Impl.', 'Cancelled', '2027-02-05', '001000000000055', '006000000000096', 'PROJ-00096'),
  ('a00000000000097', 'Trubin GmbH Impl.', 'Completed', '2027-09-28', '001000000000056', '006000000000034', 'PROJ-00097'),
  ('a00000000000098', 'Peukert Wulff AG Impl.', 'Active', '2025-11-24', '001000000000056', '006000000000083', 'PROJ-00098'),
  ('a00000000000099', 'Trüb Möchlichen GmbH Impl.', 'On Hold', '2025-09-11', '001000000000057', '006000000000206', 'PROJ-00099'),
  ('a00000000000100', 'Döhn AG & Co. OHG Impl.', 'In Planning', '2028-04-03', '001000000000057', '006000000000140', 'PROJ-00100'),
  ('a00000000000101', 'Reinhardt Hendriks KGaA Impl.', 'Active', '2026-07-26', '001000000000057', '006000000000082', 'PROJ-00101'),
  ('a00000000000102', 'Vollbrecht Gieß e.V. Impl.', 'On Hold', '2027-01-25', '001000000000058', '006000000000191', 'PROJ-00102'),
  ('a00000000000103', 'Ackermann Bohlander GmbH & Co. KG Impl.', 'Completed', '2026-01-24', '001000000000058', '006000000000130', 'PROJ-00103'),
  ('a00000000000104', 'Thanel Stolze GmbH Impl.', 'On Hold', '2027-12-04', '001000000000058', '006000000000052', 'PROJ-00104'),
  ('a00000000000105', 'Schottin AG & Co. KG Impl.', 'In Planning', '2028-01-06', '001000000000059', '006000000000185', 'PROJ-00105'),
  ('a00000000000106', 'Pohl Impl.', 'Cancelled', '2027-10-05', '001000000000059', '006000000000060', 'PROJ-00106'),
  ('a00000000000107', 'Mende Impl.', 'Cancelled', '2026-02-17', '001000000000059', '006000000000082', 'PROJ-00107'),
  ('a00000000000108', 'Weitzel AG & Co. KG Impl.', 'On Hold', '2025-10-28', '001000000000060', '006000000000021', 'PROJ-00108'),
  ('a00000000000109', 'Caspar Mende GmbH & Co. OHG Impl.', 'In Planning', '2027-07-06', '001000000000060', '006000000000125', 'PROJ-00109'),
  ('a00000000000110', 'Kuhl Impl.', 'Cancelled', '2026-08-28', '001000000000060', '006000000000194', 'PROJ-00110'),
  ('a00000000000111', 'Preiß Schmidt GmbH Impl.', 'Completed', '2026-11-11', '001000000000061', '006000000000165', 'PROJ-00111'),
  ('a00000000000112', 'Wagner Hertrampf KGaA Impl.', 'Completed', '2025-08-15', '001000000000061', '006000000000077', 'PROJ-00112'),
  ('a00000000000113', 'Pechel Herrmann Stiftung & Co. KG Impl.', 'On Hold', '2025-07-30', '001000000000061', '006000000000152', 'PROJ-00113'),
  ('a00000000000114', 'Krause Impl.', 'Active', '2028-01-19', '001000000000063', '006000000000225', 'PROJ-00114'),
  ('a00000000000115', 'Matthäi GmbH & Co. KG Impl.', 'Completed', '2026-06-02', '001000000000063', '006000000000223', 'PROJ-00115'),
  ('a00000000000116', 'Carsten Wilms GmbH & Co. KGaA Impl.', 'Cancelled', '2025-06-30', '001000000000063', '006000000000139', 'PROJ-00116'),
  ('a00000000000117', 'Ullrich Impl.', 'Cancelled', '2027-07-04', '001000000000064', '006000000000133', 'PROJ-00117'),
  ('a00000000000118', 'Schottin Impl.', 'On Hold', '2027-11-28', '001000000000064', '006000000000066', 'PROJ-00118'),
  ('a00000000000119', 'Weitzel GmbH & Co. OHG Impl.', 'Completed', '2026-06-21', '001000000000064', '006000000000155', 'PROJ-00119'),
  ('a00000000000120', 'Heidrich Impl.', 'Active', '2027-06-07', '001000000000068', '006000000000161', 'PROJ-00120'),
  ('a00000000000121', 'Schmiedt Schmiedecke KG Impl.', 'Cancelled', '2025-07-24', '001000000000068', '006000000000137', 'PROJ-00121'),
  ('a00000000000122', 'Wilmsen Pruschke KGaA Impl.', 'Completed', '2025-09-17', '001000000000069', '006000000000191', 'PROJ-00122'),
  ('a00000000000123', 'Birnbaum Impl.', 'Cancelled', '2028-02-21', '001000000000070', '006000000000132', 'PROJ-00123'),
  ('a00000000000124', 'Gotthard Impl.', 'Active', '2028-06-04', '001000000000070', '006000000000212', 'PROJ-00124'),
  ('a00000000000125', 'auch Schlauchin Schmiedt GmbH Impl.', 'On Hold', '2026-12-11', '001000000000071', '006000000000217', 'PROJ-00125'),
  ('a00000000000126', 'Heser Kade AG Impl.', 'In Planning', '2025-07-04', '001000000000072', '006000000000216', 'PROJ-00126'),
  ('a00000000000127', 'Junken Trub AG & Co. OHG Impl.', 'On Hold', '2026-10-31', '001000000000073', '006000000000088', 'PROJ-00127'),
  ('a00000000000128', 'Schaaf GmbH Impl.', 'In Planning', '2025-10-28', '001000000000075', '006000000000213', 'PROJ-00128'),
  ('a00000000000129', 'Weinhage Knappe KG Impl.', 'In Planning', '2027-10-05', '001000000000077', '006000000000076', 'PROJ-00129'),
  ('a00000000000130', 'Herrmann Beer GmbH Impl.', 'Cancelled', '2025-11-14', '001000000000077', '006000000000175', 'PROJ-00130'),
  ('a00000000000131', 'Radisch Zobel KGaA Impl.', 'Cancelled', '2025-10-19', '001000000000079', '006000000000060', 'PROJ-00131'),
  ('a00000000000132', 'Sölzer Impl.', 'Cancelled', '2026-04-13', '001000000000079', '006000000000140', 'PROJ-00132'),
  ('a00000000000133', 'Bähr Barth AG Impl.', 'Cancelled', '2027-10-06', '001000000000083', '006000000000220', 'PROJ-00133'),
  ('a00000000000134', 'Salz AG & Co. KGaA Impl.', 'On Hold', '2028-04-15', '001000000000087', '006000000000039', 'PROJ-00134'),
  ('a00000000000135', 'Lehmann Hahn GmbH Impl.', 'Active', '2027-08-06', '001000000000087', '006000000000209', 'PROJ-00135'),
  ('a00000000000136', 'Neureuther Rosenow KG Impl.', 'In Planning', '2028-03-19', '001000000000088', '006000000000151', 'PROJ-00136'),
  ('a00000000000137', 'Bachmann Rogge AG Impl.', 'Completed', '2026-04-14', '001000000000089', '006000000000090', 'PROJ-00137'),
  ('a00000000000138', 'Huhn AG Impl.', 'In Planning', '2026-08-10', '001000000000091', '006000000000185', 'PROJ-00138'),
  ('a00000000000139', 'Zirme Flantz AG Impl.', 'Cancelled', '2025-07-18', '001000000000091', '006000000000025', 'PROJ-00139'),
  ('a00000000000140', 'Reichmann Davids GbR Impl.', 'Cancelled', '2028-01-08', '001000000000091', '006000000000120', 'PROJ-00140'),
  ('a00000000000141', 'Fliegner Krause GmbH Impl.', 'Completed', '2027-07-06', '001000000000092', '006000000000164', 'PROJ-00141'),
  ('a00000000000142', 'Gotthard Impl.', 'Cancelled', '2027-12-05', '001000000000093', '006000000000019', 'PROJ-00142'),
  ('a00000000000143', 'Stroh Impl.', 'In Planning', '2026-08-02', '001000000000095', '006000000000173', 'PROJ-00143'),
  ('a00000000000144', 'Rädel Hendriks KG Impl.', 'Cancelled', '2025-12-09', '001000000000095', '006000000000232', 'PROJ-00144'),
  ('a00000000000145', 'Sontag Süßebier GmbH & Co. OHG Impl.', 'Completed', '2025-07-27', '001000000000095', '006000000000153', 'PROJ-00145'),
  ('a00000000000146', 'Hornich Impl.', 'On Hold', '2025-08-17', '001000000000096', '006000000000114', 'PROJ-00146'),
  ('a00000000000147', 'Schleich GmbH Impl.', 'On Hold', '2027-01-16', '001000000000096', '006000000000059', 'PROJ-00147'),
  ('a00000000000148', 'Lorch AG Impl.', 'Completed', '2026-10-23', '001000000000096', '006000000000111', 'PROJ-00148'),
  ('a00000000000149', 'Haering Impl.', 'In Planning', '2027-08-27', '001000000000097', '006000000000184', 'PROJ-00149'),
  ('a00000000000150', 'Rädel Caspar e.G. Impl.', 'Completed', '2026-06-16', '001000000000097', '006000000000052', 'PROJ-00150'),
  ('a00000000000151', 'Gotthard Impl.', 'On Hold', '2025-07-04', '001000000000097', '006000000000039', 'PROJ-00151'),
  ('a00000000000152', 'Ziegert AG Impl.', 'On Hold', '2027-01-01', '001000000000098', '006000000000061', 'PROJ-00152'),
  ('a00000000000153', 'Warmer Impl.', 'In Planning', '2027-08-22', '001000000000099', '006000000000152', 'PROJ-00153'),
  ('a00000000000154', 'Segebahn Impl.', 'Completed', '2026-04-05', '001000000000100', '006000000000089', 'PROJ-00154'),
  ('a00000000000155', 'Rust Impl.', 'In Planning', '2027-08-30', '001000000000100', '006000000000198', 'PROJ-00155');

INSERT INTO "Installed_Asset__c" ("Id", "Name", "Serial_Number__c", "Warranty_End_Date__c", "Account__c", "Project__c", "Legacy_Asset_ID__c") VALUES
  ('a01000000000001', 'Data Connector', 'SN-13516449', '2030-10-14', '001000000000012', 'a00000000000082', 'AST-00001'),
  ('a01000000000002', 'Support Package', 'SN-37437619', '2030-07-09', '001000000000072', 'a00000000000007', 'AST-00002'),
  ('a01000000000003', 'Data Connector', 'SN-18012329', '2030-09-16', '001000000000012', 'a00000000000060', 'AST-00003'),
  ('a01000000000004', 'Support Package', 'SN-51135999', '2031-06-26', '001000000000068', 'a00000000000125', 'AST-00004'),
  ('a01000000000005', 'Mobile App', 'SN-82638375', '2029-10-04', '001000000000055', 'a00000000000101', 'AST-00005'),
  ('a01000000000006', 'Analytics Add-on', 'SN-57683662', '2028-05-28', '001000000000012', 'a00000000000113', 'AST-00006'),
  ('a01000000000007', 'CRM Seat', 'SN-98435450', '2027-10-13', '001000000000089', 'a00000000000119', 'AST-00007'),
  ('a01000000000008', 'CRM Seat', 'SN-12968088', '2027-11-12', '001000000000070', 'a00000000000040', 'AST-00008'),
  ('a01000000000009', 'Support Package', 'SN-77785915', '2028-11-14', '001000000000063', 'a00000000000017', 'AST-00009'),
  ('a01000000000010', 'CRM Seat', 'SN-76514337', '2030-11-11', '001000000000092', 'a00000000000141', 'AST-00010'),
  ('a01000000000011', 'CRM Seat', 'SN-88789366', '2029-10-16', '001000000000072', 'a00000000000030', 'AST-00011'),
  ('a01000000000012', 'API Bundle', 'SN-63750829', '2031-05-29', '001000000000075', 'a00000000000109', 'AST-00012'),
  ('a01000000000013', 'Analytics Add-on', 'SN-43386257', '2027-07-21', '001000000000043', 'a00000000000110', 'AST-00013'),
  ('a01000000000014', 'Analytics Add-on', 'SN-41245971', '2029-03-28', '001000000000085', 'a00000000000049', 'AST-00014'),
  ('a01000000000015', 'Support Package', 'SN-46929397', '2028-08-14', '001000000000039', 'a00000000000009', 'AST-00015'),
  ('a01000000000016', 'API Bundle', 'SN-76497391', '2028-04-02', '001000000000068', 'a00000000000036', 'AST-00016'),
  ('a01000000000017', 'API Bundle', 'SN-62864553', '2031-01-30', '001000000000019', 'a00000000000045', 'AST-00017'),
  ('a01000000000018', 'Analytics Add-on', 'SN-47757258', '2031-05-19', '001000000000031', 'a00000000000043', 'AST-00018'),
  ('a01000000000019', 'Support Package', 'SN-58277589', '2030-01-09', '001000000000049', 'a00000000000053', 'AST-00019'),
  ('a01000000000020', 'Analytics Add-on', 'SN-27439634', '2030-04-03', '001000000000060', 'a00000000000047', 'AST-00020'),
  ('a01000000000021', 'CRM Seat', 'SN-69021391', '2030-06-07', '001000000000023', 'a00000000000149', 'AST-00021'),
  ('a01000000000022', 'Support Package', 'SN-89917036', '2027-12-12', '001000000000068', 'a00000000000043', 'AST-00022'),
  ('a01000000000023', 'Analytics Add-on', 'SN-22679920', '2030-09-18', '001000000000013', 'a00000000000102', 'AST-00023'),
  ('a01000000000024', 'Support Package', 'SN-38300225', '2029-10-05', '001000000000054', 'a00000000000140', 'AST-00024'),
  ('a01000000000025', 'API Bundle', 'SN-25128857', '2028-04-19', '001000000000018', 'a00000000000119', 'AST-00025'),
  ('a01000000000026', 'CRM Seat', 'SN-44150812', '2030-06-29', '001000000000090', 'a00000000000047', 'AST-00026'),
  ('a01000000000027', 'Support Package', 'SN-50529140', '2031-05-22', '001000000000090', 'a00000000000080', 'AST-00027'),
  ('a01000000000028', 'Support Package', 'SN-68081379', '2031-03-24', '001000000000083', 'a00000000000128', 'AST-00028'),
  ('a01000000000029', 'API Bundle', 'SN-61161943', '2031-05-08', '001000000000013', 'a00000000000050', 'AST-00029'),
  ('a01000000000030', 'Mobile App', 'SN-58753509', '2029-08-14', '001000000000069', 'a00000000000043', 'AST-00030'),
  ('a01000000000031', 'API Bundle', 'SN-25294178', '2030-06-22', '001000000000095', 'a00000000000023', 'AST-00031'),
  ('a01000000000032', 'API Bundle', 'SN-10687428', '2031-04-23', '001000000000049', 'a00000000000014', 'AST-00032'),
  ('a01000000000033', 'CRM Seat', 'SN-34534347', '2030-06-03', '001000000000090', 'a00000000000022', 'AST-00033'),
  ('a01000000000034', 'API Bundle', 'SN-89442811', '2029-11-08', '001000000000095', 'a00000000000022', 'AST-00034'),
  ('a01000000000035', 'Analytics Add-on', 'SN-74292906', '2028-09-19', '001000000000083', 'a00000000000003', 'AST-00035'),
  ('a01000000000036', 'Support Package', 'SN-13576616', '2028-07-28', '001000000000034', 'a00000000000101', 'AST-00036'),
  ('a01000000000037', 'API Bundle', 'SN-32956763', '2031-04-18', '001000000000009', 'a00000000000051', 'AST-00037'),
  ('a01000000000038', 'Data Connector', 'SN-97174725', '2031-01-26', '001000000000046', 'a00000000000072', 'AST-00038'),
  ('a01000000000039', 'API Bundle', 'SN-90905345', '2031-01-07', '001000000000100', 'a00000000000053', 'AST-00039'),
  ('a01000000000040', 'CRM Seat', 'SN-54838094', '2029-05-22', '001000000000040', 'a00000000000037', 'AST-00040'),
  ('a01000000000041', 'API Bundle', 'SN-90892774', '2028-11-02', '001000000000025', 'a00000000000084', 'AST-00041'),
  ('a01000000000042', 'Data Connector', 'SN-62239691', '2029-08-02', '001000000000059', 'a00000000000138', 'AST-00042'),
  ('a01000000000043', 'Data Connector', 'SN-58001949', '2029-08-11', '001000000000071', 'a00000000000083', 'AST-00043'),
  ('a01000000000044', 'Mobile App', 'SN-24142497', '2028-01-21', '001000000000080', 'a00000000000068', 'AST-00044'),
  ('a01000000000045', 'Data Connector', 'SN-58992412', '2028-05-17', '001000000000007', 'a00000000000023', 'AST-00045'),
  ('a01000000000046', 'Mobile App', 'SN-61320810', '2029-07-07', '001000000000078', 'a00000000000105', 'AST-00046'),
  ('a01000000000047', 'CRM Seat', 'SN-40237343', '2029-10-24', '001000000000007', 'a00000000000053', 'AST-00047'),
  ('a01000000000048', 'Support Package', 'SN-70157245', '2030-08-13', '001000000000055', 'a00000000000029', 'AST-00048'),
  ('a01000000000049', 'Support Package', 'SN-49173127', '2029-01-19', '001000000000039', 'a00000000000073', 'AST-00049'),
  ('a01000000000050', 'Mobile App', 'SN-80159775', '2030-03-03', '001000000000039', 'a00000000000016', 'AST-00050'),
  ('a01000000000051', 'Support Package', 'SN-62467613', '2028-06-18', '001000000000008', 'a00000000000034', 'AST-00051'),
  ('a01000000000052', 'API Bundle', 'SN-72070691', '2030-11-02', '001000000000098', 'a00000000000143', 'AST-00052'),
  ('a01000000000053', 'Mobile App', 'SN-67892427', '2028-02-29', '001000000000084', 'a00000000000079', 'AST-00053'),
  ('a01000000000054', 'Mobile App', 'SN-46600154', '2029-07-08', '001000000000002', 'a00000000000079', 'AST-00054'),
  ('a01000000000055', 'CRM Seat', 'SN-18698753', '2028-09-07', '001000000000063', 'a00000000000049', 'AST-00055'),
  ('a01000000000056', 'Data Connector', 'SN-71808094', '2028-10-10', '001000000000062', 'a00000000000138', 'AST-00056'),
  ('a01000000000057', 'Support Package', 'SN-75771589', '2029-11-23', '001000000000032', 'a00000000000152', 'AST-00057'),
  ('a01000000000058', 'CRM Seat', 'SN-76029237', '2030-01-22', '001000000000005', 'a00000000000071', 'AST-00058'),
  ('a01000000000059', 'Support Package', 'SN-83336446', '2029-06-27', '001000000000089', 'a00000000000117', 'AST-00059'),
  ('a01000000000060', 'Data Connector', 'SN-74230877', '2031-02-09', '001000000000090', 'a00000000000067', 'AST-00060'),
  ('a01000000000061', 'Support Package', 'SN-28334765', '2028-10-29', '001000000000012', 'a00000000000142', 'AST-00061'),
  ('a01000000000062', 'Analytics Add-on', 'SN-46553377', '2031-04-18', '001000000000042', 'a00000000000019', 'AST-00062'),
  ('a01000000000063', 'CRM Seat', 'SN-68785619', '2031-03-14', '001000000000048', 'a00000000000130', 'AST-00063'),
  ('a01000000000064', 'CRM Seat', 'SN-65122019', '2027-08-12', '001000000000013', 'a00000000000023', 'AST-00064'),
  ('a01000000000065', 'Analytics Add-on', 'SN-28691809', '2030-07-24', '001000000000100', 'a00000000000097', 'AST-00065'),
  ('a01000000000066', 'Support Package', 'SN-28460451', '2027-09-14', '001000000000038', 'a00000000000058', 'AST-00066'),
  ('a01000000000067', 'Data Connector', 'SN-39444927', '2027-09-17', '001000000000015', 'a00000000000061', 'AST-00067'),
  ('a01000000000068', 'Support Package', 'SN-39259895', '2027-12-20', '001000000000051', 'a00000000000129', 'AST-00068'),
  ('a01000000000069', 'Data Connector', 'SN-92871236', '2030-11-16', '001000000000062', 'a00000000000022', 'AST-00069'),
  ('a01000000000070', 'CRM Seat', 'SN-45486342', '2030-04-23', '001000000000001', 'a00000000000099', 'AST-00070'),
  ('a01000000000071', 'Analytics Add-on', 'SN-65469397', '2030-09-13', '001000000000073', 'a00000000000141', 'AST-00071'),
  ('a01000000000072', 'Mobile App', 'SN-64217097', '2028-07-12', '001000000000094', 'a00000000000031', 'AST-00072'),
  ('a01000000000073', 'Data Connector', 'SN-85803899', '2028-09-17', '001000000000079', 'a00000000000071', 'AST-00073'),
  ('a01000000000074', 'Mobile App', 'SN-61338420', '2028-07-19', '001000000000066', 'a00000000000107', 'AST-00074'),
  ('a01000000000075', 'API Bundle', 'SN-57249586', '2030-11-22', '001000000000082', 'a00000000000114', 'AST-00075'),
  ('a01000000000076', 'Data Connector', 'SN-53187874', '2028-11-02', '001000000000009', 'a00000000000112', 'AST-00076'),
  ('a01000000000077', 'Data Connector', 'SN-13662195', '2030-02-22', '001000000000049', 'a00000000000010', 'AST-00077'),
  ('a01000000000078', 'CRM Seat', 'SN-91802638', '2031-04-15', '001000000000100', 'a00000000000115', 'AST-00078'),
  ('a01000000000079', 'Analytics Add-on', 'SN-69163646', '2028-07-23', '001000000000057', 'a00000000000131', 'AST-00079'),
  ('a01000000000080', 'Support Package', 'SN-41081850', '2027-07-12', '001000000000026', 'a00000000000040', 'AST-00080'),
  ('a01000000000081', 'API Bundle', 'SN-32031363', '2027-10-27', '001000000000031', 'a00000000000019', 'AST-00081'),
  ('a01000000000082', 'Support Package', 'SN-57162276', '2030-09-11', '001000000000043', 'a00000000000108', 'AST-00082'),
  ('a01000000000083', 'CRM Seat', 'SN-78720478', '2030-07-30', '001000000000071', 'a00000000000023', 'AST-00083'),
  ('a01000000000084', 'CRM Seat', 'SN-44438495', '2031-06-05', '001000000000034', 'a00000000000003', 'AST-00084'),
  ('a01000000000085', 'CRM Seat', 'SN-76771278', '2030-07-05', '001000000000064', 'a00000000000152', 'AST-00085'),
  ('a01000000000086', 'Support Package', 'SN-29274560', '2030-01-12', '001000000000041', 'a00000000000044', 'AST-00086'),
  ('a01000000000087', 'Mobile App', 'SN-65243705', '2030-08-11', '001000000000021', 'a00000000000019', 'AST-00087'),
  ('a01000000000088', 'API Bundle', 'SN-68704483', '2030-11-29', '001000000000057', 'a00000000000068', 'AST-00088'),
  ('a01000000000089', 'CRM Seat', 'SN-93784344', '2028-12-16', '001000000000082', 'a00000000000083', 'AST-00089'),
  ('a01000000000090', 'Analytics Add-on', 'SN-16757907', '2028-07-23', '001000000000068', 'a00000000000141', 'AST-00090'),
  ('a01000000000091', 'CRM Seat', 'SN-64366942', '2029-10-19', '001000000000048', 'a00000000000112', 'AST-00091'),
  ('a01000000000092', 'Support Package', 'SN-17154642', '2028-10-08', '001000000000056', 'a00000000000068', 'AST-00092'),
  ('a01000000000093', 'Data Connector', 'SN-54573794', '2028-12-30', '001000000000053', 'a00000000000032', 'AST-00093'),
  ('a01000000000094', 'API Bundle', 'SN-71347510', '2030-08-25', '001000000000055', 'a00000000000034', 'AST-00094'),
  ('a01000000000095', 'Analytics Add-on', 'SN-25579194', '2028-07-20', '001000000000096', 'a00000000000055', 'AST-00095'),
  ('a01000000000096', 'Data Connector', 'SN-40165270', '2028-07-16', '001000000000088', 'a00000000000085', 'AST-00096'),
  ('a01000000000097', 'Mobile App', 'SN-81645602', '2029-04-29', '001000000000089', 'a00000000000013', 'AST-00097'),
  ('a01000000000098', 'Support Package', 'SN-72676784', '2028-06-18', '001000000000017', 'a00000000000042', 'AST-00098'),
  ('a01000000000099', 'Mobile App', 'SN-96440254', '2031-04-13', '001000000000093', 'a00000000000123', 'AST-00099'),
  ('a01000000000100', 'Data Connector', 'SN-63657345', '2030-03-09', '001000000000042', 'a00000000000150', 'AST-00100'),
  ('a01000000000101', 'Mobile App', 'SN-29382379', '2030-05-12', '001000000000050', 'a00000000000137', 'AST-00101'),
  ('a01000000000102', 'Mobile App', 'SN-32177860', '2031-03-19', '001000000000079', 'a00000000000053', 'AST-00102'),
  ('a01000000000103', 'Support Package', 'SN-93402467', '2031-04-13', '001000000000011', 'a00000000000029', 'AST-00103'),
  ('a01000000000104', 'Analytics Add-on', 'SN-81002689', '2029-02-28', '001000000000065', 'a00000000000145', 'AST-00104'),
  ('a01000000000105', 'Support Package', 'SN-70363603', '2031-06-07', '001000000000028', 'a00000000000048', 'AST-00105'),
  ('a01000000000106', 'Analytics Add-on', 'SN-17405664', '2031-02-26', '001000000000095', 'a00000000000072', 'AST-00106'),
  ('a01000000000107', 'Mobile App', 'SN-12984503', '2027-07-04', '001000000000039', 'a00000000000139', 'AST-00107'),
  ('a01000000000108', 'CRM Seat', 'SN-77952680', '2030-01-23', '001000000000068', 'a00000000000010', 'AST-00108'),
  ('a01000000000109', 'CRM Seat', 'SN-50543285', '2029-06-24', '001000000000061', 'a00000000000146', 'AST-00109'),
  ('a01000000000110', 'Mobile App', 'SN-35745587', '2028-04-16', '001000000000053', 'a00000000000060', 'AST-00110'),
  ('a01000000000111', 'Data Connector', 'SN-51446315', '2031-03-03', '001000000000087', 'a00000000000048', 'AST-00111'),
  ('a01000000000112', 'CRM Seat', 'SN-66719893', '2030-07-30', '001000000000045', 'a00000000000054', 'AST-00112'),
  ('a01000000000113', 'Analytics Add-on', 'SN-13179003', '2029-05-02', '001000000000031', 'a00000000000045', 'AST-00113'),
  ('a01000000000114', 'Support Package', 'SN-38832381', '2030-10-03', '001000000000089', 'a00000000000103', 'AST-00114'),
  ('a01000000000115', 'Analytics Add-on', 'SN-62527111', '2028-11-30', '001000000000017', 'a00000000000010', 'AST-00115'),
  ('a01000000000116', 'Analytics Add-on', 'SN-28647317', '2028-11-15', '001000000000045', 'a00000000000045', 'AST-00116'),
  ('a01000000000117', 'Analytics Add-on', 'SN-58340826', '2028-02-28', '001000000000018', 'a00000000000138', 'AST-00117'),
  ('a01000000000118', 'Analytics Add-on', 'SN-60710000', '2030-02-06', '001000000000008', 'a00000000000087', 'AST-00118'),
  ('a01000000000119', 'Data Connector', 'SN-95495142', '2028-10-26', '001000000000020', 'a00000000000011', 'AST-00119'),
  ('a01000000000120', 'API Bundle', 'SN-99890685', '2029-10-11', '001000000000016', 'a00000000000079', 'AST-00120'),
  ('a01000000000121', 'Mobile App', 'SN-55814539', '2030-12-05', '001000000000055', 'a00000000000097', 'AST-00121'),
  ('a01000000000122', 'Data Connector', 'SN-80999835', '2030-08-10', '001000000000035', 'a00000000000030', 'AST-00122'),
  ('a01000000000123', 'Data Connector', 'SN-72207519', '2027-09-25', '001000000000011', 'a00000000000043', 'AST-00123'),
  ('a01000000000124', 'Analytics Add-on', 'SN-86014077', '2029-01-24', '001000000000016', 'a00000000000109', 'AST-00124'),
  ('a01000000000125', 'Support Package', 'SN-88917731', '2028-09-19', '001000000000014', 'a00000000000069', 'AST-00125'),
  ('a01000000000126', 'Mobile App', 'SN-13105008', '2029-02-10', '001000000000021', 'a00000000000089', 'AST-00126'),
  ('a01000000000127', 'CRM Seat', 'SN-18643749', '2028-11-19', '001000000000086', 'a00000000000103', 'AST-00127'),
  ('a01000000000128', 'CRM Seat', 'SN-74605208', '2030-11-30', '001000000000070', 'a00000000000053', 'AST-00128'),
  ('a01000000000129', 'Mobile App', 'SN-12672153', '2030-11-04', '001000000000038', 'a00000000000118', 'AST-00129'),
  ('a01000000000130', 'CRM Seat', 'SN-43446912', '2028-12-28', '001000000000070', 'a00000000000113', 'AST-00130'),
  ('a01000000000131', 'API Bundle', 'SN-26482874', '2031-05-10', '001000000000057', 'a00000000000069', 'AST-00131'),
  ('a01000000000132', 'Data Connector', 'SN-98844595', '2030-12-28', '001000000000071', 'a00000000000137', 'AST-00132'),
  ('a01000000000133', 'Analytics Add-on', 'SN-30315612', '2028-05-16', '001000000000017', 'a00000000000022', 'AST-00133'),
  ('a01000000000134', 'Support Package', 'SN-45747710', '2031-02-03', '001000000000092', 'a00000000000039', 'AST-00134'),
  ('a01000000000135', 'Analytics Add-on', 'SN-75276727', '2028-12-20', '001000000000057', 'a00000000000036', 'AST-00135'),
  ('a01000000000136', 'Support Package', 'SN-25844620', '2028-02-22', '001000000000019', 'a00000000000151', 'AST-00136'),
  ('a01000000000137', 'Support Package', 'SN-99373620', '2029-03-14', '001000000000071', 'a00000000000030', 'AST-00137'),
  ('a01000000000138', 'Analytics Add-on', 'SN-98769200', '2030-07-01', '001000000000092', 'a00000000000008', 'AST-00138'),
  ('a01000000000139', 'API Bundle', 'SN-65270669', '2029-02-10', '001000000000029', 'a00000000000123', 'AST-00139'),
  ('a01000000000140', 'CRM Seat', 'SN-28300999', '2030-06-13', '001000000000014', 'a00000000000050', 'AST-00140'),
  ('a01000000000141', 'Support Package', 'SN-97143260', '2028-01-12', '001000000000010', 'a00000000000134', 'AST-00141'),
  ('a01000000000142', 'CRM Seat', 'SN-52793375', '2028-11-22', '001000000000086', 'a00000000000091', 'AST-00142'),
  ('a01000000000143', 'Data Connector', 'SN-37910926', '2030-03-16', '001000000000044', 'a00000000000072', 'AST-00143'),
  ('a01000000000144', 'Data Connector', 'SN-96389044', '2030-12-04', '001000000000069', 'a00000000000006', 'AST-00144'),
  ('a01000000000145', 'Support Package', 'SN-48812089', '2028-09-15', '001000000000028', 'a00000000000104', 'AST-00145'),
  ('a01000000000146', 'Support Package', 'SN-93870583', '2029-10-02', '001000000000056', 'a00000000000151', 'AST-00146'),
  ('a01000000000147', 'Support Package', 'SN-81387562', '2029-01-10', '001000000000076', 'a00000000000023', 'AST-00147'),
  ('a01000000000148', 'Data Connector', 'SN-74295328', '2030-02-27', '001000000000091', 'a00000000000045', 'AST-00148'),
  ('a01000000000149', 'Support Package', 'SN-10250504', '2031-04-11', '001000000000047', 'a00000000000128', 'AST-00149'),
  ('a01000000000150', 'CRM Seat', 'SN-52514493', '2029-08-29', '001000000000074', 'a00000000000081', 'AST-00150'),
  ('a01000000000151', 'Support Package', 'SN-48690071', '2030-11-19', '001000000000086', 'a00000000000046', 'AST-00151'),
  ('a01000000000152', 'Analytics Add-on', 'SN-66243239', '2028-12-14', '001000000000049', 'a00000000000034', 'AST-00152'),
  ('a01000000000153', 'Mobile App', 'SN-77025470', '2030-05-09', '001000000000084', 'a00000000000030', 'AST-00153'),
  ('a01000000000154', 'CRM Seat', 'SN-80581727', '2028-05-29', '001000000000059', 'a00000000000135', 'AST-00154'),
  ('a01000000000155', 'Analytics Add-on', 'SN-52787815', '2030-04-18', '001000000000061', 'a00000000000021', 'AST-00155'),
  ('a01000000000156', 'Data Connector', 'SN-66465195', '2029-10-26', '001000000000066', 'a00000000000089', 'AST-00156'),
  ('a01000000000157', 'CRM Seat', 'SN-10505950', '2030-09-22', '001000000000053', 'a00000000000127', 'AST-00157'),
  ('a01000000000158', 'Data Connector', 'SN-62378570', '2027-10-29', '001000000000038', 'a00000000000048', 'AST-00158'),
  ('a01000000000159', 'Analytics Add-on', 'SN-52943576', '2028-05-12', '001000000000004', 'a00000000000013', 'AST-00159'),
  ('a01000000000160', 'CRM Seat', 'SN-52522789', '2029-09-18', '001000000000094', 'a00000000000120', 'AST-00160'),
  ('a01000000000161', 'Analytics Add-on', 'SN-25238869', '2030-04-04', '001000000000073', 'a00000000000061', 'AST-00161'),
  ('a01000000000162', 'CRM Seat', 'SN-42790811', '2030-04-23', '001000000000031', 'a00000000000137', 'AST-00162'),
  ('a01000000000163', 'CRM Seat', 'SN-71802012', '2028-03-12', '001000000000061', 'a00000000000118', 'AST-00163'),
  ('a01000000000164', 'API Bundle', 'SN-96126646', '2031-05-25', '001000000000039', 'a00000000000049', 'AST-00164'),
  ('a01000000000165', 'Data Connector', 'SN-17387057', '2031-02-15', '001000000000067', 'a00000000000074', 'AST-00165'),
  ('a01000000000166', 'Data Connector', 'SN-78581196', '2029-11-17', '001000000000099', 'a00000000000017', 'AST-00166'),
  ('a01000000000167', 'CRM Seat', 'SN-60586603', '2030-05-06', '001000000000072', 'a00000000000124', 'AST-00167'),
  ('a01000000000168', 'Data Connector', 'SN-77738150', '2030-05-01', '001000000000029', 'a00000000000134', 'AST-00168'),
  ('a01000000000169', 'Support Package', 'SN-29670845', '2030-01-26', '001000000000096', 'a00000000000094', 'AST-00169'),
  ('a01000000000170', 'CRM Seat', 'SN-88375274', '2028-12-10', '001000000000062', 'a00000000000102', 'AST-00170'),
  ('a01000000000171', 'Support Package', 'SN-61837180', '2029-07-19', '001000000000011', 'a00000000000057', 'AST-00171'),
  ('a01000000000172', 'CRM Seat', 'SN-54351983', '2031-02-04', '001000000000086', 'a00000000000139', 'AST-00172'),
  ('a01000000000173', 'Support Package', 'SN-77313695', '2028-05-30', '001000000000032', 'a00000000000030', 'AST-00173'),
  ('a01000000000174', 'API Bundle', 'SN-41486313', '2031-06-07', '001000000000090', 'a00000000000015', 'AST-00174'),
  ('a01000000000175', 'Mobile App', 'SN-33101975', '2027-09-23', '001000000000014', 'a00000000000024', 'AST-00175'),
  ('a01000000000176', 'Mobile App', 'SN-34506828', '2029-12-28', '001000000000001', 'a00000000000043', 'AST-00176'),
  ('a01000000000177', 'CRM Seat', 'SN-14809224', '2028-10-21', '001000000000024', 'a00000000000073', 'AST-00177'),
  ('a01000000000178', 'Mobile App', 'SN-17663817', '2030-10-18', '001000000000088', 'a00000000000148', 'AST-00178'),
  ('a01000000000179', 'API Bundle', 'SN-71912566', '2030-01-18', '001000000000035', 'a00000000000072', 'AST-00179'),
  ('a01000000000180', 'API Bundle', 'SN-63197803', '2028-03-14', '001000000000094', 'a00000000000125', 'AST-00180'),
  ('a01000000000181', 'Mobile App', 'SN-98595466', '2031-02-15', '001000000000052', 'a00000000000119', 'AST-00181'),
  ('a01000000000182', 'CRM Seat', 'SN-34854844', '2031-02-12', '001000000000052', 'a00000000000104', 'AST-00182'),
  ('a01000000000183', 'API Bundle', 'SN-48253768', '2029-09-07', '001000000000100', 'a00000000000008', 'AST-00183'),
  ('a01000000000184', 'Data Connector', 'SN-61439600', '2030-03-31', '001000000000053', 'a00000000000142', 'AST-00184'),
  ('a01000000000185', 'Data Connector', 'SN-52237496', '2028-03-18', '001000000000078', 'a00000000000144', 'AST-00185'),
  ('a01000000000186', 'Data Connector', 'SN-69326085', '2030-12-29', '001000000000064', 'a00000000000073', 'AST-00186'),
  ('a01000000000187', 'Mobile App', 'SN-70172541', '2031-06-03', '001000000000044', 'a00000000000058', 'AST-00187'),
  ('a01000000000188', 'Mobile App', 'SN-31494500', '2028-03-11', '001000000000036', 'a00000000000105', 'AST-00188'),
  ('a01000000000189', 'Data Connector', 'SN-90398978', '2029-09-11', '001000000000077', 'a00000000000139', 'AST-00189'),
  ('a01000000000190', 'Mobile App', 'SN-40547683', '2031-04-16', '001000000000023', 'a00000000000074', 'AST-00190'),
  ('a01000000000191', 'Analytics Add-on', 'SN-38263516', '2031-03-31', '001000000000063', 'a00000000000142', 'AST-00191'),
  ('a01000000000192', 'Analytics Add-on', 'SN-97533849', '2028-01-29', '001000000000091', 'a00000000000067', 'AST-00192'),
  ('a01000000000193', 'API Bundle', 'SN-68154141', '2030-03-18', '001000000000023', 'a00000000000134', 'AST-00193'),
  ('a01000000000194', 'Mobile App', 'SN-50175648', '2030-11-21', '001000000000026', 'a00000000000066', 'AST-00194'),
  ('a01000000000195', 'Data Connector', 'SN-45026947', '2030-05-17', '001000000000047', 'a00000000000046', 'AST-00195'),
  ('a01000000000196', 'Support Package', 'SN-79248153', '2030-11-27', '001000000000008', 'a00000000000134', 'AST-00196'),
  ('a01000000000197', 'API Bundle', 'SN-57914588', '2027-11-30', '001000000000044', 'a00000000000151', 'AST-00197'),
  ('a01000000000198', 'Mobile App', 'SN-39142809', '2027-08-19', '001000000000061', 'a00000000000133', 'AST-00198'),
  ('a01000000000199', 'Mobile App', 'SN-71941533', '2031-02-15', '001000000000017', 'a00000000000144', 'AST-00199'),
  ('a01000000000200', 'Support Package', 'SN-78785853', '2031-03-30', '001000000000066', 'a00000000000073', 'AST-00200'),
  ('a01000000000201', 'Mobile App', 'SN-37968740', '2030-03-18', '001000000000097', 'a00000000000035', 'AST-00201'),
  ('a01000000000202', 'Mobile App', 'SN-25499165', '2030-03-20', '001000000000037', 'a00000000000115', 'AST-00202'),
  ('a01000000000203', 'CRM Seat', 'SN-36721909', '2031-03-14', '001000000000021', 'a00000000000047', 'AST-00203'),
  ('a01000000000204', 'Support Package', 'SN-62101539', '2030-02-03', '001000000000055', 'a00000000000154', 'AST-00204'),
  ('a01000000000205', 'API Bundle', 'SN-68302962', '2028-05-25', '001000000000050', 'a00000000000095', 'AST-00205'),
  ('a01000000000206', 'Analytics Add-on', 'SN-41630210', '2031-05-26', '001000000000064', 'a00000000000138', 'AST-00206'),
  ('a01000000000207', 'Mobile App', 'SN-42095839', '2031-05-02', '001000000000039', 'a00000000000118', 'AST-00207'),
  ('a01000000000208', 'Mobile App', 'SN-68490184', '2029-11-28', '001000000000012', 'a00000000000143', 'AST-00208'),
  ('a01000000000209', 'Support Package', 'SN-34632547', '2028-09-24', '001000000000071', 'a00000000000070', 'AST-00209'),
  ('a01000000000210', 'Analytics Add-on', 'SN-73129602', '2028-02-15', '001000000000075', 'a00000000000007', 'AST-00210'),
  ('a01000000000211', 'CRM Seat', 'SN-82877576', '2028-03-24', '001000000000044', 'a00000000000100', 'AST-00211'),
  ('a01000000000212', 'API Bundle', 'SN-76106028', '2030-10-26', '001000000000028', 'a00000000000123', 'AST-00212'),
  ('a01000000000213', 'Analytics Add-on', 'SN-16293713', '2028-05-30', '001000000000072', 'a00000000000034', 'AST-00213'),
  ('a01000000000214', 'Data Connector', 'SN-72467219', '2030-06-11', '001000000000061', 'a00000000000022', 'AST-00214'),
  ('a01000000000215', 'API Bundle', 'SN-72337502', '2030-10-29', '001000000000042', 'a00000000000151', 'AST-00215'),
  ('a01000000000216', 'Data Connector', 'SN-65424316', '2028-08-05', '001000000000076', 'a00000000000059', 'AST-00216'),
  ('a01000000000217', 'CRM Seat', 'SN-86476523', '2029-01-10', '001000000000066', 'a00000000000123', 'AST-00217'),
  ('a01000000000218', 'API Bundle', 'SN-95790638', '2029-06-07', '001000000000067', 'a00000000000098', 'AST-00218'),
  ('a01000000000219', 'Analytics Add-on', 'SN-94930213', '2030-09-09', '001000000000064', 'a00000000000001', 'AST-00219'),
  ('a01000000000220', 'CRM Seat', 'SN-99652689', '2028-12-29', '001000000000061', 'a00000000000053', 'AST-00220'),
  ('a01000000000221', 'Data Connector', 'SN-23532604', '2028-10-07', '001000000000045', 'a00000000000090', 'AST-00221'),
  ('a01000000000222', 'Data Connector', 'SN-37336734', '2029-10-07', '001000000000042', 'a00000000000143', 'AST-00222'),
  ('a01000000000223', 'Mobile App', 'SN-88740483', '2030-02-05', '001000000000073', 'a00000000000133', 'AST-00223'),
  ('a01000000000224', 'Mobile App', 'SN-39997839', '2028-12-19', '001000000000017', 'a00000000000005', 'AST-00224'),
  ('a01000000000225', 'Mobile App', 'SN-26021051', '2029-06-08', '001000000000075', 'a00000000000092', 'AST-00225'),
  ('a01000000000226', 'Analytics Add-on', 'SN-91111299', '2027-12-07', '001000000000018', 'a00000000000073', 'AST-00226'),
  ('a01000000000227', 'API Bundle', 'SN-85009255', '2029-11-29', '001000000000011', 'a00000000000123', 'AST-00227'),
  ('a01000000000228', 'Analytics Add-on', 'SN-45686219', '2028-08-11', '001000000000004', 'a00000000000120', 'AST-00228'),
  ('a01000000000229', 'Mobile App', 'SN-16331324', '2030-08-09', '001000000000049', 'a00000000000059', 'AST-00229'),
  ('a01000000000230', 'API Bundle', 'SN-72650781', '2029-08-11', '001000000000043', 'a00000000000064', 'AST-00230'),
  ('a01000000000231', 'CRM Seat', 'SN-90768791', '2029-07-20', '001000000000088', 'a00000000000135', 'AST-00231'),
  ('a01000000000232', 'CRM Seat', 'SN-84106003', '2030-02-23', '001000000000099', 'a00000000000082', 'AST-00232'),
  ('a01000000000233', 'API Bundle', 'SN-53023040', '2030-05-17', '001000000000094', 'a00000000000111', 'AST-00233'),
  ('a01000000000234', 'API Bundle', 'SN-92108512', '2031-05-14', '001000000000017', 'a00000000000084', 'AST-00234'),
  ('a01000000000235', 'Data Connector', 'SN-16604829', '2030-02-02', '001000000000018', 'a00000000000118', 'AST-00235'),
  ('a01000000000236', 'Support Package', 'SN-81718279', '2029-07-02', '001000000000052', 'a00000000000111', 'AST-00236'),
  ('a01000000000237', 'Support Package', 'SN-93312486', '2028-10-03', '001000000000064', 'a00000000000001', 'AST-00237'),
  ('a01000000000238', 'Mobile App', 'SN-32430181', '2028-03-26', '001000000000004', 'a00000000000146', 'AST-00238'),
  ('a01000000000239', 'CRM Seat', 'SN-49951159', '2030-07-28', '001000000000089', 'a00000000000068', 'AST-00239'),
  ('a01000000000240', 'API Bundle', 'SN-79598361', '2030-08-03', '001000000000009', 'a00000000000041', 'AST-00240'),
  ('a01000000000241', 'API Bundle', 'SN-88698948', '2027-12-22', '001000000000004', 'a00000000000085', 'AST-00241'),
  ('a01000000000242', 'API Bundle', 'SN-64296439', '2028-03-21', '001000000000015', 'a00000000000144', 'AST-00242'),
  ('a01000000000243', 'Mobile App', 'SN-39172656', '2027-07-02', '001000000000097', 'a00000000000065', 'AST-00243'),
  ('a01000000000244', 'Analytics Add-on', 'SN-60042435', '2029-09-10', '001000000000079', 'a00000000000049', 'AST-00244'),
  ('a01000000000245', 'Mobile App', 'SN-67795435', '2030-11-23', '001000000000090', 'a00000000000116', 'AST-00245'),
  ('a01000000000246', 'Support Package', 'SN-41165726', '2030-09-01', '001000000000036', 'a00000000000039', 'AST-00246'),
  ('a01000000000247', 'Mobile App', 'SN-62333381', '2030-05-19', '001000000000053', 'a00000000000122', 'AST-00247'),
  ('a01000000000248', 'CRM Seat', 'SN-99452346', '2029-01-11', '001000000000053', 'a00000000000004', 'AST-00248'),
  ('a01000000000249', 'Support Package', 'SN-97790311', '2029-04-07', '001000000000017', 'a00000000000050', 'AST-00249'),
  ('a01000000000250', 'Analytics Add-on', 'SN-43698088', '2030-06-10', '001000000000082', 'a00000000000083', 'AST-00250'),
  ('a01000000000251', 'CRM Seat', 'SN-69300855', '2031-05-12', '001000000000011', 'a00000000000008', 'AST-00251'),
  ('a01000000000252', 'Mobile App', 'SN-98645662', '2030-08-03', '001000000000039', 'a00000000000022', 'AST-00252'),
  ('a01000000000253', 'Support Package', 'SN-95630433', '2030-06-05', '001000000000093', 'a00000000000016', 'AST-00253'),
  ('a01000000000254', 'API Bundle', 'SN-71385565', '2030-03-01', '001000000000032', 'a00000000000040', 'AST-00254'),
  ('a01000000000255', 'Support Package', 'SN-79940204', '2029-08-25', '001000000000003', 'a00000000000109', 'AST-00255'),
  ('a01000000000256', 'Analytics Add-on', 'SN-34586592', '2030-01-29', '001000000000007', 'a00000000000105', 'AST-00256'),
  ('a01000000000257', 'Support Package', 'SN-84959433', '2028-01-26', '001000000000076', 'a00000000000085', 'AST-00257'),
  ('a01000000000258', 'Data Connector', 'SN-29552870', '2029-01-21', '001000000000008', 'a00000000000089', 'AST-00258'),
  ('a01000000000259', 'Support Package', 'SN-85341877', '2031-04-01', '001000000000002', 'a00000000000122', 'AST-00259'),
  ('a01000000000260', 'Analytics Add-on', 'SN-27036363', '2027-11-10', '001000000000076', 'a00000000000051', 'AST-00260'),
  ('a01000000000261', 'Support Package', 'SN-99782187', '2030-07-05', '001000000000025', 'a00000000000024', 'AST-00261'),
  ('a01000000000262', 'Analytics Add-on', 'SN-88205740', '2028-01-23', '001000000000002', 'a00000000000092', 'AST-00262'),
  ('a01000000000263', 'Mobile App', 'SN-43978597', '2027-10-26', '001000000000048', 'a00000000000134', 'AST-00263'),
  ('a01000000000264', 'Support Package', 'SN-19499436', '2029-09-27', '001000000000069', 'a00000000000071', 'AST-00264'),
  ('a01000000000265', 'CRM Seat', 'SN-98645942', '2030-04-29', '001000000000014', 'a00000000000131', 'AST-00265'),
  ('a01000000000266', 'Mobile App', 'SN-11971091', '2028-11-27', '001000000000097', 'a00000000000101', 'AST-00266'),
  ('a01000000000267', 'CRM Seat', 'SN-55331942', '2028-12-05', '001000000000037', 'a00000000000101', 'AST-00267'),
  ('a01000000000268', 'Mobile App', 'SN-71903234', '2029-11-22', '001000000000014', 'a00000000000108', 'AST-00268'),
  ('a01000000000269', 'Analytics Add-on', 'SN-95376206', '2028-01-18', '001000000000023', 'a00000000000115', 'AST-00269'),
  ('a01000000000270', 'Mobile App', 'SN-54498093', '2027-10-28', '001000000000040', 'a00000000000014', 'AST-00270'),
  ('a01000000000271', 'Support Package', 'SN-82447703', '2028-08-20', '001000000000056', 'a00000000000146', 'AST-00271'),
  ('a01000000000272', 'Data Connector', 'SN-42076109', '2027-11-23', '001000000000077', 'a00000000000131', 'AST-00272'),
  ('a01000000000273', 'Mobile App', 'SN-49819741', '2030-07-28', '001000000000005', 'a00000000000037', 'AST-00273'),
  ('a01000000000274', 'CRM Seat', 'SN-28531200', '2028-07-11', '001000000000005', 'a00000000000026', 'AST-00274'),
  ('a01000000000275', 'API Bundle', 'SN-31934833', '2028-03-17', '001000000000034', 'a00000000000078', 'AST-00275'),
  ('a01000000000276', 'Mobile App', 'SN-80930612', '2030-02-11', '001000000000049', 'a00000000000090', 'AST-00276'),
  ('a01000000000277', 'Analytics Add-on', 'SN-40145344', '2031-04-12', '001000000000065', 'a00000000000092', 'AST-00277'),
  ('a01000000000278', 'Analytics Add-on', 'SN-15140607', '2030-04-14', '001000000000058', 'a00000000000133', 'AST-00278'),
  ('a01000000000279', 'API Bundle', 'SN-35838659', '2028-09-08', '001000000000077', 'a00000000000125', 'AST-00279'),
  ('a01000000000280', 'Data Connector', 'SN-78306116', '2031-06-18', '001000000000002', 'a00000000000077', 'AST-00280'),
  ('a01000000000281', 'Support Package', 'SN-50816033', '2030-08-15', '001000000000007', 'a00000000000049', 'AST-00281'),
  ('a01000000000282', 'CRM Seat', 'SN-69934683', '2029-04-03', '001000000000067', 'a00000000000093', 'AST-00282'),
  ('a01000000000283', 'API Bundle', 'SN-21328723', '2030-09-03', '001000000000061', 'a00000000000104', 'AST-00283'),
  ('a01000000000284', 'Support Package', 'SN-27845029', '2030-11-03', '001000000000005', 'a00000000000040', 'AST-00284'),
  ('a01000000000285', 'Support Package', 'SN-48328002', '2030-01-14', '001000000000096', 'a00000000000155', 'AST-00285'),
  ('a01000000000286', 'CRM Seat', 'SN-38693602', '2031-01-09', '001000000000073', 'a00000000000026', 'AST-00286'),
  ('a01000000000287', 'Mobile App', 'SN-92125057', '2030-09-19', '001000000000060', 'a00000000000143', 'AST-00287'),
  ('a01000000000288', 'Support Package', 'SN-33733152', '2027-10-19', '001000000000030', 'a00000000000075', 'AST-00288'),
  ('a01000000000289', 'Analytics Add-on', 'SN-22783190', '2028-03-10', '001000000000046', 'a00000000000062', 'AST-00289'),
  ('a01000000000290', 'Mobile App', 'SN-96628917', '2030-10-10', '001000000000051', 'a00000000000092', 'AST-00290'),
  ('a01000000000291', 'Analytics Add-on', 'SN-70682887', '2029-12-13', '001000000000100', 'a00000000000019', 'AST-00291'),
  ('a01000000000292', 'Data Connector', 'SN-98571988', '2030-02-15', '001000000000019', 'a00000000000116', 'AST-00292'),
  ('a01000000000293', 'Data Connector', 'SN-74430170', '2029-07-11', '001000000000046', 'a00000000000084', 'AST-00293'),
  ('a01000000000294', 'CRM Seat', 'SN-24995068', '2030-01-24', '001000000000050', 'a00000000000047', 'AST-00294'),
  ('a01000000000295', 'API Bundle', 'SN-12563062', '2027-08-14', '001000000000024', 'a00000000000112', 'AST-00295'),
  ('a01000000000296', 'Support Package', 'SN-73891658', '2029-06-23', '001000000000011', 'a00000000000032', 'AST-00296'),
  ('a01000000000297', 'Mobile App', 'SN-44174071', '2028-06-25', '001000000000065', 'a00000000000095', 'AST-00297'),
  ('a01000000000298', 'API Bundle', 'SN-51973464', '2028-02-21', '001000000000085', 'a00000000000029', 'AST-00298'),
  ('a01000000000299', 'API Bundle', 'SN-34973430', '2029-03-01', '001000000000091', 'a00000000000104', 'AST-00299'),
  ('a01000000000300', 'API Bundle', 'SN-88722092', '2029-06-28', '001000000000023', 'a00000000000115', 'AST-00300'),
  ('a01000000000301', 'Support Package', 'SN-30418620', '2030-02-13', '001000000000083', 'a00000000000037', 'AST-00301'),
  ('a01000000000302', 'Analytics Add-on', 'SN-52029900', '2029-09-16', '001000000000061', 'a00000000000005', 'AST-00302'),
  ('a01000000000303', 'API Bundle', 'SN-57132286', '2030-06-06', '001000000000036', 'a00000000000036', 'AST-00303'),
  ('a01000000000304', 'Analytics Add-on', 'SN-63840045', '2029-09-16', '001000000000002', 'a00000000000140', 'AST-00304'),
  ('a01000000000305', 'API Bundle', 'SN-24002791', '2027-10-25', '001000000000090', 'a00000000000116', 'AST-00305'),
  ('a01000000000306', 'Support Package', 'SN-48663442', '2030-05-16', '001000000000077', 'a00000000000112', 'AST-00306'),
  ('a01000000000307', 'Mobile App', 'SN-64088532', '2029-11-04', '001000000000066', 'a00000000000040', 'AST-00307'),
  ('a01000000000308', 'API Bundle', 'SN-47223875', '2031-01-16', '001000000000093', 'a00000000000147', 'AST-00308'),
  ('a01000000000309', 'CRM Seat', 'SN-57705253', '2029-04-19', '001000000000033', 'a00000000000115', 'AST-00309'),
  ('a01000000000310', 'CRM Seat', 'SN-87640211', '2030-03-13', '001000000000076', 'a00000000000068', 'AST-00310'),
  ('a01000000000311', 'CRM Seat', 'SN-90614348', '2028-04-01', '001000000000029', 'a00000000000032', 'AST-00311'),
  ('a01000000000312', 'CRM Seat', 'SN-99020882', '2031-05-16', '001000000000051', 'a00000000000012', 'AST-00312'),
  ('a01000000000313', 'API Bundle', 'SN-70664795', '2028-08-03', '001000000000082', 'a00000000000146', 'AST-00313'),
  ('a01000000000314', 'Support Package', 'SN-94087838', '2028-12-15', '001000000000066', 'a00000000000105', 'AST-00314'),
  ('a01000000000315', 'Analytics Add-on', 'SN-67275996', '2029-02-05', '001000000000023', 'a00000000000009', 'AST-00315'),
  ('a01000000000316', 'CRM Seat', 'SN-83528211', '2030-02-05', '001000000000079', 'a00000000000021', 'AST-00316'),
  ('a01000000000317', 'Support Package', 'SN-91015538', '2027-08-18', '001000000000028', 'a00000000000116', 'AST-00317'),
  ('a01000000000318', 'Mobile App', 'SN-99183326', '2028-12-17', '001000000000025', 'a00000000000117', 'AST-00318'),
  ('a01000000000319', 'CRM Seat', 'SN-94610244', '2028-11-16', '001000000000022', 'a00000000000131', 'AST-00319'),
  ('a01000000000320', 'Mobile App', 'SN-88494095', '2031-04-17', '001000000000023', 'a00000000000037', 'AST-00320'),
  ('a01000000000321', 'API Bundle', 'SN-41236735', '2029-12-07', '001000000000044', 'a00000000000061', 'AST-00321'),
  ('a01000000000322', 'Analytics Add-on', 'SN-69195903', '2027-12-06', '001000000000093', 'a00000000000067', 'AST-00322'),
  ('a01000000000323', 'Data Connector', 'SN-55089940', '2030-08-16', '001000000000061', 'a00000000000088', 'AST-00323'),
  ('a01000000000324', 'Support Package', 'SN-70902595', '2030-03-14', '001000000000022', 'a00000000000123', 'AST-00324'),
  ('a01000000000325', 'Analytics Add-on', 'SN-96075305', '2029-12-10', '001000000000065', 'a00000000000098', 'AST-00325'),
  ('a01000000000326', 'Analytics Add-on', 'SN-49592477', '2029-08-04', '001000000000016', 'a00000000000043', 'AST-00326'),
  ('a01000000000327', 'CRM Seat', 'SN-13684149', '2031-01-14', '001000000000001', 'a00000000000035', 'AST-00327'),
  ('a01000000000328', 'Data Connector', 'SN-31664450', '2030-07-30', '001000000000030', 'a00000000000016', 'AST-00328'),
  ('a01000000000329', 'Analytics Add-on', 'SN-90297330', '2029-09-05', '001000000000066', 'a00000000000075', 'AST-00329'),
  ('a01000000000330', 'CRM Seat', 'SN-57829121', '2030-04-30', '001000000000005', 'a00000000000138', 'AST-00330'),
  ('a01000000000331', 'Support Package', 'SN-99887971', '2030-04-30', '001000000000007', 'a00000000000063', 'AST-00331'),
  ('a01000000000332', 'Support Package', 'SN-50267230', '2029-04-14', '001000000000026', 'a00000000000134', 'AST-00332'),
  ('a01000000000333', 'API Bundle', 'SN-45749765', '2029-04-02', '001000000000029', 'a00000000000114', 'AST-00333'),
  ('a01000000000334', 'API Bundle', 'SN-21648163', '2027-08-17', '001000000000075', 'a00000000000098', 'AST-00334'),
  ('a01000000000335', 'Support Package', 'SN-42011491', '2029-08-20', '001000000000021', 'a00000000000088', 'AST-00335'),
  ('a01000000000336', 'Mobile App', 'SN-88699364', '2029-06-23', '001000000000031', 'a00000000000130', 'AST-00336'),
  ('a01000000000337', 'Data Connector', 'SN-15212902', '2027-07-27', '001000000000098', 'a00000000000141', 'AST-00337'),
  ('a01000000000338', 'Analytics Add-on', 'SN-43657530', '2030-09-07', '001000000000080', 'a00000000000039', 'AST-00338'),
  ('a01000000000339', 'Data Connector', 'SN-77698693', '2030-06-23', '001000000000007', 'a00000000000010', 'AST-00339'),
  ('a01000000000340', 'Data Connector', 'SN-46999067', '2031-06-02', '001000000000020', 'a00000000000130', 'AST-00340'),
  ('a01000000000341', 'Mobile App', 'SN-24673262', '2027-10-24', '001000000000083', 'a00000000000058', 'AST-00341'),
  ('a01000000000342', 'Support Package', 'SN-87351253', '2028-01-15', '001000000000029', 'a00000000000106', 'AST-00342'),
  ('a01000000000343', 'Mobile App', 'SN-63314356', '2030-12-18', '001000000000026', 'a00000000000105', 'AST-00343'),
  ('a01000000000344', 'Data Connector', 'SN-30984409', '2029-08-01', '001000000000042', 'a00000000000002', 'AST-00344'),
  ('a01000000000345', 'CRM Seat', 'SN-57160594', '2029-04-22', '001000000000027', 'a00000000000053', 'AST-00345'),
  ('a01000000000346', 'Data Connector', 'SN-43691942', '2028-01-13', '001000000000028', 'a00000000000091', 'AST-00346'),
  ('a01000000000347', 'Mobile App', 'SN-20961956', '2028-05-28', '001000000000001', 'a00000000000138', 'AST-00347'),
  ('a01000000000348', 'Analytics Add-on', 'SN-75334576', '2028-02-03', '001000000000012', 'a00000000000102', 'AST-00348'),
  ('a01000000000349', 'API Bundle', 'SN-97580988', '2027-10-17', '001000000000048', 'a00000000000017', 'AST-00349'),
  ('a01000000000350', 'Data Connector', 'SN-91919805', '2029-01-06', '001000000000019', 'a00000000000017', 'AST-00350'),
  ('a01000000000351', 'Data Connector', 'SN-46739379', '2031-05-18', '001000000000020', 'a00000000000150', 'AST-00351'),
  ('a01000000000352', 'Data Connector', 'SN-30679687', '2029-01-07', '001000000000052', 'a00000000000080', 'AST-00352'),
  ('a01000000000353', 'CRM Seat', 'SN-42890475', '2030-07-21', '001000000000060', 'a00000000000063', 'AST-00353'),
  ('a01000000000354', 'Analytics Add-on', 'SN-92580254', '2027-12-03', '001000000000010', 'a00000000000059', 'AST-00354'),
  ('a01000000000355', 'Mobile App', 'SN-35235020', '2028-09-27', '001000000000080', 'a00000000000022', 'AST-00355'),
  ('a01000000000356', 'API Bundle', 'SN-46723244', '2028-01-24', '001000000000041', 'a00000000000131', 'AST-00356'),
  ('a01000000000357', 'CRM Seat', 'SN-62131228', '2029-04-08', '001000000000070', 'a00000000000046', 'AST-00357'),
  ('a01000000000358', 'API Bundle', 'SN-18710970', '2030-12-14', '001000000000096', 'a00000000000077', 'AST-00358'),
  ('a01000000000359', 'Mobile App', 'SN-97024889', '2028-08-17', '001000000000031', 'a00000000000108', 'AST-00359'),
  ('a01000000000360', 'Data Connector', 'SN-41830833', '2029-06-02', '001000000000089', 'a00000000000134', 'AST-00360'),
  ('a01000000000361', 'CRM Seat', 'SN-39920162', '2031-06-13', '001000000000021', 'a00000000000125', 'AST-00361'),
  ('a01000000000362', 'API Bundle', 'SN-56859144', '2029-11-19', '001000000000099', 'a00000000000063', 'AST-00362'),
  ('a01000000000363', 'Support Package', 'SN-55724505', '2031-04-13', '001000000000057', 'a00000000000028', 'AST-00363'),
  ('a01000000000364', 'Mobile App', 'SN-98853926', '2030-07-31', '001000000000093', 'a00000000000002', 'AST-00364'),
  ('a01000000000365', 'Analytics Add-on', 'SN-76883525', '2031-02-17', '001000000000006', 'a00000000000037', 'AST-00365'),
  ('a01000000000366', 'Support Package', 'SN-71896194', '2029-09-26', '001000000000044', 'a00000000000067', 'AST-00366'),
  ('a01000000000367', 'Data Connector', 'SN-64201367', '2027-08-02', '001000000000088', 'a00000000000054', 'AST-00367'),
  ('a01000000000368', 'Data Connector', 'SN-61725208', '2030-03-03', '001000000000031', 'a00000000000139', 'AST-00368'),
  ('a01000000000369', 'Analytics Add-on', 'SN-36033273', '2027-11-05', '001000000000042', 'a00000000000110', 'AST-00369'),
  ('a01000000000370', 'Mobile App', 'SN-64298583', '2029-11-23', '001000000000052', 'a00000000000130', 'AST-00370'),
  ('a01000000000371', 'Analytics Add-on', 'SN-72052657', '2031-03-02', '001000000000058', 'a00000000000042', 'AST-00371'),
  ('a01000000000372', 'API Bundle', 'SN-26207882', '2028-04-11', '001000000000035', 'a00000000000089', 'AST-00372'),
  ('a01000000000373', 'Data Connector', 'SN-51004175', '2029-06-17', '001000000000086', 'a00000000000050', 'AST-00373'),
  ('a01000000000374', 'Analytics Add-on', 'SN-29470563', '2029-09-17', '001000000000036', 'a00000000000142', 'AST-00374'),
  ('a01000000000375', 'API Bundle', 'SN-34155647', '2027-08-18', '001000000000071', 'a00000000000153', 'AST-00375'),
  ('a01000000000376', 'Analytics Add-on', 'SN-64184724', '2028-11-29', '001000000000038', 'a00000000000146', 'AST-00376'),
  ('a01000000000377', 'Data Connector', 'SN-77259855', '2029-03-21', '001000000000010', 'a00000000000043', 'AST-00377'),
  ('a01000000000378', 'Analytics Add-on', 'SN-40767313', '2030-05-05', '001000000000002', 'a00000000000062', 'AST-00378'),
  ('a01000000000379', 'API Bundle', 'SN-22916646', '2029-03-31', '001000000000048', 'a00000000000103', 'AST-00379'),
  ('a01000000000380', 'Data Connector', 'SN-17966428', '2029-04-30', '001000000000009', 'a00000000000058', 'AST-00380'),
  ('a01000000000381', 'Support Package', 'SN-23319209', '2027-10-26', '001000000000019', 'a00000000000004', 'AST-00381'),
  ('a01000000000382', 'Mobile App', 'SN-77501360', '2027-10-14', '001000000000085', 'a00000000000054', 'AST-00382'),
  ('a01000000000383', 'CRM Seat', 'SN-23324598', '2027-10-22', '001000000000017', 'a00000000000019', 'AST-00383'),
  ('a01000000000384', 'CRM Seat', 'SN-10721893', '2029-01-17', '001000000000011', 'a00000000000135', 'AST-00384'),
  ('a01000000000385', 'Mobile App', 'SN-82869516', '2029-04-11', '001000000000093', 'a00000000000067', 'AST-00385'),
  ('a01000000000386', 'CRM Seat', 'SN-52123737', '2030-12-01', '001000000000017', 'a00000000000148', 'AST-00386'),
  ('a01000000000387', 'Support Package', 'SN-51890814', '2030-10-23', '001000000000012', 'a00000000000113', 'AST-00387'),
  ('a01000000000388', 'API Bundle', 'SN-34050769', '2029-12-27', '001000000000028', 'a00000000000019', 'AST-00388'),
  ('a01000000000389', 'Support Package', 'SN-13746048', '2029-03-14', '001000000000085', 'a00000000000058', 'AST-00389'),
  ('a01000000000390', 'CRM Seat', 'SN-79413578', '2028-05-17', '001000000000001', 'a00000000000061', 'AST-00390'),
  ('a01000000000391', 'Data Connector', 'SN-28595659', '2029-01-31', '001000000000071', 'a00000000000101', 'AST-00391'),
  ('a01000000000392', 'Analytics Add-on', 'SN-60240226', '2029-05-04', '001000000000003', 'a00000000000083', 'AST-00392'),
  ('a01000000000393', 'Data Connector', 'SN-88059364', '2030-01-28', '001000000000066', 'a00000000000071', 'AST-00393'),
  ('a01000000000394', 'Mobile App', 'SN-42290838', '2030-03-25', '001000000000041', 'a00000000000118', 'AST-00394'),
  ('a01000000000395', 'Data Connector', 'SN-74972370', '2031-01-23', '001000000000046', 'a00000000000008', 'AST-00395'),
  ('a01000000000396', 'Data Connector', 'SN-30843308', '2031-06-28', '001000000000057', 'a00000000000074', 'AST-00396'),
  ('a01000000000397', 'Support Package', 'SN-76579346', '2029-06-07', '001000000000041', 'a00000000000032', 'AST-00397'),
  ('a01000000000398', 'Analytics Add-on', 'SN-58600828', '2028-08-22', '001000000000010', 'a00000000000038', 'AST-00398'),
  ('a01000000000399', 'Support Package', 'SN-22899817', '2029-02-24', '001000000000068', 'a00000000000060', 'AST-00399'),
  ('a01000000000400', 'Data Connector', 'SN-66875870', '2029-11-29', '001000000000079', 'a00000000000079', 'AST-00400');

CREATE TABLE _ground_truth (
    id SERIAL PRIMARY KEY,
    target_table text,
    target_id text,
    source_table text,
    source_id text,
    notes text
);

INSERT INTO _ground_truth ("target_table", "target_id", "source_table", "source_id", "notes") VALUES
  ('Account', '001000000000001', 'source_account', 'CUST-1001', NULL),
  ('Account', '001000000000002', 'source_account', 'CUST-1002', NULL),
  ('Account', '001000000000003', 'source_account', 'CUST-1003', NULL),
  ('Account', '001000000000004', 'source_account', 'CUST-1004', NULL),
  ('Account', '001000000000005', 'source_account', 'CUST-1005', NULL),
  ('Account', '001000000000006', 'source_account', 'CUST-1006', NULL),
  ('Account', '001000000000007', 'source_account', 'CUST-1007', NULL),
  ('Account', '001000000000008', 'source_account', 'CUST-1008', NULL),
  ('Account', '001000000000009', 'source_account', 'CUST-1009', NULL),
  ('Account', '001000000000010', 'source_account', 'CUST-1010', NULL),
  ('Account', '001000000000011', 'source_account', 'CUST-1011', NULL),
  ('Account', '001000000000012', 'source_account', 'CUST-1012', NULL),
  ('Account', '001000000000013', 'source_account', 'CUST-1013', NULL),
  ('Account', '001000000000014', 'source_account', 'CUST-1014', NULL),
  ('Account', '001000000000015', 'source_account', 'CUST-1015', NULL),
  ('Account', '001000000000016', 'source_account', 'CUST-1016', NULL),
  ('Account', '001000000000017', 'source_account', 'CUST-1017', NULL),
  ('Account', '001000000000018', 'source_account', 'CUST-1018', NULL),
  ('Account', '001000000000019', 'source_account', 'CUST-1019', NULL),
  ('Account', '001000000000020', 'source_account', 'CUST-1020', NULL),
  ('Account', '001000000000021', 'source_account', 'CUST-1021', NULL),
  ('Account', '001000000000022', 'source_account', 'CUST-1022', NULL),
  ('Account', '001000000000023', 'source_account', 'CUST-1023', NULL),
  ('Account', '001000000000024', 'source_account', 'CUST-1024', NULL),
  ('Account', '001000000000025', 'source_account', 'CUST-1025', NULL),
  ('Account', '001000000000026', 'source_account', 'CUST-1026', NULL),
  ('Account', '001000000000027', 'source_account', 'CUST-1027', NULL),
  ('Account', '001000000000028', 'source_account', 'CUST-1028', NULL),
  ('Account', '001000000000029', 'source_account', 'CUST-1029', NULL),
  ('Account', '001000000000030', 'source_account', 'CUST-1030', NULL),
  ('Account', '001000000000031', 'source_account', 'CUST-1031', NULL),
  ('Account', '001000000000032', 'source_account', 'CUST-1032', NULL),
  ('Account', '001000000000033', 'source_account', 'CUST-1033', NULL),
  ('Account', '001000000000034', 'source_account', 'CUST-1034', NULL),
  ('Account', '001000000000035', 'source_account', 'CUST-1035', NULL),
  ('Account', '001000000000036', 'source_account', 'CUST-1036', NULL),
  ('Account', '001000000000037', 'source_account', 'CUST-1037', NULL),
  ('Account', '001000000000038', 'source_account', 'CUST-1038', NULL),
  ('Account', '001000000000039', 'source_account', 'CUST-1039', NULL),
  ('Account', '001000000000040', 'source_account', 'CUST-1040', NULL),
  ('Account', '001000000000041', 'source_account', 'CUST-1041', NULL),
  ('Account', '001000000000042', 'source_account', 'CUST-1042', NULL),
  ('Account', '001000000000043', 'source_account', 'CUST-1043', NULL),
  ('Account', '001000000000044', 'source_account', 'CUST-1044', NULL),
  ('Account', '001000000000045', 'source_account', 'CUST-1045', NULL),
  ('Account', '001000000000046', 'source_account', 'CUST-1046', NULL),
  ('Account', '001000000000047', 'source_account', 'CUST-1047', NULL),
  ('Account', '001000000000048', 'source_account', 'CUST-1048', NULL),
  ('Account', '001000000000049', 'source_account', 'CUST-1049', NULL),
  ('Account', '001000000000050', 'source_account', 'CUST-1050', NULL),
  ('Account', '001000000000051', 'source_account', 'CUST-1051', NULL),
  ('Account', '001000000000052', 'source_account', 'CUST-1052', NULL),
  ('Account', '001000000000053', 'source_account', 'CUST-1053', NULL),
  ('Account', '001000000000054', 'source_account', 'CUST-1054', NULL),
  ('Account', '001000000000055', 'source_account', 'CUST-1055', NULL),
  ('Account', '001000000000056', 'source_account', 'CUST-1056', NULL),
  ('Account', '001000000000057', 'source_account', 'CUST-1057', NULL),
  ('Account', '001000000000058', 'source_account', 'CUST-1058', NULL),
  ('Account', '001000000000059', 'source_account', 'CUST-1059', NULL),
  ('Account', '001000000000060', 'source_account', 'CUST-1060', NULL),
  ('Account', '001000000000061', 'source_account', 'CUST-1061', NULL),
  ('Account', '001000000000062', 'source_account', 'CUST-1062', NULL),
  ('Account', '001000000000063', 'source_account', 'CUST-1063', NULL),
  ('Account', '001000000000064', 'source_account', 'CUST-1064', NULL),
  ('Account', '001000000000065', 'source_account', 'CUST-1065', NULL),
  ('Account', '001000000000066', 'source_account', 'CUST-1066', NULL),
  ('Account', '001000000000067', 'source_account', 'CUST-1067', NULL),
  ('Account', '001000000000068', 'source_account', 'CUST-1068', NULL),
  ('Account', '001000000000069', 'source_account', 'CUST-1069', NULL),
  ('Account', '001000000000070', 'source_account', 'CUST-1070', NULL),
  ('Account', '001000000000071', 'source_account', 'CUST-1071', NULL),
  ('Account', '001000000000072', 'source_account', 'CUST-1072', NULL),
  ('Account', '001000000000073', 'source_account', 'CUST-1073', NULL),
  ('Account', '001000000000074', 'source_account', 'CUST-1074', NULL),
  ('Account', '001000000000075', 'source_account', 'CUST-1075', NULL),
  ('Account', '001000000000076', 'source_account', 'CUST-1076', NULL),
  ('Account', '001000000000077', 'source_account', 'CUST-1077', NULL),
  ('Account', '001000000000078', 'source_account', 'CUST-1078', NULL),
  ('Account', '001000000000079', 'source_account', 'CUST-1079', NULL),
  ('Account', '001000000000080', 'source_account', 'CUST-1080', NULL),
  ('Account', '001000000000081', 'source_account', 'CUST-1081', NULL),
  ('Account', '001000000000082', 'source_account', 'CUST-1082', NULL),
  ('Account', '001000000000083', 'source_account', 'CUST-1083', NULL),
  ('Account', '001000000000084', 'source_account', 'CUST-1084', NULL),
  ('Account', '001000000000085', 'source_account', 'CUST-1085', NULL),
  ('Account', '001000000000086', 'source_account', 'CUST-1086', NULL),
  ('Account', '001000000000087', 'source_account', 'CUST-1087', NULL),
  ('Account', '001000000000088', 'source_account', 'CUST-1088', NULL),
  ('Account', '001000000000089', 'source_account', 'CUST-1089', NULL),
  ('Account', '001000000000090', 'source_account', 'CUST-1090', NULL),
  ('Account', '001000000000091', 'source_account', 'CUST-1091', NULL),
  ('Account', '001000000000092', 'source_account', 'CUST-1092', NULL),
  ('Account', '001000000000093', 'source_account', 'CUST-1093', NULL),
  ('Account', '001000000000094', 'source_account', 'CUST-1094', NULL),
  ('Account', '001000000000095', 'source_account', 'CUST-1095', NULL),
  ('Account', '001000000000096', 'source_account', 'CUST-1096', NULL),
  ('Account', '001000000000097', 'source_account', 'CUST-1097', NULL),
  ('Account', '001000000000098', 'source_account', 'CUST-1098', NULL),
  ('Account', '001000000000099', 'source_account', 'CUST-1099', NULL),
  ('Account', '001000000000100', 'source_account', 'CUST-1100', NULL),
  ('Contact', '003000000000001', 'source_contact', 'CON-00001', NULL),
  ('Contact', '003000000000002', 'source_contact', 'CON-00002', NULL),
  ('Contact', '003000000000003', 'source_contact', 'CON-00003', NULL),
  ('Contact', '003000000000004', 'source_contact', 'CON-00004', NULL),
  ('Contact', '003000000000005', 'source_contact', 'CON-00005', NULL),
  ('Contact', '003000000000006', 'source_contact', 'CON-00006', NULL),
  ('Contact', '003000000000007', 'source_contact', 'CON-00007', NULL),
  ('Contact', '003000000000008', 'source_contact', 'CON-00008', NULL),
  ('Contact', '003000000000009', 'source_contact', 'CON-00009', NULL),
  ('Contact', '003000000000010', 'source_contact', 'CON-00010', NULL),
  ('Contact', '003000000000011', 'source_contact', 'CON-00011', NULL),
  ('Contact', '003000000000012', 'source_contact', 'CON-00012', NULL),
  ('Contact', '003000000000013', 'source_contact', 'CON-00013', NULL),
  ('Contact', '003000000000014', 'source_contact', 'CON-00014', NULL),
  ('Contact', '003000000000015', 'source_contact', 'CON-00015', NULL),
  ('Contact', '003000000000016', 'source_contact', 'CON-00016', NULL),
  ('Contact', '003000000000017', 'source_contact', 'CON-00017', NULL),
  ('Contact', '003000000000018', 'source_contact', 'CON-00018', NULL),
  ('Contact', '003000000000019', 'source_contact', 'CON-00019', NULL),
  ('Contact', '003000000000020', 'source_contact', 'CON-00020', NULL),
  ('Contact', '003000000000021', 'source_contact', 'CON-00021', NULL),
  ('Contact', '003000000000022', 'source_contact', 'CON-00022', NULL),
  ('Contact', '003000000000023', 'source_contact', 'CON-00023', NULL),
  ('Contact', '003000000000024', 'source_contact', 'CON-00024', NULL),
  ('Contact', '003000000000025', 'source_contact', 'CON-00025', NULL),
  ('Contact', '003000000000026', 'source_contact', 'CON-00026', NULL),
  ('Contact', '003000000000027', 'source_contact', 'CON-00027', NULL),
  ('Contact', '003000000000028', 'source_contact', 'CON-00028', NULL),
  ('Contact', '003000000000029', 'source_contact', 'CON-00029', NULL),
  ('Contact', '003000000000030', 'source_contact', 'CON-00030', NULL),
  ('Contact', '003000000000031', 'source_contact', 'CON-00031', NULL),
  ('Contact', '003000000000032', 'source_contact', 'CON-00032', NULL),
  ('Contact', '003000000000033', 'source_contact', 'CON-00033', NULL),
  ('Contact', '003000000000034', 'source_contact', 'CON-00034', NULL),
  ('Contact', '003000000000035', 'source_contact', 'CON-00035', NULL),
  ('Contact', '003000000000036', 'source_contact', 'CON-00036', NULL),
  ('Contact', '003000000000037', 'source_contact', 'CON-00037', NULL),
  ('Contact', '003000000000038', 'source_contact', 'CON-00038', NULL),
  ('Contact', '003000000000039', 'source_contact', 'CON-00039', NULL),
  ('Contact', '003000000000040', 'source_contact', 'CON-00040', NULL),
  ('Contact', '003000000000041', 'source_contact', 'CON-00041', NULL),
  ('Contact', '003000000000042', 'source_contact', 'CON-00042', NULL),
  ('Contact', '003000000000043', 'source_contact', 'CON-00043', NULL),
  ('Contact', '003000000000044', 'source_contact', 'CON-00044', NULL),
  ('Contact', '003000000000045', 'source_contact', 'CON-00045', NULL),
  ('Contact', '003000000000046', 'source_contact', 'CON-00046', NULL),
  ('Contact', '003000000000047', 'source_contact', 'CON-00047', NULL),
  ('Contact', '003000000000048', 'source_contact', 'CON-00048', NULL),
  ('Contact', '003000000000049', 'source_contact', 'CON-00049', NULL),
  ('Contact', '003000000000050', 'source_contact', 'CON-00050', NULL),
  ('Contact', '003000000000051', 'source_contact', 'CON-00051', NULL),
  ('Contact', '003000000000052', 'source_contact', 'CON-00052', NULL),
  ('Contact', '003000000000053', 'source_contact', 'CON-00053', NULL),
  ('Contact', '003000000000054', 'source_contact', 'CON-00054', NULL),
  ('Contact', '003000000000055', 'source_contact', 'CON-00055', NULL),
  ('Contact', '003000000000056', 'source_contact', 'CON-00056', NULL),
  ('Contact', '003000000000057', 'source_contact', 'CON-00057', NULL),
  ('Contact', '003000000000058', 'source_contact', 'CON-00058', NULL),
  ('Contact', '003000000000059', 'source_contact', 'CON-00059', NULL),
  ('Contact', '003000000000060', 'source_contact', 'CON-00060', NULL),
  ('Contact', '003000000000061', 'source_contact', 'CON-00061', NULL),
  ('Contact', '003000000000062', 'source_contact', 'CON-00062', NULL),
  ('Contact', '003000000000063', 'source_contact', 'CON-00063', NULL),
  ('Contact', '003000000000064', 'source_contact', 'CON-00064', NULL),
  ('Contact', '003000000000065', 'source_contact', 'CON-00065', NULL),
  ('Contact', '003000000000066', 'source_contact', 'CON-00066', NULL),
  ('Contact', '003000000000067', 'source_contact', 'CON-00067', NULL),
  ('Contact', '003000000000068', 'source_contact', 'CON-00068', NULL),
  ('Contact', '003000000000069', 'source_contact', 'CON-00069', NULL),
  ('Contact', '003000000000070', 'source_contact', 'CON-00070', NULL),
  ('Contact', '003000000000071', 'source_contact', 'CON-00071', NULL),
  ('Contact', '003000000000072', 'source_contact', 'CON-00072', NULL),
  ('Contact', '003000000000073', 'source_contact', 'CON-00073', NULL),
  ('Contact', '003000000000074', 'source_contact', 'CON-00074', NULL),
  ('Contact', '003000000000075', 'source_contact', 'CON-00075', NULL),
  ('Contact', '003000000000076', 'source_contact', 'CON-00076', NULL),
  ('Contact', '003000000000077', 'source_contact', 'CON-00077', NULL),
  ('Contact', '003000000000078', 'source_contact', 'CON-00078', NULL),
  ('Contact', '003000000000079', 'source_contact', 'CON-00079', NULL),
  ('Contact', '003000000000080', 'source_contact', 'CON-00080', NULL),
  ('Contact', '003000000000081', 'source_contact', 'CON-00081', NULL),
  ('Contact', '003000000000082', 'source_contact', 'CON-00082', NULL),
  ('Contact', '003000000000083', 'source_contact', 'CON-00083', NULL),
  ('Contact', '003000000000084', 'source_contact', 'CON-00084', NULL),
  ('Contact', '003000000000085', 'source_contact', 'CON-00085', NULL),
  ('Contact', '003000000000086', 'source_contact', 'CON-00086', NULL),
  ('Contact', '003000000000087', 'source_contact', 'CON-00087', NULL),
  ('Contact', '003000000000088', 'source_contact', 'CON-00088', NULL),
  ('Contact', '003000000000089', 'source_contact', 'CON-00089', NULL),
  ('Contact', '003000000000090', 'source_contact', 'CON-00090', NULL),
  ('Contact', '003000000000091', 'source_contact', 'CON-00091', NULL),
  ('Contact', '003000000000092', 'source_contact', 'CON-00092', NULL),
  ('Contact', '003000000000093', 'source_contact', 'CON-00093', NULL),
  ('Contact', '003000000000094', 'source_contact', 'CON-00094', NULL),
  ('Contact', '003000000000095', 'source_contact', 'CON-00095', NULL),
  ('Contact', '003000000000096', 'source_contact', 'CON-00096', NULL),
  ('Contact', '003000000000097', 'source_contact', 'CON-00097', NULL),
  ('Contact', '003000000000098', 'source_contact', 'CON-00098', NULL),
  ('Contact', '003000000000099', 'source_contact', 'CON-00099', NULL),
  ('Contact', '003000000000100', 'source_contact', 'CON-00100', NULL),
  ('Contact', '003000000000101', 'source_contact', 'CON-00101', NULL),
  ('Contact', '003000000000102', 'source_contact', 'CON-00102', NULL),
  ('Contact', '003000000000103', 'source_contact', 'CON-00103', NULL),
  ('Contact', '003000000000104', 'source_contact', 'CON-00104', NULL),
  ('Contact', '003000000000105', 'source_contact', 'CON-00105', NULL),
  ('Contact', '003000000000106', 'source_contact', 'CON-00106', NULL),
  ('Contact', '003000000000107', 'source_contact', 'CON-00107', NULL),
  ('Contact', '003000000000108', 'source_contact', 'CON-00108', NULL),
  ('Contact', '003000000000109', 'source_contact', 'CON-00109', NULL),
  ('Contact', '003000000000110', 'source_contact', 'CON-00110', NULL),
  ('Contact', '003000000000111', 'source_contact', 'CON-00111', NULL),
  ('Contact', '003000000000112', 'source_contact', 'CON-00112', NULL),
  ('Contact', '003000000000113', 'source_contact', 'CON-00113', NULL),
  ('Contact', '003000000000114', 'source_contact', 'CON-00114', NULL),
  ('Contact', '003000000000115', 'source_contact', 'CON-00115', NULL),
  ('Contact', '003000000000116', 'source_contact', 'CON-00116', NULL),
  ('Contact', '003000000000117', 'source_contact', 'CON-00117', NULL),
  ('Contact', '003000000000118', 'source_contact', 'CON-00118', NULL),
  ('Contact', '003000000000119', 'source_contact', 'CON-00119', NULL),
  ('Contact', '003000000000120', 'source_contact', 'CON-00120', NULL),
  ('Contact', '003000000000121', 'source_contact', 'CON-00121', NULL),
  ('Contact', '003000000000122', 'source_contact', 'CON-00122', NULL),
  ('Contact', '003000000000123', 'source_contact', 'CON-00123', NULL),
  ('Contact', '003000000000124', 'source_contact', 'CON-00124', NULL),
  ('Contact', '003000000000125', 'source_contact', 'CON-00125', NULL),
  ('Contact', '003000000000126', 'source_contact', 'CON-00126', NULL),
  ('Contact', '003000000000127', 'source_contact', 'CON-00127', NULL),
  ('Contact', '003000000000128', 'source_contact', 'CON-00128', NULL),
  ('Contact', '003000000000129', 'source_contact', 'CON-00129', NULL),
  ('Contact', '003000000000130', 'source_contact', 'CON-00130', NULL),
  ('Contact', '003000000000131', 'source_contact', 'CON-00131', NULL),
  ('Contact', '003000000000132', 'source_contact', 'CON-00132', NULL),
  ('Contact', '003000000000133', 'source_contact', 'CON-00133', NULL),
  ('Contact', '003000000000134', 'source_contact', 'CON-00134', NULL),
  ('Contact', '003000000000135', 'source_contact', 'CON-00135', NULL),
  ('Contact', '003000000000136', 'source_contact', 'CON-00136', NULL),
  ('Contact', '003000000000137', 'source_contact', 'CON-00137', NULL),
  ('Contact', '003000000000138', 'source_contact', 'CON-00138', NULL),
  ('Contact', '003000000000139', 'source_contact', 'CON-00139', NULL),
  ('Contact', '003000000000140', 'source_contact', 'CON-00140', NULL),
  ('Contact', '003000000000141', 'source_contact', 'CON-00141', NULL),
  ('Contact', '003000000000142', 'source_contact', 'CON-00142', NULL),
  ('Contact', '003000000000143', 'source_contact', 'CON-00143', NULL),
  ('Contact', '003000000000144', 'source_contact', 'CON-00144', NULL),
  ('Contact', '003000000000145', 'source_contact', 'CON-00145', NULL),
  ('Contact', '003000000000146', 'source_contact', 'CON-00146', NULL),
  ('Contact', '003000000000147', 'source_contact', 'CON-00147', NULL),
  ('Contact', '003000000000148', 'source_contact', 'CON-00148', NULL),
  ('Contact', '003000000000149', 'source_contact', 'CON-00149', NULL),
  ('Contact', '003000000000150', 'source_contact', 'CON-00150', NULL),
  ('Contact', '003000000000151', 'source_contact', 'CON-00151', NULL),
  ('Contact', '003000000000152', 'source_contact', 'CON-00152', NULL),
  ('Contact', '003000000000153', 'source_contact', 'CON-00153', NULL),
  ('Contact', '003000000000154', 'source_contact', 'CON-00154', NULL),
  ('Contact', '003000000000155', 'source_contact', 'CON-00155', NULL),
  ('Contact', '003000000000156', 'source_contact', 'CON-00156', NULL),
  ('Contact', '003000000000157', 'source_contact', 'CON-00157', NULL),
  ('Contact', '003000000000158', 'source_contact', 'CON-00158', NULL),
  ('Contact', '003000000000159', 'source_contact', 'CON-00159', NULL),
  ('Contact', '003000000000160', 'source_contact', 'CON-00160', NULL),
  ('Contact', '003000000000161', 'source_contact', 'CON-00161', NULL),
  ('Contact', '003000000000162', 'source_contact', 'CON-00162', NULL),
  ('Contact', '003000000000163', 'source_contact', 'CON-00163', NULL),
  ('Contact', '003000000000164', 'source_contact', 'CON-00164', NULL),
  ('Contact', '003000000000165', 'source_contact', 'CON-00165', NULL),
  ('Contact', '003000000000166', 'source_contact', 'CON-00166', NULL),
  ('Contact', '003000000000167', 'source_contact', 'CON-00167', NULL),
  ('Contact', '003000000000168', 'source_contact', 'CON-00168', NULL),
  ('Contact', '003000000000169', 'source_contact', 'CON-00169', NULL),
  ('Contact', '003000000000170', 'source_contact', 'CON-00170', NULL),
  ('Contact', '003000000000171', 'source_contact', 'CON-00171', NULL),
  ('Contact', '003000000000172', 'source_contact', 'CON-00172', NULL),
  ('Contact', '003000000000173', 'source_contact', 'CON-00173', NULL),
  ('Contact', '003000000000174', 'source_contact', 'CON-00174', NULL),
  ('Contact', '003000000000175', 'source_contact', 'CON-00175', NULL),
  ('Contact', '003000000000176', 'source_contact', 'CON-00176', NULL),
  ('Contact', '003000000000177', 'source_contact', 'CON-00177', NULL),
  ('Contact', '003000000000178', 'source_contact', 'CON-00178', NULL),
  ('Contact', '003000000000179', 'source_contact', 'CON-00179', NULL),
  ('Contact', '003000000000180', 'source_contact', 'CON-00180', NULL),
  ('Contact', '003000000000181', 'source_contact', 'CON-00181', NULL),
  ('Contact', '003000000000182', 'source_contact', 'CON-00182', NULL),
  ('Contact', '003000000000183', 'source_contact', 'CON-00183', NULL),
  ('Contact', '003000000000184', 'source_contact', 'CON-00184', NULL),
  ('Contact', '003000000000185', 'source_contact', 'CON-00185', NULL),
  ('Contact', '003000000000186', 'source_contact', 'CON-00186', NULL),
  ('Contact', '003000000000187', 'source_contact', 'CON-00187', NULL),
  ('Contact', '003000000000188', 'source_contact', 'CON-00188', NULL),
  ('Contact', '003000000000189', 'source_contact', 'CON-00189', NULL),
  ('Contact', '003000000000190', 'source_contact', 'CON-00190', NULL),
  ('Contact', '003000000000191', 'source_contact', 'CON-00191', NULL),
  ('Contact', '003000000000192', 'source_contact', 'CON-00192', NULL),
  ('Contact', '003000000000193', 'source_contact', 'CON-00193', NULL),
  ('Contact', '003000000000194', 'source_contact', 'CON-00194', NULL),
  ('Contact', '003000000000195', 'source_contact', 'CON-00195', NULL),
  ('Contact', '003000000000196', 'source_contact', 'CON-00196', NULL),
  ('Contact', '003000000000197', 'source_contact', 'CON-00197', NULL),
  ('Contact', '003000000000198', 'source_contact', 'CON-00198', NULL),
  ('Contact', '003000000000199', 'source_contact', 'CON-00199', NULL),
  ('Contact', '003000000000200', 'source_contact', 'CON-00200', NULL),
  ('Contact', '003000000000201', 'source_contact', 'CON-00201', NULL),
  ('Opportunity', '006000000000001', 'source_opportunity', 'OPP-00001', NULL),
  ('Opportunity', '006000000000002', 'source_opportunity', 'OPP-00002', NULL),
  ('Opportunity', '006000000000003', 'source_opportunity', 'OPP-00003', NULL),
  ('Opportunity', '006000000000004', 'source_opportunity', 'OPP-00004', NULL),
  ('Opportunity', '006000000000005', 'source_opportunity', 'OPP-00005', NULL),
  ('Opportunity', '006000000000006', 'source_opportunity', 'OPP-00006', NULL),
  ('Opportunity', '006000000000007', 'source_opportunity', 'OPP-00007', NULL),
  ('Opportunity', '006000000000008', 'source_opportunity', 'OPP-00008', NULL),
  ('Opportunity', '006000000000009', 'source_opportunity', 'OPP-00009', NULL),
  ('Opportunity', '006000000000010', 'source_opportunity', 'OPP-00010', NULL),
  ('Opportunity', '006000000000011', 'source_opportunity', 'OPP-00011', NULL),
  ('Opportunity', '006000000000012', 'source_opportunity', 'OPP-00012', NULL),
  ('Opportunity', '006000000000013', 'source_opportunity', 'OPP-00013', NULL),
  ('Opportunity', '006000000000014', 'source_opportunity', 'OPP-00014', NULL),
  ('Opportunity', '006000000000015', 'source_opportunity', 'OPP-00015', NULL),
  ('Opportunity', '006000000000016', 'source_opportunity', 'OPP-00016', NULL),
  ('Opportunity', '006000000000017', 'source_opportunity', 'OPP-00017', NULL),
  ('Opportunity', '006000000000018', 'source_opportunity', 'OPP-00018', NULL),
  ('Opportunity', '006000000000019', 'source_opportunity', 'OPP-00019', NULL),
  ('Opportunity', '006000000000020', 'source_opportunity', 'OPP-00020', NULL),
  ('Opportunity', '006000000000021', 'source_opportunity', 'OPP-00021', NULL),
  ('Opportunity', '006000000000022', 'source_opportunity', 'OPP-00022', NULL),
  ('Opportunity', '006000000000023', 'source_opportunity', 'OPP-00023', NULL),
  ('Opportunity', '006000000000024', 'source_opportunity', 'OPP-00024', NULL),
  ('Opportunity', '006000000000025', 'source_opportunity', 'OPP-00025', NULL),
  ('Opportunity', '006000000000026', 'source_opportunity', 'OPP-00026', NULL),
  ('Opportunity', '006000000000027', 'source_opportunity', 'OPP-00027', NULL),
  ('Opportunity', '006000000000028', 'source_opportunity', 'OPP-00028', NULL),
  ('Opportunity', '006000000000029', 'source_opportunity', 'OPP-00029', NULL),
  ('Opportunity', '006000000000030', 'source_opportunity', 'OPP-00030', NULL),
  ('Opportunity', '006000000000031', 'source_opportunity', 'OPP-00031', NULL),
  ('Opportunity', '006000000000032', 'source_opportunity', 'OPP-00032', NULL),
  ('Opportunity', '006000000000033', 'source_opportunity', 'OPP-00033', NULL),
  ('Opportunity', '006000000000034', 'source_opportunity', 'OPP-00034', NULL),
  ('Opportunity', '006000000000035', 'source_opportunity', 'OPP-00035', NULL),
  ('Opportunity', '006000000000036', 'source_opportunity', 'OPP-00036', NULL),
  ('Opportunity', '006000000000037', 'source_opportunity', 'OPP-00037', NULL),
  ('Opportunity', '006000000000038', 'source_opportunity', 'OPP-00038', NULL),
  ('Opportunity', '006000000000039', 'source_opportunity', 'OPP-00039', NULL),
  ('Opportunity', '006000000000040', 'source_opportunity', 'OPP-00040', NULL),
  ('Opportunity', '006000000000041', 'source_opportunity', 'OPP-00041', NULL),
  ('Opportunity', '006000000000042', 'source_opportunity', 'OPP-00042', NULL),
  ('Opportunity', '006000000000043', 'source_opportunity', 'OPP-00043', NULL),
  ('Opportunity', '006000000000044', 'source_opportunity', 'OPP-00044', NULL),
  ('Opportunity', '006000000000045', 'source_opportunity', 'OPP-00045', NULL),
  ('Opportunity', '006000000000046', 'source_opportunity', 'OPP-00046', NULL),
  ('Opportunity', '006000000000047', 'source_opportunity', 'OPP-00047', NULL),
  ('Opportunity', '006000000000048', 'source_opportunity', 'OPP-00048', NULL),
  ('Opportunity', '006000000000049', 'source_opportunity', 'OPP-00049', NULL),
  ('Opportunity', '006000000000050', 'source_opportunity', 'OPP-00050', NULL),
  ('Opportunity', '006000000000051', 'source_opportunity', 'OPP-00051', NULL),
  ('Opportunity', '006000000000052', 'source_opportunity', 'OPP-00052', NULL),
  ('Opportunity', '006000000000053', 'source_opportunity', 'OPP-00053', NULL),
  ('Opportunity', '006000000000054', 'source_opportunity', 'OPP-00054', NULL),
  ('Opportunity', '006000000000055', 'source_opportunity', 'OPP-00055', NULL),
  ('Opportunity', '006000000000056', 'source_opportunity', 'OPP-00056', NULL),
  ('Opportunity', '006000000000057', 'source_opportunity', 'OPP-00057', NULL),
  ('Opportunity', '006000000000058', 'source_opportunity', 'OPP-00058', NULL),
  ('Opportunity', '006000000000059', 'source_opportunity', 'OPP-00059', NULL),
  ('Opportunity', '006000000000060', 'source_opportunity', 'OPP-00060', NULL),
  ('Opportunity', '006000000000061', 'source_opportunity', 'OPP-00061', NULL),
  ('Opportunity', '006000000000062', 'source_opportunity', 'OPP-00062', NULL),
  ('Opportunity', '006000000000063', 'source_opportunity', 'OPP-00063', NULL),
  ('Opportunity', '006000000000064', 'source_opportunity', 'OPP-00064', NULL),
  ('Opportunity', '006000000000065', 'source_opportunity', 'OPP-00065', NULL),
  ('Opportunity', '006000000000066', 'source_opportunity', 'OPP-00066', NULL),
  ('Opportunity', '006000000000067', 'source_opportunity', 'OPP-00067', NULL),
  ('Opportunity', '006000000000068', 'source_opportunity', 'OPP-00068', NULL),
  ('Opportunity', '006000000000069', 'source_opportunity', 'OPP-00069', NULL),
  ('Opportunity', '006000000000070', 'source_opportunity', 'OPP-00070', NULL),
  ('Opportunity', '006000000000071', 'source_opportunity', 'OPP-00071', NULL),
  ('Opportunity', '006000000000072', 'source_opportunity', 'OPP-00072', NULL),
  ('Opportunity', '006000000000073', 'source_opportunity', 'OPP-00073', NULL),
  ('Opportunity', '006000000000074', 'source_opportunity', 'OPP-00074', NULL),
  ('Opportunity', '006000000000075', 'source_opportunity', 'OPP-00075', NULL),
  ('Opportunity', '006000000000076', 'source_opportunity', 'OPP-00076', NULL),
  ('Opportunity', '006000000000077', 'source_opportunity', 'OPP-00077', NULL),
  ('Opportunity', '006000000000078', 'source_opportunity', 'OPP-00078', NULL),
  ('Opportunity', '006000000000079', 'source_opportunity', 'OPP-00079', NULL),
  ('Opportunity', '006000000000080', 'source_opportunity', 'OPP-00080', NULL),
  ('Opportunity', '006000000000081', 'source_opportunity', 'OPP-00081', NULL),
  ('Opportunity', '006000000000082', 'source_opportunity', 'OPP-00082', NULL),
  ('Opportunity', '006000000000083', 'source_opportunity', 'OPP-00083', NULL),
  ('Opportunity', '006000000000084', 'source_opportunity', 'OPP-00084', NULL),
  ('Opportunity', '006000000000085', 'source_opportunity', 'OPP-00085', NULL),
  ('Opportunity', '006000000000086', 'source_opportunity', 'OPP-00086', NULL),
  ('Opportunity', '006000000000087', 'source_opportunity', 'OPP-00087', NULL),
  ('Opportunity', '006000000000088', 'source_opportunity', 'OPP-00088', NULL),
  ('Opportunity', '006000000000089', 'source_opportunity', 'OPP-00089', NULL),
  ('Opportunity', '006000000000090', 'source_opportunity', 'OPP-00090', NULL),
  ('Opportunity', '006000000000091', 'source_opportunity', 'OPP-00091', NULL),
  ('Opportunity', '006000000000092', 'source_opportunity', 'OPP-00092', NULL),
  ('Opportunity', '006000000000093', 'source_opportunity', 'OPP-00093', NULL),
  ('Opportunity', '006000000000094', 'source_opportunity', 'OPP-00094', NULL),
  ('Opportunity', '006000000000095', 'source_opportunity', 'OPP-00095', NULL),
  ('Opportunity', '006000000000096', 'source_opportunity', 'OPP-00096', NULL),
  ('Opportunity', '006000000000097', 'source_opportunity', 'OPP-00097', NULL),
  ('Opportunity', '006000000000098', 'source_opportunity', 'OPP-00098', NULL),
  ('Opportunity', '006000000000099', 'source_opportunity', 'OPP-00099', NULL),
  ('Opportunity', '006000000000100', 'source_opportunity', 'OPP-00100', NULL),
  ('Opportunity', '006000000000101', 'source_opportunity', 'OPP-00101', NULL),
  ('Opportunity', '006000000000102', 'source_opportunity', 'OPP-00102', NULL),
  ('Opportunity', '006000000000103', 'source_opportunity', 'OPP-00103', NULL),
  ('Opportunity', '006000000000104', 'source_opportunity', 'OPP-00104', NULL),
  ('Opportunity', '006000000000105', 'source_opportunity', 'OPP-00105', NULL),
  ('Opportunity', '006000000000106', 'source_opportunity', 'OPP-00106', NULL),
  ('Opportunity', '006000000000107', 'source_opportunity', 'OPP-00107', NULL),
  ('Opportunity', '006000000000108', 'source_opportunity', 'OPP-00108', NULL),
  ('Opportunity', '006000000000109', 'source_opportunity', 'OPP-00109', NULL),
  ('Opportunity', '006000000000110', 'source_opportunity', 'OPP-00110', NULL),
  ('Opportunity', '006000000000111', 'source_opportunity', 'OPP-00111', NULL),
  ('Opportunity', '006000000000112', 'source_opportunity', 'OPP-00112', NULL),
  ('Opportunity', '006000000000113', 'source_opportunity', 'OPP-00113', NULL),
  ('Opportunity', '006000000000114', 'source_opportunity', 'OPP-00114', NULL),
  ('Opportunity', '006000000000115', 'source_opportunity', 'OPP-00115', NULL),
  ('Opportunity', '006000000000116', 'source_opportunity', 'OPP-00116', NULL),
  ('Opportunity', '006000000000117', 'source_opportunity', 'OPP-00117', NULL),
  ('Opportunity', '006000000000118', 'source_opportunity', 'OPP-00118', NULL),
  ('Opportunity', '006000000000119', 'source_opportunity', 'OPP-00119', NULL),
  ('Opportunity', '006000000000120', 'source_opportunity', 'OPP-00120', NULL),
  ('Opportunity', '006000000000121', 'source_opportunity', 'OPP-00121', NULL),
  ('Opportunity', '006000000000122', 'source_opportunity', 'OPP-00122', NULL),
  ('Opportunity', '006000000000123', 'source_opportunity', 'OPP-00123', NULL),
  ('Opportunity', '006000000000124', 'source_opportunity', 'OPP-00124', NULL),
  ('Opportunity', '006000000000125', 'source_opportunity', 'OPP-00125', NULL),
  ('Opportunity', '006000000000126', 'source_opportunity', 'OPP-00126', NULL),
  ('Opportunity', '006000000000127', 'source_opportunity', 'OPP-00127', NULL),
  ('Opportunity', '006000000000128', 'source_opportunity', 'OPP-00128', NULL),
  ('Opportunity', '006000000000129', 'source_opportunity', 'OPP-00129', NULL),
  ('Opportunity', '006000000000130', 'source_opportunity', 'OPP-00130', NULL),
  ('Opportunity', '006000000000131', 'source_opportunity', 'OPP-00131', NULL),
  ('Opportunity', '006000000000132', 'source_opportunity', 'OPP-00132', NULL),
  ('Opportunity', '006000000000133', 'source_opportunity', 'OPP-00133', NULL),
  ('Opportunity', '006000000000134', 'source_opportunity', 'OPP-00134', NULL),
  ('Opportunity', '006000000000135', 'source_opportunity', 'OPP-00135', NULL),
  ('Opportunity', '006000000000136', 'source_opportunity', 'OPP-00136', NULL),
  ('Opportunity', '006000000000137', 'source_opportunity', 'OPP-00137', NULL),
  ('Opportunity', '006000000000138', 'source_opportunity', 'OPP-00138', NULL),
  ('Opportunity', '006000000000139', 'source_opportunity', 'OPP-00139', NULL),
  ('Opportunity', '006000000000140', 'source_opportunity', 'OPP-00140', NULL),
  ('Opportunity', '006000000000141', 'source_opportunity', 'OPP-00141', NULL),
  ('Opportunity', '006000000000142', 'source_opportunity', 'OPP-00142', NULL),
  ('Opportunity', '006000000000143', 'source_opportunity', 'OPP-00143', NULL),
  ('Opportunity', '006000000000144', 'source_opportunity', 'OPP-00144', NULL),
  ('Opportunity', '006000000000145', 'source_opportunity', 'OPP-00145', NULL),
  ('Opportunity', '006000000000146', 'source_opportunity', 'OPP-00146', NULL),
  ('Opportunity', '006000000000147', 'source_opportunity', 'OPP-00147', NULL),
  ('Opportunity', '006000000000148', 'source_opportunity', 'OPP-00148', NULL),
  ('Opportunity', '006000000000149', 'source_opportunity', 'OPP-00149', NULL),
  ('Opportunity', '006000000000150', 'source_opportunity', 'OPP-00150', NULL),
  ('Opportunity', '006000000000151', 'source_opportunity', 'OPP-00151', NULL),
  ('Opportunity', '006000000000152', 'source_opportunity', 'OPP-00152', NULL),
  ('Opportunity', '006000000000153', 'source_opportunity', 'OPP-00153', NULL),
  ('Opportunity', '006000000000154', 'source_opportunity', 'OPP-00154', NULL),
  ('Opportunity', '006000000000155', 'source_opportunity', 'OPP-00155', NULL),
  ('Opportunity', '006000000000156', 'source_opportunity', 'OPP-00156', NULL),
  ('Opportunity', '006000000000157', 'source_opportunity', 'OPP-00157', NULL),
  ('Opportunity', '006000000000158', 'source_opportunity', 'OPP-00158', NULL),
  ('Opportunity', '006000000000159', 'source_opportunity', 'OPP-00159', NULL),
  ('Opportunity', '006000000000160', 'source_opportunity', 'OPP-00160', NULL),
  ('Opportunity', '006000000000161', 'source_opportunity', 'OPP-00161', NULL),
  ('Opportunity', '006000000000162', 'source_opportunity', 'OPP-00162', NULL),
  ('Opportunity', '006000000000163', 'source_opportunity', 'OPP-00163', NULL),
  ('Opportunity', '006000000000164', 'source_opportunity', 'OPP-00164', NULL),
  ('Opportunity', '006000000000165', 'source_opportunity', 'OPP-00165', NULL),
  ('Opportunity', '006000000000166', 'source_opportunity', 'OPP-00166', NULL),
  ('Opportunity', '006000000000167', 'source_opportunity', 'OPP-00167', NULL),
  ('Opportunity', '006000000000168', 'source_opportunity', 'OPP-00168', NULL),
  ('Opportunity', '006000000000169', 'source_opportunity', 'OPP-00169', NULL),
  ('Opportunity', '006000000000170', 'source_opportunity', 'OPP-00170', NULL),
  ('Opportunity', '006000000000171', 'source_opportunity', 'OPP-00171', NULL),
  ('Opportunity', '006000000000172', 'source_opportunity', 'OPP-00172', NULL),
  ('Opportunity', '006000000000173', 'source_opportunity', 'OPP-00173', NULL),
  ('Opportunity', '006000000000174', 'source_opportunity', 'OPP-00174', NULL),
  ('Opportunity', '006000000000175', 'source_opportunity', 'OPP-00175', NULL),
  ('Opportunity', '006000000000176', 'source_opportunity', 'OPP-00176', NULL),
  ('Opportunity', '006000000000177', 'source_opportunity', 'OPP-00177', NULL),
  ('Opportunity', '006000000000178', 'source_opportunity', 'OPP-00178', NULL),
  ('Opportunity', '006000000000179', 'source_opportunity', 'OPP-00179', NULL),
  ('Opportunity', '006000000000180', 'source_opportunity', 'OPP-00180', NULL),
  ('Opportunity', '006000000000181', 'source_opportunity', 'OPP-00181', NULL),
  ('Opportunity', '006000000000182', 'source_opportunity', 'OPP-00182', NULL),
  ('Opportunity', '006000000000183', 'source_opportunity', 'OPP-00183', NULL),
  ('Opportunity', '006000000000184', 'source_opportunity', 'OPP-00184', NULL),
  ('Opportunity', '006000000000185', 'source_opportunity', 'OPP-00185', NULL),
  ('Opportunity', '006000000000186', 'source_opportunity', 'OPP-00186', NULL),
  ('Opportunity', '006000000000187', 'source_opportunity', 'OPP-00187', NULL),
  ('Opportunity', '006000000000188', 'source_opportunity', 'OPP-00188', NULL),
  ('Opportunity', '006000000000189', 'source_opportunity', 'OPP-00189', NULL),
  ('Opportunity', '006000000000190', 'source_opportunity', 'OPP-00190', NULL),
  ('Opportunity', '006000000000191', 'source_opportunity', 'OPP-00191', NULL),
  ('Opportunity', '006000000000192', 'source_opportunity', 'OPP-00192', NULL),
  ('Opportunity', '006000000000193', 'source_opportunity', 'OPP-00193', NULL),
  ('Opportunity', '006000000000194', 'source_opportunity', 'OPP-00194', NULL),
  ('Opportunity', '006000000000195', 'source_opportunity', 'OPP-00195', NULL),
  ('Opportunity', '006000000000196', 'source_opportunity', 'OPP-00196', NULL),
  ('Opportunity', '006000000000197', 'source_opportunity', 'OPP-00197', NULL),
  ('Opportunity', '006000000000198', 'source_opportunity', 'OPP-00198', NULL),
  ('Opportunity', '006000000000199', 'source_opportunity', 'OPP-00199', NULL),
  ('Opportunity', '006000000000200', 'source_opportunity', 'OPP-00200', NULL),
  ('Opportunity', '006000000000201', 'source_opportunity', 'OPP-00201', NULL),
  ('Opportunity', '006000000000202', 'source_opportunity', 'OPP-00202', NULL),
  ('Opportunity', '006000000000203', 'source_opportunity', 'OPP-00203', NULL),
  ('Opportunity', '006000000000204', 'source_opportunity', 'OPP-00204', NULL),
  ('Opportunity', '006000000000205', 'source_opportunity', 'OPP-00205', NULL),
  ('Opportunity', '006000000000206', 'source_opportunity', 'OPP-00206', NULL),
  ('Opportunity', '006000000000207', 'source_opportunity', 'OPP-00207', NULL),
  ('Opportunity', '006000000000208', 'source_opportunity', 'OPP-00208', NULL),
  ('Opportunity', '006000000000209', 'source_opportunity', 'OPP-00209', NULL),
  ('Opportunity', '006000000000210', 'source_opportunity', 'OPP-00210', NULL),
  ('Opportunity', '006000000000211', 'source_opportunity', 'OPP-00211', NULL),
  ('Opportunity', '006000000000212', 'source_opportunity', 'OPP-00212', NULL),
  ('Opportunity', '006000000000213', 'source_opportunity', 'OPP-00213', NULL),
  ('Opportunity', '006000000000214', 'source_opportunity', 'OPP-00214', NULL),
  ('Opportunity', '006000000000215', 'source_opportunity', 'OPP-00215', NULL),
  ('Opportunity', '006000000000216', 'source_opportunity', 'OPP-00216', NULL),
  ('Opportunity', '006000000000217', 'source_opportunity', 'OPP-00217', NULL),
  ('Opportunity', '006000000000218', 'source_opportunity', 'OPP-00218', NULL),
  ('Opportunity', '006000000000219', 'source_opportunity', 'OPP-00219', NULL),
  ('Opportunity', '006000000000220', 'source_opportunity', 'OPP-00220', NULL),
  ('Opportunity', '006000000000221', 'source_opportunity', 'OPP-00221', NULL),
  ('Opportunity', '006000000000222', 'source_opportunity', 'OPP-00222', NULL),
  ('Opportunity', '006000000000223', 'source_opportunity', 'OPP-00223', NULL),
  ('Opportunity', '006000000000224', 'source_opportunity', 'OPP-00224', NULL),
  ('Opportunity', '006000000000225', 'source_opportunity', 'OPP-00225', NULL),
  ('Opportunity', '006000000000226', 'source_opportunity', 'OPP-00226', NULL),
  ('Opportunity', '006000000000227', 'source_opportunity', 'OPP-00227', NULL),
  ('Opportunity', '006000000000228', 'source_opportunity', 'OPP-00228', NULL),
  ('Opportunity', '006000000000229', 'source_opportunity', 'OPP-00229', NULL),
  ('Opportunity', '006000000000230', 'source_opportunity', 'OPP-00230', NULL),
  ('Opportunity', '006000000000231', 'source_opportunity', 'OPP-00231', NULL),
  ('Opportunity', '006000000000232', 'source_opportunity', 'OPP-00232', NULL),
  ('Opportunity', '006000000000233', 'source_opportunity', 'OPP-00233', NULL),
  ('Opportunity', '006000000000234', 'source_opportunity', 'OPP-00234', NULL),
  ('Opportunity', '006000000000235', 'source_opportunity', 'OPP-00235', NULL),
  ('Project__c', 'a00000000000001', 'source_project', 'PROJ-00001', NULL),
  ('Project__c', 'a00000000000002', 'source_project', 'PROJ-00002', NULL),
  ('Project__c', 'a00000000000003', 'source_project', 'PROJ-00003', NULL),
  ('Project__c', 'a00000000000004', 'source_project', 'PROJ-00004', NULL),
  ('Project__c', 'a00000000000005', 'source_project', 'PROJ-00005', NULL),
  ('Project__c', 'a00000000000006', 'source_project', 'PROJ-00006', NULL),
  ('Project__c', 'a00000000000007', 'source_project', 'PROJ-00007', NULL),
  ('Project__c', 'a00000000000008', 'source_project', 'PROJ-00008', NULL),
  ('Project__c', 'a00000000000009', 'source_project', 'PROJ-00009', NULL),
  ('Project__c', 'a00000000000010', 'source_project', 'PROJ-00010', NULL),
  ('Project__c', 'a00000000000011', 'source_project', 'PROJ-00011', NULL),
  ('Project__c', 'a00000000000012', 'source_project', 'PROJ-00012', NULL),
  ('Project__c', 'a00000000000013', 'source_project', 'PROJ-00013', NULL),
  ('Project__c', 'a00000000000014', 'source_project', 'PROJ-00014', NULL),
  ('Project__c', 'a00000000000015', 'source_project', 'PROJ-00015', NULL),
  ('Project__c', 'a00000000000016', 'source_project', 'PROJ-00016', NULL),
  ('Project__c', 'a00000000000017', 'source_project', 'PROJ-00017', NULL),
  ('Project__c', 'a00000000000018', 'source_project', 'PROJ-00018', NULL),
  ('Project__c', 'a00000000000019', 'source_project', 'PROJ-00019', NULL),
  ('Project__c', 'a00000000000020', 'source_project', 'PROJ-00020', NULL),
  ('Project__c', 'a00000000000021', 'source_project', 'PROJ-00021', NULL),
  ('Project__c', 'a00000000000022', 'source_project', 'PROJ-00022', NULL),
  ('Project__c', 'a00000000000023', 'source_project', 'PROJ-00023', NULL),
  ('Project__c', 'a00000000000024', 'source_project', 'PROJ-00024', NULL),
  ('Project__c', 'a00000000000025', 'source_project', 'PROJ-00025', NULL),
  ('Project__c', 'a00000000000026', 'source_project', 'PROJ-00026', NULL),
  ('Project__c', 'a00000000000027', 'source_project', 'PROJ-00027', NULL),
  ('Project__c', 'a00000000000028', 'source_project', 'PROJ-00028', NULL),
  ('Project__c', 'a00000000000029', 'source_project', 'PROJ-00029', NULL),
  ('Project__c', 'a00000000000030', 'source_project', 'PROJ-00030', NULL),
  ('Project__c', 'a00000000000031', 'source_project', 'PROJ-00031', NULL),
  ('Project__c', 'a00000000000032', 'source_project', 'PROJ-00032', NULL),
  ('Project__c', 'a00000000000033', 'source_project', 'PROJ-00033', NULL),
  ('Project__c', 'a00000000000034', 'source_project', 'PROJ-00034', NULL),
  ('Project__c', 'a00000000000035', 'source_project', 'PROJ-00035', NULL),
  ('Project__c', 'a00000000000036', 'source_project', 'PROJ-00036', NULL),
  ('Project__c', 'a00000000000037', 'source_project', 'PROJ-00037', NULL),
  ('Project__c', 'a00000000000038', 'source_project', 'PROJ-00038', NULL),
  ('Project__c', 'a00000000000039', 'source_project', 'PROJ-00039', NULL),
  ('Project__c', 'a00000000000040', 'source_project', 'PROJ-00040', NULL),
  ('Project__c', 'a00000000000041', 'source_project', 'PROJ-00041', NULL),
  ('Project__c', 'a00000000000042', 'source_project', 'PROJ-00042', NULL),
  ('Project__c', 'a00000000000043', 'source_project', 'PROJ-00043', NULL),
  ('Project__c', 'a00000000000044', 'source_project', 'PROJ-00044', NULL),
  ('Project__c', 'a00000000000045', 'source_project', 'PROJ-00045', NULL),
  ('Project__c', 'a00000000000046', 'source_project', 'PROJ-00046', NULL),
  ('Project__c', 'a00000000000047', 'source_project', 'PROJ-00047', NULL),
  ('Project__c', 'a00000000000048', 'source_project', 'PROJ-00048', NULL),
  ('Project__c', 'a00000000000049', 'source_project', 'PROJ-00049', NULL),
  ('Project__c', 'a00000000000050', 'source_project', 'PROJ-00050', NULL),
  ('Project__c', 'a00000000000051', 'source_project', 'PROJ-00051', NULL),
  ('Project__c', 'a00000000000052', 'source_project', 'PROJ-00052', NULL),
  ('Project__c', 'a00000000000053', 'source_project', 'PROJ-00053', NULL),
  ('Project__c', 'a00000000000054', 'source_project', 'PROJ-00054', NULL),
  ('Project__c', 'a00000000000055', 'source_project', 'PROJ-00055', NULL),
  ('Project__c', 'a00000000000056', 'source_project', 'PROJ-00056', NULL),
  ('Project__c', 'a00000000000057', 'source_project', 'PROJ-00057', NULL),
  ('Project__c', 'a00000000000058', 'source_project', 'PROJ-00058', NULL),
  ('Project__c', 'a00000000000059', 'source_project', 'PROJ-00059', NULL),
  ('Project__c', 'a00000000000060', 'source_project', 'PROJ-00060', NULL),
  ('Project__c', 'a00000000000061', 'source_project', 'PROJ-00061', NULL),
  ('Project__c', 'a00000000000062', 'source_project', 'PROJ-00062', NULL),
  ('Project__c', 'a00000000000063', 'source_project', 'PROJ-00063', NULL),
  ('Project__c', 'a00000000000064', 'source_project', 'PROJ-00064', NULL),
  ('Project__c', 'a00000000000065', 'source_project', 'PROJ-00065', NULL),
  ('Project__c', 'a00000000000066', 'source_project', 'PROJ-00066', NULL),
  ('Project__c', 'a00000000000067', 'source_project', 'PROJ-00067', NULL),
  ('Project__c', 'a00000000000068', 'source_project', 'PROJ-00068', NULL),
  ('Project__c', 'a00000000000069', 'source_project', 'PROJ-00069', NULL),
  ('Project__c', 'a00000000000070', 'source_project', 'PROJ-00070', NULL),
  ('Project__c', 'a00000000000071', 'source_project', 'PROJ-00071', NULL),
  ('Project__c', 'a00000000000072', 'source_project', 'PROJ-00072', NULL),
  ('Project__c', 'a00000000000073', 'source_project', 'PROJ-00073', NULL),
  ('Project__c', 'a00000000000074', 'source_project', 'PROJ-00074', NULL),
  ('Project__c', 'a00000000000075', 'source_project', 'PROJ-00075', NULL),
  ('Project__c', 'a00000000000076', 'source_project', 'PROJ-00076', NULL),
  ('Project__c', 'a00000000000077', 'source_project', 'PROJ-00077', NULL),
  ('Project__c', 'a00000000000078', 'source_project', 'PROJ-00078', NULL),
  ('Project__c', 'a00000000000079', 'source_project', 'PROJ-00079', NULL),
  ('Project__c', 'a00000000000080', 'source_project', 'PROJ-00080', NULL),
  ('Project__c', 'a00000000000081', 'source_project', 'PROJ-00081', NULL),
  ('Project__c', 'a00000000000082', 'source_project', 'PROJ-00082', NULL),
  ('Project__c', 'a00000000000083', 'source_project', 'PROJ-00083', NULL),
  ('Project__c', 'a00000000000084', 'source_project', 'PROJ-00084', NULL),
  ('Project__c', 'a00000000000085', 'source_project', 'PROJ-00085', NULL),
  ('Project__c', 'a00000000000086', 'source_project', 'PROJ-00086', NULL),
  ('Project__c', 'a00000000000087', 'source_project', 'PROJ-00087', NULL),
  ('Project__c', 'a00000000000088', 'source_project', 'PROJ-00088', NULL),
  ('Project__c', 'a00000000000089', 'source_project', 'PROJ-00089', NULL),
  ('Project__c', 'a00000000000090', 'source_project', 'PROJ-00090', NULL),
  ('Project__c', 'a00000000000091', 'source_project', 'PROJ-00091', NULL),
  ('Project__c', 'a00000000000092', 'source_project', 'PROJ-00092', NULL),
  ('Project__c', 'a00000000000093', 'source_project', 'PROJ-00093', NULL),
  ('Project__c', 'a00000000000094', 'source_project', 'PROJ-00094', NULL),
  ('Project__c', 'a00000000000095', 'source_project', 'PROJ-00095', NULL),
  ('Project__c', 'a00000000000096', 'source_project', 'PROJ-00096', NULL),
  ('Project__c', 'a00000000000097', 'source_project', 'PROJ-00097', NULL),
  ('Project__c', 'a00000000000098', 'source_project', 'PROJ-00098', NULL),
  ('Project__c', 'a00000000000099', 'source_project', 'PROJ-00099', NULL),
  ('Project__c', 'a00000000000100', 'source_project', 'PROJ-00100', NULL),
  ('Project__c', 'a00000000000101', 'source_project', 'PROJ-00101', NULL),
  ('Project__c', 'a00000000000102', 'source_project', 'PROJ-00102', NULL),
  ('Project__c', 'a00000000000103', 'source_project', 'PROJ-00103', NULL),
  ('Project__c', 'a00000000000104', 'source_project', 'PROJ-00104', NULL),
  ('Project__c', 'a00000000000105', 'source_project', 'PROJ-00105', NULL),
  ('Project__c', 'a00000000000106', 'source_project', 'PROJ-00106', NULL),
  ('Project__c', 'a00000000000107', 'source_project', 'PROJ-00107', NULL),
  ('Project__c', 'a00000000000108', 'source_project', 'PROJ-00108', NULL),
  ('Project__c', 'a00000000000109', 'source_project', 'PROJ-00109', NULL),
  ('Project__c', 'a00000000000110', 'source_project', 'PROJ-00110', NULL),
  ('Project__c', 'a00000000000111', 'source_project', 'PROJ-00111', NULL),
  ('Project__c', 'a00000000000112', 'source_project', 'PROJ-00112', NULL),
  ('Project__c', 'a00000000000113', 'source_project', 'PROJ-00113', NULL),
  ('Project__c', 'a00000000000114', 'source_project', 'PROJ-00114', NULL),
  ('Project__c', 'a00000000000115', 'source_project', 'PROJ-00115', NULL),
  ('Project__c', 'a00000000000116', 'source_project', 'PROJ-00116', NULL),
  ('Project__c', 'a00000000000117', 'source_project', 'PROJ-00117', NULL),
  ('Project__c', 'a00000000000118', 'source_project', 'PROJ-00118', NULL),
  ('Project__c', 'a00000000000119', 'source_project', 'PROJ-00119', NULL),
  ('Project__c', 'a00000000000120', 'source_project', 'PROJ-00120', NULL),
  ('Project__c', 'a00000000000121', 'source_project', 'PROJ-00121', NULL),
  ('Project__c', 'a00000000000122', 'source_project', 'PROJ-00122', NULL),
  ('Project__c', 'a00000000000123', 'source_project', 'PROJ-00123', NULL),
  ('Project__c', 'a00000000000124', 'source_project', 'PROJ-00124', NULL),
  ('Project__c', 'a00000000000125', 'source_project', 'PROJ-00125', NULL),
  ('Project__c', 'a00000000000126', 'source_project', 'PROJ-00126', NULL),
  ('Project__c', 'a00000000000127', 'source_project', 'PROJ-00127', NULL),
  ('Project__c', 'a00000000000128', 'source_project', 'PROJ-00128', NULL),
  ('Project__c', 'a00000000000129', 'source_project', 'PROJ-00129', NULL),
  ('Project__c', 'a00000000000130', 'source_project', 'PROJ-00130', NULL),
  ('Project__c', 'a00000000000131', 'source_project', 'PROJ-00131', NULL),
  ('Project__c', 'a00000000000132', 'source_project', 'PROJ-00132', NULL),
  ('Project__c', 'a00000000000133', 'source_project', 'PROJ-00133', NULL),
  ('Project__c', 'a00000000000134', 'source_project', 'PROJ-00134', NULL),
  ('Project__c', 'a00000000000135', 'source_project', 'PROJ-00135', NULL),
  ('Project__c', 'a00000000000136', 'source_project', 'PROJ-00136', NULL),
  ('Project__c', 'a00000000000137', 'source_project', 'PROJ-00137', NULL),
  ('Project__c', 'a00000000000138', 'source_project', 'PROJ-00138', NULL),
  ('Project__c', 'a00000000000139', 'source_project', 'PROJ-00139', NULL),
  ('Project__c', 'a00000000000140', 'source_project', 'PROJ-00140', NULL),
  ('Project__c', 'a00000000000141', 'source_project', 'PROJ-00141', NULL),
  ('Project__c', 'a00000000000142', 'source_project', 'PROJ-00142', NULL),
  ('Project__c', 'a00000000000143', 'source_project', 'PROJ-00143', NULL),
  ('Project__c', 'a00000000000144', 'source_project', 'PROJ-00144', NULL),
  ('Project__c', 'a00000000000145', 'source_project', 'PROJ-00145', NULL),
  ('Project__c', 'a00000000000146', 'source_project', 'PROJ-00146', NULL),
  ('Project__c', 'a00000000000147', 'source_project', 'PROJ-00147', NULL),
  ('Project__c', 'a00000000000148', 'source_project', 'PROJ-00148', NULL),
  ('Project__c', 'a00000000000149', 'source_project', 'PROJ-00149', NULL),
  ('Project__c', 'a00000000000150', 'source_project', 'PROJ-00150', NULL),
  ('Project__c', 'a00000000000151', 'source_project', 'PROJ-00151', NULL),
  ('Project__c', 'a00000000000152', 'source_project', 'PROJ-00152', NULL),
  ('Project__c', 'a00000000000153', 'source_project', 'PROJ-00153', NULL),
  ('Project__c', 'a00000000000154', 'source_project', 'PROJ-00154', NULL),
  ('Project__c', 'a00000000000155', 'source_project', 'PROJ-00155', NULL),
  ('Installed_Asset__c', 'a01000000000001', 'source_asset', 'AST-00001', NULL),
  ('Installed_Asset__c', 'a01000000000002', 'source_asset', 'AST-00002', NULL),
  ('Installed_Asset__c', 'a01000000000003', 'source_asset', 'AST-00003', NULL),
  ('Installed_Asset__c', 'a01000000000004', 'source_asset', 'AST-00004', NULL),
  ('Installed_Asset__c', 'a01000000000005', 'source_asset', 'AST-00005', NULL),
  ('Installed_Asset__c', 'a01000000000006', 'source_asset', 'AST-00006', NULL),
  ('Installed_Asset__c', 'a01000000000007', 'source_asset', 'AST-00007', NULL),
  ('Installed_Asset__c', 'a01000000000008', 'source_asset', 'AST-00008', NULL),
  ('Installed_Asset__c', 'a01000000000009', 'source_asset', 'AST-00009', NULL),
  ('Installed_Asset__c', 'a01000000000010', 'source_asset', 'AST-00010', NULL),
  ('Installed_Asset__c', 'a01000000000011', 'source_asset', 'AST-00011', NULL),
  ('Installed_Asset__c', 'a01000000000012', 'source_asset', 'AST-00012', NULL),
  ('Installed_Asset__c', 'a01000000000013', 'source_asset', 'AST-00013', NULL),
  ('Installed_Asset__c', 'a01000000000014', 'source_asset', 'AST-00014', NULL),
  ('Installed_Asset__c', 'a01000000000015', 'source_asset', 'AST-00015', NULL),
  ('Installed_Asset__c', 'a01000000000016', 'source_asset', 'AST-00016', NULL),
  ('Installed_Asset__c', 'a01000000000017', 'source_asset', 'AST-00017', NULL),
  ('Installed_Asset__c', 'a01000000000018', 'source_asset', 'AST-00018', NULL),
  ('Installed_Asset__c', 'a01000000000019', 'source_asset', 'AST-00019', NULL),
  ('Installed_Asset__c', 'a01000000000020', 'source_asset', 'AST-00020', NULL),
  ('Installed_Asset__c', 'a01000000000021', 'source_asset', 'AST-00021', NULL),
  ('Installed_Asset__c', 'a01000000000022', 'source_asset', 'AST-00022', NULL),
  ('Installed_Asset__c', 'a01000000000023', 'source_asset', 'AST-00023', NULL),
  ('Installed_Asset__c', 'a01000000000024', 'source_asset', 'AST-00024', NULL),
  ('Installed_Asset__c', 'a01000000000025', 'source_asset', 'AST-00025', NULL),
  ('Installed_Asset__c', 'a01000000000026', 'source_asset', 'AST-00026', NULL),
  ('Installed_Asset__c', 'a01000000000027', 'source_asset', 'AST-00027', NULL),
  ('Installed_Asset__c', 'a01000000000028', 'source_asset', 'AST-00028', NULL),
  ('Installed_Asset__c', 'a01000000000029', 'source_asset', 'AST-00029', NULL),
  ('Installed_Asset__c', 'a01000000000030', 'source_asset', 'AST-00030', NULL),
  ('Installed_Asset__c', 'a01000000000031', 'source_asset', 'AST-00031', NULL),
  ('Installed_Asset__c', 'a01000000000032', 'source_asset', 'AST-00032', NULL),
  ('Installed_Asset__c', 'a01000000000033', 'source_asset', 'AST-00033', NULL),
  ('Installed_Asset__c', 'a01000000000034', 'source_asset', 'AST-00034', NULL),
  ('Installed_Asset__c', 'a01000000000035', 'source_asset', 'AST-00035', NULL),
  ('Installed_Asset__c', 'a01000000000036', 'source_asset', 'AST-00036', NULL),
  ('Installed_Asset__c', 'a01000000000037', 'source_asset', 'AST-00037', NULL),
  ('Installed_Asset__c', 'a01000000000038', 'source_asset', 'AST-00038', NULL),
  ('Installed_Asset__c', 'a01000000000039', 'source_asset', 'AST-00039', NULL),
  ('Installed_Asset__c', 'a01000000000040', 'source_asset', 'AST-00040', NULL),
  ('Installed_Asset__c', 'a01000000000041', 'source_asset', 'AST-00041', NULL),
  ('Installed_Asset__c', 'a01000000000042', 'source_asset', 'AST-00042', NULL),
  ('Installed_Asset__c', 'a01000000000043', 'source_asset', 'AST-00043', NULL),
  ('Installed_Asset__c', 'a01000000000044', 'source_asset', 'AST-00044', NULL),
  ('Installed_Asset__c', 'a01000000000045', 'source_asset', 'AST-00045', NULL),
  ('Installed_Asset__c', 'a01000000000046', 'source_asset', 'AST-00046', NULL),
  ('Installed_Asset__c', 'a01000000000047', 'source_asset', 'AST-00047', NULL),
  ('Installed_Asset__c', 'a01000000000048', 'source_asset', 'AST-00048', NULL),
  ('Installed_Asset__c', 'a01000000000049', 'source_asset', 'AST-00049', NULL),
  ('Installed_Asset__c', 'a01000000000050', 'source_asset', 'AST-00050', NULL),
  ('Installed_Asset__c', 'a01000000000051', 'source_asset', 'AST-00051', NULL),
  ('Installed_Asset__c', 'a01000000000052', 'source_asset', 'AST-00052', NULL),
  ('Installed_Asset__c', 'a01000000000053', 'source_asset', 'AST-00053', NULL),
  ('Installed_Asset__c', 'a01000000000054', 'source_asset', 'AST-00054', NULL),
  ('Installed_Asset__c', 'a01000000000055', 'source_asset', 'AST-00055', NULL),
  ('Installed_Asset__c', 'a01000000000056', 'source_asset', 'AST-00056', NULL),
  ('Installed_Asset__c', 'a01000000000057', 'source_asset', 'AST-00057', NULL),
  ('Installed_Asset__c', 'a01000000000058', 'source_asset', 'AST-00058', NULL),
  ('Installed_Asset__c', 'a01000000000059', 'source_asset', 'AST-00059', NULL),
  ('Installed_Asset__c', 'a01000000000060', 'source_asset', 'AST-00060', NULL),
  ('Installed_Asset__c', 'a01000000000061', 'source_asset', 'AST-00061', NULL),
  ('Installed_Asset__c', 'a01000000000062', 'source_asset', 'AST-00062', NULL),
  ('Installed_Asset__c', 'a01000000000063', 'source_asset', 'AST-00063', NULL),
  ('Installed_Asset__c', 'a01000000000064', 'source_asset', 'AST-00064', NULL),
  ('Installed_Asset__c', 'a01000000000065', 'source_asset', 'AST-00065', NULL),
  ('Installed_Asset__c', 'a01000000000066', 'source_asset', 'AST-00066', NULL),
  ('Installed_Asset__c', 'a01000000000067', 'source_asset', 'AST-00067', NULL),
  ('Installed_Asset__c', 'a01000000000068', 'source_asset', 'AST-00068', NULL),
  ('Installed_Asset__c', 'a01000000000069', 'source_asset', 'AST-00069', NULL),
  ('Installed_Asset__c', 'a01000000000070', 'source_asset', 'AST-00070', NULL),
  ('Installed_Asset__c', 'a01000000000071', 'source_asset', 'AST-00071', NULL),
  ('Installed_Asset__c', 'a01000000000072', 'source_asset', 'AST-00072', NULL),
  ('Installed_Asset__c', 'a01000000000073', 'source_asset', 'AST-00073', NULL),
  ('Installed_Asset__c', 'a01000000000074', 'source_asset', 'AST-00074', NULL),
  ('Installed_Asset__c', 'a01000000000075', 'source_asset', 'AST-00075', NULL),
  ('Installed_Asset__c', 'a01000000000076', 'source_asset', 'AST-00076', NULL),
  ('Installed_Asset__c', 'a01000000000077', 'source_asset', 'AST-00077', NULL),
  ('Installed_Asset__c', 'a01000000000078', 'source_asset', 'AST-00078', NULL),
  ('Installed_Asset__c', 'a01000000000079', 'source_asset', 'AST-00079', NULL),
  ('Installed_Asset__c', 'a01000000000080', 'source_asset', 'AST-00080', NULL),
  ('Installed_Asset__c', 'a01000000000081', 'source_asset', 'AST-00081', NULL),
  ('Installed_Asset__c', 'a01000000000082', 'source_asset', 'AST-00082', NULL),
  ('Installed_Asset__c', 'a01000000000083', 'source_asset', 'AST-00083', NULL),
  ('Installed_Asset__c', 'a01000000000084', 'source_asset', 'AST-00084', NULL),
  ('Installed_Asset__c', 'a01000000000085', 'source_asset', 'AST-00085', NULL),
  ('Installed_Asset__c', 'a01000000000086', 'source_asset', 'AST-00086', NULL),
  ('Installed_Asset__c', 'a01000000000087', 'source_asset', 'AST-00087', NULL),
  ('Installed_Asset__c', 'a01000000000088', 'source_asset', 'AST-00088', NULL),
  ('Installed_Asset__c', 'a01000000000089', 'source_asset', 'AST-00089', NULL),
  ('Installed_Asset__c', 'a01000000000090', 'source_asset', 'AST-00090', NULL),
  ('Installed_Asset__c', 'a01000000000091', 'source_asset', 'AST-00091', NULL),
  ('Installed_Asset__c', 'a01000000000092', 'source_asset', 'AST-00092', NULL),
  ('Installed_Asset__c', 'a01000000000093', 'source_asset', 'AST-00093', NULL),
  ('Installed_Asset__c', 'a01000000000094', 'source_asset', 'AST-00094', NULL),
  ('Installed_Asset__c', 'a01000000000095', 'source_asset', 'AST-00095', NULL),
  ('Installed_Asset__c', 'a01000000000096', 'source_asset', 'AST-00096', NULL),
  ('Installed_Asset__c', 'a01000000000097', 'source_asset', 'AST-00097', NULL),
  ('Installed_Asset__c', 'a01000000000098', 'source_asset', 'AST-00098', NULL),
  ('Installed_Asset__c', 'a01000000000099', 'source_asset', 'AST-00099', NULL),
  ('Installed_Asset__c', 'a01000000000100', 'source_asset', 'AST-00100', NULL),
  ('Installed_Asset__c', 'a01000000000101', 'source_asset', 'AST-00101', NULL),
  ('Installed_Asset__c', 'a01000000000102', 'source_asset', 'AST-00102', NULL),
  ('Installed_Asset__c', 'a01000000000103', 'source_asset', 'AST-00103', NULL),
  ('Installed_Asset__c', 'a01000000000104', 'source_asset', 'AST-00104', NULL),
  ('Installed_Asset__c', 'a01000000000105', 'source_asset', 'AST-00105', NULL),
  ('Installed_Asset__c', 'a01000000000106', 'source_asset', 'AST-00106', NULL),
  ('Installed_Asset__c', 'a01000000000107', 'source_asset', 'AST-00107', NULL),
  ('Installed_Asset__c', 'a01000000000108', 'source_asset', 'AST-00108', NULL),
  ('Installed_Asset__c', 'a01000000000109', 'source_asset', 'AST-00109', NULL),
  ('Installed_Asset__c', 'a01000000000110', 'source_asset', 'AST-00110', NULL),
  ('Installed_Asset__c', 'a01000000000111', 'source_asset', 'AST-00111', NULL),
  ('Installed_Asset__c', 'a01000000000112', 'source_asset', 'AST-00112', NULL),
  ('Installed_Asset__c', 'a01000000000113', 'source_asset', 'AST-00113', NULL),
  ('Installed_Asset__c', 'a01000000000114', 'source_asset', 'AST-00114', NULL),
  ('Installed_Asset__c', 'a01000000000115', 'source_asset', 'AST-00115', NULL),
  ('Installed_Asset__c', 'a01000000000116', 'source_asset', 'AST-00116', NULL),
  ('Installed_Asset__c', 'a01000000000117', 'source_asset', 'AST-00117', NULL),
  ('Installed_Asset__c', 'a01000000000118', 'source_asset', 'AST-00118', NULL),
  ('Installed_Asset__c', 'a01000000000119', 'source_asset', 'AST-00119', NULL),
  ('Installed_Asset__c', 'a01000000000120', 'source_asset', 'AST-00120', NULL),
  ('Installed_Asset__c', 'a01000000000121', 'source_asset', 'AST-00121', NULL),
  ('Installed_Asset__c', 'a01000000000122', 'source_asset', 'AST-00122', NULL),
  ('Installed_Asset__c', 'a01000000000123', 'source_asset', 'AST-00123', NULL),
  ('Installed_Asset__c', 'a01000000000124', 'source_asset', 'AST-00124', NULL),
  ('Installed_Asset__c', 'a01000000000125', 'source_asset', 'AST-00125', NULL),
  ('Installed_Asset__c', 'a01000000000126', 'source_asset', 'AST-00126', NULL),
  ('Installed_Asset__c', 'a01000000000127', 'source_asset', 'AST-00127', NULL),
  ('Installed_Asset__c', 'a01000000000128', 'source_asset', 'AST-00128', NULL),
  ('Installed_Asset__c', 'a01000000000129', 'source_asset', 'AST-00129', NULL),
  ('Installed_Asset__c', 'a01000000000130', 'source_asset', 'AST-00130', NULL),
  ('Installed_Asset__c', 'a01000000000131', 'source_asset', 'AST-00131', NULL),
  ('Installed_Asset__c', 'a01000000000132', 'source_asset', 'AST-00132', NULL),
  ('Installed_Asset__c', 'a01000000000133', 'source_asset', 'AST-00133', NULL),
  ('Installed_Asset__c', 'a01000000000134', 'source_asset', 'AST-00134', NULL),
  ('Installed_Asset__c', 'a01000000000135', 'source_asset', 'AST-00135', NULL),
  ('Installed_Asset__c', 'a01000000000136', 'source_asset', 'AST-00136', NULL),
  ('Installed_Asset__c', 'a01000000000137', 'source_asset', 'AST-00137', NULL),
  ('Installed_Asset__c', 'a01000000000138', 'source_asset', 'AST-00138', NULL),
  ('Installed_Asset__c', 'a01000000000139', 'source_asset', 'AST-00139', NULL),
  ('Installed_Asset__c', 'a01000000000140', 'source_asset', 'AST-00140', NULL),
  ('Installed_Asset__c', 'a01000000000141', 'source_asset', 'AST-00141', NULL),
  ('Installed_Asset__c', 'a01000000000142', 'source_asset', 'AST-00142', NULL),
  ('Installed_Asset__c', 'a01000000000143', 'source_asset', 'AST-00143', NULL),
  ('Installed_Asset__c', 'a01000000000144', 'source_asset', 'AST-00144', NULL),
  ('Installed_Asset__c', 'a01000000000145', 'source_asset', 'AST-00145', NULL),
  ('Installed_Asset__c', 'a01000000000146', 'source_asset', 'AST-00146', NULL),
  ('Installed_Asset__c', 'a01000000000147', 'source_asset', 'AST-00147', NULL),
  ('Installed_Asset__c', 'a01000000000148', 'source_asset', 'AST-00148', NULL),
  ('Installed_Asset__c', 'a01000000000149', 'source_asset', 'AST-00149', NULL),
  ('Installed_Asset__c', 'a01000000000150', 'source_asset', 'AST-00150', NULL),
  ('Installed_Asset__c', 'a01000000000151', 'source_asset', 'AST-00151', NULL),
  ('Installed_Asset__c', 'a01000000000152', 'source_asset', 'AST-00152', NULL),
  ('Installed_Asset__c', 'a01000000000153', 'source_asset', 'AST-00153', NULL),
  ('Installed_Asset__c', 'a01000000000154', 'source_asset', 'AST-00154', NULL),
  ('Installed_Asset__c', 'a01000000000155', 'source_asset', 'AST-00155', NULL),
  ('Installed_Asset__c', 'a01000000000156', 'source_asset', 'AST-00156', NULL),
  ('Installed_Asset__c', 'a01000000000157', 'source_asset', 'AST-00157', NULL),
  ('Installed_Asset__c', 'a01000000000158', 'source_asset', 'AST-00158', NULL),
  ('Installed_Asset__c', 'a01000000000159', 'source_asset', 'AST-00159', NULL),
  ('Installed_Asset__c', 'a01000000000160', 'source_asset', 'AST-00160', NULL),
  ('Installed_Asset__c', 'a01000000000161', 'source_asset', 'AST-00161', NULL),
  ('Installed_Asset__c', 'a01000000000162', 'source_asset', 'AST-00162', NULL),
  ('Installed_Asset__c', 'a01000000000163', 'source_asset', 'AST-00163', NULL),
  ('Installed_Asset__c', 'a01000000000164', 'source_asset', 'AST-00164', NULL),
  ('Installed_Asset__c', 'a01000000000165', 'source_asset', 'AST-00165', NULL),
  ('Installed_Asset__c', 'a01000000000166', 'source_asset', 'AST-00166', NULL),
  ('Installed_Asset__c', 'a01000000000167', 'source_asset', 'AST-00167', NULL),
  ('Installed_Asset__c', 'a01000000000168', 'source_asset', 'AST-00168', NULL),
  ('Installed_Asset__c', 'a01000000000169', 'source_asset', 'AST-00169', NULL),
  ('Installed_Asset__c', 'a01000000000170', 'source_asset', 'AST-00170', NULL),
  ('Installed_Asset__c', 'a01000000000171', 'source_asset', 'AST-00171', NULL),
  ('Installed_Asset__c', 'a01000000000172', 'source_asset', 'AST-00172', NULL),
  ('Installed_Asset__c', 'a01000000000173', 'source_asset', 'AST-00173', NULL),
  ('Installed_Asset__c', 'a01000000000174', 'source_asset', 'AST-00174', NULL),
  ('Installed_Asset__c', 'a01000000000175', 'source_asset', 'AST-00175', NULL),
  ('Installed_Asset__c', 'a01000000000176', 'source_asset', 'AST-00176', NULL),
  ('Installed_Asset__c', 'a01000000000177', 'source_asset', 'AST-00177', NULL),
  ('Installed_Asset__c', 'a01000000000178', 'source_asset', 'AST-00178', NULL),
  ('Installed_Asset__c', 'a01000000000179', 'source_asset', 'AST-00179', NULL),
  ('Installed_Asset__c', 'a01000000000180', 'source_asset', 'AST-00180', NULL),
  ('Installed_Asset__c', 'a01000000000181', 'source_asset', 'AST-00181', NULL),
  ('Installed_Asset__c', 'a01000000000182', 'source_asset', 'AST-00182', NULL),
  ('Installed_Asset__c', 'a01000000000183', 'source_asset', 'AST-00183', NULL),
  ('Installed_Asset__c', 'a01000000000184', 'source_asset', 'AST-00184', NULL),
  ('Installed_Asset__c', 'a01000000000185', 'source_asset', 'AST-00185', NULL),
  ('Installed_Asset__c', 'a01000000000186', 'source_asset', 'AST-00186', NULL),
  ('Installed_Asset__c', 'a01000000000187', 'source_asset', 'AST-00187', NULL),
  ('Installed_Asset__c', 'a01000000000188', 'source_asset', 'AST-00188', NULL),
  ('Installed_Asset__c', 'a01000000000189', 'source_asset', 'AST-00189', NULL),
  ('Installed_Asset__c', 'a01000000000190', 'source_asset', 'AST-00190', NULL),
  ('Installed_Asset__c', 'a01000000000191', 'source_asset', 'AST-00191', NULL),
  ('Installed_Asset__c', 'a01000000000192', 'source_asset', 'AST-00192', NULL),
  ('Installed_Asset__c', 'a01000000000193', 'source_asset', 'AST-00193', NULL),
  ('Installed_Asset__c', 'a01000000000194', 'source_asset', 'AST-00194', NULL),
  ('Installed_Asset__c', 'a01000000000195', 'source_asset', 'AST-00195', NULL),
  ('Installed_Asset__c', 'a01000000000196', 'source_asset', 'AST-00196', NULL),
  ('Installed_Asset__c', 'a01000000000197', 'source_asset', 'AST-00197', NULL),
  ('Installed_Asset__c', 'a01000000000198', 'source_asset', 'AST-00198', NULL),
  ('Installed_Asset__c', 'a01000000000199', 'source_asset', 'AST-00199', NULL),
  ('Installed_Asset__c', 'a01000000000200', 'source_asset', 'AST-00200', NULL),
  ('Installed_Asset__c', 'a01000000000201', 'source_asset', 'AST-00201', NULL),
  ('Installed_Asset__c', 'a01000000000202', 'source_asset', 'AST-00202', NULL),
  ('Installed_Asset__c', 'a01000000000203', 'source_asset', 'AST-00203', NULL),
  ('Installed_Asset__c', 'a01000000000204', 'source_asset', 'AST-00204', NULL),
  ('Installed_Asset__c', 'a01000000000205', 'source_asset', 'AST-00205', NULL),
  ('Installed_Asset__c', 'a01000000000206', 'source_asset', 'AST-00206', NULL),
  ('Installed_Asset__c', 'a01000000000207', 'source_asset', 'AST-00207', NULL),
  ('Installed_Asset__c', 'a01000000000208', 'source_asset', 'AST-00208', NULL),
  ('Installed_Asset__c', 'a01000000000209', 'source_asset', 'AST-00209', NULL),
  ('Installed_Asset__c', 'a01000000000210', 'source_asset', 'AST-00210', NULL),
  ('Installed_Asset__c', 'a01000000000211', 'source_asset', 'AST-00211', NULL),
  ('Installed_Asset__c', 'a01000000000212', 'source_asset', 'AST-00212', NULL),
  ('Installed_Asset__c', 'a01000000000213', 'source_asset', 'AST-00213', NULL),
  ('Installed_Asset__c', 'a01000000000214', 'source_asset', 'AST-00214', NULL),
  ('Installed_Asset__c', 'a01000000000215', 'source_asset', 'AST-00215', NULL),
  ('Installed_Asset__c', 'a01000000000216', 'source_asset', 'AST-00216', NULL),
  ('Installed_Asset__c', 'a01000000000217', 'source_asset', 'AST-00217', NULL),
  ('Installed_Asset__c', 'a01000000000218', 'source_asset', 'AST-00218', NULL),
  ('Installed_Asset__c', 'a01000000000219', 'source_asset', 'AST-00219', NULL),
  ('Installed_Asset__c', 'a01000000000220', 'source_asset', 'AST-00220', NULL),
  ('Installed_Asset__c', 'a01000000000221', 'source_asset', 'AST-00221', NULL),
  ('Installed_Asset__c', 'a01000000000222', 'source_asset', 'AST-00222', NULL),
  ('Installed_Asset__c', 'a01000000000223', 'source_asset', 'AST-00223', NULL),
  ('Installed_Asset__c', 'a01000000000224', 'source_asset', 'AST-00224', NULL),
  ('Installed_Asset__c', 'a01000000000225', 'source_asset', 'AST-00225', NULL),
  ('Installed_Asset__c', 'a01000000000226', 'source_asset', 'AST-00226', NULL),
  ('Installed_Asset__c', 'a01000000000227', 'source_asset', 'AST-00227', NULL),
  ('Installed_Asset__c', 'a01000000000228', 'source_asset', 'AST-00228', NULL),
  ('Installed_Asset__c', 'a01000000000229', 'source_asset', 'AST-00229', NULL),
  ('Installed_Asset__c', 'a01000000000230', 'source_asset', 'AST-00230', NULL),
  ('Installed_Asset__c', 'a01000000000231', 'source_asset', 'AST-00231', NULL),
  ('Installed_Asset__c', 'a01000000000232', 'source_asset', 'AST-00232', NULL),
  ('Installed_Asset__c', 'a01000000000233', 'source_asset', 'AST-00233', NULL),
  ('Installed_Asset__c', 'a01000000000234', 'source_asset', 'AST-00234', NULL),
  ('Installed_Asset__c', 'a01000000000235', 'source_asset', 'AST-00235', NULL),
  ('Installed_Asset__c', 'a01000000000236', 'source_asset', 'AST-00236', NULL),
  ('Installed_Asset__c', 'a01000000000237', 'source_asset', 'AST-00237', NULL),
  ('Installed_Asset__c', 'a01000000000238', 'source_asset', 'AST-00238', NULL),
  ('Installed_Asset__c', 'a01000000000239', 'source_asset', 'AST-00239', NULL),
  ('Installed_Asset__c', 'a01000000000240', 'source_asset', 'AST-00240', NULL),
  ('Installed_Asset__c', 'a01000000000241', 'source_asset', 'AST-00241', NULL),
  ('Installed_Asset__c', 'a01000000000242', 'source_asset', 'AST-00242', NULL),
  ('Installed_Asset__c', 'a01000000000243', 'source_asset', 'AST-00243', NULL),
  ('Installed_Asset__c', 'a01000000000244', 'source_asset', 'AST-00244', NULL),
  ('Installed_Asset__c', 'a01000000000245', 'source_asset', 'AST-00245', NULL),
  ('Installed_Asset__c', 'a01000000000246', 'source_asset', 'AST-00246', NULL),
  ('Installed_Asset__c', 'a01000000000247', 'source_asset', 'AST-00247', NULL),
  ('Installed_Asset__c', 'a01000000000248', 'source_asset', 'AST-00248', NULL),
  ('Installed_Asset__c', 'a01000000000249', 'source_asset', 'AST-00249', NULL),
  ('Installed_Asset__c', 'a01000000000250', 'source_asset', 'AST-00250', NULL),
  ('Installed_Asset__c', 'a01000000000251', 'source_asset', 'AST-00251', NULL),
  ('Installed_Asset__c', 'a01000000000252', 'source_asset', 'AST-00252', NULL),
  ('Installed_Asset__c', 'a01000000000253', 'source_asset', 'AST-00253', NULL),
  ('Installed_Asset__c', 'a01000000000254', 'source_asset', 'AST-00254', NULL),
  ('Installed_Asset__c', 'a01000000000255', 'source_asset', 'AST-00255', NULL),
  ('Installed_Asset__c', 'a01000000000256', 'source_asset', 'AST-00256', NULL),
  ('Installed_Asset__c', 'a01000000000257', 'source_asset', 'AST-00257', NULL),
  ('Installed_Asset__c', 'a01000000000258', 'source_asset', 'AST-00258', NULL),
  ('Installed_Asset__c', 'a01000000000259', 'source_asset', 'AST-00259', NULL),
  ('Installed_Asset__c', 'a01000000000260', 'source_asset', 'AST-00260', NULL),
  ('Installed_Asset__c', 'a01000000000261', 'source_asset', 'AST-00261', NULL),
  ('Installed_Asset__c', 'a01000000000262', 'source_asset', 'AST-00262', NULL),
  ('Installed_Asset__c', 'a01000000000263', 'source_asset', 'AST-00263', NULL),
  ('Installed_Asset__c', 'a01000000000264', 'source_asset', 'AST-00264', NULL),
  ('Installed_Asset__c', 'a01000000000265', 'source_asset', 'AST-00265', NULL),
  ('Installed_Asset__c', 'a01000000000266', 'source_asset', 'AST-00266', NULL),
  ('Installed_Asset__c', 'a01000000000267', 'source_asset', 'AST-00267', NULL),
  ('Installed_Asset__c', 'a01000000000268', 'source_asset', 'AST-00268', NULL),
  ('Installed_Asset__c', 'a01000000000269', 'source_asset', 'AST-00269', NULL),
  ('Installed_Asset__c', 'a01000000000270', 'source_asset', 'AST-00270', NULL),
  ('Installed_Asset__c', 'a01000000000271', 'source_asset', 'AST-00271', NULL),
  ('Installed_Asset__c', 'a01000000000272', 'source_asset', 'AST-00272', NULL),
  ('Installed_Asset__c', 'a01000000000273', 'source_asset', 'AST-00273', NULL),
  ('Installed_Asset__c', 'a01000000000274', 'source_asset', 'AST-00274', NULL),
  ('Installed_Asset__c', 'a01000000000275', 'source_asset', 'AST-00275', NULL),
  ('Installed_Asset__c', 'a01000000000276', 'source_asset', 'AST-00276', NULL),
  ('Installed_Asset__c', 'a01000000000277', 'source_asset', 'AST-00277', NULL),
  ('Installed_Asset__c', 'a01000000000278', 'source_asset', 'AST-00278', NULL),
  ('Installed_Asset__c', 'a01000000000279', 'source_asset', 'AST-00279', NULL),
  ('Installed_Asset__c', 'a01000000000280', 'source_asset', 'AST-00280', NULL),
  ('Installed_Asset__c', 'a01000000000281', 'source_asset', 'AST-00281', NULL),
  ('Installed_Asset__c', 'a01000000000282', 'source_asset', 'AST-00282', NULL),
  ('Installed_Asset__c', 'a01000000000283', 'source_asset', 'AST-00283', NULL),
  ('Installed_Asset__c', 'a01000000000284', 'source_asset', 'AST-00284', NULL),
  ('Installed_Asset__c', 'a01000000000285', 'source_asset', 'AST-00285', NULL),
  ('Installed_Asset__c', 'a01000000000286', 'source_asset', 'AST-00286', NULL),
  ('Installed_Asset__c', 'a01000000000287', 'source_asset', 'AST-00287', NULL),
  ('Installed_Asset__c', 'a01000000000288', 'source_asset', 'AST-00288', NULL),
  ('Installed_Asset__c', 'a01000000000289', 'source_asset', 'AST-00289', NULL),
  ('Installed_Asset__c', 'a01000000000290', 'source_asset', 'AST-00290', NULL),
  ('Installed_Asset__c', 'a01000000000291', 'source_asset', 'AST-00291', NULL),
  ('Installed_Asset__c', 'a01000000000292', 'source_asset', 'AST-00292', NULL),
  ('Installed_Asset__c', 'a01000000000293', 'source_asset', 'AST-00293', NULL),
  ('Installed_Asset__c', 'a01000000000294', 'source_asset', 'AST-00294', NULL),
  ('Installed_Asset__c', 'a01000000000295', 'source_asset', 'AST-00295', NULL),
  ('Installed_Asset__c', 'a01000000000296', 'source_asset', 'AST-00296', NULL),
  ('Installed_Asset__c', 'a01000000000297', 'source_asset', 'AST-00297', NULL),
  ('Installed_Asset__c', 'a01000000000298', 'source_asset', 'AST-00298', NULL),
  ('Installed_Asset__c', 'a01000000000299', 'source_asset', 'AST-00299', NULL),
  ('Installed_Asset__c', 'a01000000000300', 'source_asset', 'AST-00300', NULL),
  ('Installed_Asset__c', 'a01000000000301', 'source_asset', 'AST-00301', NULL),
  ('Installed_Asset__c', 'a01000000000302', 'source_asset', 'AST-00302', NULL),
  ('Installed_Asset__c', 'a01000000000303', 'source_asset', 'AST-00303', NULL),
  ('Installed_Asset__c', 'a01000000000304', 'source_asset', 'AST-00304', NULL),
  ('Installed_Asset__c', 'a01000000000305', 'source_asset', 'AST-00305', NULL),
  ('Installed_Asset__c', 'a01000000000306', 'source_asset', 'AST-00306', NULL),
  ('Installed_Asset__c', 'a01000000000307', 'source_asset', 'AST-00307', NULL),
  ('Installed_Asset__c', 'a01000000000308', 'source_asset', 'AST-00308', NULL),
  ('Installed_Asset__c', 'a01000000000309', 'source_asset', 'AST-00309', NULL),
  ('Installed_Asset__c', 'a01000000000310', 'source_asset', 'AST-00310', NULL),
  ('Installed_Asset__c', 'a01000000000311', 'source_asset', 'AST-00311', NULL),
  ('Installed_Asset__c', 'a01000000000312', 'source_asset', 'AST-00312', NULL),
  ('Installed_Asset__c', 'a01000000000313', 'source_asset', 'AST-00313', NULL),
  ('Installed_Asset__c', 'a01000000000314', 'source_asset', 'AST-00314', NULL),
  ('Installed_Asset__c', 'a01000000000315', 'source_asset', 'AST-00315', NULL),
  ('Installed_Asset__c', 'a01000000000316', 'source_asset', 'AST-00316', NULL),
  ('Installed_Asset__c', 'a01000000000317', 'source_asset', 'AST-00317', NULL),
  ('Installed_Asset__c', 'a01000000000318', 'source_asset', 'AST-00318', NULL),
  ('Installed_Asset__c', 'a01000000000319', 'source_asset', 'AST-00319', NULL),
  ('Installed_Asset__c', 'a01000000000320', 'source_asset', 'AST-00320', NULL),
  ('Installed_Asset__c', 'a01000000000321', 'source_asset', 'AST-00321', NULL),
  ('Installed_Asset__c', 'a01000000000322', 'source_asset', 'AST-00322', NULL),
  ('Installed_Asset__c', 'a01000000000323', 'source_asset', 'AST-00323', NULL),
  ('Installed_Asset__c', 'a01000000000324', 'source_asset', 'AST-00324', NULL),
  ('Installed_Asset__c', 'a01000000000325', 'source_asset', 'AST-00325', NULL),
  ('Installed_Asset__c', 'a01000000000326', 'source_asset', 'AST-00326', NULL),
  ('Installed_Asset__c', 'a01000000000327', 'source_asset', 'AST-00327', NULL),
  ('Installed_Asset__c', 'a01000000000328', 'source_asset', 'AST-00328', NULL),
  ('Installed_Asset__c', 'a01000000000329', 'source_asset', 'AST-00329', NULL),
  ('Installed_Asset__c', 'a01000000000330', 'source_asset', 'AST-00330', NULL),
  ('Installed_Asset__c', 'a01000000000331', 'source_asset', 'AST-00331', NULL),
  ('Installed_Asset__c', 'a01000000000332', 'source_asset', 'AST-00332', NULL),
  ('Installed_Asset__c', 'a01000000000333', 'source_asset', 'AST-00333', NULL),
  ('Installed_Asset__c', 'a01000000000334', 'source_asset', 'AST-00334', NULL),
  ('Installed_Asset__c', 'a01000000000335', 'source_asset', 'AST-00335', NULL),
  ('Installed_Asset__c', 'a01000000000336', 'source_asset', 'AST-00336', NULL),
  ('Installed_Asset__c', 'a01000000000337', 'source_asset', 'AST-00337', NULL),
  ('Installed_Asset__c', 'a01000000000338', 'source_asset', 'AST-00338', NULL),
  ('Installed_Asset__c', 'a01000000000339', 'source_asset', 'AST-00339', NULL),
  ('Installed_Asset__c', 'a01000000000340', 'source_asset', 'AST-00340', NULL),
  ('Installed_Asset__c', 'a01000000000341', 'source_asset', 'AST-00341', NULL),
  ('Installed_Asset__c', 'a01000000000342', 'source_asset', 'AST-00342', NULL),
  ('Installed_Asset__c', 'a01000000000343', 'source_asset', 'AST-00343', NULL),
  ('Installed_Asset__c', 'a01000000000344', 'source_asset', 'AST-00344', NULL),
  ('Installed_Asset__c', 'a01000000000345', 'source_asset', 'AST-00345', NULL),
  ('Installed_Asset__c', 'a01000000000346', 'source_asset', 'AST-00346', NULL),
  ('Installed_Asset__c', 'a01000000000347', 'source_asset', 'AST-00347', NULL),
  ('Installed_Asset__c', 'a01000000000348', 'source_asset', 'AST-00348', NULL),
  ('Installed_Asset__c', 'a01000000000349', 'source_asset', 'AST-00349', NULL),
  ('Installed_Asset__c', 'a01000000000350', 'source_asset', 'AST-00350', NULL),
  ('Installed_Asset__c', 'a01000000000351', 'source_asset', 'AST-00351', NULL),
  ('Installed_Asset__c', 'a01000000000352', 'source_asset', 'AST-00352', NULL),
  ('Installed_Asset__c', 'a01000000000353', 'source_asset', 'AST-00353', NULL),
  ('Installed_Asset__c', 'a01000000000354', 'source_asset', 'AST-00354', NULL),
  ('Installed_Asset__c', 'a01000000000355', 'source_asset', 'AST-00355', NULL),
  ('Installed_Asset__c', 'a01000000000356', 'source_asset', 'AST-00356', NULL),
  ('Installed_Asset__c', 'a01000000000357', 'source_asset', 'AST-00357', NULL),
  ('Installed_Asset__c', 'a01000000000358', 'source_asset', 'AST-00358', NULL),
  ('Installed_Asset__c', 'a01000000000359', 'source_asset', 'AST-00359', NULL),
  ('Installed_Asset__c', 'a01000000000360', 'source_asset', 'AST-00360', NULL),
  ('Installed_Asset__c', 'a01000000000361', 'source_asset', 'AST-00361', NULL),
  ('Installed_Asset__c', 'a01000000000362', 'source_asset', 'AST-00362', NULL),
  ('Installed_Asset__c', 'a01000000000363', 'source_asset', 'AST-00363', NULL),
  ('Installed_Asset__c', 'a01000000000364', 'source_asset', 'AST-00364', NULL),
  ('Installed_Asset__c', 'a01000000000365', 'source_asset', 'AST-00365', NULL),
  ('Installed_Asset__c', 'a01000000000366', 'source_asset', 'AST-00366', NULL),
  ('Installed_Asset__c', 'a01000000000367', 'source_asset', 'AST-00367', NULL),
  ('Installed_Asset__c', 'a01000000000368', 'source_asset', 'AST-00368', NULL),
  ('Installed_Asset__c', 'a01000000000369', 'source_asset', 'AST-00369', NULL),
  ('Installed_Asset__c', 'a01000000000370', 'source_asset', 'AST-00370', NULL),
  ('Installed_Asset__c', 'a01000000000371', 'source_asset', 'AST-00371', NULL),
  ('Installed_Asset__c', 'a01000000000372', 'source_asset', 'AST-00372', NULL),
  ('Installed_Asset__c', 'a01000000000373', 'source_asset', 'AST-00373', NULL),
  ('Installed_Asset__c', 'a01000000000374', 'source_asset', 'AST-00374', NULL),
  ('Installed_Asset__c', 'a01000000000375', 'source_asset', 'AST-00375', NULL),
  ('Installed_Asset__c', 'a01000000000376', 'source_asset', 'AST-00376', NULL),
  ('Installed_Asset__c', 'a01000000000377', 'source_asset', 'AST-00377', NULL),
  ('Installed_Asset__c', 'a01000000000378', 'source_asset', 'AST-00378', NULL),
  ('Installed_Asset__c', 'a01000000000379', 'source_asset', 'AST-00379', NULL),
  ('Installed_Asset__c', 'a01000000000380', 'source_asset', 'AST-00380', NULL),
  ('Installed_Asset__c', 'a01000000000381', 'source_asset', 'AST-00381', NULL),
  ('Installed_Asset__c', 'a01000000000382', 'source_asset', 'AST-00382', NULL),
  ('Installed_Asset__c', 'a01000000000383', 'source_asset', 'AST-00383', NULL),
  ('Installed_Asset__c', 'a01000000000384', 'source_asset', 'AST-00384', NULL),
  ('Installed_Asset__c', 'a01000000000385', 'source_asset', 'AST-00385', NULL),
  ('Installed_Asset__c', 'a01000000000386', 'source_asset', 'AST-00386', NULL),
  ('Installed_Asset__c', 'a01000000000387', 'source_asset', 'AST-00387', NULL),
  ('Installed_Asset__c', 'a01000000000388', 'source_asset', 'AST-00388', NULL),
  ('Installed_Asset__c', 'a01000000000389', 'source_asset', 'AST-00389', NULL),
  ('Installed_Asset__c', 'a01000000000390', 'source_asset', 'AST-00390', NULL),
  ('Installed_Asset__c', 'a01000000000391', 'source_asset', 'AST-00391', NULL),
  ('Installed_Asset__c', 'a01000000000392', 'source_asset', 'AST-00392', NULL),
  ('Installed_Asset__c', 'a01000000000393', 'source_asset', 'AST-00393', NULL),
  ('Installed_Asset__c', 'a01000000000394', 'source_asset', 'AST-00394', NULL),
  ('Installed_Asset__c', 'a01000000000395', 'source_asset', 'AST-00395', NULL),
  ('Installed_Asset__c', 'a01000000000396', 'source_asset', 'AST-00396', NULL),
  ('Installed_Asset__c', 'a01000000000397', 'source_asset', 'AST-00397', NULL),
  ('Installed_Asset__c', 'a01000000000398', 'source_asset', 'AST-00398', NULL),
  ('Installed_Asset__c', 'a01000000000399', 'source_asset', 'AST-00399', NULL),
  ('Installed_Asset__c', 'a01000000000400', 'source_asset', 'AST-00400', NULL);
