CREATE SCHEMA IF NOT EXISTS fixture_wrong_field_names_v2_src;
SET search_path TO fixture_wrong_field_names_v2_src;


CREATE TABLE kunden (kunden_nr text PRIMARY KEY, firmenname text, erp_nummer text,
    kategorie text, gebiet text, branche text, webseite text, ort text, land text);
CREATE TABLE ansprechpartner (ap_id text PRIMARY KEY, vorname text, nachname text,
    email_adresse text, telefonnummer text, position text, funktion text, sprache text, kunde text);
CREATE TABLE chancen (chance_id text PRIMARY KEY, bezeichnung text, phase text,
    abschlussdatum text, volumen double precision, waehrung text, kd_nr text);
CREATE TABLE proj (proj_id text PRIMARY KEY, name text, status text, go_live text, kd text, opp text);
CREATE TABLE assets (asset_id text PRIMARY KEY, bezeichnung text, seriennr text,
    garantie_bis text, kd_ref text, projekt_ref text);

INSERT INTO kunden (kunden_nr, firmenname, erp_nummer, kategorie, gebiet, branche, webseite, ort, land) VALUES
  ('CUST-1001', 'Hörle Stiftung & Co. KG', 'ERP-28865', 'Gold', 'UK', 'Healthcare', 'http://steckel.com/', 'Sankt Goarshausen', 'Martinique'),
  ('CUST-1002', 'Bähr', 'ERP-69400', 'Bronze', 'Southern Europe', 'Technology', 'https://rogge.de/', 'Eisenberg', 'Aruba'),
  ('CUST-1003', 'Ebert GmbH', 'ERP-77381', 'Platinum', 'UK', 'Technology', 'http://www.peukert.com/', 'Sankt Goar', 'Mauritius'),
  ('CUST-1004', 'Ruppert Gnatz GmbH', 'ERP-61633', 'Bronze', 'Nordics', 'Manufacturing', 'http://www.bolander.com/', 'Eckernförde', 'Guyana'),
  ('CUST-1005', 'Buchholz Preiß KG', 'ERP-26325', 'Gold', 'UK', 'Technology', 'http://www.scholtz.de/', 'Pegnitz', 'Ruanda'),
  ('CUST-1006', 'Mangold', 'ERP-31052', 'Silver', 'Southern Europe', 'Technology', 'http://www.zahn.com/', 'Kelheim', 'Simbabwe'),
  ('CUST-1007', 'Steinberg KG', 'ERP-60705', 'Platinum', 'Southern Europe', 'Finance', 'http://www.oderwald.de/', 'Bad Langensalza', 'Malaysia'),
  ('CUST-1008', 'Schleich Wohlgemut AG', 'ERP-59404', 'Bronze', 'DACH', 'Finance', 'https://www.christoph.com/', 'Bützow', 'Samoa'),
  ('CUST-1009', 'Löffler', 'ERP-34460', 'Gold', 'DACH', 'Technology', 'https://www.adler.com/', 'Wittenberg', 'Amerikanisch-Ozeanien'),
  ('CUST-1010', 'Drubin Trupp KG', 'ERP-46081', 'Silver', 'DACH', 'Healthcare', 'https://meyer.de/', 'Brand', 'Serbien'),
  ('CUST-1011', 'Davids Stiftung & Co. KG', 'ERP-22333', 'Gold', 'Southern Europe', 'Technology', 'http://stolze.de/', 'Sangerhausen', 'Nordmazedonien'),
  ('CUST-1012', 'Junken Kruschwitz GmbH', 'ERP-53277', 'Platinum', 'Southern Europe', 'Healthcare', 'http://www.giess.net/', 'Strausberg', 'Französisch-Polynesien'),
  ('CUST-1013', 'Hartung Kaul AG & Co. OHG', 'ERP-26559', 'Platinum', 'DACH', 'Finance', 'http://hecker.com/', 'Auerbach', 'Amerikanische Jungferninseln'),
  ('CUST-1014', 'Schmidtke', 'ERP-87517', 'Bronze', 'Benelux', 'Technology', 'http://hartmann.de/', 'Grafenau', 'Alandinseln'),
  ('CUST-1015', 'Thies GbR', 'ERP-98064', 'Bronze', 'Southern Europe', 'Finance', 'http://kohl.com/', 'Erding', 'Kanada'),
  ('CUST-1016', 'Jüttner GmbH', 'ERP-48929', 'Gold', 'UK', 'Technology', 'https://www.ruppert.com/', 'Finsterwalde', 'Färöer'),
  ('CUST-1017', 'Conradi GbR', 'ERP-15418', 'Bronze', 'UK', 'Manufacturing', 'https://briemer.de/', 'Diepholz', 'Irak'),
  ('CUST-1018', 'Atzler Stiftung & Co. KGaA', 'ERP-56939', 'Platinum', 'Nordics', 'Technology', 'http://fischer.org/', 'Hannover', 'Sierra Leone'),
  ('CUST-1019', 'Martin Jäntsch e.G.', 'ERP-85247', 'Gold', 'Benelux', 'Finance', 'https://luebs.com/', 'Schwabmünchen', 'Weihnachtsinsel'),
  ('CUST-1020', 'Schwital', 'ERP-68074', 'Gold', 'Southern Europe', 'Manufacturing', 'http://www.doerr.com/', 'Erfurt', 'Ecuador'),
  ('CUST-1021', 'Vollbrecht', 'ERP-10330', 'Gold', 'DACH', 'Finance', 'http://neureuther.de/', 'Belzig', 'Italien'),
  ('CUST-1022', 'Margraf Täsche GbR', 'ERP-12235', 'Gold', 'Benelux', 'Finance', 'https://www.jungfer.de/', 'Burgdorf', 'St. Pierre und Miquelon'),
  ('CUST-1023', 'Thanel Meister GmbH', 'ERP-43945', 'Gold', 'UK', 'Manufacturing', 'https://www.zorbach.com/', 'Hannoversch Münden', 'Lesotho'),
  ('CUST-1024', 'Scheel GmbH', 'ERP-21422', 'Bronze', 'DACH', 'Manufacturing', 'http://www.ehlert.net/', 'Eisenhüttenstadt', 'Samoa'),
  ('CUST-1025', 'Schacht', 'ERP-98120', 'Gold', 'UK', 'Finance', 'http://kraushaar.org/', 'Wolfratshausen', 'Mexiko'),
  ('CUST-1026', 'Eimer Dobes GmbH & Co. KG', 'ERP-44120', 'Silver', 'Southern Europe', 'Manufacturing', 'https://fliegner.de/', 'Klötze', 'Niger'),
  ('CUST-1027', 'Schüler Mies KG', 'ERP-62155', 'Platinum', 'Benelux', 'Healthcare', 'https://www.steuer.de/', 'Bischofswerda', 'Guinea'),
  ('CUST-1028', 'Stahr Stiftung & Co. KGaA', 'ERP-80462', 'Gold', 'Nordics', 'Finance', 'http://christoph.de/', 'Donaueschingen', 'Äquatorialguinea'),
  ('CUST-1029', 'Klemt AG', 'ERP-97772', 'Silver', 'Nordics', 'Technology', 'http://berger.de/', 'Aschaffenburg', 'Papua-Neuguinea'),
  ('CUST-1030', 'Haase Junk AG', 'ERP-55272', 'Bronze', 'Nordics', 'Finance', 'https://atzler.com/', 'Böblingen', 'Wallis und Futuna'),
  ('CUST-1031', 'Schmiedecke AG & Co. OHG', 'ERP-61006', 'Silver', 'Nordics', 'Manufacturing', 'http://www.benthin.org/', 'Bernburg', 'Palau'),
  ('CUST-1032', 'Staude', 'ERP-75720', 'Gold', 'DACH', 'Manufacturing', 'http://kruschwitz.com/', 'Neustrelitz', 'Svalbard und Jan Mayen'),
  ('CUST-1033', 'Langern', 'ERP-13112', 'Gold', 'Southern Europe', 'Technology', 'https://koehler.net/', 'Marktheidenfeld', 'Peru'),
  ('CUST-1034', 'Bachmann Preiß AG & Co. KG', 'ERP-44536', 'Gold', 'Nordics', 'Healthcare', 'https://www.giess.com/', 'Melle', 'Bangladesch'),
  ('CUST-1035', 'Döhn Eberhardt AG', 'ERP-61262', 'Silver', 'Nordics', 'Manufacturing', 'https://oestrovsky.com/', 'Helmstedt', 'Kaimaninseln'),
  ('CUST-1036', 'Krein AG', 'ERP-24208', 'Silver', 'Nordics', 'Technology', 'http://www.scheuermann.com/', 'Mallersdorf', 'Anguilla'),
  ('CUST-1037', 'Bolnbach', 'ERP-36347', 'Gold', 'UK', 'Manufacturing', 'http://www.roehricht.de/', 'Jüterbog', 'Schweden'),
  ('CUST-1038', 'Jungfer', 'ERP-11931', 'Platinum', 'Nordics', 'Technology', 'https://loeffler.com/', 'Wernigerode', 'Singapur'),
  ('CUST-1039', 'Baum KG', 'ERP-53041', 'Platinum', 'Benelux', 'Technology', 'http://www.loos.org/', 'Auerbach', 'Jersey'),
  ('CUST-1040', 'Jäntsch Beckmann AG', 'ERP-80900', 'Bronze', 'Southern Europe', 'Finance', 'https://wende.de/', 'Wittstock', 'Fidschi'),
  ('CUST-1041', 'Ebert', 'ERP-36174', 'Silver', 'Nordics', 'Finance', 'https://roskoth.com/', 'Jüterbog', 'Mauretanien'),
  ('CUST-1042', 'Dörr GmbH & Co. KG', 'ERP-45157', 'Gold', 'UK', 'Technology', 'https://gerlach.org/', 'Norden', 'Papua-Neuguinea'),
  ('CUST-1043', 'Dobes Jopich GmbH', 'ERP-73142', 'Bronze', 'Benelux', 'Technology', 'https://www.pechel.de/', 'Wiedenbrück', 'Gibraltar'),
  ('CUST-1044', 'Krause', 'ERP-39266', 'Silver', 'DACH', 'Healthcare', 'https://www.schueler.com/', 'Hainichen', 'Dschibuti'),
  ('CUST-1045', 'Killer', 'ERP-93935', 'Silver', 'Nordics', 'Manufacturing', 'https://www.scheuermann.de/', 'Rosenheim', 'Alandinseln'),
  ('CUST-1046', 'Schulz Hering KG', 'ERP-49194', 'Bronze', 'UK', 'Manufacturing', 'https://ullrich.com/', 'Beilngries', 'Honduras'),
  ('CUST-1047', 'Ehlert', 'ERP-81894', 'Platinum', 'UK', 'Healthcare', 'http://kallert.org/', 'Starnberg', 'Französisch-Guayana'),
  ('CUST-1048', 'Stiffel e.V.', 'ERP-77900', 'Platinum', 'Southern Europe', 'Manufacturing', 'http://gerlach.com/', 'Bremervörde', 'Kap Verde'),
  ('CUST-1049', 'Ring Trubin Stiftung & Co. KG', 'ERP-90467', 'Gold', 'Nordics', 'Finance', 'http://koehler.de/', 'Bogen', 'Rumänien'),
  ('CUST-1050', 'Schäfer Börner e.G.', 'ERP-93600', 'Gold', 'DACH', 'Technology', 'http://www.neureuther.org/', 'Guben', 'Aserbaidschan'),
  ('CUST-1051', 'Fischer Schomber GmbH & Co. KG', 'ERP-35879', 'Silver', 'Southern Europe', 'Finance', 'https://salz.com/', 'Goslar', 'Usbekistan'),
  ('CUST-1052', 'Seifert GmbH', 'ERP-32265', 'Gold', 'UK', 'Healthcare', 'http://schweitzer.com/', 'Hoyerswerda', 'Vereinigtes Königreich'),
  ('CUST-1053', 'Pruschke Fritsch GbR', 'ERP-48957', 'Platinum', 'DACH', 'Manufacturing', 'http://schaaf.de/', 'Geldern', 'Paraguay'),
  ('CUST-1054', 'Juncken GbR', 'ERP-68042', 'Bronze', 'Benelux', 'Manufacturing', 'https://www.juncken.de/', 'Koblenz', 'Antarktis'),
  ('CUST-1055', 'Hoffmann GmbH', 'ERP-25002', 'Platinum', 'Benelux', 'Finance', 'http://krebs.com/', 'Bayreuth', 'Angola'),
  ('CUST-1056', 'Kuhl Ebert GbR', 'ERP-57818', 'Bronze', 'DACH', 'Healthcare', 'http://www.wagenknecht.de/', 'Bogen', 'Mongolei'),
  ('CUST-1057', 'Dussen van e.V.', 'ERP-52798', 'Platinum', 'Benelux', 'Manufacturing', 'https://www.dietz.de/', 'Schwäbisch Gmünd', 'Kroatien'),
  ('CUST-1058', 'Steuer', 'ERP-70688', 'Silver', 'Nordics', 'Finance', 'https://luebs.net/', 'Schrobenhausen', 'Kroatien'),
  ('CUST-1059', 'Roskoth Cichorius e.G.', 'ERP-66954', 'Bronze', 'Nordics', 'Healthcare', 'http://www.kraus.net/', 'Miesbach', 'Swasiland'),
  ('CUST-1060', 'Weihmann Stiftung & Co. KGaA', 'ERP-33791', 'Bronze', 'Benelux', 'Technology', 'http://gehringer.com/', 'Gießen', 'Puerto Rico'),
  ('CUST-1061', 'Röhrdanz GmbH', 'ERP-37988', 'Silver', 'Nordics', 'Finance', 'https://naser.com/', 'Pritzwalk', 'Armenien'),
  ('CUST-1062', 'Metz e.V.', 'ERP-44202', 'Silver', 'UK', 'Finance', 'http://troest.org/', 'Gräfenhainichen', 'Bulgarien'),
  ('CUST-1063', 'Heidrich Hermighausen GmbH', 'ERP-43382', 'Platinum', 'DACH', 'Finance', 'https://kallert.de/', 'Kitzingen', 'Mosambik'),
  ('CUST-1064', 'Margraf Patberg KG', 'ERP-23554', 'Bronze', 'UK', 'Finance', 'http://www.baum.de/', 'Aue', 'Niederlande'),
  ('CUST-1065', 'Dörschner Stolze AG & Co. KGaA', 'ERP-22540', 'Bronze', 'Nordics', 'Healthcare', 'http://kruschwitz.com/', 'Schweinfurt', 'Lettland'),
  ('CUST-1066', 'Harloff', 'ERP-59289', 'Platinum', 'Southern Europe', 'Technology', 'http://www.roht.com/', 'Eisenberg', 'Taiwan'),
  ('CUST-1067', 'Hettner Steckel GmbH & Co. KGaA', 'ERP-83645', 'Platinum', 'UK', 'Manufacturing', 'https://www.koch.com/', 'Aachen', 'Südafrika'),
  ('CUST-1068', 'Thies Caspar Stiftung & Co. KG', 'ERP-98520', 'Gold', 'UK', 'Technology', 'http://bachmann.org/', 'Forst', 'Vatikanstadt'),
  ('CUST-1069', 'Eberhardt AG & Co. OHG', 'ERP-47649', 'Platinum', 'DACH', 'Technology', 'https://poelitz.de/', 'Göttingen', 'Barbados'),
  ('CUST-1070', 'Tintzmann Barkholz GbR', 'ERP-21489', 'Silver', 'Southern Europe', 'Manufacturing', 'https://www.kruschwitz.de/', 'Heiligenstadt', 'Ägypten'),
  ('CUST-1071', 'Hesse Lorch AG', 'ERP-29312', 'Platinum', 'Nordics', 'Manufacturing', 'http://www.liebelt.net/', 'Malchin', 'Thailand'),
  ('CUST-1072', 'Scheel AG & Co. KG', 'ERP-20787', 'Bronze', 'Benelux', 'Technology', 'https://gertz.net/', 'Chemnitz', 'Kanada'),
  ('CUST-1073', 'Biggen', 'ERP-21609', 'Bronze', 'Southern Europe', 'Technology', 'http://weller.de/', 'Wittenberg', 'Serbien'),
  ('CUST-1074', 'Jockel AG', 'ERP-12946', 'Bronze', 'Benelux', 'Finance', 'https://www.jaekel.de/', 'Warendorf', 'Thailand'),
  ('CUST-1075', 'Siering', 'ERP-26100', 'Silver', 'UK', 'Healthcare', 'http://heinz.de/', 'Angermünde', 'Guadeloupe'),
  ('CUST-1076', 'Drub Atzler GmbH', 'ERP-11503', 'Platinum', 'DACH', 'Technology', 'http://www.jopich.com/', 'Nördlingen', 'Guernsey'),
  ('CUST-1077', 'Paffrath', 'ERP-36362', 'Silver', 'Southern Europe', 'Technology', 'http://mueller.org/', 'Wolgast', 'Haiti'),
  ('CUST-1078', 'Hauffer GmbH', 'ERP-15582', 'Silver', 'UK', 'Finance', 'https://drub.de/', 'Sömmerda', 'Britisches Territorium im Indischen Ozean'),
  ('CUST-1079', 'Mangold Heser GmbH & Co. OHG', 'ERP-23034', 'Gold', 'Benelux', 'Technology', 'https://schwital.com/', 'Starnberg', 'Singapur'),
  ('CUST-1080', 'Bärer', 'ERP-90712', 'Gold', 'Southern Europe', 'Technology', 'https://www.ackermann.org/', 'Ilmenau', 'Papua-Neuguinea'),
  ('CUST-1081', 'Hartmann', 'ERP-46465', 'Silver', 'UK', 'Healthcare', 'http://www.wiek.de/', 'Bogen', 'Salomonen'),
  ('CUST-1082', 'Briemer', 'ERP-91942', 'Silver', 'Benelux', 'Finance', 'http://www.kensy.com/', 'Aschaffenburg', 'Argentinien'),
  ('CUST-1083', 'Dietz AG & Co. KG', 'ERP-92297', 'Platinum', 'UK', 'Manufacturing', 'https://www.holt.net/', 'Schwäbisch Hall', 'Togo'),
  ('CUST-1084', 'Dobes', 'ERP-58850', 'Bronze', 'Southern Europe', 'Manufacturing', 'http://gunpf.org/', 'Hünfeld', 'Sambia'),
  ('CUST-1085', 'Peukert Bohnbach KG', 'ERP-67257', 'Silver', 'UK', 'Manufacturing', 'https://albers.com/', 'Eberswalde', 'Brasilien'),
  ('CUST-1086', 'Carsten', 'ERP-67720', 'Gold', 'DACH', 'Finance', 'http://scholl.com/', 'Bad Kissingen', 'Nauru'),
  ('CUST-1087', 'Fritsch Bloch GmbH', 'ERP-19896', 'Silver', 'UK', 'Technology', 'http://rogge.de/', 'Borna', 'Kongo'),
  ('CUST-1088', 'Rogge GbR', 'ERP-23753', 'Gold', 'DACH', 'Manufacturing', 'http://www.kohl.org/', 'Saarlouis', 'Französisch-Guayana'),
  ('CUST-1089', 'Hofmann Schuchhardt GmbH', 'ERP-95893', 'Gold', 'Southern Europe', 'Healthcare', 'https://dietz.de/', 'Bad Mergentheim', 'Bosnien und Herzegowina'),
  ('CUST-1090', 'Jacob Kaul AG', 'ERP-75050', 'Platinum', 'DACH', 'Finance', 'https://www.riehl.de/', 'Bad Brückenau', 'Island'),
  ('CUST-1091', 'Karge', 'ERP-57974', 'Silver', 'DACH', 'Healthcare', 'http://preiss.com/', 'Ilmenau', 'Sambia'),
  ('CUST-1092', 'Säuberlich Becker AG & Co. OHG', 'ERP-26953', 'Platinum', 'DACH', 'Technology', 'http://www.loos.de/', 'Staßfurt', 'Algerien'),
  ('CUST-1093', 'Cichorius Hamann AG', 'ERP-66685', 'Gold', 'DACH', 'Technology', 'http://www.wilmsen.com/', 'Aachen', 'Mali'),
  ('CUST-1094', 'Gröttner Barkholz GbR', 'ERP-96099', 'Gold', 'DACH', 'Finance', 'http://wesack.net/', 'Meiningen', 'Guam'),
  ('CUST-1095', 'Bolander', 'ERP-56826', 'Platinum', 'Southern Europe', 'Technology', 'https://www.caspar.de/', 'Lüneburg', 'St. Helena'),
  ('CUST-1096', 'Striebitz GmbH & Co. KGaA', 'ERP-47086', 'Bronze', 'UK', 'Healthcare', 'https://mielcarek.org/', 'Hohenstein-Ernstthal', 'Singapur'),
  ('CUST-1097', 'Hiller', 'ERP-21599', 'Gold', 'DACH', 'Manufacturing', 'https://www.henck.com/', 'Koblenz', 'Tokelau'),
  ('CUST-1098', 'Peukert Juncken AG', 'ERP-12610', 'Gold', 'UK', 'Technology', 'https://www.doehn.de/', 'Grimma', 'Brasilien'),
  ('CUST-1099', 'Wähner', 'ERP-80598', 'Bronze', 'Benelux', 'Healthcare', 'https://herrmann.de/', 'Kemnath', 'Lettland'),
  ('CUST-1100', 'Tintzmann Eimer GmbH', 'ERP-69056', 'Gold', 'Benelux', 'Healthcare', 'http://www.zirme.de/', 'Schwabmünchen', 'Grenada');

INSERT INTO ansprechpartner (ap_id, vorname, nachname, email_adresse, telefonnummer, position, funktion, sprache, kunde) VALUES
  ('CON-00001', 'Almut', 'Stoll', 'ejunk@example.com', '+494515038165', 'Krankenschwester', 'Executive Sponsor', 'EN', 'CUST-1001'),
  ('CON-00002', 'Maurizio', 'Dowerg', 'adlerandrej@example.com', '+497582176672', 'Elektroniker', 'Technical Contact', 'DE', 'CUST-1002'),
  ('CON-00003', 'Pia', 'Hofmann', 'reuterthoralf@example.org', '+497615541988', 'Medizininformatiker', 'Technical Contact', 'EN', 'CUST-1002'),
  ('CON-00004', 'Heino', 'Mies', 'juliane13@example.net', '+494660002435', 'Mathematiker', 'Executive Sponsor', 'FR', 'CUST-1003'),
  ('CON-00005', 'Justina', 'Müller', 'vjopich@example.com', '+498987690438', 'Augenoptiker', 'Technical Contact', 'DE', 'CUST-1003'),
  ('CON-00006', 'Kunigunde', 'Schomber', 'neureutherguelten@example.net', '+498204217542', 'Pfleger', 'Decision Maker', 'FR', 'CUST-1003'),
  ('CON-00007', 'Ahmet', 'Wilmsen', 'priska53@example.com', '+494297802164', 'Ausbaufacharbeiter', 'Decision Maker', 'EN', 'CUST-1004'),
  ('CON-00008', 'Adolf', 'Mitschke', 'cichoriusfrieder@example.net', '+495159751791', 'Koreanistiker', 'End User', 'FR', 'CUST-1004'),
  ('CON-00009', 'Agatha', 'Butte', 'schleichgerti@example.org', '+497645406279', 'Fleischer', 'End User', 'DE', 'CUST-1004'),
  ('CON-00010', 'Leif', 'Hölzenbecher', 'kordulahiller@example.org', '+499023251870', 'Mathematiker', 'Technical Contact', 'EN', 'CUST-1005'),
  ('CON-00011', 'Raphael', 'Schwital', 'jozefkabus@example.net', '+492336898653', 'Winzer', 'Technical Contact', 'FR', 'CUST-1005'),
  ('CON-00012', 'Hans-Uwe', 'Sölzer', 'gebhardstiffel@example.net', '+497145175160', 'Designer', 'Technical Contact', 'DE', 'CUST-1005'),
  ('CON-00013', 'Anton', 'Seip', 'julia65@example.org', '+494069095007', 'Asphaltbauer', 'Technical Contact', 'DE', 'CUST-1006'),
  ('CON-00014', 'Uschi', 'Davids', 'metzmarvin@example.org', '+492096518314', 'Bäcker', 'End User', 'FR', 'CUST-1007'),
  ('CON-00015', 'Hans-Uwe', 'Nette', 'semraloechel@example.net', '+493579685516', 'Friseur', 'Executive Sponsor', 'DE', 'CUST-1007'),
  ('CON-00016', 'Victor', 'Stiffel', 'priska27@example.net', '+496791903164', 'Chirurgiemechaniker', 'Technical Contact', 'FR', 'CUST-1008'),
  ('CON-00017', 'Rosa', 'Tschentscher', 'miodrag79@example.net', '+499815207308', 'Schornsteinfeger', 'Executive Sponsor', 'DE', 'CUST-1008'),
  ('CON-00018', 'Stilla', 'Nohlmans', 'baerermarliese@example.com', '+496278017060', 'Schornsteinfeger', 'End User', 'EN', 'CUST-1009'),
  ('CON-00019', 'Manja', 'Juncken', 'alinke@example.net', '+497425346899', 'Techniker', 'Technical Contact', 'FR', 'CUST-1009'),
  ('CON-00020', 'Margita', 'Ziegert', 'stephan01@example.com', '+495452587789', 'Arzt', 'Executive Sponsor', 'DE', 'CUST-1010'),
  ('CON-00021', 'Kati', 'Bonbach', 'thiesjelena@example.com', '+490860094128', 'Techniker', 'End User', 'FR', 'CUST-1010'),
  ('CON-00022', 'Otfried', 'van der Dussen', 'karl-ernst06@example.net', '+497822978312', 'Designer', 'End User', 'EN', 'CUST-1011'),
  ('CON-00023', 'Jelena', 'Rosemann', 'kristinahenschel@example.com', '+492447480750', 'Fleischer', 'Decision Maker', 'DE', 'CUST-1012'),
  ('CON-00024', 'Justine', 'Gehringer', 'vkraushaar@example.net', '+494193490463', 'Friseur', 'Decision Maker', 'DE', 'CUST-1013'),
  ('CON-00025', 'Ben', 'Henschel', 'yscheel@example.com', '+495997384504', 'Beamter', 'Decision Maker', 'DE', 'CUST-1013'),
  ('CON-00026', 'Hardy', 'Blümel', 'julianeraedel@example.com', '+495934669604', 'Erzieher', 'Decision Maker', 'DE', 'CUST-1014'),
  ('CON-00027', 'Maurice', 'Patberg', 'schulzandre@example.com', '+499107653366', 'Florist', 'Decision Maker', 'FR', 'CUST-1015'),
  ('CON-00028', 'Tabea', 'Wiek', 'ngeisler@example.net', '+499956320311', 'Binnenschiffer', 'End User', 'FR', 'CUST-1015'),
  ('CON-00029', 'Mesut', 'Wende', 'rroht@example.com', '+490752341600', 'Arzt', 'Decision Maker', 'FR', 'CUST-1016'),
  ('CON-00030', 'Gesche', 'Jopich', 'seidelnorma@example.net', '+492437004710', 'Schornsteinfeger', 'Technical Contact', 'DE', 'CUST-1016'),
  ('CON-00031', 'Dennis', 'Steckel', 'danny25@example.org', '+495892808481', 'Fleischer', 'End User', 'EN', 'CUST-1017'),
  ('CON-00032', 'Annika', 'Hölzenbecher', 'teresapruschke@example.com', '+499142355761', 'Beamter', 'Executive Sponsor', 'EN', 'CUST-1017'),
  ('CON-00033', 'Dietlind', 'Hamann', 'rschaefer@example.com', '+492774856664', 'Polizist', 'Executive Sponsor', 'DE', 'CUST-1018'),
  ('CON-00034', 'Paul-Gerhard', 'Rust', 'gudemagnus@example.net', '+490969901024', 'Ausbaufacharbeiter', 'Executive Sponsor', 'FR', 'CUST-1018'),
  ('CON-00035', 'Valentin', 'Stoll', 'ivana24@example.net', '+498331855191', 'Forstwirt', 'Technical Contact', 'FR', 'CUST-1018'),
  ('CON-00036', 'Monja', 'Hornig', 'haaseralph@example.com', '+495628250001', 'Artist', 'End User', 'EN', 'CUST-1019'),
  ('CON-00037', 'Josephine', 'Wernecke', 'msaeuberlich@example.org', '+498114938210', 'Beamter', 'Technical Contact', 'FR', 'CUST-1019'),
  ('CON-00038', 'Fredo', 'Stumpf', 'kgotthard@example.org', '+493405481966', 'Augenoptiker', 'Executive Sponsor', 'FR', 'CUST-1019'),
  ('CON-00039', 'Dragan', 'Steckel', 'birgerlindau@example.com', '+492191807193', 'Florist', 'Decision Maker', 'EN', 'CUST-1020'),
  ('CON-00040', 'Nadeshda', 'Hecker', 'bstroh@example.com', '+490424885316', 'Informatiker', 'Executive Sponsor', 'DE', 'CUST-1021'),
  ('CON-00041', 'Rosa', 'Riehl', 'zklapp@example.org', '+492836615479', 'Designer', 'Technical Contact', 'FR', 'CUST-1022'),
  ('CON-00042', 'Hans-Wilhelm', 'Ruppert', 'bekirscholz@example.com', '+496441127501', 'Bankkaufmann', 'Executive Sponsor', 'FR', 'CUST-1023'),
  ('CON-00043', 'Anneke', 'Sorgatz', 'betzold@example.com', '+497908875058', 'Florist', 'Technical Contact', 'DE', 'CUST-1024'),
  ('CON-00044', 'Patricia', 'Eckbauer', 'schuelerannika@example.net', '+492849805549', 'Beamter', 'End User', 'EN', 'CUST-1024'),
  ('CON-00045', 'Canan', 'Kranz', 'schollbernfried@example.org', '+499657061301', 'Chirurgiemechaniker', 'End User', 'DE', 'CUST-1025'),
  ('CON-00046', 'Frauke', 'Bien', 'katarzynatrubin@example.org', '+490763049145', 'Chirurgiemechaniker', 'End User', 'EN', 'CUST-1026'),
  ('CON-00047', 'Hans-Dietrich', 'Conradi', 'dippelhermann@example.org', '+493074804141', 'Elektroniker', 'Decision Maker', 'FR', 'CUST-1026'),
  ('CON-00048', 'Muzaffer', 'Oestrovsky', 'cwaehner@example.com', '+495627794571', 'Mathematiker', 'Technical Contact', 'EN', 'CUST-1026'),
  ('CON-00049', 'Sigismund', 'Jacobi Jäckel', 'roehrdanzdorota@example.org', '+495440633882', 'Chemikant', 'Technical Contact', 'DE', 'CUST-1027'),
  ('CON-00050', 'Tomasz', 'Reising', 'putzheinz-georg@example.net', '+498516011472', 'Fachinformatiker', 'Executive Sponsor', 'EN', 'CUST-1027'),
  ('CON-00051', 'Pierre', 'Kade', 'hschaefer@example.org', '+490450576253', 'Pfleger', 'Executive Sponsor', 'EN', 'CUST-1027'),
  ('CON-00052', 'Zofia', 'Schäfer', 'metin70@example.net', '+499888769475', 'Schornsteinfeger', 'Executive Sponsor', 'FR', 'CUST-1028'),
  ('CON-00053', 'Eva-Marie', 'Weiß', 'staudesilke@example.org', '+490045131871', 'Pfleger', 'Executive Sponsor', 'DE', 'CUST-1028'),
  ('CON-00054', 'Juliane', 'Schleich', 'raymundstiffel@example.com', '+491337575770', 'Pfleger', 'Executive Sponsor', 'EN', 'CUST-1028'),
  ('CON-00055', 'Wieland', 'Jopich', 'martine38@example.net', '+495340111280', 'Ausbaufacharbeiter', 'Executive Sponsor', 'EN', 'CUST-1029'),
  ('CON-00056', 'Egon', 'Hörle', 'jmuehle@example.net', '+499171424244', 'Polizist', 'Executive Sponsor', 'DE', 'CUST-1030'),
  ('CON-00057', 'Volkmar', 'Huhn', 'xherrmann@example.com', '+495683283256', 'Beamter', 'End User', 'EN', 'CUST-1030'),
  ('CON-00058', 'Hans-Jürgen', 'Jockel', 'robert75@example.net', '+490175311363', 'Friseur', 'Decision Maker', 'FR', 'CUST-1031'),
  ('CON-00059', 'Giuseppe', 'Seifert', 'schlossermichaele@example.org', '+495278792557', 'Erzieher', 'Technical Contact', 'FR', 'CUST-1031'),
  ('CON-00060', 'Corina', 'Fiebig', 'moechlichengotthilf@example.com', '+497788876685', 'Mathematiker', 'Decision Maker', 'DE', 'CUST-1032'),
  ('CON-00061', 'Lieschen', 'Vollbrecht', 'margita36@example.com', '+496017706054', 'Bankkaufmann', 'Technical Contact', 'EN', 'CUST-1032'),
  ('CON-00062', 'Jorge', 'Rose', 'antonios46@example.com', '+495223494762', 'Koreanistiker', 'Decision Maker', 'EN', 'CUST-1032'),
  ('CON-00063', 'Toralf', 'Conradi', 'reimer@example.com', '+490312873031', 'Fachinformatiker', 'Executive Sponsor', 'EN', 'CUST-1033'),
  ('CON-00064', 'Lotte', 'Hörle', 'rochusheydrich@example.com', '+498462392784', 'Erzieher', 'Technical Contact', 'EN', 'CUST-1033'),
  ('CON-00065', 'Hedi', 'Thies', 'beatricehornig@example.net', '+491858951251', 'Designer', 'Executive Sponsor', 'FR', 'CUST-1034'),
  ('CON-00066', 'Marleen', 'Klapp', 'wolfschenk@example.com', '+493858416959', 'Beamter', 'Technical Contact', 'FR', 'CUST-1034'),
  ('CON-00067', 'Erich', 'Säuberlich', 'erogner@example.net', '+495598152497', 'Elektroniker', 'Decision Maker', 'DE', 'CUST-1035'),
  ('CON-00068', 'Annedore', 'Mielcarek', 'akensy@example.com', '+496540693398', 'Mechaniker', 'Decision Maker', 'DE', 'CUST-1036'),
  ('CON-00069', 'Sönke', 'Fritsch', 'evelinholsten@example.net', '+499220306714', 'Bäcker', 'Executive Sponsor', 'DE', 'CUST-1036'),
  ('CON-00070', 'Gabor', 'Scholz', 'gislinde62@example.com', '+493958752822', 'Informatiker', 'Decision Maker', 'EN', 'CUST-1036'),
  ('CON-00071', 'Malgorzata', 'Rosemann', 'yklemt@example.net', '+499172658418', 'Techniker', 'Executive Sponsor', 'DE', 'CUST-1037'),
  ('CON-00072', 'Hans-Michael', 'Weitzel', 'kallertkenneth@example.com', '+491900862230', 'Bäcker', 'End User', 'DE', 'CUST-1038'),
  ('CON-00073', 'Ewald', 'Killer', 'hhande@example.org', '+493221377657', 'Florist', 'Decision Maker', 'DE', 'CUST-1038'),
  ('CON-00074', 'Hermann-Josef', 'Nette', 'mareikeloechel@example.com', '+498936420837', 'Artist', 'Technical Contact', 'DE', 'CUST-1038'),
  ('CON-00075', 'Vincent', 'Hartung', 'schweitzerwoldemar@example.com', '+496982656457', 'Winzer', 'End User', 'FR', 'CUST-1039'),
  ('CON-00076', 'Nathalie', 'Stahr', 'wohlgemuteckard@example.org', '+492693679653', 'Mechaniker', 'Decision Maker', 'FR', 'CUST-1039'),
  ('CON-00077', 'Burckhard', 'Bohnbach', 'susannahornig@example.com', '+491678149969', 'Designer', 'Executive Sponsor', 'EN', 'CUST-1039'),
  ('CON-00078', 'Milos', 'Losekann', 'weitzeldirk@example.org', '+494741467593', 'Koreanistiker', 'Executive Sponsor', 'EN', 'CUST-1040'),
  ('CON-00079', 'Traute', 'Pölitz', 'marc79@example.org', '+491230726925', 'Beamter', 'Decision Maker', 'FR', 'CUST-1040'),
  ('CON-00080', 'Silke', 'Ring', 'beckerrosemarie@example.com', '+496514046449', 'Programmierer', 'Technical Contact', 'DE', 'CUST-1040'),
  ('CON-00081', 'Adriane', 'Werner', 'zirmethea@example.com', '+496713264743', 'Informatiker', 'End User', 'EN', 'CUST-1041'),
  ('CON-00082', 'Leonard', 'Schäfer', 'iweinhold@example.org', '+492279751968', 'Krankenschwester', 'Technical Contact', 'FR', 'CUST-1041'),
  ('CON-00083', 'Lili', 'Reichmann', 'heinrichmitschke@example.net', '+495678763486', 'Florist', 'End User', 'EN', 'CUST-1042'),
  ('CON-00084', 'Rebekka', 'Kobelt', 'maria-theresia70@example.net', '+496272958756', 'Pilot', 'Decision Maker', 'EN', 'CUST-1042'),
  ('CON-00085', 'Kriemhild', 'Rädel', 'jbeer@example.com', '+495453918731', 'Augenoptiker', 'Technical Contact', 'DE', 'CUST-1043'),
  ('CON-00086', 'Samuel', 'Haering', 'mechtild60@example.net', '+499436737017', 'Schornsteinfeger', 'Decision Maker', 'EN', 'CUST-1043'),
  ('CON-00087', 'Leyla', 'Jüttner', 'karl17@example.com', '+498111634401', 'Binnenschiffer', 'Executive Sponsor', 'DE', 'CUST-1043'),
  ('CON-00088', 'Wiltrud', 'Trommler', 'hermine77@example.com', '+495664579381', 'Elektroniker', 'Decision Maker', 'DE', 'CUST-1044'),
  ('CON-00089', 'Freya', 'Reising', 'helma00@example.org', '+499504759682', 'Designer', 'Technical Contact', 'FR', 'CUST-1045'),
  ('CON-00090', 'Bartholomäus', 'Rose', 'mkobelt@example.net', '+493798944705', 'Schornsteinfeger', 'Executive Sponsor', 'DE', 'CUST-1046'),
  ('CON-00091', 'Oxana', 'Budig', 'heinz-peterkostolzin@example.net', '+492580846063', 'Pilot', 'Executive Sponsor', 'DE', 'CUST-1046'),
  ('CON-00092', 'Gitte', 'Haering', 'schottinmargit@example.net', '+491745247763', 'Chemikant', 'Technical Contact', 'EN', 'CUST-1047'),
  ('CON-00093', 'Kristina', 'Scholl', 'sandy64@example.com', '+491829996598', 'Chemikant', 'Decision Maker', 'DE', 'CUST-1047'),
  ('CON-00094', 'Bartholomäus', 'Freudenberger', 'maximherrmann@example.org', '+496919708325', 'Pfleger', 'End User', 'DE', 'CUST-1047'),
  ('CON-00095', 'Anatoli', 'Ackermann', 'maxkrebs@example.net', '+499225420263', 'Beamter', 'Technical Contact', 'EN', 'CUST-1048'),
  ('CON-00096', 'Wolf-Rüdiger', 'Wernecke', 'gabrielebauer@example.org', '+491302733350', 'Erzieher', 'Decision Maker', 'DE', 'CUST-1048'),
  ('CON-00097', 'Balthasar', 'Sorgatz', 'jolanthegrein-groth@example.com', '+497222836368', 'Fachinformatiker', 'End User', 'EN', 'CUST-1049'),
  ('CON-00098', 'Giesela', 'Paffrath', 'tassilo22@example.org', '+495977839469', 'Drogist', 'Decision Maker', 'DE', 'CUST-1049'),
  ('CON-00099', 'Bastian', 'Ditschlerin', 'aheinrich@example.net', '+496783168689', 'Chirurgiemechaniker', 'Technical Contact', 'EN', 'CUST-1049'),
  ('CON-00100', 'Henning', 'Schmiedt', 'denise77@example.net', '+496053723223', 'Fleischer', 'Technical Contact', 'FR', 'CUST-1050'),
  ('CON-00101', 'Maurizio', 'Liebelt', 'jschacht@example.com', '+496368773715', 'Pfleger', 'Decision Maker', 'DE', 'CUST-1051'),
  ('CON-00102', 'Rolf-Dieter', 'Rörricht', 'oplath@example.org', '+497097824342', 'Pfleger', 'Decision Maker', 'FR', 'CUST-1051'),
  ('CON-00103', 'Reimar', 'Baum', 'evamariajuncken@example.net', '+494656235388', 'Techniker', 'End User', 'DE', 'CUST-1051'),
  ('CON-00104', 'Roswita', 'Hering', 'wielandetzler@example.net', '+499950583229', 'Binnenschiffer', 'Executive Sponsor', 'DE', 'CUST-1052'),
  ('CON-00105', 'Hans-Bernd', 'Bähr', 'ioannisroskoth@example.com', '+492169237965', 'Fachinformatiker', 'Decision Maker', 'EN', 'CUST-1052'),
  ('CON-00106', 'Marika', 'Mielcarek', 'bheinz@example.net', '+495835287592', 'Medizininformatiker', 'Decision Maker', 'EN', 'CUST-1053'),
  ('CON-00107', 'Lena', 'Jüttner', 'sibyllamielcarek@example.org', '+498342949849', 'Schornsteinfeger', 'Decision Maker', 'FR', 'CUST-1054'),
  ('CON-00108', 'Claire', 'Mosemann', 'ruppertwolf-ruediger@example.org', '+490354190926', 'Winzer', 'Technical Contact', 'FR', 'CUST-1055'),
  ('CON-00109', 'Franz Josef', 'Striebitz', 'joerggroettner@example.com', '+491731412789', 'Programmierer', 'Technical Contact', 'FR', 'CUST-1056'),
  ('CON-00110', 'Swen', 'Keudel', 'burckhardstaude@example.com', '+491545080919', 'Pfleger', 'Executive Sponsor', 'FR', 'CUST-1056'),
  ('CON-00111', 'Heiner', 'Steuer', 'hardyklingelhoefer@example.net', '+496937214568', 'Schornsteinfeger', 'End User', 'DE', 'CUST-1057'),
  ('CON-00112', 'Christopher', 'Scholl', 'aadolph@example.com', '+494870897032', 'Informatiker', 'Executive Sponsor', 'DE', 'CUST-1057'),
  ('CON-00113', 'Holm', 'Gehringer', 'ullrichoscar@example.net', '+497321242502', 'Designer', 'Decision Maker', 'FR', 'CUST-1058'),
  ('CON-00114', 'Gert', 'Christoph', 'eweinhage@example.com', '+499602709527', 'Koreanistiker', 'Technical Contact', 'EN', 'CUST-1058'),
  ('CON-00115', 'Raik', 'Knappe', 'holgernohlmans@example.net', '+498786615312', 'Chirurgiemechaniker', 'Decision Maker', 'DE', 'CUST-1059'),
  ('CON-00116', 'Hartmuth', 'Köster', 'kaesteroswald@example.net', '+495599641982', 'Designer', 'Executive Sponsor', 'EN', 'CUST-1059'),
  ('CON-00117', 'Karen', 'Franke', 'tjuncken@example.net', '+495544041479', 'Bäcker', 'Technical Contact', 'DE', 'CUST-1059'),
  ('CON-00118', 'Leonie', 'Stiffel', 'hwulff@example.net', '+490139199098', 'Winzer', 'Decision Maker', 'FR', 'CUST-1060'),
  ('CON-00119', 'Freia', 'Eberth', 'maikehethur@example.net', '+499502374780', 'Friseur', 'End User', 'EN', 'CUST-1060'),
  ('CON-00120', 'Renate', 'Kitzmann', 'ellen19@example.org', '+499940579551', 'Artist', 'Technical Contact', 'FR', 'CUST-1061'),
  ('CON-00121', 'Jörg-Peter', 'Butte', 'goenuelstey@example.com', '+492580473783', 'Artist', 'End User', 'DE', 'CUST-1061'),
  ('CON-00122', 'Gertrude', 'Patberg', 'ronjunken@example.org', '+490483973610', 'Fleischer', 'End User', 'DE', 'CUST-1062'),
  ('CON-00123', 'Juan', 'Ditschlerin', 'niemeierilja@example.org', '+496587945696', 'Chirurgiemechaniker', 'Executive Sponsor', 'EN', 'CUST-1062'),
  ('CON-00124', 'Rose-Marie', 'Salz', 'lpieper@example.net', '+497047881465', 'Arzt', 'End User', 'DE', 'CUST-1062'),
  ('CON-00125', 'Marcel', 'Blümel', 'kallerttraudel@example.com', '+491479466055', 'Schornsteinfeger', 'Executive Sponsor', 'FR', 'CUST-1063'),
  ('CON-00126', 'Dagobert', 'Scheuermann', 'rosenoweva@example.net', '+497444478475', 'Krankenschwester', 'End User', 'EN', 'CUST-1063'),
  ('CON-00127', 'Marie-Luise', 'Wesack', 'cetintrub@example.com', '+499094560741', 'Elektroniker', 'Decision Maker', 'DE', 'CUST-1064'),
  ('CON-00128', 'Galina', 'Killer', 'ggeissler@example.com', '+498413518197', 'Mechaniker', 'Technical Contact', 'FR', 'CUST-1064'),
  ('CON-00129', 'Ortrun', 'Heß', 'zsauer@example.org', '+495907431835', 'Winzer', 'Executive Sponsor', 'FR', 'CUST-1065'),
  ('CON-00130', 'Veronika', 'Renner', 'tbeier@example.net', '+497229212255', 'Pilot', 'Technical Contact', 'DE', 'CUST-1065'),
  ('CON-00131', 'Thorben', 'Reising', 'gutknechtstefani@example.org', '+492409987871', 'Techniker', 'Decision Maker', 'FR', 'CUST-1066'),
  ('CON-00132', 'Hans D.', 'Warmer', 'schaafthaddaeus@example.org', '+498466134464', 'Beamter', 'Technical Contact', 'EN', 'CUST-1067'),
  ('CON-00133', 'Burghard', 'Werner', 'kunofoerster@example.com', '+491437185886', 'Chirurgiemechaniker', 'Executive Sponsor', 'DE', 'CUST-1067'),
  ('CON-00134', 'Hans-Günter', 'Matthäi', 'klaus-dieter96@example.org', '+495770631802', 'Asphaltbauer', 'Decision Maker', 'FR', 'CUST-1068'),
  ('CON-00135', 'Rudolf', 'Dippel', 'gino79@example.net', '+495066861854', 'Chemikant', 'Technical Contact', 'DE', 'CUST-1068'),
  ('CON-00136', 'Mariele', 'Liebelt', 'wsuessebier@example.net', '+492726755422', 'Mechaniker', 'End User', 'FR', 'CUST-1068'),
  ('CON-00137', 'Gotthilf', 'Rosemann', 'jungferhans-hinrich@example.org', '+496412574369', 'Chirurgiemechaniker', 'Decision Maker', 'DE', 'CUST-1069'),
  ('CON-00138', 'Caroline', 'Rudolph', 'ukarz@example.com', '+491932428257', 'Polizist', 'Decision Maker', 'FR', 'CUST-1069'),
  ('CON-00139', 'Birthe', 'Fechner', 'leopoldine19@example.net', '+495904650223', 'Schornsteinfeger', 'End User', 'FR', 'CUST-1069'),
  ('CON-00140', 'Kornelius', 'Trüb', 'florian55@example.com', '+497795603855', 'Augenoptiker', 'End User', 'EN', 'CUST-1070'),
  ('CON-00141', 'Rafael', 'Carsten', 'cosimo47@example.net', '+493677072829', 'Asphaltbauer', 'Decision Maker', 'EN', 'CUST-1070'),
  ('CON-00142', 'Michaela', 'Dörr', 'schmiedeckealeksej@example.net', '+496038527271', 'Drogist', 'Executive Sponsor', 'DE', 'CUST-1070'),
  ('CON-00143', 'Brian', 'Schmidt', 'schinkefreia@example.net', '+494828461955', 'Schornsteinfeger', 'End User', 'EN', 'CUST-1071'),
  ('CON-00144', 'Marie-Luise', 'Stumpf', 'foersterkatja@example.com', '+490314695131', 'Programmierer', 'End User', 'FR', 'CUST-1071'),
  ('CON-00145', 'Mirjana', 'Holt', 'eimerharri@example.com', '+499403879105', 'Krankenschwester', 'Technical Contact', 'EN', 'CUST-1072'),
  ('CON-00146', 'Sylke', 'Täsche', 'klotzmagrit@example.com', '+493264871568', 'Friseur', 'Technical Contact', 'FR', 'CUST-1072'),
  ('CON-00147', 'Ortwin', 'Klingelhöfer', 'jungferuli@example.net', '+498559251234', 'Bäcker', 'Decision Maker', 'FR', 'CUST-1072'),
  ('CON-00148', 'Paul', 'Pohl', 'ilka22@example.org', '+493903195432', 'Augenoptiker', 'End User', 'DE', 'CUST-1073'),
  ('CON-00149', 'Flora', 'Haering', 'wolf37@example.net', '+498572654646', 'Drogist', 'Decision Maker', 'FR', 'CUST-1073'),
  ('CON-00150', 'Hans-Helmut', 'Schinke', 'blochjuan@example.net', '+498382275503', 'Krankenschwester', 'Technical Contact', 'FR', 'CUST-1073'),
  ('CON-00151', 'Antonios', 'Lachmann', 'estherloewer@example.org', '+492017791663', 'Polizist', 'Executive Sponsor', 'DE', 'CUST-1074'),
  ('CON-00152', 'Walfried', 'Ruppert', 'sevim65@example.net', '+495400076232', 'Friseur', 'End User', 'FR', 'CUST-1075'),
  ('CON-00153', 'Julius', 'Fischer', 'tadeusz96@example.net', '+496589559588', 'Chirurgiemechaniker', 'Executive Sponsor', 'FR', 'CUST-1075'),
  ('CON-00154', 'Marit', 'Wieloch', 'bschottin@example.com', '+495570405354', 'Arzt', 'End User', 'EN', 'CUST-1075'),
  ('CON-00155', 'Matteo', 'Heß', 'schwitaljens-peter@example.com', '+497564296461', 'Erzieher', 'Executive Sponsor', 'EN', 'CUST-1076'),
  ('CON-00156', 'Stella', 'Mies', 'hspiess@example.com', '+493886384609', 'Forstwirt', 'Decision Maker', 'DE', 'CUST-1076'),
  ('CON-00157', 'Marcel', 'Trüb', 'ywirth@example.org', '+498849143067', 'Mathematiker', 'Decision Maker', 'FR', 'CUST-1077'),
  ('CON-00158', 'Katalin', 'Mentzel', 'ivoherrmann@example.net', '+495361489897', 'Friseur', 'Technical Contact', 'DE', 'CUST-1078'),
  ('CON-00159', 'Leonore', 'Hornig', 'leonardo47@example.net', '+490628043281', 'Pilot', 'Technical Contact', 'DE', 'CUST-1079'),
  ('CON-00160', 'Cäcilia', 'Bloch', 'ron61@example.org', '+494656658237', 'Friseur', 'Technical Contact', 'EN', 'CUST-1079'),
  ('CON-00161', 'Tony', 'Zirme', 'svenja60@example.net', '+496042508543', 'Forstwirt', 'Technical Contact', 'FR', 'CUST-1080'),
  ('CON-00162', 'Irma', 'Stahr', 'doerschnerhans-erich@example.com', '+496127612182', 'Winzer', 'Executive Sponsor', 'EN', 'CUST-1081'),
  ('CON-00163', 'Eduard', 'Pölitz', 'helma13@example.com', '+495840831456', 'Bankkaufmann', 'Decision Maker', 'EN', 'CUST-1081'),
  ('CON-00164', 'Gertraude', 'Kraushaar', 'ikoch@example.net', '+492890539023', 'Informatiker', 'Technical Contact', 'DE', 'CUST-1081'),
  ('CON-00165', 'Mirjana', 'Conradi', 'matthaeikenan@example.org', '+499277533659', 'Schornsteinfeger', 'End User', 'DE', 'CUST-1082'),
  ('CON-00166', 'Klaus-D.', 'Dehmel', 'mahmoudkramer@example.org', '+497423199996', 'Medizininformatiker', 'Decision Maker', 'EN', 'CUST-1082'),
  ('CON-00167', 'Harriet', 'Freudenberger', 'silvanaeigenwillig@example.net', '+493804685146', 'Bäcker', 'Technical Contact', 'EN', 'CUST-1083'),
  ('CON-00168', 'Niklas', 'Killer', 'hannestrueb@example.net', '+496016384009', 'Beamter', 'End User', 'FR', 'CUST-1083'),
  ('CON-00169', 'Gerfried', 'Hertrampf', 'biancaebert@example.net', '+492212409278', 'Altenpfleger', 'End User', 'DE', 'CUST-1083'),
  ('CON-00170', 'Marvin', 'Löffler', 'dpieper@example.org', '+499835585719', 'Fleischer', 'End User', 'EN', 'CUST-1084'),
  ('CON-00171', 'Freia', 'Budig', 'anneli46@example.com', '+496751714291', 'Drogist', 'End User', 'FR', 'CUST-1085'),
  ('CON-00172', 'Marjan', 'Mälzer', 'karl-heinz64@example.org', '+495977045128', 'Beamter', 'Technical Contact', 'EN', 'CUST-1086'),
  ('CON-00173', 'Wera', 'Mülichen', 'hermighausenhans-heinrich@example.net', '+491396352235', 'Bankkaufmann', 'Executive Sponsor', 'FR', 'CUST-1086'),
  ('CON-00174', 'Yusuf', 'Dowerg', 'antonietta86@example.net', '+499309634199', 'Augenoptiker', 'Executive Sponsor', 'FR', 'CUST-1087'),
  ('CON-00175', 'Minna', 'Gute', 'albina70@example.com', '+494995574327', 'Bankkaufmann', 'Executive Sponsor', 'DE', 'CUST-1088'),
  ('CON-00176', 'Hartmut', 'Zänker', 'gehringeruschi@example.com', '+493643215370', 'Informatiker', 'Executive Sponsor', 'DE', 'CUST-1089'),
  ('CON-00177', 'Pius', 'Cichorius', 'kraushaarsebastian@example.net', '+492197461981', 'Winzer', 'Decision Maker', 'DE', 'CUST-1089'),
  ('CON-00178', 'Sylke', 'Wagner', 'jost69@example.org', '+499352019707', 'Chirurgiemechaniker', 'Decision Maker', 'EN', 'CUST-1089'),
  ('CON-00179', 'Gerlind', 'Wirth', 'yfischer@example.com', '+492044197645', 'Mathematiker', 'Technical Contact', 'FR', 'CUST-1090'),
  ('CON-00180', 'Franz-Peter', 'Söding', 'mina42@example.net', '+493710415612', 'Altenpfleger', 'Executive Sponsor', 'DE', 'CUST-1090'),
  ('CON-00181', 'Eckehard', 'Gehringer', 'casparserge@example.com', '+499451500804', 'Programmierer', 'End User', 'FR', 'CUST-1090'),
  ('CON-00182', 'Siegfried', 'Trubin', 'mholt@example.net', '+490819275558', 'Binnenschiffer', 'Technical Contact', 'DE', 'CUST-1091'),
  ('CON-00183', 'Edit', 'Heinz', 'soedingernest@example.net', '+494954946688', 'Binnenschiffer', 'End User', 'FR', 'CUST-1091'),
  ('CON-00184', 'Ottomar', 'Mühle', 'josefine28@example.org', '+490805728661', 'Fachinformatiker', 'Technical Contact', 'DE', 'CUST-1091'),
  ('CON-00185', 'Samuel', 'Klemm', 'carolin04@example.net', '+499931344868', 'Augenoptiker', 'Executive Sponsor', 'FR', 'CUST-1092'),
  ('CON-00186', 'Herlinde', 'Säuberlich', 'guentherseidel@example.org', '+493748141050', 'Erzieher', 'Executive Sponsor', 'DE', 'CUST-1092'),
  ('CON-00187', 'Sybilla', 'Junck', 'dmisicher@example.net', '+492060614894', 'Pfleger', 'Technical Contact', 'DE', 'CUST-1092'),
  ('CON-00188', 'Miroslaw', 'Krebs', 'henckamalia@example.com', '+498715773896', 'Krankenschwester', 'Executive Sponsor', 'DE', 'CUST-1093'),
  ('CON-00189', 'Rosita', 'Meister', 'muelichenhans-henning@example.com', '+494787438799', 'Pilot', 'Executive Sponsor', 'DE', 'CUST-1094'),
  ('CON-00190', 'Hans Dieter', 'Rudolph', 'mielcarekgerhart@example.net', '+499595041416', 'Altenpfleger', 'End User', 'FR', 'CUST-1095'),
  ('CON-00191', 'Valerie', 'Hendriks', 'ydehmel@example.org', '+494639072964', 'Schornsteinfeger', 'Decision Maker', 'DE', 'CUST-1096'),
  ('CON-00192', 'Sieglinde', 'Bolnbach', 'guido72@example.com', '+493602819787', 'Programmierer', 'Technical Contact', 'EN', 'CUST-1096'),
  ('CON-00193', 'Franziska', 'Seifert', 'wolframjaekel@example.net', '+492884027509', 'Chirurgiemechaniker', 'End User', 'DE', 'CUST-1096'),
  ('CON-00194', 'Pamela', 'Killer', 'roderich19@example.com', '+499609510945', 'Fleischer', 'Decision Maker', 'FR', 'CUST-1097'),
  ('CON-00195', 'Hasan', 'Buchholz', 'meikesalz@example.org', '+493078997257', 'Fleischer', 'Technical Contact', 'FR', 'CUST-1098'),
  ('CON-00196', 'Erika', 'Bruder', 'lschottin@example.com', '+499067990736', 'Elektroniker', 'Technical Contact', 'DE', 'CUST-1098'),
  ('CON-00197', 'Conny', 'Rädel', 'ruppersbergerviola@example.com', '+490803482128', 'Techniker', 'Executive Sponsor', 'FR', 'CUST-1099'),
  ('CON-00198', 'Lilli', 'Austermühle', 'heide-marie94@example.net', '+496131142827', 'Fachinformatiker', 'Executive Sponsor', 'FR', 'CUST-1099'),
  ('CON-00199', 'Berend', 'Knappe', 'gschacht@example.net', '+496099421405', 'Pilot', 'End User', 'FR', 'CUST-1099'),
  ('CON-00200', 'Karl-Ludwig', 'Schottin', 'jasmin32@example.com', '+494905380235', 'Schornsteinfeger', 'Technical Contact', 'DE', 'CUST-1100'),
  ('CON-00201', 'Hannah', 'Wesack', 'xdrewes@example.com', '+496867750165', 'Pfleger', 'Technical Contact', 'DE', 'CUST-1100');

INSERT INTO chancen (chance_id, bezeichnung, phase, abschlussdatum, volumen, waehrung, kd_nr) VALUES
  ('OPP-00001', 'Engage Cross-Media Vortals', 'Closed Won', '2024-10-22', 183380.69, 'EUR', 'CUST-1001'),
  ('OPP-00002', 'Harness Mission-Critical Channels', 'Closed Lost', '2026-04-18', 43712.24, 'GBP', 'CUST-1001'),
  ('OPP-00003', 'Empower Killer Action-Items', 'Qualification', '2025-01-28', 247593.53, 'GBP', 'CUST-1001'),
  ('OPP-00004', 'Re-Contextualize Proactive Experiences', 'Qualification', '2025-04-02', 224204.51, 'EUR', 'CUST-1002'),
  ('OPP-00005', 'Transition Intuitive Networks', 'Qualification', '2026-09-03', 199345.4, 'EUR', 'CUST-1002'),
  ('OPP-00006', 'Redefine Extensible E-Services', 'Qualification', '2027-04-28', 238699.16, 'CHF', 'CUST-1002'),
  ('OPP-00007', 'Architect Leading-Edge Web Services', 'Closed Won', '2024-12-11', 213652.72, 'GBP', 'CUST-1003'),
  ('OPP-00008', 'Harness Customized Communities', 'Prospecting', '2026-01-18', 307530.15, 'CHF', 'CUST-1003'),
  ('OPP-00009', 'Unleash Front-End E-Markets', 'Qualification', '2025-10-21', 170513.05, 'CHF', 'CUST-1003'),
  ('OPP-00010', 'Synergize Extensible Mindshare', 'Closed Lost', '2025-05-12', 291568.7, 'EUR', 'CUST-1004'),
  ('OPP-00011', 'Mesh B2B Roi', 'Qualification', '2026-12-23', 207768.57, 'CHF', 'CUST-1004'),
  ('OPP-00012', 'Facilitate Bricks-And-Clicks Web Services', 'Closed Lost', '2025-10-31', 75654.37, 'USD', 'CUST-1004'),
  ('OPP-00013', 'Unleash Magnetic Paradigms', 'Qualification', '2027-02-14', 491918.43, 'USD', 'CUST-1005'),
  ('OPP-00014', 'Maximize Compelling Eyeballs', 'Qualification', '2026-05-13', 143230.39, 'CHF', 'CUST-1005'),
  ('OPP-00015', 'Unleash Value-Added Infrastructures', 'Closed Lost', '2026-08-05', 234855.9, 'USD', 'CUST-1006'),
  ('OPP-00016', 'Syndicate Intuitive E-Markets', 'Closed Won', '2025-12-14', 337772.42, 'USD', 'CUST-1006'),
  ('OPP-00017', 'Enhance Next-Generation Solutions', 'Closed Lost', '2025-09-27', 444757.13, 'GBP', 'CUST-1007'),
  ('OPP-00018', 'Whiteboard Dot-Com Synergies', 'Closed Won', '2026-02-02', 347395.26, 'CHF', 'CUST-1007'),
  ('OPP-00019', 'Generate Holistic E-Commerce', 'Closed Lost', '2024-09-01', 283601.57, 'GBP', 'CUST-1008'),
  ('OPP-00020', 'Incentivize Frictionless Interfaces', 'Closed Won', '2025-01-12', 278944.22, 'GBP', 'CUST-1008'),
  ('OPP-00021', 'Engage Wireless Web Services', 'Closed Lost', '2025-09-28', 12406.75, 'CHF', 'CUST-1008'),
  ('OPP-00022', 'Incubate Bricks-And-Clicks Relationships', 'Qualification', '2026-11-20', 330490.54, 'USD', 'CUST-1008'),
  ('OPP-00023', 'Seize Holistic Networks', 'Closed Lost', '2027-03-19', 115559.51, 'CHF', 'CUST-1009'),
  ('OPP-00024', 'Target Open-Source Relationships', 'Closed Lost', '2026-07-08', 454361.08, 'USD', 'CUST-1009'),
  ('OPP-00025', 'Implement Extensible Paradigms', 'Qualification', '2025-12-04', 233548.06, 'USD', 'CUST-1009'),
  ('OPP-00026', 'Generate Interactive Relationships', 'Closed Lost', '2025-08-16', 386321.28, 'USD', 'CUST-1010'),
  ('OPP-00027', 'Harness Wireless Niches', 'Closed Lost', '2025-06-02', 481684.4, 'USD', 'CUST-1010'),
  ('OPP-00028', 'Harness Integrated Technologies', 'Closed Won', '2025-11-27', 61193.84, 'USD', 'CUST-1011'),
  ('OPP-00029', 'Enable Integrated Niches', 'Prospecting', '2026-10-05', 290164.21, 'EUR', 'CUST-1011'),
  ('OPP-00030', 'Maximize Vertical Eyeballs', 'Closed Lost', '2025-10-05', 267690.78, 'USD', 'CUST-1011'),
  ('OPP-00031', 'Re-Contextualize Integrated Solutions', 'Closed Lost', '2026-10-23', 250881.23, 'EUR', 'CUST-1011'),
  ('OPP-00032', 'Strategize Value-Added Networks', 'Closed Won', '2026-01-13', 394656.81, 'CHF', 'CUST-1012'),
  ('OPP-00033', 'Re-Contextualize Leading-Edge E-Business', 'Prospecting', '2024-08-20', 149779.35, 'GBP', 'CUST-1013'),
  ('OPP-00034', 'Morph Mission-Critical Functionalities', 'Closed Won', '2026-03-01', 53782.97, 'CHF', 'CUST-1013'),
  ('OPP-00035', 'Repurpose Leading-Edge Interfaces', 'Qualification', '2025-05-28', 341143.55, 'GBP', 'CUST-1013'),
  ('OPP-00036', 'Architect Best-Of-Breed Niches', 'Closed Won', '2026-06-06', 42243.97, 'CHF', 'CUST-1014'),
  ('OPP-00037', 'E-Enable Bricks-And-Clicks Solutions', 'Qualification', '2026-11-21', 60015.08, 'GBP', 'CUST-1014'),
  ('OPP-00038', 'Empower Plug-And-Play E-Commerce', 'Qualification', '2025-10-17', 217071.65, 'USD', 'CUST-1015'),
  ('OPP-00039', 'Disintermediate B2B Web-Readiness', 'Prospecting', '2025-07-31', 456664.05, 'USD', 'CUST-1015'),
  ('OPP-00040', 'Synergize Frictionless Mindshare', 'Prospecting', '2027-03-21', 98471.27, 'USD', 'CUST-1016'),
  ('OPP-00041', 'Aggregate Viral Schemas', 'Prospecting', '2024-09-04', 211361.48, 'CHF', 'CUST-1017'),
  ('OPP-00042', 'Generate Intuitive Channels', 'Prospecting', '2027-05-08', 478139.74, 'GBP', 'CUST-1017'),
  ('OPP-00043', 'Generate Transparent Niches', 'Closed Won', '2025-12-22', 406632.34, 'USD', 'CUST-1017'),
  ('OPP-00044', 'Disintermediate Transparent E-Commerce', 'Prospecting', '2027-04-30', 302588.3, 'EUR', 'CUST-1017'),
  ('OPP-00045', 'Incubate End-To-End E-Services', 'Closed Lost', '2026-12-21', 488468.64, 'USD', 'CUST-1018'),
  ('OPP-00046', 'Aggregate B2B Supply-Chains', 'Qualification', '2027-03-01', 411337.89, 'GBP', 'CUST-1018'),
  ('OPP-00047', 'Integrate Back-End Eyeballs', 'Closed Lost', '2026-01-12', 147140.61, 'EUR', 'CUST-1019'),
  ('OPP-00048', 'Deliver Cross-Platform Technologies', 'Closed Won', '2025-07-28', 399929.75, 'USD', 'CUST-1020'),
  ('OPP-00049', 'Engage Customized Niches', 'Qualification', '2025-03-03', 377630.18, 'GBP', 'CUST-1020'),
  ('OPP-00050', 'Redefine Viral Bandwidth', 'Qualification', '2025-10-23', 15026.81, 'GBP', 'CUST-1021'),
  ('OPP-00051', 'Extend B2C Initiatives', 'Closed Won', '2025-08-22', 439337.77, 'GBP', 'CUST-1021'),
  ('OPP-00052', 'Reinvent End-To-End Partnerships', 'Closed Lost', '2026-12-16', 454143.44, 'USD', 'CUST-1022'),
  ('OPP-00053', 'Generate Extensible Markets', 'Closed Won', '2025-04-09', 262753.99, 'EUR', 'CUST-1022'),
  ('OPP-00054', 'Enhance E-Business Niches', 'Closed Won', '2026-02-26', 14012.24, 'USD', 'CUST-1022'),
  ('OPP-00055', 'Brand Enterprise Content', 'Closed Won', '2025-07-30', 43518.2, 'GBP', 'CUST-1022'),
  ('OPP-00056', 'Utilize End-To-End Schemas', 'Qualification', '2027-05-29', 157662.24, 'EUR', 'CUST-1023'),
  ('OPP-00057', 'Scale Leading-Edge Relationships', 'Closed Lost', '2026-05-12', 119349.88, 'GBP', 'CUST-1024'),
  ('OPP-00058', 'Expedite Robust Eyeballs', 'Closed Won', '2025-03-08', 269750.29, 'GBP', 'CUST-1025'),
  ('OPP-00059', 'Transition Open-Source Supply-Chains', 'Qualification', '2027-05-11', 132939.16, 'GBP', 'CUST-1025'),
  ('OPP-00060', 'Enhance B2C Info-Mediaries', 'Prospecting', '2025-04-05', 342933.58, 'GBP', 'CUST-1026'),
  ('OPP-00061', 'Redefine Magnetic E-Tailers', 'Qualification', '2025-12-27', 401902.51, 'GBP', 'CUST-1026'),
  ('OPP-00062', 'Seize One-To-One Architectures', 'Prospecting', '2026-10-27', 86243.52, 'USD', 'CUST-1026'),
  ('OPP-00063', 'Morph Viral Solutions', 'Closed Lost', '2026-12-15', 287333.13, 'USD', 'CUST-1027'),
  ('OPP-00064', 'Transform User-Centric Applications', 'Closed Won', '2027-03-02', 339149.33, 'EUR', 'CUST-1027'),
  ('OPP-00065', 'Exploit Out-Of-The-Box Interfaces', 'Qualification', '2026-05-09', 295956.02, 'GBP', 'CUST-1027'),
  ('OPP-00066', 'Streamline Distributed E-Markets', 'Qualification', '2025-02-05', 345766.88, 'CHF', 'CUST-1028'),
  ('OPP-00067', 'Transform Front-End Interfaces', 'Prospecting', '2026-01-26', 12407.64, 'CHF', 'CUST-1028'),
  ('OPP-00068', 'Reinvent Next-Generation Synergies', 'Closed Lost', '2024-08-25', 347448.81, 'GBP', 'CUST-1028'),
  ('OPP-00069', 'Unleash Best-Of-Breed Users', 'Prospecting', '2024-10-04', 99239.57, 'CHF', 'CUST-1029'),
  ('OPP-00070', 'Streamline Vertical Networks', 'Qualification', '2025-06-04', 50824.87, 'EUR', 'CUST-1030'),
  ('OPP-00071', 'Productize Web-Enabled Infrastructures', 'Prospecting', '2027-06-11', 23816.53, 'GBP', 'CUST-1030'),
  ('OPP-00072', 'Orchestrate Intuitive Eyeballs', 'Closed Lost', '2025-01-19', 345531.42, 'USD', 'CUST-1031'),
  ('OPP-00073', 'Empower Scalable E-Business', 'Closed Won', '2026-10-16', 30438.07, 'EUR', 'CUST-1032'),
  ('OPP-00074', 'Mesh Value-Added E-Services', 'Closed Won', '2024-12-23', 156336.64, 'EUR', 'CUST-1032'),
  ('OPP-00075', 'Deliver 24/365 Niches', 'Prospecting', '2026-05-29', 258465.57, 'GBP', 'CUST-1033'),
  ('OPP-00076', 'Drive Bleeding-Edge Supply-Chains', 'Closed Won', '2026-10-14', 479326.85, 'USD', 'CUST-1033'),
  ('OPP-00077', 'Engage Cross-Media Systems', 'Closed Won', '2026-07-30', 287871.54, 'EUR', 'CUST-1033'),
  ('OPP-00078', 'Utilize Collaborative Infrastructures', 'Qualification', '2024-09-18', 164003.91, 'EUR', 'CUST-1034'),
  ('OPP-00079', 'Drive Transparent Info-Mediaries', 'Qualification', '2026-11-13', 217267.03, 'CHF', 'CUST-1035'),
  ('OPP-00080', 'Grow Strategic Portals', 'Qualification', '2025-08-16', 420884.09, 'CHF', 'CUST-1035'),
  ('OPP-00081', 'Expedite Intuitive Relationships', 'Closed Won', '2024-12-21', 88727.22, 'EUR', 'CUST-1035'),
  ('OPP-00082', 'Re-Intermediate Out-Of-The-Box Interfaces', 'Prospecting', '2024-08-22', 165674.72, 'GBP', 'CUST-1036'),
  ('OPP-00083', 'Syndicate Customized Web-Readiness', 'Qualification', '2025-08-03', 4460.25, 'CHF', 'CUST-1036'),
  ('OPP-00084', 'Disintermediate Intuitive Roi', 'Closed Won', '2025-05-30', 78413.07, 'CHF', 'CUST-1036'),
  ('OPP-00085', 'Engage Next-Generation Models', 'Closed Won', '2026-05-22', 182555.37, 'USD', 'CUST-1037'),
  ('OPP-00086', 'Iterate 24/365 Web Services', 'Prospecting', '2026-06-20', 369211.77, 'EUR', 'CUST-1037'),
  ('OPP-00087', 'Deploy Bleeding-Edge Vortals', 'Closed Won', '2026-03-21', 183817.85, 'CHF', 'CUST-1037'),
  ('OPP-00088', 'Enable 24/365 Supply-Chains', 'Qualification', '2024-11-18', 173754.55, 'USD', 'CUST-1037'),
  ('OPP-00089', 'E-Enable Frictionless Bandwidth', 'Prospecting', '2026-12-06', 114488.16, 'USD', 'CUST-1038'),
  ('OPP-00090', 'Engage Bleeding-Edge Markets', 'Closed Won', '2027-05-27', 388320.59, 'CHF', 'CUST-1038'),
  ('OPP-00091', 'Whiteboard Killer Web Services', 'Prospecting', '2026-05-04', 265838.82, 'EUR', 'CUST-1039'),
  ('OPP-00092', 'Transition Mission-Critical Methodologies', 'Prospecting', '2025-05-30', 45870.99, 'EUR', 'CUST-1040'),
  ('OPP-00093', 'Leverage Ubiquitous Channels', 'Closed Lost', '2026-03-19', 72808.25, 'EUR', 'CUST-1041'),
  ('OPP-00094', 'Morph Cross-Platform Relationships', 'Closed Lost', '2026-08-12', 422299.46, 'USD', 'CUST-1041'),
  ('OPP-00095', 'Architect B2C Models', 'Qualification', '2025-12-14', 206722.72, 'CHF', 'CUST-1041'),
  ('OPP-00096', 'Brand Value-Added Action-Items', 'Qualification', '2026-01-14', 117303.07, 'CHF', 'CUST-1042'),
  ('OPP-00097', 'Deploy Seamless Solutions', 'Closed Won', '2026-12-06', 406988.75, 'EUR', 'CUST-1042'),
  ('OPP-00098', 'Optimize World-Class Solutions', 'Qualification', '2026-10-24', 120891.52, 'GBP', 'CUST-1043'),
  ('OPP-00099', 'Scale Robust Supply-Chains', 'Prospecting', '2025-12-24', 129235.64, 'CHF', 'CUST-1043'),
  ('OPP-00100', 'Orchestrate End-To-End Initiatives', 'Prospecting', '2026-06-27', 93319.85, 'CHF', 'CUST-1043'),
  ('OPP-00101', 'Monetize Impactful Partnerships', 'Closed Won', '2026-05-04', 75944.78, 'EUR', 'CUST-1043'),
  ('OPP-00102', 'E-Enable Intuitive E-Tailers', 'Prospecting', '2026-04-03', 67938.54, 'CHF', 'CUST-1044'),
  ('OPP-00103', 'Deliver Innovative E-Markets', 'Prospecting', '2025-06-28', 360310.64, 'EUR', 'CUST-1044'),
  ('OPP-00104', 'Architect Cross-Platform Communities', 'Closed Lost', '2026-03-27', 460129.57, 'GBP', 'CUST-1044'),
  ('OPP-00105', 'Generate Rich Markets', 'Qualification', '2024-07-18', 172278.89, 'GBP', 'CUST-1044'),
  ('OPP-00106', 'Harness Holistic Networks', 'Qualification', '2025-12-12', 237843.09, 'GBP', 'CUST-1045'),
  ('OPP-00107', 'Unleash Seamless Applications', 'Qualification', '2026-04-27', 1947.78, 'CHF', 'CUST-1045'),
  ('OPP-00108', 'Leverage Proactive Content', 'Closed Lost', '2026-06-12', 349696.0, 'CHF', 'CUST-1045'),
  ('OPP-00109', 'Maximize Holistic E-Commerce', 'Closed Lost', '2025-05-20', 42119.14, 'CHF', 'CUST-1045'),
  ('OPP-00110', 'Aggregate Collaborative Web-Readiness', 'Qualification', '2025-04-12', 55878.96, 'CHF', 'CUST-1046'),
  ('OPP-00111', 'Matrix One-To-One Markets', 'Qualification', '2025-03-30', 442898.01, 'USD', 'CUST-1046'),
  ('OPP-00112', 'Disintermediate Integrated Platforms', 'Closed Lost', '2025-05-25', 348071.71, 'EUR', 'CUST-1047'),
  ('OPP-00113', 'Disintermediate Virtual Methodologies', 'Closed Won', '2024-11-27', 168586.36, 'EUR', 'CUST-1048'),
  ('OPP-00114', 'Facilitate Sticky Supply-Chains', 'Prospecting', '2026-03-25', 466853.31, 'USD', 'CUST-1048'),
  ('OPP-00115', 'Utilize Value-Added Methodologies', 'Qualification', '2024-07-29', 154701.32, 'CHF', 'CUST-1048'),
  ('OPP-00116', 'Disintermediate Integrated Relationships', 'Closed Lost', '2025-05-07', 1161.4, 'CHF', 'CUST-1048'),
  ('OPP-00117', 'Streamline E-Business Networks', 'Closed Lost', '2026-12-07', 271014.99, 'CHF', 'CUST-1049'),
  ('OPP-00118', 'Syndicate Out-Of-The-Box Relationships', 'Closed Won', '2024-12-30', 434583.85, 'EUR', 'CUST-1049'),
  ('OPP-00119', 'Evolve Integrated Functionalities', 'Qualification', '2025-07-14', 280810.77, 'EUR', 'CUST-1049'),
  ('OPP-00120', 'Scale Efficient Applications', 'Prospecting', '2026-05-11', 471688.05, 'USD', 'CUST-1049'),
  ('OPP-00121', 'Monetize Distributed Architectures', 'Prospecting', '2026-08-10', 322920.39, 'GBP', 'CUST-1050'),
  ('OPP-00122', 'Mesh Seamless Action-Items', 'Closed Won', '2025-10-13', 3163.34, 'GBP', 'CUST-1050'),
  ('OPP-00123', 'Engage Value-Added Vortals', 'Closed Won', '2026-06-26', 223509.29, 'EUR', 'CUST-1051'),
  ('OPP-00124', 'Generate Wireless E-Commerce', 'Qualification', '2025-11-21', 116248.85, 'EUR', 'CUST-1051'),
  ('OPP-00125', 'Repurpose One-To-One Functionalities', 'Closed Lost', '2027-03-31', 285251.14, 'GBP', 'CUST-1051'),
  ('OPP-00126', 'Redefine Cutting-Edge Applications', 'Closed Won', '2025-12-24', 474173.12, 'EUR', 'CUST-1052'),
  ('OPP-00127', 'Transition Web-Enabled Platforms', 'Prospecting', '2027-01-18', 425410.52, 'CHF', 'CUST-1052'),
  ('OPP-00128', 'Redefine Real-Time Content', 'Closed Won', '2025-02-23', 10559.71, 'CHF', 'CUST-1052'),
  ('OPP-00129', 'Strategize Efficient Architectures', 'Prospecting', '2027-01-23', 350634.75, 'USD', 'CUST-1053'),
  ('OPP-00130', 'Innovate Magnetic Methodologies', 'Qualification', '2024-09-05', 453368.56, 'GBP', 'CUST-1054'),
  ('OPP-00131', 'Engage Mission-Critical Web Services', 'Closed Lost', '2025-12-22', 345336.17, 'GBP', 'CUST-1054'),
  ('OPP-00132', 'Evolve Scalable Vortals', 'Prospecting', '2026-12-07', 165763.74, 'GBP', 'CUST-1054'),
  ('OPP-00133', 'Productize Dot-Com Action-Items', 'Prospecting', '2026-12-01', 443981.39, 'CHF', 'CUST-1055'),
  ('OPP-00134', 'Scale Revolutionary Web Services', 'Prospecting', '2025-01-17', 266177.37, 'CHF', 'CUST-1055'),
  ('OPP-00135', 'Re-Contextualize Next-Generation Partnerships', 'Closed Lost', '2025-09-19', 193548.68, 'USD', 'CUST-1055'),
  ('OPP-00136', 'Re-Contextualize Extensible Partnerships', 'Qualification', '2025-05-07', 178474.95, 'CHF', 'CUST-1056'),
  ('OPP-00137', 'Unleash Cutting-Edge Initiatives', 'Prospecting', '2024-12-20', 328644.47, 'CHF', 'CUST-1056'),
  ('OPP-00138', 'E-Enable Intuitive Supply-Chains', 'Closed Won', '2026-01-15', 486431.96, 'EUR', 'CUST-1057'),
  ('OPP-00139', 'Engineer Interactive Mindshare', 'Prospecting', '2025-11-24', 57505.32, 'CHF', 'CUST-1058'),
  ('OPP-00140', 'Strategize Strategic Relationships', 'Qualification', '2026-05-03', 354274.78, 'GBP', 'CUST-1058'),
  ('OPP-00141', 'Orchestrate Distributed Info-Mediaries', 'Prospecting', '2027-02-28', 319013.43, 'EUR', 'CUST-1058'),
  ('OPP-00142', 'Repurpose Collaborative Portals', 'Qualification', '2026-06-18', 357628.68, 'EUR', 'CUST-1059'),
  ('OPP-00143', 'Incubate Compelling Networks', 'Closed Won', '2025-03-20', 272626.65, 'GBP', 'CUST-1059'),
  ('OPP-00144', 'Aggregate Dynamic E-Business', 'Qualification', '2026-04-02', 36719.7, 'EUR', 'CUST-1060'),
  ('OPP-00145', 'Exploit Cross-Media Experiences', 'Closed Won', '2027-06-29', 287398.3, 'EUR', 'CUST-1060'),
  ('OPP-00146', 'Embrace Back-End Platforms', 'Prospecting', '2024-08-12', 92475.26, 'CHF', 'CUST-1060'),
  ('OPP-00147', 'Monetize Robust Markets', 'Closed Won', '2025-10-10', 367303.73, 'EUR', 'CUST-1061'),
  ('OPP-00148', 'Strategize Killer Applications', 'Closed Won', '2027-03-09', 268433.52, 'USD', 'CUST-1061'),
  ('OPP-00149', 'Re-Contextualize Collaborative Channels', 'Closed Lost', '2024-08-19', 365780.9, 'USD', 'CUST-1061'),
  ('OPP-00150', 'Engineer Transparent Methodologies', 'Prospecting', '2026-05-11', 287859.93, 'CHF', 'CUST-1062'),
  ('OPP-00151', 'Extend Real-Time Content', 'Closed Won', '2027-04-14', 82247.43, 'USD', 'CUST-1062'),
  ('OPP-00152', 'Implement Global Deliverables', 'Qualification', '2025-01-30', 195290.87, 'GBP', 'CUST-1062'),
  ('OPP-00153', 'Engineer Visionary Mindshare', 'Qualification', '2024-10-18', 272848.02, 'GBP', 'CUST-1063'),
  ('OPP-00154', 'Target Interactive Partnerships', 'Prospecting', '2027-06-20', 93803.31, 'CHF', 'CUST-1063'),
  ('OPP-00155', 'Mesh Extensible Paradigms', 'Prospecting', '2024-12-29', 383255.9, 'EUR', 'CUST-1064'),
  ('OPP-00156', 'Iterate Synergistic Markets', 'Prospecting', '2025-01-21', 60077.5, 'EUR', 'CUST-1064'),
  ('OPP-00157', 'Empower One-To-One Users', 'Qualification', '2026-04-04', 130081.72, 'CHF', 'CUST-1064'),
  ('OPP-00158', 'Deploy Scalable Networks', 'Qualification', '2026-05-13', 266197.4, 'GBP', 'CUST-1065'),
  ('OPP-00159', 'Seize 24/7 Synergies', 'Qualification', '2026-12-25', 437910.22, 'GBP', 'CUST-1065'),
  ('OPP-00160', 'Monetize Synergistic Supply-Chains', 'Prospecting', '2026-05-17', 491402.47, 'GBP', 'CUST-1065'),
  ('OPP-00161', 'Incubate Extensible E-Tailers', 'Closed Lost', '2024-07-04', 348856.57, 'GBP', 'CUST-1066'),
  ('OPP-00162', 'Target Visionary Channels', 'Prospecting', '2024-07-11', 200088.86, 'GBP', 'CUST-1066'),
  ('OPP-00163', 'Synergize Frictionless Niches', 'Closed Won', '2025-06-22', 191733.05, 'GBP', 'CUST-1066'),
  ('OPP-00164', 'Integrate Enterprise Bandwidth', 'Qualification', '2025-01-17', 336613.09, 'CHF', 'CUST-1066'),
  ('OPP-00165', 'Re-Intermediate Clicks-And-Mortar Systems', 'Closed Lost', '2026-04-13', 249028.56, 'CHF', 'CUST-1067'),
  ('OPP-00166', 'Mesh Turn-Key E-Commerce', 'Prospecting', '2025-03-03', 321112.33, 'EUR', 'CUST-1067'),
  ('OPP-00167', 'Visualize Leading-Edge Deliverables', 'Qualification', '2027-05-21', 385484.54, 'CHF', 'CUST-1067'),
  ('OPP-00168', 'Empower Global Platforms', 'Closed Lost', '2024-09-09', 233365.14, 'GBP', 'CUST-1067'),
  ('OPP-00169', 'Deliver Enterprise E-Business', 'Closed Won', '2024-12-02', 429182.91, 'USD', 'CUST-1068'),
  ('OPP-00170', 'Transform Bleeding-Edge Initiatives', 'Prospecting', '2025-09-02', 27387.38, 'CHF', 'CUST-1068'),
  ('OPP-00171', 'Empower Granular Experiences', 'Closed Won', '2026-08-31', 427486.1, 'GBP', 'CUST-1069'),
  ('OPP-00172', 'Leverage Collaborative Web Services', 'Closed Lost', '2026-07-24', 152751.8, 'USD', 'CUST-1070'),
  ('OPP-00173', 'Architect Integrated Web-Readiness', 'Qualification', '2027-04-08', 263584.49, 'CHF', 'CUST-1070'),
  ('OPP-00174', 'Empower B2B Initiatives', 'Prospecting', '2026-03-27', 67861.16, 'CHF', 'CUST-1070'),
  ('OPP-00175', 'Implement Open-Source Niches', 'Closed Lost', '2026-08-22', 103675.89, 'GBP', 'CUST-1071'),
  ('OPP-00176', 'Empower Proactive Technologies', 'Closed Lost', '2024-11-14', 182932.78, 'CHF', 'CUST-1071'),
  ('OPP-00177', 'Matrix Open-Source Action-Items', 'Qualification', '2026-05-12', 42006.55, 'GBP', 'CUST-1071'),
  ('OPP-00178', 'Engage Vertical Channels', 'Closed Lost', '2026-11-01', 151760.42, 'USD', 'CUST-1072'),
  ('OPP-00179', 'Matrix World-Class Vortals', 'Prospecting', '2025-02-04', 140697.03, 'GBP', 'CUST-1072'),
  ('OPP-00180', 'Engage Impactful Web Services', 'Qualification', '2024-10-27', 29900.76, 'USD', 'CUST-1073'),
  ('OPP-00181', 'Iterate Collaborative Functionalities', 'Closed Won', '2025-11-21', 412620.08, 'CHF', 'CUST-1073'),
  ('OPP-00182', 'Seize Leading-Edge Partnerships', 'Qualification', '2026-08-22', 214922.37, 'USD', 'CUST-1073'),
  ('OPP-00183', 'Monetize Virtual Relationships', 'Qualification', '2025-09-18', 73735.41, 'USD', 'CUST-1074'),
  ('OPP-00184', 'Evolve Bricks-And-Clicks Convergence', 'Closed Lost', '2027-03-21', 268683.62, 'EUR', 'CUST-1075'),
  ('OPP-00185', 'Envisioneer Strategic Relationships', 'Qualification', '2026-08-15', 487907.09, 'CHF', 'CUST-1075'),
  ('OPP-00186', 'Incentivize Synergistic Models', 'Qualification', '2026-09-18', 92481.18, 'EUR', 'CUST-1076'),
  ('OPP-00187', 'Mesh Open-Source Roi', 'Closed Won', '2024-09-16', 281798.33, 'CHF', 'CUST-1077'),
  ('OPP-00188', 'Brand Plug-And-Play Action-Items', 'Closed Won', '2024-10-12', 487457.61, 'GBP', 'CUST-1077'),
  ('OPP-00189', 'Facilitate Proactive Channels', 'Closed Won', '2024-07-26', 63343.3, 'CHF', 'CUST-1078'),
  ('OPP-00190', 'Disintermediate Efficient Vortals', 'Closed Won', '2025-11-09', 57318.68, 'GBP', 'CUST-1078'),
  ('OPP-00191', 'Unleash Seamless E-Commerce', 'Prospecting', '2027-06-01', 331873.26, 'USD', 'CUST-1078'),
  ('OPP-00192', 'Drive Mission-Critical Architectures', 'Closed Won', '2024-08-29', 139420.72, 'GBP', 'CUST-1078'),
  ('OPP-00193', 'E-Enable Seamless Metrics', 'Closed Lost', '2026-05-07', 326163.52, 'EUR', 'CUST-1079'),
  ('OPP-00194', 'Synthesize Cross-Platform Schemas', 'Prospecting', '2025-01-02', 249078.88, 'CHF', 'CUST-1080'),
  ('OPP-00195', 'Target E-Business Info-Mediaries', 'Closed Won', '2027-03-29', 125588.88, 'USD', 'CUST-1081'),
  ('OPP-00196', 'Deploy Real-Time Channels', 'Prospecting', '2024-07-11', 377041.83, 'CHF', 'CUST-1081'),
  ('OPP-00197', 'Productize Customized E-Markets', 'Prospecting', '2026-09-10', 281042.83, 'EUR', 'CUST-1081'),
  ('OPP-00198', 'Expedite Integrated Roi', 'Closed Won', '2026-02-05', 324314.28, 'GBP', 'CUST-1081'),
  ('OPP-00199', 'Reinvent Dynamic Channels', 'Prospecting', '2024-12-13', 143365.72, 'GBP', 'CUST-1082'),
  ('OPP-00200', 'Engineer Global Functionalities', 'Closed Won', '2027-06-16', 89990.78, 'CHF', 'CUST-1083'),
  ('OPP-00201', 'Generate Ubiquitous Technologies', 'Closed Won', '2026-09-06', 495615.32, 'GBP', 'CUST-1084'),
  ('OPP-00202', 'Iterate Value-Added Deliverables', 'Closed Lost', '2026-12-07', 397418.12, 'CHF', 'CUST-1084'),
  ('OPP-00203', 'Incentivize Plug-And-Play Networks', 'Closed Lost', '2026-03-28', 38829.41, 'EUR', 'CUST-1084'),
  ('OPP-00204', 'Harness Dynamic Methodologies', 'Prospecting', '2026-05-02', 148321.8, 'EUR', 'CUST-1084'),
  ('OPP-00205', 'Enhance Visionary Portals', 'Qualification', '2026-08-12', 209248.56, 'GBP', 'CUST-1085'),
  ('OPP-00206', 'Leverage Turn-Key Relationships', 'Closed Lost', '2027-03-04', 328958.01, 'EUR', 'CUST-1085'),
  ('OPP-00207', 'Scale Integrated Mindshare', 'Closed Lost', '2026-12-26', 337881.83, 'EUR', 'CUST-1086'),
  ('OPP-00208', 'Brand Ubiquitous Portals', 'Closed Won', '2027-03-21', 475552.29, 'GBP', 'CUST-1087'),
  ('OPP-00209', 'Empower Dot-Com Schemas', 'Prospecting', '2026-03-15', 183881.97, 'CHF', 'CUST-1087'),
  ('OPP-00210', 'Transition User-Centric Deliverables', 'Closed Won', '2026-02-28', 303018.3, 'EUR', 'CUST-1088'),
  ('OPP-00211', 'Grow Turn-Key E-Services', 'Closed Lost', '2025-12-19', 262473.17, 'USD', 'CUST-1088'),
  ('OPP-00212', 'Revolutionize Synergistic Portals', 'Qualification', '2025-03-14', 354283.71, 'CHF', 'CUST-1088'),
  ('OPP-00213', 'Strategize Bleeding-Edge Paradigms', 'Closed Lost', '2026-06-30', 159422.41, 'EUR', 'CUST-1089'),
  ('OPP-00214', 'Redefine Next-Generation Methodologies', 'Prospecting', '2026-02-28', 436501.62, 'EUR', 'CUST-1089'),
  ('OPP-00215', 'Enable Extensible Web Services', 'Closed Won', '2024-12-18', 56616.32, 'CHF', 'CUST-1090'),
  ('OPP-00216', 'Target Robust Functionalities', 'Qualification', '2025-03-31', 37914.53, 'USD', 'CUST-1091'),
  ('OPP-00217', 'Harness Rich Solutions', 'Qualification', '2025-03-23', 148939.11, 'CHF', 'CUST-1091'),
  ('OPP-00218', 'Re-Contextualize Wireless E-Services', 'Closed Won', '2026-10-27', 1751.43, 'USD', 'CUST-1091'),
  ('OPP-00219', 'Revolutionize Ubiquitous Niches', 'Closed Won', '2027-05-24', 222563.19, 'CHF', 'CUST-1091'),
  ('OPP-00220', 'Reinvent 24/7 Infrastructures', 'Closed Won', '2026-10-26', 280563.05, 'USD', 'CUST-1092'),
  ('OPP-00221', 'Incubate Vertical Applications', 'Closed Won', '2025-05-02', 187601.67, 'EUR', 'CUST-1092'),
  ('OPP-00222', 'Revolutionize Wireless Channels', 'Qualification', '2027-02-04', 246131.81, 'USD', 'CUST-1092'),
  ('OPP-00223', 'Transform Integrated Synergies', 'Prospecting', '2026-02-08', 347309.25, 'CHF', 'CUST-1093'),
  ('OPP-00224', 'Re-Contextualize Mission-Critical Convergence', 'Prospecting', '2026-01-02', 37143.01, 'USD', 'CUST-1094'),
  ('OPP-00225', 'Monetize User-Centric Solutions', 'Closed Lost', '2026-03-02', 230136.22, 'CHF', 'CUST-1094'),
  ('OPP-00226', 'Benchmark Rich Platforms', 'Closed Lost', '2026-06-04', 397060.56, 'USD', 'CUST-1094'),
  ('OPP-00227', 'Cultivate E-Business Convergence', 'Closed Won', '2025-04-08', 242779.29, 'USD', 'CUST-1094'),
  ('OPP-00228', 'Empower Revolutionary Partnerships', 'Closed Won', '2025-09-18', 93867.19, 'EUR', 'CUST-1095'),
  ('OPP-00229', 'Innovate Global Markets', 'Closed Lost', '2025-02-18', 35296.23, 'CHF', 'CUST-1095'),
  ('OPP-00230', 'Redefine Visionary Infrastructures', 'Closed Won', '2026-07-04', 350031.28, 'USD', 'CUST-1095'),
  ('OPP-00231', 'Re-Contextualize B2B Technologies', 'Closed Won', '2026-11-30', 156071.52, 'GBP', 'CUST-1096'),
  ('OPP-00232', 'Enable Killer Channels', 'Closed Won', '2024-11-09', 223761.79, 'CHF', 'CUST-1097'),
  ('OPP-00233', 'Integrate Magnetic Methodologies', 'Qualification', '2025-03-30', 268057.87, 'EUR', 'CUST-1098'),
  ('OPP-00234', 'Incentivize Innovative Experiences', 'Qualification', '2027-04-03', 438188.03, 'CHF', 'CUST-1099'),
  ('OPP-00235', 'Implement Best-Of-Breed Solutions', 'Closed Won', '2026-09-20', 107950.24, 'USD', 'CUST-1100');

INSERT INTO proj (proj_id, name, status, go_live, kd, opp) VALUES
  ('PROJ-00001', 'Kruschwitz Impl.', 'Completed', '2026-09-20', 'CUST-1001', 'OPP-00022'),
  ('PROJ-00002', 'Liebelt GmbH & Co. KG Impl.', 'On Hold', '2028-05-24', 'CUST-1001', 'OPP-00211'),
  ('PROJ-00003', 'Roskoth Impl.', 'On Hold', '2027-06-03', 'CUST-1002', 'OPP-00086'),
  ('PROJ-00004', 'Herrmann Impl.', 'Active', '2027-05-05', 'CUST-1004', 'OPP-00192'),
  ('PROJ-00005', 'Scholz Impl.', 'Completed', '2028-05-15', 'CUST-1004', 'OPP-00111'),
  ('PROJ-00006', 'Stumpf Impl.', 'In Planning', '2026-04-16', 'CUST-1004', 'OPP-00158'),
  ('PROJ-00007', 'Schleich AG Impl.', 'Cancelled', '2027-08-11', 'CUST-1005', 'OPP-00030'),
  ('PROJ-00008', 'Hartmann Stiftung & Co. KGaA Impl.', 'In Planning', '2027-04-26', 'CUST-1005', 'OPP-00057'),
  ('PROJ-00009', 'Stey Fiebig AG & Co. OHG Impl.', 'Completed', '2027-09-19', 'CUST-1006', 'OPP-00105'),
  ('PROJ-00010', 'Hölzenbecher AG & Co. OHG Impl.', 'Cancelled', '2026-02-21', 'CUST-1006', 'OPP-00099'),
  ('PROJ-00011', 'Matthäi Impl.', 'Active', '2025-10-27', 'CUST-1006', 'OPP-00012'),
  ('PROJ-00012', 'Geisler Meister GbR Impl.', 'Active', '2025-07-06', 'CUST-1008', 'OPP-00083'),
  ('PROJ-00013', 'Wesack Impl.', 'Active', '2026-04-10', 'CUST-1008', 'OPP-00053'),
  ('PROJ-00014', 'Fritsch Impl.', 'In Planning', '2025-11-21', 'CUST-1009', 'OPP-00147'),
  ('PROJ-00015', 'Grein Groth Impl.', 'Completed', '2028-02-04', 'CUST-1011', 'OPP-00087'),
  ('PROJ-00016', 'Thanel Impl.', 'Cancelled', '2026-08-05', 'CUST-1011', 'OPP-00164'),
  ('PROJ-00017', 'Wilmsen Impl.', 'Completed', '2028-06-25', 'CUST-1011', 'OPP-00159'),
  ('PROJ-00018', 'Hiller Impl.', 'Active', '2027-11-29', 'CUST-1012', 'OPP-00045'),
  ('PROJ-00019', 'Röhrdanz Beyer GmbH & Co. KG Impl.', 'Cancelled', '2028-02-20', 'CUST-1012', 'OPP-00150'),
  ('PROJ-00020', 'Rosenow Hesse GmbH Impl.', 'Active', '2026-02-13', 'CUST-1012', 'OPP-00146'),
  ('PROJ-00021', 'Scheel Impl.', 'On Hold', '2027-04-12', 'CUST-1014', 'OPP-00168'),
  ('PROJ-00022', 'Freudenberger Bauer GmbH Impl.', 'Active', '2028-03-17', 'CUST-1014', 'OPP-00103'),
  ('PROJ-00023', 'Juncken Impl.', 'Active', '2027-05-11', 'CUST-1015', 'OPP-00208'),
  ('PROJ-00024', 'Huhn AG Impl.', 'Completed', '2025-10-04', 'CUST-1015', 'OPP-00078'),
  ('PROJ-00025', 'Möchlichen Bruder GmbH & Co. KG Impl.', 'Completed', '2026-03-27', 'CUST-1015', 'OPP-00012'),
  ('PROJ-00026', 'Hellwig Jäkel AG & Co. OHG Impl.', 'In Planning', '2025-11-11', 'CUST-1016', 'OPP-00189'),
  ('PROJ-00027', 'Köster Impl.', 'On Hold', '2027-10-02', 'CUST-1018', 'OPP-00052'),
  ('PROJ-00028', 'Renner Koch AG & Co. KGaA Impl.', 'Cancelled', '2027-04-14', 'CUST-1018', 'OPP-00198'),
  ('PROJ-00029', 'Döring Stumpf GmbH Impl.', 'Cancelled', '2028-06-15', 'CUST-1019', 'OPP-00120'),
  ('PROJ-00030', 'Jacob OHG mbH Impl.', 'On Hold', '2027-07-16', 'CUST-1019', 'OPP-00231'),
  ('PROJ-00031', 'Grein Groth Köhler e.V. Impl.', 'In Planning', '2027-03-19', 'CUST-1020', 'OPP-00150'),
  ('PROJ-00032', 'Christoph Reichmann e.V. Impl.', 'On Hold', '2028-03-07', 'CUST-1020', 'OPP-00035'),
  ('PROJ-00033', 'Speer Impl.', 'Cancelled', '2026-01-05', 'CUST-1020', 'OPP-00106'),
  ('PROJ-00034', 'Heinrich Ruppersberger GmbH Impl.', 'Completed', '2026-04-27', 'CUST-1021', 'OPP-00129'),
  ('PROJ-00035', 'Rosemann Stroh e.V. Impl.', 'Active', '2027-05-10', 'CUST-1022', 'OPP-00106'),
  ('PROJ-00036', 'Aumann GmbH & Co. KGaA Impl.', 'On Hold', '2025-08-22', 'CUST-1023', 'OPP-00180'),
  ('PROJ-00037', 'Franke Impl.', 'In Planning', '2028-03-20', 'CUST-1024', 'OPP-00110'),
  ('PROJ-00038', 'Roskoth Schönland KG Impl.', 'On Hold', '2026-05-20', 'CUST-1024', 'OPP-00127'),
  ('PROJ-00039', 'Oderwald Peukert AG & Co. KG Impl.', 'Cancelled', '2027-03-03', 'CUST-1025', 'OPP-00082'),
  ('PROJ-00040', 'Täsche Vollbrecht e.V. Impl.', 'Completed', '2026-12-04', 'CUST-1025', 'OPP-00059'),
  ('PROJ-00041', 'Lange AG Impl.', 'Completed', '2027-11-17', 'CUST-1025', 'OPP-00050'),
  ('PROJ-00042', 'Schmidt Impl.', 'On Hold', '2027-07-17', 'CUST-1026', 'OPP-00063'),
  ('PROJ-00043', 'Täsche Rose AG Impl.', 'Cancelled', '2027-02-13', 'CUST-1027', 'OPP-00017'),
  ('PROJ-00044', 'Kohl AG & Co. OHG Impl.', 'Completed', '2027-10-30', 'CUST-1027', 'OPP-00159'),
  ('PROJ-00045', 'Eigenwillig Beyer AG Impl.', 'Active', '2028-03-24', 'CUST-1028', 'OPP-00003'),
  ('PROJ-00046', 'Walter AG Impl.', 'In Planning', '2025-12-11', 'CUST-1028', 'OPP-00223'),
  ('PROJ-00047', 'Junitz Impl.', 'Completed', '2027-05-07', 'CUST-1029', 'OPP-00160'),
  ('PROJ-00048', 'Bolnbach Impl.', 'Completed', '2025-08-22', 'CUST-1029', 'OPP-00193'),
  ('PROJ-00049', 'Renner Fiebig Stiftung & Co. KG Impl.', 'Completed', '2026-10-12', 'CUST-1030', 'OPP-00232'),
  ('PROJ-00050', 'Gnatz KG Impl.', 'Cancelled', '2027-02-02', 'CUST-1030', 'OPP-00057'),
  ('PROJ-00051', 'Bonbach GmbH & Co. KGaA Impl.', 'In Planning', '2026-07-01', 'CUST-1030', 'OPP-00217'),
  ('PROJ-00052', 'Karge Impl.', 'In Planning', '2027-07-25', 'CUST-1031', 'OPP-00220'),
  ('PROJ-00053', 'Schenk van der Dussen GmbH Impl.', 'Cancelled', '2028-03-05', 'CUST-1031', 'OPP-00111'),
  ('PROJ-00054', 'Klotz GmbH & Co. OHG Impl.', 'Completed', '2025-09-29', 'CUST-1032', 'OPP-00012'),
  ('PROJ-00055', 'Koch Impl.', 'In Planning', '2025-11-07', 'CUST-1032', 'OPP-00068'),
  ('PROJ-00056', 'Stiebitz GmbH Impl.', 'Active', '2027-04-11', 'CUST-1033', 'OPP-00020'),
  ('PROJ-00057', 'Wähner Impl.', 'On Hold', '2025-07-19', 'CUST-1033', 'OPP-00012'),
  ('PROJ-00058', 'Weinhage KGaA Impl.', 'Cancelled', '2027-12-25', 'CUST-1033', 'OPP-00080'),
  ('PROJ-00059', 'Rose Karge OHG mbH Impl.', 'Active', '2025-12-25', 'CUST-1034', 'OPP-00089'),
  ('PROJ-00060', 'Niemeier GmbH & Co. KG Impl.', 'On Hold', '2026-01-07', 'CUST-1034', 'OPP-00092'),
  ('PROJ-00061', 'Wesack Impl.', 'In Planning', '2028-04-07', 'CUST-1034', 'OPP-00047'),
  ('PROJ-00062', 'Nerger Impl.', 'Active', '2026-02-08', 'CUST-1035', 'OPP-00081'),
  ('PROJ-00063', 'Mülichen GmbH Impl.', 'On Hold', '2028-01-11', 'CUST-1035', 'OPP-00059'),
  ('PROJ-00064', 'Heinz KGaA Impl.', 'On Hold', '2027-07-05', 'CUST-1035', 'OPP-00206'),
  ('PROJ-00065', 'Seifert Impl.', 'On Hold', '2026-04-21', 'CUST-1036', 'OPP-00114'),
  ('PROJ-00066', 'Sorgatz OHG mbH Impl.', 'Cancelled', '2027-12-27', 'CUST-1036', 'OPP-00148'),
  ('PROJ-00067', 'Rogge KGaA Impl.', 'In Planning', '2026-07-24', 'CUST-1037', 'OPP-00009'),
  ('PROJ-00068', 'Hendriks Impl.', 'On Hold', '2027-07-11', 'CUST-1037', 'OPP-00132'),
  ('PROJ-00069', 'Albers Carsten Stiftung & Co. KG Impl.', 'Cancelled', '2027-06-15', 'CUST-1039', 'OPP-00224'),
  ('PROJ-00070', 'Hesse Impl.', 'Active', '2026-07-11', 'CUST-1039', 'OPP-00141'),
  ('PROJ-00071', 'Walter Impl.', 'On Hold', '2028-05-08', 'CUST-1039', 'OPP-00143'),
  ('PROJ-00072', 'Kranz Holsten AG & Co. KG Impl.', 'Completed', '2026-12-03', 'CUST-1040', 'OPP-00023'),
  ('PROJ-00073', 'Knappe GmbH & Co. OHG Impl.', 'In Planning', '2026-07-12', 'CUST-1040', 'OPP-00026'),
  ('PROJ-00074', 'Carsten Impl.', 'Cancelled', '2027-04-27', 'CUST-1041', 'OPP-00003'),
  ('PROJ-00075', 'Schenk GmbH & Co. OHG Impl.', 'In Planning', '2025-09-15', 'CUST-1042', 'OPP-00074'),
  ('PROJ-00076', 'Kobelt Jockel Stiftung & Co. KGaA Impl.', 'In Planning', '2026-04-08', 'CUST-1042', 'OPP-00160'),
  ('PROJ-00077', 'Trub Impl.', 'In Planning', '2028-03-19', 'CUST-1044', 'OPP-00138'),
  ('PROJ-00078', 'Haase Impl.', 'On Hold', '2027-11-21', 'CUST-1044', 'OPP-00096'),
  ('PROJ-00079', 'Reinhardt GmbH Impl.', 'Cancelled', '2026-07-17', 'CUST-1045', 'OPP-00077'),
  ('PROJ-00080', 'Heidrich GmbH Impl.', 'On Hold', '2025-10-30', 'CUST-1045', 'OPP-00040'),
  ('PROJ-00081', 'Wulf Jähn AG Impl.', 'Cancelled', '2026-06-15', 'CUST-1045', 'OPP-00004'),
  ('PROJ-00082', 'Bachmann GmbH & Co. OHG Impl.', 'Completed', '2026-01-10', 'CUST-1046', 'OPP-00041'),
  ('PROJ-00083', 'Scholtz AG Impl.', 'Active', '2026-12-24', 'CUST-1047', 'OPP-00074'),
  ('PROJ-00084', 'Dörschner AG Impl.', 'In Planning', '2027-02-16', 'CUST-1047', 'OPP-00138'),
  ('PROJ-00085', 'Lange Kreusel AG Impl.', 'On Hold', '2027-03-27', 'CUST-1048', 'OPP-00055'),
  ('PROJ-00086', 'Mühle Zahn AG & Co. OHG Impl.', 'Cancelled', '2025-12-07', 'CUST-1048', 'OPP-00212'),
  ('PROJ-00087', 'Holsten Pieper AG & Co. KGaA Impl.', 'Completed', '2028-01-14', 'CUST-1048', 'OPP-00131'),
  ('PROJ-00088', 'Kensy GbR Impl.', 'On Hold', '2026-10-20', 'CUST-1049', 'OPP-00019'),
  ('PROJ-00089', 'Kramer Impl.', 'On Hold', '2027-05-11', 'CUST-1049', 'OPP-00124'),
  ('PROJ-00090', 'Segebahn Impl.', 'In Planning', '2026-03-15', 'CUST-1050', 'OPP-00210'),
  ('PROJ-00091', 'Krein GmbH & Co. KGaA Impl.', 'In Planning', '2026-04-14', 'CUST-1051', 'OPP-00035'),
  ('PROJ-00092', 'Scholl GmbH Impl.', 'Cancelled', '2026-04-30', 'CUST-1052', 'OPP-00119'),
  ('PROJ-00093', 'Wagner Döhn GmbH Impl.', 'Cancelled', '2026-03-23', 'CUST-1053', 'OPP-00103'),
  ('PROJ-00094', 'Fritsch KG Impl.', 'Cancelled', '2026-04-10', 'CUST-1055', 'OPP-00060'),
  ('PROJ-00095', 'Gorlitz Gerlach GbR Impl.', 'Completed', '2027-11-06', 'CUST-1055', 'OPP-00220'),
  ('PROJ-00096', 'Fischer e.V. Impl.', 'Cancelled', '2027-02-08', 'CUST-1055', 'OPP-00096'),
  ('PROJ-00097', 'Trubin GmbH Impl.', 'Completed', '2027-10-01', 'CUST-1056', 'OPP-00034'),
  ('PROJ-00098', 'Peukert Wulff AG Impl.', 'Active', '2025-11-27', 'CUST-1056', 'OPP-00083'),
  ('PROJ-00099', 'Trüb Möchlichen GmbH Impl.', 'On Hold', '2025-09-14', 'CUST-1057', 'OPP-00206'),
  ('PROJ-00100', 'Döhn AG & Co. OHG Impl.', 'In Planning', '2028-04-06', 'CUST-1057', 'OPP-00140'),
  ('PROJ-00101', 'Reinhardt Hendriks KGaA Impl.', 'Active', '2026-07-29', 'CUST-1057', 'OPP-00082'),
  ('PROJ-00102', 'Vollbrecht Gieß e.V. Impl.', 'On Hold', '2027-01-28', 'CUST-1058', 'OPP-00191'),
  ('PROJ-00103', 'Ackermann Bohlander GmbH & Co. KG Impl.', 'Completed', '2026-01-27', 'CUST-1058', 'OPP-00130'),
  ('PROJ-00104', 'Thanel Stolze GmbH Impl.', 'On Hold', '2027-12-07', 'CUST-1058', 'OPP-00052'),
  ('PROJ-00105', 'Schottin AG & Co. KG Impl.', 'In Planning', '2028-01-09', 'CUST-1059', 'OPP-00185'),
  ('PROJ-00106', 'Pohl Impl.', 'Cancelled', '2027-10-08', 'CUST-1059', 'OPP-00060'),
  ('PROJ-00107', 'Mende Impl.', 'Cancelled', '2026-02-20', 'CUST-1059', 'OPP-00082'),
  ('PROJ-00108', 'Weitzel AG & Co. KG Impl.', 'On Hold', '2025-10-31', 'CUST-1060', 'OPP-00021'),
  ('PROJ-00109', 'Caspar Mende GmbH & Co. OHG Impl.', 'In Planning', '2027-07-09', 'CUST-1060', 'OPP-00125'),
  ('PROJ-00110', 'Kuhl Impl.', 'Cancelled', '2026-08-31', 'CUST-1060', 'OPP-00194'),
  ('PROJ-00111', 'Preiß Schmidt GmbH Impl.', 'Completed', '2026-11-14', 'CUST-1061', 'OPP-00165'),
  ('PROJ-00112', 'Wagner Hertrampf KGaA Impl.', 'Completed', '2025-08-18', 'CUST-1061', 'OPP-00077'),
  ('PROJ-00113', 'Pechel Herrmann Stiftung & Co. KG Impl.', 'On Hold', '2025-08-02', 'CUST-1061', 'OPP-00152'),
  ('PROJ-00114', 'Krause Impl.', 'Active', '2028-01-22', 'CUST-1063', 'OPP-00225'),
  ('PROJ-00115', 'Matthäi GmbH & Co. KG Impl.', 'Completed', '2026-06-05', 'CUST-1063', 'OPP-00223'),
  ('PROJ-00116', 'Carsten Wilms GmbH & Co. KGaA Impl.', 'Cancelled', '2025-07-03', 'CUST-1063', 'OPP-00139'),
  ('PROJ-00117', 'Ullrich Impl.', 'Cancelled', '2027-07-07', 'CUST-1064', 'OPP-00133'),
  ('PROJ-00118', 'Schottin Impl.', 'On Hold', '2027-12-01', 'CUST-1064', 'OPP-00066'),
  ('PROJ-00119', 'Weitzel GmbH & Co. OHG Impl.', 'Completed', '2026-06-24', 'CUST-1064', 'OPP-00155'),
  ('PROJ-00120', 'Heidrich Impl.', 'Active', '2027-06-10', 'CUST-1068', 'OPP-00161'),
  ('PROJ-00121', 'Schmiedt Schmiedecke KG Impl.', 'Cancelled', '2025-07-27', 'CUST-1068', 'OPP-00137'),
  ('PROJ-00122', 'Wilmsen Pruschke KGaA Impl.', 'Completed', '2025-09-20', 'CUST-1069', 'OPP-00191'),
  ('PROJ-00123', 'Birnbaum Impl.', 'Cancelled', '2028-02-24', 'CUST-1070', 'OPP-00132'),
  ('PROJ-00124', 'Gotthard Impl.', 'Active', '2028-06-07', 'CUST-1070', 'OPP-00212'),
  ('PROJ-00125', 'auch Schlauchin Schmiedt GmbH Impl.', 'On Hold', '2026-12-14', 'CUST-1071', 'OPP-00217'),
  ('PROJ-00126', 'Heser Kade AG Impl.', 'In Planning', '2025-07-07', 'CUST-1072', 'OPP-00216'),
  ('PROJ-00127', 'Junken Trub AG & Co. OHG Impl.', 'On Hold', '2026-11-03', 'CUST-1073', 'OPP-00088'),
  ('PROJ-00128', 'Schaaf GmbH Impl.', 'In Planning', '2025-10-31', 'CUST-1075', 'OPP-00213'),
  ('PROJ-00129', 'Weinhage Knappe KG Impl.', 'In Planning', '2027-10-08', 'CUST-1077', 'OPP-00076'),
  ('PROJ-00130', 'Herrmann Beer GmbH Impl.', 'Cancelled', '2025-11-17', 'CUST-1077', 'OPP-00175'),
  ('PROJ-00131', 'Radisch Zobel KGaA Impl.', 'Cancelled', '2025-10-22', 'CUST-1079', 'OPP-00060'),
  ('PROJ-00132', 'Sölzer Impl.', 'Cancelled', '2026-04-16', 'CUST-1079', 'OPP-00140'),
  ('PROJ-00133', 'Bähr Barth AG Impl.', 'Cancelled', '2027-10-09', 'CUST-1083', 'OPP-00220'),
  ('PROJ-00134', 'Salz AG & Co. KGaA Impl.', 'On Hold', '2028-04-18', 'CUST-1087', 'OPP-00039'),
  ('PROJ-00135', 'Lehmann Hahn GmbH Impl.', 'Active', '2027-08-09', 'CUST-1087', 'OPP-00209'),
  ('PROJ-00136', 'Neureuther Rosenow KG Impl.', 'In Planning', '2028-03-22', 'CUST-1088', 'OPP-00151'),
  ('PROJ-00137', 'Bachmann Rogge AG Impl.', 'Completed', '2026-04-17', 'CUST-1089', 'OPP-00090'),
  ('PROJ-00138', 'Huhn AG Impl.', 'In Planning', '2026-08-13', 'CUST-1091', 'OPP-00185'),
  ('PROJ-00139', 'Zirme Flantz AG Impl.', 'Cancelled', '2025-07-21', 'CUST-1091', 'OPP-00025'),
  ('PROJ-00140', 'Reichmann Davids GbR Impl.', 'Cancelled', '2028-01-11', 'CUST-1091', 'OPP-00120'),
  ('PROJ-00141', 'Fliegner Krause GmbH Impl.', 'Completed', '2027-07-09', 'CUST-1092', 'OPP-00164'),
  ('PROJ-00142', 'Gotthard Impl.', 'Cancelled', '2027-12-08', 'CUST-1093', 'OPP-00019'),
  ('PROJ-00143', 'Stroh Impl.', 'In Planning', '2026-08-05', 'CUST-1095', 'OPP-00173'),
  ('PROJ-00144', 'Rädel Hendriks KG Impl.', 'Cancelled', '2025-12-12', 'CUST-1095', 'OPP-00232'),
  ('PROJ-00145', 'Sontag Süßebier GmbH & Co. OHG Impl.', 'Completed', '2025-07-30', 'CUST-1095', 'OPP-00153'),
  ('PROJ-00146', 'Hornich Impl.', 'On Hold', '2025-08-20', 'CUST-1096', 'OPP-00114'),
  ('PROJ-00147', 'Schleich GmbH Impl.', 'On Hold', '2027-01-19', 'CUST-1096', 'OPP-00059'),
  ('PROJ-00148', 'Lorch AG Impl.', 'Completed', '2026-10-26', 'CUST-1096', 'OPP-00111'),
  ('PROJ-00149', 'Haering Impl.', 'In Planning', '2027-08-30', 'CUST-1097', 'OPP-00184'),
  ('PROJ-00150', 'Rädel Caspar e.G. Impl.', 'Completed', '2026-06-19', 'CUST-1097', 'OPP-00052'),
  ('PROJ-00151', 'Gotthard Impl.', 'On Hold', '2025-07-07', 'CUST-1097', 'OPP-00039'),
  ('PROJ-00152', 'Ziegert AG Impl.', 'On Hold', '2027-01-04', 'CUST-1098', 'OPP-00061'),
  ('PROJ-00153', 'Warmer Impl.', 'In Planning', '2027-08-25', 'CUST-1099', 'OPP-00152'),
  ('PROJ-00154', 'Segebahn Impl.', 'Completed', '2026-04-08', 'CUST-1100', 'OPP-00089'),
  ('PROJ-00155', 'Rust Impl.', 'In Planning', '2027-09-02', 'CUST-1100', 'OPP-00198');

INSERT INTO assets (asset_id, bezeichnung, seriennr, garantie_bis, kd_ref, projekt_ref) VALUES
  ('AST-00001', 'Data Connector', 'SN-13516449', '2030-10-17', 'CUST-1012', 'PROJ-00082'),
  ('AST-00002', 'Support Package', 'SN-37437619', '2030-07-12', 'CUST-1072', 'PROJ-00007'),
  ('AST-00003', 'Data Connector', 'SN-18012329', '2030-09-19', 'CUST-1012', 'PROJ-00060'),
  ('AST-00004', 'Support Package', 'SN-51135999', '2031-06-29', 'CUST-1068', 'PROJ-00125'),
  ('AST-00005', 'Mobile App', 'SN-82638375', '2029-10-07', 'CUST-1055', 'PROJ-00101'),
  ('AST-00006', 'Analytics Add-on', 'SN-57683662', '2028-05-31', 'CUST-1012', 'PROJ-00113'),
  ('AST-00007', 'CRM Seat', 'SN-98435450', '2027-10-16', 'CUST-1089', 'PROJ-00119'),
  ('AST-00008', 'CRM Seat', 'SN-12968088', '2027-11-15', 'CUST-1070', 'PROJ-00040'),
  ('AST-00009', 'Support Package', 'SN-77785915', '2028-11-17', 'CUST-1063', 'PROJ-00017'),
  ('AST-00010', 'CRM Seat', 'SN-76514337', '2030-11-14', 'CUST-1092', 'PROJ-00141'),
  ('AST-00011', 'CRM Seat', 'SN-88789366', '2029-10-19', 'CUST-1072', 'PROJ-00030'),
  ('AST-00012', 'API Bundle', 'SN-63750829', '2031-06-01', 'CUST-1075', 'PROJ-00109'),
  ('AST-00013', 'Analytics Add-on', 'SN-43386257', '2027-07-24', 'CUST-1043', 'PROJ-00110'),
  ('AST-00014', 'Analytics Add-on', 'SN-41245971', '2029-03-31', 'CUST-1085', 'PROJ-00049'),
  ('AST-00015', 'Support Package', 'SN-46929397', '2028-08-17', 'CUST-1039', 'PROJ-00009'),
  ('AST-00016', 'API Bundle', 'SN-76497391', '2028-04-05', 'CUST-1068', 'PROJ-00036'),
  ('AST-00017', 'API Bundle', 'SN-62864553', '2031-02-02', 'CUST-1019', 'PROJ-00045'),
  ('AST-00018', 'Analytics Add-on', 'SN-47757258', '2031-05-22', 'CUST-1031', 'PROJ-00043'),
  ('AST-00019', 'Support Package', 'SN-58277589', '2030-01-12', 'CUST-1049', 'PROJ-00053'),
  ('AST-00020', 'Analytics Add-on', 'SN-27439634', '2030-04-06', 'CUST-1060', 'PROJ-00047'),
  ('AST-00021', 'CRM Seat', 'SN-69021391', '2030-06-10', 'CUST-1023', 'PROJ-00149'),
  ('AST-00022', 'Support Package', 'SN-89917036', '2027-12-15', 'CUST-1068', 'PROJ-00043'),
  ('AST-00023', 'Analytics Add-on', 'SN-22679920', '2030-09-21', 'CUST-1013', 'PROJ-00102'),
  ('AST-00024', 'Support Package', 'SN-38300225', '2029-10-08', 'CUST-1054', 'PROJ-00140'),
  ('AST-00025', 'API Bundle', 'SN-25128857', '2028-04-22', 'CUST-1018', 'PROJ-00119'),
  ('AST-00026', 'CRM Seat', 'SN-44150812', '2030-07-02', 'CUST-1090', 'PROJ-00047'),
  ('AST-00027', 'Support Package', 'SN-50529140', '2031-05-25', 'CUST-1090', 'PROJ-00080'),
  ('AST-00028', 'Support Package', 'SN-68081379', '2031-03-27', 'CUST-1083', 'PROJ-00128'),
  ('AST-00029', 'API Bundle', 'SN-61161943', '2031-05-11', 'CUST-1013', 'PROJ-00050'),
  ('AST-00030', 'Mobile App', 'SN-58753509', '2029-08-17', 'CUST-1069', 'PROJ-00043'),
  ('AST-00031', 'API Bundle', 'SN-25294178', '2030-06-25', 'CUST-1095', 'PROJ-00023'),
  ('AST-00032', 'API Bundle', 'SN-10687428', '2031-04-26', 'CUST-1049', 'PROJ-00014'),
  ('AST-00033', 'CRM Seat', 'SN-34534347', '2030-06-06', 'CUST-1090', 'PROJ-00022'),
  ('AST-00034', 'API Bundle', 'SN-89442811', '2029-11-11', 'CUST-1095', 'PROJ-00022'),
  ('AST-00035', 'Analytics Add-on', 'SN-74292906', '2028-09-22', 'CUST-1083', 'PROJ-00003'),
  ('AST-00036', 'Support Package', 'SN-13576616', '2028-07-31', 'CUST-1034', 'PROJ-00101'),
  ('AST-00037', 'API Bundle', 'SN-32956763', '2031-04-21', 'CUST-1009', 'PROJ-00051'),
  ('AST-00038', 'Data Connector', 'SN-97174725', '2031-01-29', 'CUST-1046', 'PROJ-00072'),
  ('AST-00039', 'API Bundle', 'SN-90905345', '2031-01-10', 'CUST-1100', 'PROJ-00053'),
  ('AST-00040', 'CRM Seat', 'SN-54838094', '2029-05-25', 'CUST-1040', 'PROJ-00037'),
  ('AST-00041', 'API Bundle', 'SN-90892774', '2028-11-05', 'CUST-1025', 'PROJ-00084'),
  ('AST-00042', 'Data Connector', 'SN-62239691', '2029-08-05', 'CUST-1059', 'PROJ-00138'),
  ('AST-00043', 'Data Connector', 'SN-58001949', '2029-08-14', 'CUST-1071', 'PROJ-00083'),
  ('AST-00044', 'Mobile App', 'SN-24142497', '2028-01-24', 'CUST-1080', 'PROJ-00068'),
  ('AST-00045', 'Data Connector', 'SN-58992412', '2028-05-20', 'CUST-1007', 'PROJ-00023'),
  ('AST-00046', 'Mobile App', 'SN-61320810', '2029-07-10', 'CUST-1078', 'PROJ-00105'),
  ('AST-00047', 'CRM Seat', 'SN-40237343', '2029-10-27', 'CUST-1007', 'PROJ-00053'),
  ('AST-00048', 'Support Package', 'SN-70157245', '2030-08-16', 'CUST-1055', 'PROJ-00029'),
  ('AST-00049', 'Support Package', 'SN-49173127', '2029-01-22', 'CUST-1039', 'PROJ-00073'),
  ('AST-00050', 'Mobile App', 'SN-80159775', '2030-03-06', 'CUST-1039', 'PROJ-00016'),
  ('AST-00051', 'Support Package', 'SN-62467613', '2028-06-21', 'CUST-1008', 'PROJ-00034'),
  ('AST-00052', 'API Bundle', 'SN-72070691', '2030-11-05', 'CUST-1098', 'PROJ-00143'),
  ('AST-00053', 'Mobile App', 'SN-67892427', '2028-03-03', 'CUST-1084', 'PROJ-00079'),
  ('AST-00054', 'Mobile App', 'SN-46600154', '2029-07-11', 'CUST-1002', 'PROJ-00079'),
  ('AST-00055', 'CRM Seat', 'SN-18698753', '2028-09-10', 'CUST-1063', 'PROJ-00049'),
  ('AST-00056', 'Data Connector', 'SN-71808094', '2028-10-13', 'CUST-1062', 'PROJ-00138'),
  ('AST-00057', 'Support Package', 'SN-75771589', '2029-11-26', 'CUST-1032', 'PROJ-00152'),
  ('AST-00058', 'CRM Seat', 'SN-76029237', '2030-01-25', 'CUST-1005', 'PROJ-00071'),
  ('AST-00059', 'Support Package', 'SN-83336446', '2029-06-30', 'CUST-1089', 'PROJ-00117'),
  ('AST-00060', 'Data Connector', 'SN-74230877', '2031-02-12', 'CUST-1090', 'PROJ-00067'),
  ('AST-00061', 'Support Package', 'SN-28334765', '2028-11-01', 'CUST-1012', 'PROJ-00142'),
  ('AST-00062', 'Analytics Add-on', 'SN-46553377', '2031-04-21', 'CUST-1042', 'PROJ-00019'),
  ('AST-00063', 'CRM Seat', 'SN-68785619', '2031-03-17', 'CUST-1048', 'PROJ-00130'),
  ('AST-00064', 'CRM Seat', 'SN-65122019', '2027-08-15', 'CUST-1013', 'PROJ-00023'),
  ('AST-00065', 'Analytics Add-on', 'SN-28691809', '2030-07-27', 'CUST-1100', 'PROJ-00097'),
  ('AST-00066', 'Support Package', 'SN-28460451', '2027-09-17', 'CUST-1038', 'PROJ-00058'),
  ('AST-00067', 'Data Connector', 'SN-39444927', '2027-09-20', 'CUST-1015', 'PROJ-00061'),
  ('AST-00068', 'Support Package', 'SN-39259895', '2027-12-23', 'CUST-1051', 'PROJ-00129'),
  ('AST-00069', 'Data Connector', 'SN-92871236', '2030-11-19', 'CUST-1062', 'PROJ-00022'),
  ('AST-00070', 'CRM Seat', 'SN-45486342', '2030-04-26', 'CUST-1001', 'PROJ-00099'),
  ('AST-00071', 'Analytics Add-on', 'SN-65469397', '2030-09-16', 'CUST-1073', 'PROJ-00141'),
  ('AST-00072', 'Mobile App', 'SN-64217097', '2028-07-15', 'CUST-1094', 'PROJ-00031'),
  ('AST-00073', 'Data Connector', 'SN-85803899', '2028-09-20', 'CUST-1079', 'PROJ-00071'),
  ('AST-00074', 'Mobile App', 'SN-61338420', '2028-07-22', 'CUST-1066', 'PROJ-00107'),
  ('AST-00075', 'API Bundle', 'SN-57249586', '2030-11-25', 'CUST-1082', 'PROJ-00114'),
  ('AST-00076', 'Data Connector', 'SN-53187874', '2028-11-05', 'CUST-1009', 'PROJ-00112'),
  ('AST-00077', 'Data Connector', 'SN-13662195', '2030-02-25', 'CUST-1049', 'PROJ-00010'),
  ('AST-00078', 'CRM Seat', 'SN-91802638', '2031-04-18', 'CUST-1100', 'PROJ-00115'),
  ('AST-00079', 'Analytics Add-on', 'SN-69163646', '2028-07-26', 'CUST-1057', 'PROJ-00131'),
  ('AST-00080', 'Support Package', 'SN-41081850', '2027-07-15', 'CUST-1026', 'PROJ-00040'),
  ('AST-00081', 'API Bundle', 'SN-32031363', '2027-10-30', 'CUST-1031', 'PROJ-00019'),
  ('AST-00082', 'Support Package', 'SN-57162276', '2030-09-14', 'CUST-1043', 'PROJ-00108'),
  ('AST-00083', 'CRM Seat', 'SN-78720478', '2030-08-02', 'CUST-1071', 'PROJ-00023'),
  ('AST-00084', 'CRM Seat', 'SN-44438495', '2031-06-08', 'CUST-1034', 'PROJ-00003'),
  ('AST-00085', 'CRM Seat', 'SN-76771278', '2030-07-08', 'CUST-1064', 'PROJ-00152'),
  ('AST-00086', 'Support Package', 'SN-29274560', '2030-01-15', 'CUST-1041', 'PROJ-00044'),
  ('AST-00087', 'Mobile App', 'SN-65243705', '2030-08-14', 'CUST-1021', 'PROJ-00019'),
  ('AST-00088', 'API Bundle', 'SN-68704483', '2030-12-02', 'CUST-1057', 'PROJ-00068'),
  ('AST-00089', 'CRM Seat', 'SN-93784344', '2028-12-19', 'CUST-1082', 'PROJ-00083'),
  ('AST-00090', 'Analytics Add-on', 'SN-16757907', '2028-07-26', 'CUST-1068', 'PROJ-00141'),
  ('AST-00091', 'CRM Seat', 'SN-64366942', '2029-10-22', 'CUST-1048', 'PROJ-00112'),
  ('AST-00092', 'Support Package', 'SN-17154642', '2028-10-11', 'CUST-1056', 'PROJ-00068'),
  ('AST-00093', 'Data Connector', 'SN-54573794', '2029-01-02', 'CUST-1053', 'PROJ-00032'),
  ('AST-00094', 'API Bundle', 'SN-71347510', '2030-08-28', 'CUST-1055', 'PROJ-00034'),
  ('AST-00095', 'Analytics Add-on', 'SN-25579194', '2028-07-23', 'CUST-1096', 'PROJ-00055'),
  ('AST-00096', 'Data Connector', 'SN-40165270', '2028-07-19', 'CUST-1088', 'PROJ-00085'),
  ('AST-00097', 'Mobile App', 'SN-81645602', '2029-05-02', 'CUST-1089', 'PROJ-00013'),
  ('AST-00098', 'Support Package', 'SN-72676784', '2028-06-21', 'CUST-1017', 'PROJ-00042'),
  ('AST-00099', 'Mobile App', 'SN-96440254', '2031-04-16', 'CUST-1093', 'PROJ-00123'),
  ('AST-00100', 'Data Connector', 'SN-63657345', '2030-03-12', 'CUST-1042', 'PROJ-00150'),
  ('AST-00101', 'Mobile App', 'SN-29382379', '2030-05-15', 'CUST-1050', 'PROJ-00137'),
  ('AST-00102', 'Mobile App', 'SN-32177860', '2031-03-22', 'CUST-1079', 'PROJ-00053'),
  ('AST-00103', 'Support Package', 'SN-93402467', '2031-04-16', 'CUST-1011', 'PROJ-00029'),
  ('AST-00104', 'Analytics Add-on', 'SN-81002689', '2029-03-03', 'CUST-1065', 'PROJ-00145'),
  ('AST-00105', 'Support Package', 'SN-70363603', '2031-06-10', 'CUST-1028', 'PROJ-00048'),
  ('AST-00106', 'Analytics Add-on', 'SN-17405664', '2031-03-01', 'CUST-1095', 'PROJ-00072'),
  ('AST-00107', 'Mobile App', 'SN-12984503', '2027-07-07', 'CUST-1039', 'PROJ-00139'),
  ('AST-00108', 'CRM Seat', 'SN-77952680', '2030-01-26', 'CUST-1068', 'PROJ-00010'),
  ('AST-00109', 'CRM Seat', 'SN-50543285', '2029-06-27', 'CUST-1061', 'PROJ-00146'),
  ('AST-00110', 'Mobile App', 'SN-35745587', '2028-04-19', 'CUST-1053', 'PROJ-00060'),
  ('AST-00111', 'Data Connector', 'SN-51446315', '2031-03-06', 'CUST-1087', 'PROJ-00048'),
  ('AST-00112', 'CRM Seat', 'SN-66719893', '2030-08-02', 'CUST-1045', 'PROJ-00054'),
  ('AST-00113', 'Analytics Add-on', 'SN-13179003', '2029-05-05', 'CUST-1031', 'PROJ-00045'),
  ('AST-00114', 'Support Package', 'SN-38832381', '2030-10-06', 'CUST-1089', 'PROJ-00103'),
  ('AST-00115', 'Analytics Add-on', 'SN-62527111', '2028-12-03', 'CUST-1017', 'PROJ-00010'),
  ('AST-00116', 'Analytics Add-on', 'SN-28647317', '2028-11-18', 'CUST-1045', 'PROJ-00045'),
  ('AST-00117', 'Analytics Add-on', 'SN-58340826', '2028-03-02', 'CUST-1018', 'PROJ-00138'),
  ('AST-00118', 'Analytics Add-on', 'SN-60710000', '2030-02-09', 'CUST-1008', 'PROJ-00087'),
  ('AST-00119', 'Data Connector', 'SN-95495142', '2028-10-29', 'CUST-1020', 'PROJ-00011'),
  ('AST-00120', 'API Bundle', 'SN-99890685', '2029-10-14', 'CUST-1016', 'PROJ-00079'),
  ('AST-00121', 'Mobile App', 'SN-55814539', '2030-12-08', 'CUST-1055', 'PROJ-00097'),
  ('AST-00122', 'Data Connector', 'SN-80999835', '2030-08-13', 'CUST-1035', 'PROJ-00030'),
  ('AST-00123', 'Data Connector', 'SN-72207519', '2027-09-28', 'CUST-1011', 'PROJ-00043'),
  ('AST-00124', 'Analytics Add-on', 'SN-86014077', '2029-01-27', 'CUST-1016', 'PROJ-00109'),
  ('AST-00125', 'Support Package', 'SN-88917731', '2028-09-22', 'CUST-1014', 'PROJ-00069'),
  ('AST-00126', 'Mobile App', 'SN-13105008', '2029-02-13', 'CUST-1021', 'PROJ-00089'),
  ('AST-00127', 'CRM Seat', 'SN-18643749', '2028-11-22', 'CUST-1086', 'PROJ-00103'),
  ('AST-00128', 'CRM Seat', 'SN-74605208', '2030-12-03', 'CUST-1070', 'PROJ-00053'),
  ('AST-00129', 'Mobile App', 'SN-12672153', '2030-11-07', 'CUST-1038', 'PROJ-00118'),
  ('AST-00130', 'CRM Seat', 'SN-43446912', '2028-12-31', 'CUST-1070', 'PROJ-00113'),
  ('AST-00131', 'API Bundle', 'SN-26482874', '2031-05-13', 'CUST-1057', 'PROJ-00069'),
  ('AST-00132', 'Data Connector', 'SN-98844595', '2030-12-31', 'CUST-1071', 'PROJ-00137'),
  ('AST-00133', 'Analytics Add-on', 'SN-30315612', '2028-05-19', 'CUST-1017', 'PROJ-00022'),
  ('AST-00134', 'Support Package', 'SN-45747710', '2031-02-06', 'CUST-1092', 'PROJ-00039'),
  ('AST-00135', 'Analytics Add-on', 'SN-75276727', '2028-12-23', 'CUST-1057', 'PROJ-00036'),
  ('AST-00136', 'Support Package', 'SN-25844620', '2028-02-25', 'CUST-1019', 'PROJ-00151'),
  ('AST-00137', 'Support Package', 'SN-99373620', '2029-03-17', 'CUST-1071', 'PROJ-00030'),
  ('AST-00138', 'Analytics Add-on', 'SN-98769200', '2030-07-04', 'CUST-1092', 'PROJ-00008'),
  ('AST-00139', 'API Bundle', 'SN-65270669', '2029-02-13', 'CUST-1029', 'PROJ-00123'),
  ('AST-00140', 'CRM Seat', 'SN-28300999', '2030-06-16', 'CUST-1014', 'PROJ-00050'),
  ('AST-00141', 'Support Package', 'SN-97143260', '2028-01-15', 'CUST-1010', 'PROJ-00134'),
  ('AST-00142', 'CRM Seat', 'SN-52793375', '2028-11-25', 'CUST-1086', 'PROJ-00091'),
  ('AST-00143', 'Data Connector', 'SN-37910926', '2030-03-19', 'CUST-1044', 'PROJ-00072'),
  ('AST-00144', 'Data Connector', 'SN-96389044', '2030-12-07', 'CUST-1069', 'PROJ-00006'),
  ('AST-00145', 'Support Package', 'SN-48812089', '2028-09-18', 'CUST-1028', 'PROJ-00104'),
  ('AST-00146', 'Support Package', 'SN-93870583', '2029-10-05', 'CUST-1056', 'PROJ-00151'),
  ('AST-00147', 'Support Package', 'SN-81387562', '2029-01-13', 'CUST-1076', 'PROJ-00023'),
  ('AST-00148', 'Data Connector', 'SN-74295328', '2030-03-02', 'CUST-1091', 'PROJ-00045'),
  ('AST-00149', 'Support Package', 'SN-10250504', '2031-04-14', 'CUST-1047', 'PROJ-00128'),
  ('AST-00150', 'CRM Seat', 'SN-52514493', '2029-09-01', 'CUST-1074', 'PROJ-00081'),
  ('AST-00151', 'Support Package', 'SN-48690071', '2030-11-22', 'CUST-1086', 'PROJ-00046'),
  ('AST-00152', 'Analytics Add-on', 'SN-66243239', '2028-12-17', 'CUST-1049', 'PROJ-00034'),
  ('AST-00153', 'Mobile App', 'SN-77025470', '2030-05-12', 'CUST-1084', 'PROJ-00030'),
  ('AST-00154', 'CRM Seat', 'SN-80581727', '2028-06-01', 'CUST-1059', 'PROJ-00135'),
  ('AST-00155', 'Analytics Add-on', 'SN-52787815', '2030-04-21', 'CUST-1061', 'PROJ-00021'),
  ('AST-00156', 'Data Connector', 'SN-66465195', '2029-10-29', 'CUST-1066', 'PROJ-00089'),
  ('AST-00157', 'CRM Seat', 'SN-10505950', '2030-09-25', 'CUST-1053', 'PROJ-00127'),
  ('AST-00158', 'Data Connector', 'SN-62378570', '2027-11-01', 'CUST-1038', 'PROJ-00048'),
  ('AST-00159', 'Analytics Add-on', 'SN-52943576', '2028-05-15', 'CUST-1004', 'PROJ-00013'),
  ('AST-00160', 'CRM Seat', 'SN-52522789', '2029-09-21', 'CUST-1094', 'PROJ-00120'),
  ('AST-00161', 'Analytics Add-on', 'SN-25238869', '2030-04-07', 'CUST-1073', 'PROJ-00061'),
  ('AST-00162', 'CRM Seat', 'SN-42790811', '2030-04-26', 'CUST-1031', 'PROJ-00137'),
  ('AST-00163', 'CRM Seat', 'SN-71802012', '2028-03-15', 'CUST-1061', 'PROJ-00118'),
  ('AST-00164', 'API Bundle', 'SN-96126646', '2031-05-28', 'CUST-1039', 'PROJ-00049'),
  ('AST-00165', 'Data Connector', 'SN-17387057', '2031-02-18', 'CUST-1067', 'PROJ-00074'),
  ('AST-00166', 'Data Connector', 'SN-78581196', '2029-11-20', 'CUST-1099', 'PROJ-00017'),
  ('AST-00167', 'CRM Seat', 'SN-60586603', '2030-05-09', 'CUST-1072', 'PROJ-00124'),
  ('AST-00168', 'Data Connector', 'SN-77738150', '2030-05-04', 'CUST-1029', 'PROJ-00134'),
  ('AST-00169', 'Support Package', 'SN-29670845', '2030-01-29', 'CUST-1096', 'PROJ-00094'),
  ('AST-00170', 'CRM Seat', 'SN-88375274', '2028-12-13', 'CUST-1062', 'PROJ-00102'),
  ('AST-00171', 'Support Package', 'SN-61837180', '2029-07-22', 'CUST-1011', 'PROJ-00057'),
  ('AST-00172', 'CRM Seat', 'SN-54351983', '2031-02-07', 'CUST-1086', 'PROJ-00139'),
  ('AST-00173', 'Support Package', 'SN-77313695', '2028-06-02', 'CUST-1032', 'PROJ-00030'),
  ('AST-00174', 'API Bundle', 'SN-41486313', '2031-06-10', 'CUST-1090', 'PROJ-00015'),
  ('AST-00175', 'Mobile App', 'SN-33101975', '2027-09-26', 'CUST-1014', 'PROJ-00024'),
  ('AST-00176', 'Mobile App', 'SN-34506828', '2029-12-31', 'CUST-1001', 'PROJ-00043'),
  ('AST-00177', 'CRM Seat', 'SN-14809224', '2028-10-24', 'CUST-1024', 'PROJ-00073'),
  ('AST-00178', 'Mobile App', 'SN-17663817', '2030-10-21', 'CUST-1088', 'PROJ-00148'),
  ('AST-00179', 'API Bundle', 'SN-71912566', '2030-01-21', 'CUST-1035', 'PROJ-00072'),
  ('AST-00180', 'API Bundle', 'SN-63197803', '2028-03-17', 'CUST-1094', 'PROJ-00125'),
  ('AST-00181', 'Mobile App', 'SN-98595466', '2031-02-18', 'CUST-1052', 'PROJ-00119'),
  ('AST-00182', 'CRM Seat', 'SN-34854844', '2031-02-15', 'CUST-1052', 'PROJ-00104'),
  ('AST-00183', 'API Bundle', 'SN-48253768', '2029-09-10', 'CUST-1100', 'PROJ-00008'),
  ('AST-00184', 'Data Connector', 'SN-61439600', '2030-04-03', 'CUST-1053', 'PROJ-00142'),
  ('AST-00185', 'Data Connector', 'SN-52237496', '2028-03-21', 'CUST-1078', 'PROJ-00144'),
  ('AST-00186', 'Data Connector', 'SN-69326085', '2031-01-01', 'CUST-1064', 'PROJ-00073'),
  ('AST-00187', 'Mobile App', 'SN-70172541', '2031-06-06', 'CUST-1044', 'PROJ-00058'),
  ('AST-00188', 'Mobile App', 'SN-31494500', '2028-03-14', 'CUST-1036', 'PROJ-00105'),
  ('AST-00189', 'Data Connector', 'SN-90398978', '2029-09-14', 'CUST-1077', 'PROJ-00139'),
  ('AST-00190', 'Mobile App', 'SN-40547683', '2031-04-19', 'CUST-1023', 'PROJ-00074'),
  ('AST-00191', 'Analytics Add-on', 'SN-38263516', '2031-04-03', 'CUST-1063', 'PROJ-00142'),
  ('AST-00192', 'Analytics Add-on', 'SN-97533849', '2028-02-01', 'CUST-1091', 'PROJ-00067'),
  ('AST-00193', 'API Bundle', 'SN-68154141', '2030-03-21', 'CUST-1023', 'PROJ-00134'),
  ('AST-00194', 'Mobile App', 'SN-50175648', '2030-11-24', 'CUST-1026', 'PROJ-00066'),
  ('AST-00195', 'Data Connector', 'SN-45026947', '2030-05-20', 'CUST-1047', 'PROJ-00046'),
  ('AST-00196', 'Support Package', 'SN-79248153', '2030-11-30', 'CUST-1008', 'PROJ-00134'),
  ('AST-00197', 'API Bundle', 'SN-57914588', '2027-12-03', 'CUST-1044', 'PROJ-00151'),
  ('AST-00198', 'Mobile App', 'SN-39142809', '2027-08-22', 'CUST-1061', 'PROJ-00133'),
  ('AST-00199', 'Mobile App', 'SN-71941533', '2031-02-18', 'CUST-1017', 'PROJ-00144'),
  ('AST-00200', 'Support Package', 'SN-78785853', '2031-04-02', 'CUST-1066', 'PROJ-00073'),
  ('AST-00201', 'Mobile App', 'SN-37968740', '2030-03-21', 'CUST-1097', 'PROJ-00035'),
  ('AST-00202', 'Mobile App', 'SN-25499165', '2030-03-23', 'CUST-1037', 'PROJ-00115'),
  ('AST-00203', 'CRM Seat', 'SN-36721909', '2031-03-17', 'CUST-1021', 'PROJ-00047'),
  ('AST-00204', 'Support Package', 'SN-62101539', '2030-02-06', 'CUST-1055', 'PROJ-00154'),
  ('AST-00205', 'API Bundle', 'SN-68302962', '2028-05-28', 'CUST-1050', 'PROJ-00095'),
  ('AST-00206', 'Analytics Add-on', 'SN-41630210', '2031-05-29', 'CUST-1064', 'PROJ-00138'),
  ('AST-00207', 'Mobile App', 'SN-42095839', '2031-05-05', 'CUST-1039', 'PROJ-00118'),
  ('AST-00208', 'Mobile App', 'SN-68490184', '2029-12-01', 'CUST-1012', 'PROJ-00143'),
  ('AST-00209', 'Support Package', 'SN-34632547', '2028-09-27', 'CUST-1071', 'PROJ-00070'),
  ('AST-00210', 'Analytics Add-on', 'SN-73129602', '2028-02-18', 'CUST-1075', 'PROJ-00007'),
  ('AST-00211', 'CRM Seat', 'SN-82877576', '2028-03-27', 'CUST-1044', 'PROJ-00100'),
  ('AST-00212', 'API Bundle', 'SN-76106028', '2030-10-29', 'CUST-1028', 'PROJ-00123'),
  ('AST-00213', 'Analytics Add-on', 'SN-16293713', '2028-06-02', 'CUST-1072', 'PROJ-00034'),
  ('AST-00214', 'Data Connector', 'SN-72467219', '2030-06-14', 'CUST-1061', 'PROJ-00022'),
  ('AST-00215', 'API Bundle', 'SN-72337502', '2030-11-01', 'CUST-1042', 'PROJ-00151'),
  ('AST-00216', 'Data Connector', 'SN-65424316', '2028-08-08', 'CUST-1076', 'PROJ-00059'),
  ('AST-00217', 'CRM Seat', 'SN-86476523', '2029-01-13', 'CUST-1066', 'PROJ-00123'),
  ('AST-00218', 'API Bundle', 'SN-95790638', '2029-06-10', 'CUST-1067', 'PROJ-00098'),
  ('AST-00219', 'Analytics Add-on', 'SN-94930213', '2030-09-12', 'CUST-1064', 'PROJ-00001'),
  ('AST-00220', 'CRM Seat', 'SN-99652689', '2029-01-01', 'CUST-1061', 'PROJ-00053'),
  ('AST-00221', 'Data Connector', 'SN-23532604', '2028-10-10', 'CUST-1045', 'PROJ-00090'),
  ('AST-00222', 'Data Connector', 'SN-37336734', '2029-10-10', 'CUST-1042', 'PROJ-00143'),
  ('AST-00223', 'Mobile App', 'SN-88740483', '2030-02-08', 'CUST-1073', 'PROJ-00133'),
  ('AST-00224', 'Mobile App', 'SN-39997839', '2028-12-22', 'CUST-1017', 'PROJ-00005'),
  ('AST-00225', 'Mobile App', 'SN-26021051', '2029-06-11', 'CUST-1075', 'PROJ-00092'),
  ('AST-00226', 'Analytics Add-on', 'SN-91111299', '2027-12-10', 'CUST-1018', 'PROJ-00073'),
  ('AST-00227', 'API Bundle', 'SN-85009255', '2029-12-02', 'CUST-1011', 'PROJ-00123'),
  ('AST-00228', 'Analytics Add-on', 'SN-45686219', '2028-08-14', 'CUST-1004', 'PROJ-00120'),
  ('AST-00229', 'Mobile App', 'SN-16331324', '2030-08-12', 'CUST-1049', 'PROJ-00059'),
  ('AST-00230', 'API Bundle', 'SN-72650781', '2029-08-14', 'CUST-1043', 'PROJ-00064'),
  ('AST-00231', 'CRM Seat', 'SN-90768791', '2029-07-23', 'CUST-1088', 'PROJ-00135'),
  ('AST-00232', 'CRM Seat', 'SN-84106003', '2030-02-26', 'CUST-1099', 'PROJ-00082'),
  ('AST-00233', 'API Bundle', 'SN-53023040', '2030-05-20', 'CUST-1094', 'PROJ-00111'),
  ('AST-00234', 'API Bundle', 'SN-92108512', '2031-05-17', 'CUST-1017', 'PROJ-00084'),
  ('AST-00235', 'Data Connector', 'SN-16604829', '2030-02-05', 'CUST-1018', 'PROJ-00118'),
  ('AST-00236', 'Support Package', 'SN-81718279', '2029-07-05', 'CUST-1052', 'PROJ-00111'),
  ('AST-00237', 'Support Package', 'SN-93312486', '2028-10-06', 'CUST-1064', 'PROJ-00001'),
  ('AST-00238', 'Mobile App', 'SN-32430181', '2028-03-29', 'CUST-1004', 'PROJ-00146'),
  ('AST-00239', 'CRM Seat', 'SN-49951159', '2030-07-31', 'CUST-1089', 'PROJ-00068'),
  ('AST-00240', 'API Bundle', 'SN-79598361', '2030-08-06', 'CUST-1009', 'PROJ-00041'),
  ('AST-00241', 'API Bundle', 'SN-88698948', '2027-12-25', 'CUST-1004', 'PROJ-00085'),
  ('AST-00242', 'API Bundle', 'SN-64296439', '2028-03-24', 'CUST-1015', 'PROJ-00144'),
  ('AST-00243', 'Mobile App', 'SN-39172656', '2027-07-05', 'CUST-1097', 'PROJ-00065'),
  ('AST-00244', 'Analytics Add-on', 'SN-60042435', '2029-09-13', 'CUST-1079', 'PROJ-00049'),
  ('AST-00245', 'Mobile App', 'SN-67795435', '2030-11-26', 'CUST-1090', 'PROJ-00116'),
  ('AST-00246', 'Support Package', 'SN-41165726', '2030-09-04', 'CUST-1036', 'PROJ-00039'),
  ('AST-00247', 'Mobile App', 'SN-62333381', '2030-05-22', 'CUST-1053', 'PROJ-00122'),
  ('AST-00248', 'CRM Seat', 'SN-99452346', '2029-01-14', 'CUST-1053', 'PROJ-00004'),
  ('AST-00249', 'Support Package', 'SN-97790311', '2029-04-10', 'CUST-1017', 'PROJ-00050'),
  ('AST-00250', 'Analytics Add-on', 'SN-43698088', '2030-06-13', 'CUST-1082', 'PROJ-00083'),
  ('AST-00251', 'CRM Seat', 'SN-69300855', '2031-05-15', 'CUST-1011', 'PROJ-00008'),
  ('AST-00252', 'Mobile App', 'SN-98645662', '2030-08-06', 'CUST-1039', 'PROJ-00022'),
  ('AST-00253', 'Support Package', 'SN-95630433', '2030-06-08', 'CUST-1093', 'PROJ-00016'),
  ('AST-00254', 'API Bundle', 'SN-71385565', '2030-03-04', 'CUST-1032', 'PROJ-00040'),
  ('AST-00255', 'Support Package', 'SN-79940204', '2029-08-28', 'CUST-1003', 'PROJ-00109'),
  ('AST-00256', 'Analytics Add-on', 'SN-34586592', '2030-02-01', 'CUST-1007', 'PROJ-00105'),
  ('AST-00257', 'Support Package', 'SN-84959433', '2028-01-29', 'CUST-1076', 'PROJ-00085'),
  ('AST-00258', 'Data Connector', 'SN-29552870', '2029-01-24', 'CUST-1008', 'PROJ-00089'),
  ('AST-00259', 'Support Package', 'SN-85341877', '2031-04-04', 'CUST-1002', 'PROJ-00122'),
  ('AST-00260', 'Analytics Add-on', 'SN-27036363', '2027-11-13', 'CUST-1076', 'PROJ-00051'),
  ('AST-00261', 'Support Package', 'SN-99782187', '2030-07-08', 'CUST-1025', 'PROJ-00024'),
  ('AST-00262', 'Analytics Add-on', 'SN-88205740', '2028-01-26', 'CUST-1002', 'PROJ-00092'),
  ('AST-00263', 'Mobile App', 'SN-43978597', '2027-10-29', 'CUST-1048', 'PROJ-00134'),
  ('AST-00264', 'Support Package', 'SN-19499436', '2029-09-30', 'CUST-1069', 'PROJ-00071'),
  ('AST-00265', 'CRM Seat', 'SN-98645942', '2030-05-02', 'CUST-1014', 'PROJ-00131'),
  ('AST-00266', 'Mobile App', 'SN-11971091', '2028-11-30', 'CUST-1097', 'PROJ-00101'),
  ('AST-00267', 'CRM Seat', 'SN-55331942', '2028-12-08', 'CUST-1037', 'PROJ-00101'),
  ('AST-00268', 'Mobile App', 'SN-71903234', '2029-11-25', 'CUST-1014', 'PROJ-00108'),
  ('AST-00269', 'Analytics Add-on', 'SN-95376206', '2028-01-21', 'CUST-1023', 'PROJ-00115'),
  ('AST-00270', 'Mobile App', 'SN-54498093', '2027-10-31', 'CUST-1040', 'PROJ-00014'),
  ('AST-00271', 'Support Package', 'SN-82447703', '2028-08-23', 'CUST-1056', 'PROJ-00146'),
  ('AST-00272', 'Data Connector', 'SN-42076109', '2027-11-26', 'CUST-1077', 'PROJ-00131'),
  ('AST-00273', 'Mobile App', 'SN-49819741', '2030-07-31', 'CUST-1005', 'PROJ-00037'),
  ('AST-00274', 'CRM Seat', 'SN-28531200', '2028-07-14', 'CUST-1005', 'PROJ-00026'),
  ('AST-00275', 'API Bundle', 'SN-31934833', '2028-03-20', 'CUST-1034', 'PROJ-00078'),
  ('AST-00276', 'Mobile App', 'SN-80930612', '2030-02-14', 'CUST-1049', 'PROJ-00090'),
  ('AST-00277', 'Analytics Add-on', 'SN-40145344', '2031-04-15', 'CUST-1065', 'PROJ-00092'),
  ('AST-00278', 'Analytics Add-on', 'SN-15140607', '2030-04-17', 'CUST-1058', 'PROJ-00133'),
  ('AST-00279', 'API Bundle', 'SN-35838659', '2028-09-11', 'CUST-1077', 'PROJ-00125'),
  ('AST-00280', 'Data Connector', 'SN-78306116', '2031-06-21', 'CUST-1002', 'PROJ-00077'),
  ('AST-00281', 'Support Package', 'SN-50816033', '2030-08-18', 'CUST-1007', 'PROJ-00049'),
  ('AST-00282', 'CRM Seat', 'SN-69934683', '2029-04-06', 'CUST-1067', 'PROJ-00093'),
  ('AST-00283', 'API Bundle', 'SN-21328723', '2030-09-06', 'CUST-1061', 'PROJ-00104'),
  ('AST-00284', 'Support Package', 'SN-27845029', '2030-11-06', 'CUST-1005', 'PROJ-00040'),
  ('AST-00285', 'Support Package', 'SN-48328002', '2030-01-17', 'CUST-1096', 'PROJ-00155'),
  ('AST-00286', 'CRM Seat', 'SN-38693602', '2031-01-12', 'CUST-1073', 'PROJ-00026'),
  ('AST-00287', 'Mobile App', 'SN-92125057', '2030-09-22', 'CUST-1060', 'PROJ-00143'),
  ('AST-00288', 'Support Package', 'SN-33733152', '2027-10-22', 'CUST-1030', 'PROJ-00075'),
  ('AST-00289', 'Analytics Add-on', 'SN-22783190', '2028-03-13', 'CUST-1046', 'PROJ-00062'),
  ('AST-00290', 'Mobile App', 'SN-96628917', '2030-10-13', 'CUST-1051', 'PROJ-00092'),
  ('AST-00291', 'Analytics Add-on', 'SN-70682887', '2029-12-16', 'CUST-1100', 'PROJ-00019'),
  ('AST-00292', 'Data Connector', 'SN-98571988', '2030-02-18', 'CUST-1019', 'PROJ-00116'),
  ('AST-00293', 'Data Connector', 'SN-74430170', '2029-07-14', 'CUST-1046', 'PROJ-00084'),
  ('AST-00294', 'CRM Seat', 'SN-24995068', '2030-01-27', 'CUST-1050', 'PROJ-00047'),
  ('AST-00295', 'API Bundle', 'SN-12563062', '2027-08-17', 'CUST-1024', 'PROJ-00112'),
  ('AST-00296', 'Support Package', 'SN-73891658', '2029-06-26', 'CUST-1011', 'PROJ-00032'),
  ('AST-00297', 'Mobile App', 'SN-44174071', '2028-06-28', 'CUST-1065', 'PROJ-00095'),
  ('AST-00298', 'API Bundle', 'SN-51973464', '2028-02-24', 'CUST-1085', 'PROJ-00029'),
  ('AST-00299', 'API Bundle', 'SN-34973430', '2029-03-04', 'CUST-1091', 'PROJ-00104'),
  ('AST-00300', 'API Bundle', 'SN-88722092', '2029-07-01', 'CUST-1023', 'PROJ-00115'),
  ('AST-00301', 'Support Package', 'SN-30418620', '2030-02-16', 'CUST-1083', 'PROJ-00037'),
  ('AST-00302', 'Analytics Add-on', 'SN-52029900', '2029-09-19', 'CUST-1061', 'PROJ-00005'),
  ('AST-00303', 'API Bundle', 'SN-57132286', '2030-06-09', 'CUST-1036', 'PROJ-00036'),
  ('AST-00304', 'Analytics Add-on', 'SN-63840045', '2029-09-19', 'CUST-1002', 'PROJ-00140'),
  ('AST-00305', 'API Bundle', 'SN-24002791', '2027-10-28', 'CUST-1090', 'PROJ-00116'),
  ('AST-00306', 'Support Package', 'SN-48663442', '2030-05-19', 'CUST-1077', 'PROJ-00112'),
  ('AST-00307', 'Mobile App', 'SN-64088532', '2029-11-07', 'CUST-1066', 'PROJ-00040'),
  ('AST-00308', 'API Bundle', 'SN-47223875', '2031-01-19', 'CUST-1093', 'PROJ-00147'),
  ('AST-00309', 'CRM Seat', 'SN-57705253', '2029-04-22', 'CUST-1033', 'PROJ-00115'),
  ('AST-00310', 'CRM Seat', 'SN-87640211', '2030-03-16', 'CUST-1076', 'PROJ-00068'),
  ('AST-00311', 'CRM Seat', 'SN-90614348', '2028-04-04', 'CUST-1029', 'PROJ-00032'),
  ('AST-00312', 'CRM Seat', 'SN-99020882', '2031-05-19', 'CUST-1051', 'PROJ-00012'),
  ('AST-00313', 'API Bundle', 'SN-70664795', '2028-08-06', 'CUST-1082', 'PROJ-00146'),
  ('AST-00314', 'Support Package', 'SN-94087838', '2028-12-18', 'CUST-1066', 'PROJ-00105'),
  ('AST-00315', 'Analytics Add-on', 'SN-67275996', '2029-02-08', 'CUST-1023', 'PROJ-00009'),
  ('AST-00316', 'CRM Seat', 'SN-83528211', '2030-02-08', 'CUST-1079', 'PROJ-00021'),
  ('AST-00317', 'Support Package', 'SN-91015538', '2027-08-21', 'CUST-1028', 'PROJ-00116'),
  ('AST-00318', 'Mobile App', 'SN-99183326', '2028-12-20', 'CUST-1025', 'PROJ-00117'),
  ('AST-00319', 'CRM Seat', 'SN-94610244', '2028-11-19', 'CUST-1022', 'PROJ-00131'),
  ('AST-00320', 'Mobile App', 'SN-88494095', '2031-04-20', 'CUST-1023', 'PROJ-00037'),
  ('AST-00321', 'API Bundle', 'SN-41236735', '2029-12-10', 'CUST-1044', 'PROJ-00061'),
  ('AST-00322', 'Analytics Add-on', 'SN-69195903', '2027-12-09', 'CUST-1093', 'PROJ-00067'),
  ('AST-00323', 'Data Connector', 'SN-55089940', '2030-08-19', 'CUST-1061', 'PROJ-00088'),
  ('AST-00324', 'Support Package', 'SN-70902595', '2030-03-17', 'CUST-1022', 'PROJ-00123'),
  ('AST-00325', 'Analytics Add-on', 'SN-96075305', '2029-12-13', 'CUST-1065', 'PROJ-00098'),
  ('AST-00326', 'Analytics Add-on', 'SN-49592477', '2029-08-07', 'CUST-1016', 'PROJ-00043'),
  ('AST-00327', 'CRM Seat', 'SN-13684149', '2031-01-17', 'CUST-1001', 'PROJ-00035'),
  ('AST-00328', 'Data Connector', 'SN-31664450', '2030-08-02', 'CUST-1030', 'PROJ-00016'),
  ('AST-00329', 'Analytics Add-on', 'SN-90297330', '2029-09-08', 'CUST-1066', 'PROJ-00075'),
  ('AST-00330', 'CRM Seat', 'SN-57829121', '2030-05-03', 'CUST-1005', 'PROJ-00138'),
  ('AST-00331', 'Support Package', 'SN-99887971', '2030-05-03', 'CUST-1007', 'PROJ-00063'),
  ('AST-00332', 'Support Package', 'SN-50267230', '2029-04-17', 'CUST-1026', 'PROJ-00134'),
  ('AST-00333', 'API Bundle', 'SN-45749765', '2029-04-05', 'CUST-1029', 'PROJ-00114'),
  ('AST-00334', 'API Bundle', 'SN-21648163', '2027-08-20', 'CUST-1075', 'PROJ-00098'),
  ('AST-00335', 'Support Package', 'SN-42011491', '2029-08-23', 'CUST-1021', 'PROJ-00088'),
  ('AST-00336', 'Mobile App', 'SN-88699364', '2029-06-26', 'CUST-1031', 'PROJ-00130'),
  ('AST-00337', 'Data Connector', 'SN-15212902', '2027-07-30', 'CUST-1098', 'PROJ-00141'),
  ('AST-00338', 'Analytics Add-on', 'SN-43657530', '2030-09-10', 'CUST-1080', 'PROJ-00039'),
  ('AST-00339', 'Data Connector', 'SN-77698693', '2030-06-26', 'CUST-1007', 'PROJ-00010'),
  ('AST-00340', 'Data Connector', 'SN-46999067', '2031-06-05', 'CUST-1020', 'PROJ-00130'),
  ('AST-00341', 'Mobile App', 'SN-24673262', '2027-10-27', 'CUST-1083', 'PROJ-00058'),
  ('AST-00342', 'Support Package', 'SN-87351253', '2028-01-18', 'CUST-1029', 'PROJ-00106'),
  ('AST-00343', 'Mobile App', 'SN-63314356', '2030-12-21', 'CUST-1026', 'PROJ-00105'),
  ('AST-00344', 'Data Connector', 'SN-30984409', '2029-08-04', 'CUST-1042', 'PROJ-00002'),
  ('AST-00345', 'CRM Seat', 'SN-57160594', '2029-04-25', 'CUST-1027', 'PROJ-00053'),
  ('AST-00346', 'Data Connector', 'SN-43691942', '2028-01-16', 'CUST-1028', 'PROJ-00091'),
  ('AST-00347', 'Mobile App', 'SN-20961956', '2028-05-31', 'CUST-1001', 'PROJ-00138'),
  ('AST-00348', 'Analytics Add-on', 'SN-75334576', '2028-02-06', 'CUST-1012', 'PROJ-00102'),
  ('AST-00349', 'API Bundle', 'SN-97580988', '2027-10-20', 'CUST-1048', 'PROJ-00017'),
  ('AST-00350', 'Data Connector', 'SN-91919805', '2029-01-09', 'CUST-1019', 'PROJ-00017'),
  ('AST-00351', 'Data Connector', 'SN-46739379', '2031-05-21', 'CUST-1020', 'PROJ-00150'),
  ('AST-00352', 'Data Connector', 'SN-30679687', '2029-01-10', 'CUST-1052', 'PROJ-00080'),
  ('AST-00353', 'CRM Seat', 'SN-42890475', '2030-07-24', 'CUST-1060', 'PROJ-00063'),
  ('AST-00354', 'Analytics Add-on', 'SN-92580254', '2027-12-06', 'CUST-1010', 'PROJ-00059'),
  ('AST-00355', 'Mobile App', 'SN-35235020', '2028-09-30', 'CUST-1080', 'PROJ-00022'),
  ('AST-00356', 'API Bundle', 'SN-46723244', '2028-01-27', 'CUST-1041', 'PROJ-00131'),
  ('AST-00357', 'CRM Seat', 'SN-62131228', '2029-04-11', 'CUST-1070', 'PROJ-00046'),
  ('AST-00358', 'API Bundle', 'SN-18710970', '2030-12-17', 'CUST-1096', 'PROJ-00077'),
  ('AST-00359', 'Mobile App', 'SN-97024889', '2028-08-20', 'CUST-1031', 'PROJ-00108'),
  ('AST-00360', 'Data Connector', 'SN-41830833', '2029-06-05', 'CUST-1089', 'PROJ-00134'),
  ('AST-00361', 'CRM Seat', 'SN-39920162', '2031-06-16', 'CUST-1021', 'PROJ-00125'),
  ('AST-00362', 'API Bundle', 'SN-56859144', '2029-11-22', 'CUST-1099', 'PROJ-00063'),
  ('AST-00363', 'Support Package', 'SN-55724505', '2031-04-16', 'CUST-1057', 'PROJ-00028'),
  ('AST-00364', 'Mobile App', 'SN-98853926', '2030-08-03', 'CUST-1093', 'PROJ-00002'),
  ('AST-00365', 'Analytics Add-on', 'SN-76883525', '2031-02-20', 'CUST-1006', 'PROJ-00037'),
  ('AST-00366', 'Support Package', 'SN-71896194', '2029-09-29', 'CUST-1044', 'PROJ-00067'),
  ('AST-00367', 'Data Connector', 'SN-64201367', '2027-08-05', 'CUST-1088', 'PROJ-00054'),
  ('AST-00368', 'Data Connector', 'SN-61725208', '2030-03-06', 'CUST-1031', 'PROJ-00139'),
  ('AST-00369', 'Analytics Add-on', 'SN-36033273', '2027-11-08', 'CUST-1042', 'PROJ-00110'),
  ('AST-00370', 'Mobile App', 'SN-64298583', '2029-11-26', 'CUST-1052', 'PROJ-00130'),
  ('AST-00371', 'Analytics Add-on', 'SN-72052657', '2031-03-05', 'CUST-1058', 'PROJ-00042'),
  ('AST-00372', 'API Bundle', 'SN-26207882', '2028-04-14', 'CUST-1035', 'PROJ-00089'),
  ('AST-00373', 'Data Connector', 'SN-51004175', '2029-06-20', 'CUST-1086', 'PROJ-00050'),
  ('AST-00374', 'Analytics Add-on', 'SN-29470563', '2029-09-20', 'CUST-1036', 'PROJ-00142'),
  ('AST-00375', 'API Bundle', 'SN-34155647', '2027-08-21', 'CUST-1071', 'PROJ-00153'),
  ('AST-00376', 'Analytics Add-on', 'SN-64184724', '2028-12-02', 'CUST-1038', 'PROJ-00146'),
  ('AST-00377', 'Data Connector', 'SN-77259855', '2029-03-24', 'CUST-1010', 'PROJ-00043'),
  ('AST-00378', 'Analytics Add-on', 'SN-40767313', '2030-05-08', 'CUST-1002', 'PROJ-00062'),
  ('AST-00379', 'API Bundle', 'SN-22916646', '2029-04-03', 'CUST-1048', 'PROJ-00103'),
  ('AST-00380', 'Data Connector', 'SN-17966428', '2029-05-03', 'CUST-1009', 'PROJ-00058'),
  ('AST-00381', 'Support Package', 'SN-23319209', '2027-10-29', 'CUST-1019', 'PROJ-00004'),
  ('AST-00382', 'Mobile App', 'SN-77501360', '2027-10-17', 'CUST-1085', 'PROJ-00054'),
  ('AST-00383', 'CRM Seat', 'SN-23324598', '2027-10-25', 'CUST-1017', 'PROJ-00019'),
  ('AST-00384', 'CRM Seat', 'SN-10721893', '2029-01-20', 'CUST-1011', 'PROJ-00135'),
  ('AST-00385', 'Mobile App', 'SN-82869516', '2029-04-14', 'CUST-1093', 'PROJ-00067'),
  ('AST-00386', 'CRM Seat', 'SN-52123737', '2030-12-04', 'CUST-1017', 'PROJ-00148'),
  ('AST-00387', 'Support Package', 'SN-51890814', '2030-10-26', 'CUST-1012', 'PROJ-00113'),
  ('AST-00388', 'API Bundle', 'SN-34050769', '2029-12-30', 'CUST-1028', 'PROJ-00019'),
  ('AST-00389', 'Support Package', 'SN-13746048', '2029-03-17', 'CUST-1085', 'PROJ-00058'),
  ('AST-00390', 'CRM Seat', 'SN-79413578', '2028-05-20', 'CUST-1001', 'PROJ-00061'),
  ('AST-00391', 'Data Connector', 'SN-28595659', '2029-02-03', 'CUST-1071', 'PROJ-00101'),
  ('AST-00392', 'Analytics Add-on', 'SN-60240226', '2029-05-07', 'CUST-1003', 'PROJ-00083'),
  ('AST-00393', 'Data Connector', 'SN-88059364', '2030-01-31', 'CUST-1066', 'PROJ-00071'),
  ('AST-00394', 'Mobile App', 'SN-42290838', '2030-03-28', 'CUST-1041', 'PROJ-00118'),
  ('AST-00395', 'Data Connector', 'SN-74972370', '2031-01-26', 'CUST-1046', 'PROJ-00008'),
  ('AST-00396', 'Data Connector', 'SN-30843308', '2031-07-01', 'CUST-1057', 'PROJ-00074'),
  ('AST-00397', 'Support Package', 'SN-76579346', '2029-06-10', 'CUST-1041', 'PROJ-00032'),
  ('AST-00398', 'Analytics Add-on', 'SN-58600828', '2028-08-25', 'CUST-1010', 'PROJ-00038'),
  ('AST-00399', 'Support Package', 'SN-22899817', '2029-02-27', 'CUST-1068', 'PROJ-00060'),
  ('AST-00400', 'Data Connector', 'SN-66875870', '2029-12-02', 'CUST-1079', 'PROJ-00079');
