CREATE SCHEMA IF NOT EXISTS fixture_missing_relations_v2_golden;
SET search_path TO fixture_missing_relations_v2_golden;


-- Target schema + ground truth data

CREATE TABLE "Account" ( "Id" text PRIMARY KEY, "Name" text NOT NULL, "ERP_Number__c" text UNIQUE, "Customer_Tier__c" text CHECK ("Customer_Tier__c" IN ('Gold','Silver','Bronze','Platinum')), "Region__c" text, "Industry" text, "Website" text, "BillingCity" text, "BillingCountry" text, "Legacy_Customer_ID__c" text UNIQUE, "CreatedDate" text DEFAULT CURRENT_TIMESTAMP, "LastModifiedDate" text DEFAULT CURRENT_TIMESTAMP, "IsDeleted" integer DEFAULT 0 );

CREATE TABLE "Contact" ( "Id" text PRIMARY KEY, "FirstName" text, "LastName" text NOT NULL, "Email" text, "Phone" text, "Title" text, "Role__c" text CHECK ("Role__c" IN ('Decision Maker','End User','Technical Contact','Executive Sponsor')), "Preferred_Language__c" text CHECK ("Preferred_Language__c" IN ('DE','EN','FR','ES','IT')), "AccountId" text REFERENCES "Account"("Id"), "Legacy_Contact_ID__c" text UNIQUE, "CreatedDate" text DEFAULT CURRENT_TIMESTAMP, "LastModifiedDate" text DEFAULT CURRENT_TIMESTAMP, "IsDeleted" integer DEFAULT 0 );

CREATE TABLE "Opportunity" ( "Id" text PRIMARY KEY, "Name" text NOT NULL, "StageName" text NOT NULL CHECK ("StageName" IN ( 'Prospecting','Qualification','Needs Analysis', 'Value Proposition','Id. Decision Makers', 'Perception Analysis','Proposal/Price Quote', 'Negotiation/Review','Closed Won','Closed Lost')), "CloseDate" text NOT NULL, "Amount" double precision, "CurrencyIsoCode" text DEFAULT 'EUR', "AccountId" text REFERENCES "Account"("Id"), "Legacy_Opportunity_ID__c" text UNIQUE, "CreatedDate" text DEFAULT CURRENT_TIMESTAMP, "LastModifiedDate" text DEFAULT CURRENT_TIMESTAMP, "IsDeleted" integer DEFAULT 0 );

CREATE TABLE "Project__c" ( "Id" text PRIMARY KEY, "Name" text NOT NULL, "Project_Status__c" text CHECK ("Project_Status__c" IN ('Active','Completed','In Planning','On Hold','Cancelled')), "Go_Live_Date__c" text, "Account__c" text REFERENCES "Account"("Id"), "Opportunity__c" text REFERENCES "Opportunity"("Id"), "Legacy_Project_ID__c" text UNIQUE, "CreatedDate" text DEFAULT CURRENT_TIMESTAMP, "LastModifiedDate" text DEFAULT CURRENT_TIMESTAMP, "IsDeleted" integer DEFAULT 0 );

CREATE TABLE "Installed_Asset__c" ( "Id" text PRIMARY KEY, "Name" text NOT NULL, "Serial_Number__c" text UNIQUE, "Warranty_End_Date__c" text, "Account__c" text REFERENCES "Account"("Id"), "Project__c" text REFERENCES "Project__c"("Id"), "Legacy_Asset_ID__c" text UNIQUE, "CreatedDate" text DEFAULT CURRENT_TIMESTAMP, "LastModifiedDate" text DEFAULT CURRENT_TIMESTAMP, "IsDeleted" integer DEFAULT 0 );

INSERT INTO "Account" (Id, Name, ERP_Number__c, Customer_Tier__c, Region__c, Industry, Website, BillingCity, BillingCountry, Legacy_Customer_ID__c) VALUES
  ('001000000000001', 'Lindau Neuschäfer GbR', 'ERP-73966', 'Bronze', 'Benelux', 'Manufacturing', 'http://barkholz.com/', 'Güstrow', 'Syrien', 'ACC-1001'),
  ('001000000000002', 'Jockel Stiftung & Co. KGaA', 'ERP-54398', 'Gold', 'DACH', 'Healthcare', 'http://www.heydrich.com/', 'Zeulenroda', 'Serbien und Montenegro', 'ACC-1002'),
  ('001000000000003', 'Bruder Schmidtke GmbH & Co. KG', 'ERP-11446', 'Gold', 'DACH', 'Manufacturing', 'http://www.gerlach.org/', 'Wertingen', 'Österreich', 'ACC-1003'),
  ('001000000000004', 'Dehmel Langern AG', 'ERP-50768', 'Bronze', 'DACH', 'Technology', 'http://ziegert.org/', 'Niesky', 'Venezuela', 'ACC-1004'),
  ('001000000000005', 'Häring Killer AG & Co. KG', 'ERP-45597', 'Gold', 'Nordics', 'Finance', 'http://www.trub.org/', 'Lübeck', 'Kasachstan', 'ACC-1005'),
  ('001000000000006', 'Fechner Sauer GmbH & Co. KG', 'ERP-19824', 'Silver', 'Southern Europe', 'Manufacturing', 'http://pieper.com/', 'Hersbruck', 'Heard- und McDonald-Inseln', 'ACC-1006'),
  ('001000000000007', 'Gnatz AG', 'ERP-17496', 'Platinum', 'DACH', 'Finance', 'https://www.dobes.de/', 'Mettmann', 'Lettland', 'ACC-1007'),
  ('001000000000008', 'Jüttner GbR', 'ERP-43012', 'Silver', 'Benelux', 'Healthcare', 'http://www.baum.org/', 'Brilon', 'Demokratische Volksrepublik Korea', 'ACC-1008'),
  ('001000000000009', 'Hamann', 'ERP-63922', 'Bronze', 'DACH', 'Technology', 'http://www.suessebier.de/', 'Borken', 'Ruanda', 'ACC-1009'),
  ('001000000000010', 'Speer', 'ERP-51548', 'Gold', 'UK', 'Healthcare', 'https://holsten.de/', 'Koblenz', 'Costa Rica', 'ACC-1010'),
  ('001000000000011', 'Putz', 'ERP-74576', 'Bronze', 'Benelux', 'Technology', 'http://www.schaefer.de/', 'Hettstedt', 'Kaimaninseln', 'ACC-1011'),
  ('001000000000012', 'Ruppert Hande GmbH', 'ERP-30441', 'Silver', 'DACH', 'Healthcare', 'http://beer.de/', 'Genthin', 'Venezuela', 'ACC-1012'),
  ('001000000000013', 'Hein', 'ERP-91706', 'Silver', 'UK', 'Manufacturing', 'http://www.caspar.de/', 'Herford', 'Zypern', 'ACC-1013'),
  ('001000000000014', 'Putz Süßebier GmbH', 'ERP-64328', 'Bronze', 'UK', 'Finance', 'http://mitschke.de/', 'Kusel', 'Gambia', 'ACC-1014'),
  ('001000000000015', 'Bolander Carsten GmbH', 'ERP-86593', 'Platinum', 'UK', 'Finance', 'https://www.finke.de/', 'Füssen', 'Albanien', 'ACC-1015'),
  ('001000000000016', 'Junken Weimer AG & Co. KG', 'ERP-18107', 'Gold', 'Southern Europe', 'Manufacturing', 'http://salz.com/', 'Schwäbisch Hall', 'Sonderverwaltungszone Macao', 'ACC-1016'),
  ('001000000000017', 'Carsten Stiftung & Co. KGaA', 'ERP-51712', 'Gold', 'Benelux', 'Healthcare', 'http://www.jockel.org/', 'Schwäbisch Gmünd', 'Nicaragua', 'ACC-1017'),
  ('001000000000018', 'Karge', 'ERP-11315', 'Silver', 'Southern Europe', 'Finance', 'https://hecker.com/', 'Pirmasens', 'Antigua und Barbuda', 'ACC-1018'),
  ('001000000000019', 'Biggen Schmiedecke GmbH & Co. KG', 'ERP-62591', 'Bronze', 'DACH', 'Technology', 'https://schottin.org/', 'Guben', 'Turks- und Caicosinseln', 'ACC-1019'),
  ('001000000000020', 'Liebelt GmbH', 'ERP-91171', 'Gold', 'Benelux', 'Healthcare', 'http://holzapfel.net/', 'Eichstätt', 'Republik Korea', 'ACC-1020'),
  ('001000000000021', 'Meyer', 'ERP-36278', 'Platinum', 'Benelux', 'Manufacturing', 'https://www.rust.de/', 'Eutin', 'Zentralafrikanische Republik', 'ACC-1021'),
  ('001000000000022', 'Kallert', 'ERP-94537', 'Bronze', 'Southern Europe', 'Finance', 'http://wernecke.de/', 'Uelzen', 'Slowenien', 'ACC-1022'),
  ('001000000000023', 'Grein Groth Kreusel AG & Co. KGaA', 'ERP-13624', 'Silver', 'Nordics', 'Manufacturing', 'https://www.bender.de/', 'Ingolstadt', 'Brunei Darussalam', 'ACC-1023'),
  ('001000000000024', 'Beyer Karz Stiftung & Co. KGaA', 'ERP-72861', 'Gold', 'DACH', 'Healthcare', 'https://www.ritter.com/', 'Nauen', 'São Tomé und Príncipe', 'ACC-1024'),
  ('001000000000025', 'Plath', 'ERP-18263', 'Silver', 'DACH', 'Finance', 'http://scholtz.org/', 'Burg', 'Demokratische Volksrepublik Korea', 'ACC-1025'),
  ('001000000000026', 'Zahn AG', 'ERP-61408', 'Gold', 'Southern Europe', 'Finance', 'https://holsten.org/', 'Eisenhüttenstadt', 'Thailand', 'ACC-1026'),
  ('001000000000027', 'Koch Weller e.G.', 'ERP-97160', 'Silver', 'UK', 'Technology', 'http://margraf.de/', 'Dinkelsbühl', 'Marshallinseln', 'ACC-1027'),
  ('001000000000028', 'Holsten AG', 'ERP-60092', 'Platinum', 'UK', 'Healthcare', 'https://www.hethur.com/', 'Perleberg', 'Dominica', 'ACC-1028'),
  ('001000000000029', 'Hölzenbecher', 'ERP-78881', 'Platinum', 'DACH', 'Finance', 'http://www.stroh.com/', 'Gerolzhofen', 'Sri Lanka', 'ACC-1029'),
  ('001000000000030', 'Schenk Langern AG & Co. KGaA', 'ERP-87334', 'Gold', 'UK', 'Healthcare', 'https://seifert.org/', 'Lüdenscheid', 'Litauen', 'ACC-1030'),
  ('001000000000031', 'Reinhardt Dörschner KGaA', 'ERP-57761', 'Silver', 'UK', 'Healthcare', 'http://killer.net/', 'Lemgo', 'San Marino', 'ACC-1031'),
  ('001000000000032', 'Holzapfel GbR', 'ERP-78193', 'Silver', 'Southern Europe', 'Manufacturing', 'http://www.etzold.org/', 'Suhl', 'Mosambik', 'ACC-1032'),
  ('001000000000033', 'Kitzmann', 'ERP-87393', 'Gold', 'DACH', 'Manufacturing', 'https://www.roht.de/', 'Staffelstein', 'Liberia', 'ACC-1033'),
  ('001000000000034', 'Heinz Gotthard GmbH & Co. KG', 'ERP-40535', 'Platinum', 'Southern Europe', 'Technology', 'http://groettner.com/', 'Gransee', 'Sambia', 'ACC-1034'),
  ('001000000000035', 'Zobel Koch AG', 'ERP-18108', 'Silver', 'DACH', 'Finance', 'https://www.stey.com/', 'Forchheim', 'Tschad', 'ACC-1035'),
  ('001000000000036', 'Weller', 'ERP-84732', 'Gold', 'Benelux', 'Healthcare', 'https://heidrich.net/', 'Geithain', 'Sambia', 'ACC-1036'),
  ('001000000000037', 'Reuter Trüb AG & Co. KGaA', 'ERP-78983', 'Bronze', 'UK', 'Manufacturing', 'http://www.gehringer.de/', 'Gelnhausen', 'St. Barthélemy', 'ACC-1037'),
  ('001000000000038', 'Schlosser Mülichen GmbH & Co. KGaA', 'ERP-96439', 'Gold', 'UK', 'Manufacturing', 'https://paffrath.de/', 'Kronach', 'Griechenland', 'ACC-1038'),
  ('001000000000039', 'Martin KG', 'ERP-60497', 'Platinum', 'Nordics', 'Technology', 'https://www.henk.de/', 'Tecklenburg', 'Vietnam', 'ACC-1039'),
  ('001000000000040', 'Weimer GmbH', 'ERP-20916', 'Platinum', 'Benelux', 'Technology', 'https://weihmann.de/', 'Lobenstein', 'Bhutan', 'ACC-1040'),
  ('001000000000041', 'Baum', 'ERP-82585', 'Bronze', 'Nordics', 'Technology', 'http://schmiedecke.de/', 'Wolfenbüttel', 'St. Martin', 'ACC-1041'),
  ('001000000000042', 'Weller Heinrich GmbH', 'ERP-38861', 'Platinum', 'DACH', 'Healthcare', 'https://faust.de/', 'Chemnitz', 'Gibraltar', 'ACC-1042'),
  ('001000000000043', 'Junk Bauer KGaA', 'ERP-27534', 'Platinum', 'DACH', 'Healthcare', 'http://eberth.de/', 'Wolgast', 'Bermuda', 'ACC-1043'),
  ('001000000000044', 'Riehl Schaaf OHG mbH', 'ERP-96507', 'Platinum', 'Southern Europe', 'Technology', 'http://www.kallert.net/', 'Düren', 'Antigua und Barbuda', 'ACC-1044'),
  ('001000000000045', 'Kensy Eimer Stiftung & Co. KG', 'ERP-20792', 'Silver', 'DACH', 'Finance', 'http://rogge.com/', 'Schlüchtern', 'Pitcairn', 'ACC-1045'),
  ('001000000000046', 'Winkler', 'ERP-46407', 'Silver', 'Southern Europe', 'Healthcare', 'https://www.seifert.de/', 'München', 'Südafrika', 'ACC-1046'),
  ('001000000000047', 'Sager Geisel GmbH', 'ERP-62353', 'Silver', 'Southern Europe', 'Healthcare', 'http://aumann.com/', 'Nordhausen', 'Myanmar', 'ACC-1047'),
  ('001000000000048', 'Stolze', 'ERP-39546', 'Bronze', 'DACH', 'Manufacturing', 'http://reinhardt.de/', 'Worbis', 'Uruguay', 'ACC-1048'),
  ('001000000000049', 'Schulz GmbH & Co. KG', 'ERP-22663', 'Silver', 'Southern Europe', 'Technology', 'http://weinhage.org/', 'Hildesheim', 'Italien', 'ACC-1049'),
  ('001000000000050', 'Kitzmann', 'ERP-16399', 'Gold', 'Southern Europe', 'Manufacturing', 'https://beier.de/', 'Schwerin', 'Vereinigtes Königreich', 'ACC-1050'),
  ('001000000000051', 'Karge AG', 'ERP-53267', 'Platinum', 'UK', 'Healthcare', 'http://www.meister.com/', 'Pfaffenhofen an der Ilm', 'Finnland', 'ACC-1051'),
  ('001000000000052', 'Schwital GmbH', 'ERP-45693', 'Bronze', 'DACH', 'Healthcare', 'https://www.stroh.de/', 'Paderborn', 'Bolivien', 'ACC-1052'),
  ('001000000000053', 'Reichmann e.G.', 'ERP-26494', 'Platinum', 'UK', 'Healthcare', 'https://www.giess.de/', 'Pirmasens', 'Burkina Faso', 'ACC-1053'),
  ('001000000000054', 'Rohleder AG', 'ERP-22660', 'Bronze', 'Nordics', 'Finance', 'https://zobel.org/', 'Pinneberg', 'Bulgarien', 'ACC-1054'),
  ('001000000000055', 'Oestrovsky Wesack GmbH & Co. KG', 'ERP-24091', 'Platinum', 'DACH', 'Manufacturing', 'https://www.pruschke.de/', 'Grevenbroich', 'Slowakei', 'ACC-1055'),
  ('001000000000056', 'Hermighausen', 'ERP-35404', 'Platinum', 'Southern Europe', 'Healthcare', 'https://www.trub.com/', 'Bad Brückenau', 'Kokosinseln', 'ACC-1056'),
  ('001000000000057', 'Beyer', 'ERP-64030', 'Bronze', 'DACH', 'Finance', 'http://www.henschel.com/', 'Genthin', 'Vietnam', 'ACC-1057'),
  ('001000000000058', 'Pärtzelt Schaaf AG', 'ERP-64086', 'Platinum', 'Nordics', 'Finance', 'http://www.keudel.com/', 'Gunzenhausen', 'Kokosinseln', 'ACC-1058'),
  ('001000000000059', 'Geisler AG & Co. OHG', 'ERP-43485', 'Platinum', 'Southern Europe', 'Finance', 'https://rust.net/', 'Moers', 'Mauritius', 'ACC-1059'),
  ('001000000000060', 'Roskoth Bruder GmbH & Co. KGaA', 'ERP-15003', 'Gold', 'DACH', 'Healthcare', 'http://www.wernecke.com/', 'Lüdinghausen', 'Benin', 'ACC-1060'),
  ('001000000000061', 'Rose Harloff AG', 'ERP-78711', 'Silver', 'UK', 'Manufacturing', 'http://hendriks.de/', 'Roth', 'Kolumbien', 'ACC-1061'),
  ('001000000000062', 'Mitschke', 'ERP-57976', 'Bronze', 'DACH', 'Finance', 'http://seip.com/', 'Recklinghausen', 'Serbien und Montenegro', 'ACC-1062'),
  ('001000000000063', 'Zirme', 'ERP-85179', 'Bronze', 'Nordics', 'Healthcare', 'http://bolzmann.com/', 'Emmendingen', 'Ecuador', 'ACC-1063'),
  ('001000000000064', 'Höfig Ziegert KG', 'ERP-15545', 'Silver', 'Benelux', 'Healthcare', 'http://www.plath.com/', 'Greifswald', 'Svalbard und Jan Mayen', 'ACC-1064'),
  ('001000000000065', 'Fliegner Dobes AG & Co. KGaA', 'ERP-54244', 'Platinum', 'Southern Europe', 'Finance', 'http://www.pruschke.com/', 'Freising', 'Gabun', 'ACC-1065'),
  ('001000000000066', 'Gunpf GbR', 'ERP-22852', 'Bronze', 'Nordics', 'Manufacturing', 'https://kraushaar.org/', 'Gräfenhainichen', 'Suriname', 'ACC-1066'),
  ('001000000000067', 'Stahr e.V.', 'ERP-99646', 'Silver', 'UK', 'Technology', 'http://schmiedt.de/', 'Ochsenfurt', 'Oman', 'ACC-1067'),
  ('001000000000068', 'Zorbach', 'ERP-47293', 'Platinum', 'DACH', 'Healthcare', 'http://www.kallert.net/', 'Heiligenstadt', 'Guatemala', 'ACC-1068'),
  ('001000000000069', 'Zahn GmbH', 'ERP-58333', 'Silver', 'Nordics', 'Manufacturing', 'http://hering.de/', 'Zossen', 'Usbekistan', 'ACC-1069'),
  ('001000000000070', 'Eckbauer e.V.', 'ERP-59948', 'Platinum', 'Southern Europe', 'Manufacturing', 'https://www.ritter.com/', 'Ribnitz-Damgarten', 'Vereinigte Staaten', 'ACC-1070'),
  ('001000000000071', 'Jockel Etzold AG', 'ERP-74836', 'Platinum', 'DACH', 'Finance', 'https://www.haering.com/', 'Beilngries', 'Tunesien', 'ACC-1071'),
  ('001000000000072', 'Mude Gunpf AG', 'ERP-45020', 'Bronze', 'DACH', 'Technology', 'https://budig.net/', 'Mellrichstadt', 'Bolivien', 'ACC-1072'),
  ('001000000000073', 'Paffrath Stiftung & Co. KG', 'ERP-19632', 'Bronze', 'Nordics', 'Healthcare', 'http://noack.de/', 'Diepholz', 'Osttimor', 'ACC-1073'),
  ('001000000000074', 'Patberg AG', 'ERP-93271', 'Gold', 'Benelux', 'Finance', 'http://butte.de/', 'Rottweil', 'Falklandinseln', 'ACC-1074'),
  ('001000000000075', 'Preiß GmbH', 'ERP-20760', 'Gold', 'DACH', 'Technology', 'https://www.schottin.com/', 'Gadebusch', 'Indonesien', 'ACC-1075'),
  ('001000000000076', 'Zorbach GmbH', 'ERP-68770', 'Platinum', 'Southern Europe', 'Finance', 'https://www.junk.net/', 'Calau', 'Taiwan', 'ACC-1076'),
  ('001000000000077', 'Spieß Klemt KG', 'ERP-75729', 'Platinum', 'Southern Europe', 'Finance', 'http://geisler.com/', 'Zossen', 'Gabun', 'ACC-1077'),
  ('001000000000078', 'Holzapfel AG & Co. OHG', 'ERP-74858', 'Bronze', 'DACH', 'Healthcare', 'https://www.maelzer.net/', 'Freital', 'Syrien', 'ACC-1078'),
  ('001000000000079', 'Noack AG & Co. KGaA', 'ERP-64930', 'Bronze', 'UK', 'Finance', 'https://ullmann.de/', 'Pegnitz', 'Bangladesch', 'ACC-1079'),
  ('001000000000080', 'Holzapfel', 'ERP-95518', 'Platinum', 'Southern Europe', 'Technology', 'https://ehlert.com/', 'Jüterbog', 'Vietnam', 'ACC-1080');

INSERT INTO "Contact" (Id, FirstName, LastName, Email, Phone, Title, Role__c, Preferred_Language__c, AccountId, Legacy_Contact_ID__c) VALUES
  ('003000000000001', 'Gretchen', 'Graf', 'uli07@example.net', '+495356343220', 'Forstwirt', 'Technical Contact', 'EN', '001000000000001', 'CON-00001'),
  ('003000000000002', 'Cengiz', 'Wiek', 'tspeer@example.org', '+498954118355', 'Bankkaufmann', 'Technical Contact', 'EN', '001000000000002', 'CON-00002'),
  ('003000000000003', 'Elma', 'Reichmann', 'hagenkambs@example.org', '+492693968324', 'Artist', 'Technical Contact', 'DE', '001000000000003', 'CON-00003'),
  ('003000000000004', 'Ursel', 'Blümel', 'evelyneauch-schlauchin@example.com', '+490780278053', 'Arzt', 'Technical Contact', 'EN', '001000000000003', 'CON-00004'),
  ('003000000000005', 'Annegrete', 'Zahn', 'fiebigpatric@example.org', '+494137397348', 'Pfleger', 'Technical Contact', 'FR', '001000000000003', 'CON-00005'),
  ('003000000000006', 'Slavko', 'Beer', 'hannotlustek@example.org', '+492723497776', 'Arzt', 'End User', 'FR', '001000000000004', 'CON-00006'),
  ('003000000000007', 'Janina', 'Bender', 'ludger97@example.com', '+493640788707', 'Krankenschwester', 'Executive Sponsor', 'EN', '001000000000004', 'CON-00007'),
  ('003000000000008', 'Hilma', 'Pölitz', 'bsager@example.org', '+492565306361', 'Polizist', 'Executive Sponsor', 'EN', '001000000000004', 'CON-00008'),
  ('003000000000009', 'Claudio', 'Gertz', 'julianeureuther@example.net', '+499657348874', 'Asphaltbauer', 'End User', 'EN', NULL, 'CON-00009'),
  ('003000000000010', 'Gerfried', 'Gertz', 'annette25@example.net', '+495314550827', 'Chemikant', 'End User', 'DE', '001000000000005', 'CON-00010'),
  ('003000000000011', 'Marlies', 'Gröttner', 'geislerluzia@example.net', '+497714893053', 'Forstwirt', 'Decision Maker', 'FR', '001000000000005', 'CON-00011'),
  ('003000000000012', 'Janet', 'Schlosser', 'muellerkarolina@example.org', '+492268192961', 'Elektroniker', 'Executive Sponsor', 'EN', '001000000000006', 'CON-00012'),
  ('003000000000013', 'Grete', 'Lange', 'mechthildegertz@example.org', '+495769252840', 'Schornsteinfeger', 'Technical Contact', 'FR', '001000000000007', 'CON-00013'),
  ('003000000000014', 'Günter', 'Mülichen', 'wkallert@example.org', '+498892888438', 'Florist', 'Decision Maker', 'EN', '001000000000008', 'CON-00014'),
  ('003000000000015', 'Herta', 'Freudenberger', 'jhamann@example.org', '+497075014355', 'Ausbaufacharbeiter', 'End User', 'DE', '001000000000009', 'CON-00015'),
  ('003000000000016', 'Ayten', 'Bolander', 'johanneboerner@example.org', '+498496307093', 'Krankenschwester', 'Technical Contact', 'FR', '001000000000009', 'CON-00016'),
  ('003000000000017', 'Danny', 'Knappe', 'juettnerharry@example.net', '+493979028325', 'Drogist', 'Decision Maker', 'FR', NULL, 'CON-00017'),
  ('003000000000018', 'Etta', 'Barth', 'osmanpaertzelt@example.net', '+493558128873', 'Ausbaufacharbeiter', 'Decision Maker', 'DE', '001000000000010', 'CON-00018'),
  ('003000000000019', 'Thomas', 'Heinrich', 'anni91@example.com', '+492380586724', 'Mechaniker', 'End User', 'FR', '001000000000011', 'CON-00019'),
  ('003000000000020', 'Valerie', 'Bloch', 'lwesack@example.com', '+497772873444', 'Ausbaufacharbeiter', 'End User', 'EN', '001000000000011', 'CON-00020'),
  ('003000000000021', 'Horst', 'Eberth', 'fedor14@example.net', '+496170690103', 'Medizininformatiker', 'Decision Maker', 'FR', '001000000000011', 'CON-00021'),
  ('003000000000022', 'Marianna', 'Schmidt', 'ymans@example.com', '+499099330540', 'Designer', 'Executive Sponsor', 'FR', NULL, 'CON-00022'),
  ('003000000000023', 'Erika', 'Hettner', 'soenke37@example.org', '+492387609234', 'Fleischer', 'Executive Sponsor', 'DE', '001000000000013', 'CON-00023'),
  ('003000000000024', 'Meryem', 'Junken', 'christophemmy@example.net', '+491710423066', 'Forstwirt', 'Technical Contact', 'FR', '001000000000014', 'CON-00024'),
  ('003000000000025', 'Augusta', 'Kreusel', 'junkenvioletta@example.net', '+493753365968', 'Drogist', 'End User', 'DE', NULL, 'CON-00025'),
  ('003000000000026', 'Tassilo', 'Schmiedt', 'ruppertclaire@example.com', '+498936115990', 'Arzt', 'Decision Maker', 'DE', '001000000000015', 'CON-00026'),
  ('003000000000027', 'Gero', 'Rosenow', 'vadim65@example.net', '+494493198004', 'Chemikant', 'End User', 'DE', '001000000000015', 'CON-00027'),
  ('003000000000028', 'Heide-Marie', 'Klingelhöfer', 'shecker@example.com', '+492086033313', 'Artist', 'End User', 'DE', '001000000000016', 'CON-00028'),
  ('003000000000029', 'Arndt', 'Schuster', 'heuseranne@example.org', '+496141402489', 'Erzieher', 'Technical Contact', 'DE', '001000000000016', 'CON-00029'),
  ('003000000000030', 'Mariusz', 'Rust', 'josiptaesche@example.com', '+499818175338', 'Forstwirt', 'Executive Sponsor', 'FR', '001000000000017', 'CON-00030'),
  ('003000000000031', 'Jörgen', 'Rust', 'muelichenzdravko@example.com', '+494063536102', 'Drogist', 'Executive Sponsor', 'EN', '001000000000017', 'CON-00031'),
  ('003000000000032', 'Kristiane', 'Wende', 'felizitas00@example.com', '+490695420712', 'Asphaltbauer', 'Technical Contact', 'FR', NULL, 'CON-00032'),
  ('003000000000033', 'Norbert', 'Zahn', 'riehlistvan@example.org', '+490673147311', 'Medizininformatiker', 'Decision Maker', 'EN', '001000000000018', 'CON-00033'),
  ('003000000000034', 'Julius', 'Otto', 'nataligierschner@example.com', '+498893843775', 'Techniker', 'Decision Maker', 'DE', '001000000000019', 'CON-00034'),
  ('003000000000035', 'Urszula', 'Mülichen', 'rosalia82@example.org', '+496150932844', 'Krankenschwester', 'Decision Maker', 'DE', '001000000000020', 'CON-00035'),
  ('003000000000036', 'Christoph', 'Mülichen', 'esorgatz@example.com', '+497352568275', 'Pfleger', 'End User', 'FR', '001000000000021', 'CON-00036'),
  ('003000000000037', 'Gordon', 'Jähn', 'cdoerschner@example.net', '+494145904423', 'Schornsteinfeger', 'End User', 'FR', '001000000000022', 'CON-00037'),
  ('003000000000038', 'Albert', 'Schaaf', 'girschnerreinhart@example.net', '+493334360869', 'Programmierer', 'Decision Maker', 'FR', '001000000000022', 'CON-00038'),
  ('003000000000039', 'Gerlind', 'Gutknecht', 'reuteranne-rose@example.net', '+490725537281', 'Polizist', 'Decision Maker', 'DE', '001000000000023', 'CON-00039'),
  ('003000000000040', 'Hans-Henning', 'Fiebig', 'heinz-ottowohlgemut@example.org', '+498792145570', 'Mechaniker', 'Technical Contact', 'EN', '001000000000023', 'CON-00040'),
  ('003000000000041', 'Sonia', 'Junken', 'heinz-guenterkeudel@example.net', '+494641119325', 'Forstwirt', 'End User', 'FR', '001000000000023', 'CON-00041'),
  ('003000000000042', 'Jeannine', 'Jüttner', 'henry89@example.org', '+492950712518', 'Krankenschwester', 'Decision Maker', 'FR', '001000000000024', 'CON-00042'),
  ('003000000000043', 'Fabian', 'Ziegert', 'siegried91@example.net', '+490607449740', 'Schornsteinfeger', 'End User', 'DE', '001000000000025', 'CON-00043'),
  ('003000000000044', 'Antonios', 'Ebert', 'jackermann@example.net', '+499608962791', 'Florist', 'Executive Sponsor', 'EN', '001000000000025', 'CON-00044'),
  ('003000000000045', 'Antonios', 'Ziegert', 'stephangehringer@example.net', '+492582220234', 'Mechaniker', 'Technical Contact', 'FR', '001000000000026', 'CON-00045'),
  ('003000000000046', 'Dorothee', 'Wende', 'ritterhans-j@example.com', '+491993223686', 'Erzieher', 'Decision Maker', 'EN', '001000000000027', 'CON-00046'),
  ('003000000000047', 'Luzie', 'Hahn', 'klappthaddaeus@example.org', '+497463212131', 'Fachinformatiker', 'End User', 'DE', '001000000000027', 'CON-00047'),
  ('003000000000048', 'Eckhart', 'Zahn', 'koch-iimaximilian@example.net', '+499053815335', 'Koreanistiker', 'Decision Maker', 'EN', '001000000000027', 'CON-00048'),
  ('003000000000049', 'Ellen', 'Haase', 'luisa10@example.org', '+491489177386', 'Artist', 'Decision Maker', 'FR', '001000000000028', 'CON-00049'),
  ('003000000000050', 'Flora', 'Eberth', 'traudelhaering@example.net', '+494018421432', 'Koreanistiker', 'Executive Sponsor', 'FR', '001000000000028', 'CON-00050'),
  ('003000000000051', 'Berit', 'Käster', 'ottopaola@example.org', '+496692563734', 'Florist', 'Executive Sponsor', 'EN', '001000000000028', 'CON-00051'),
  ('003000000000052', 'Mehmet', 'Herrmann', 'seifertnadia@example.com', '+490154058631', 'Forstwirt', 'Technical Contact', 'FR', '001000000000029', 'CON-00052'),
  ('003000000000053', 'Sibel', 'Wilmsen', 'vputz@example.net', '+499979576529', 'Techniker', 'Executive Sponsor', 'EN', '001000000000029', 'CON-00053'),
  ('003000000000054', 'Anna', 'Lange', 'josefinehaering@example.net', '+496500481033', 'Bankkaufmann', 'End User', 'EN', '001000000000029', 'CON-00054'),
  ('003000000000055', 'Monica', 'Wagner', 'nhoerle@example.org', '+499407774934', 'Medizininformatiker', 'Technical Contact', 'EN', '001000000000030', 'CON-00055'),
  ('003000000000056', 'Franca', 'Bloch', 'binnerhans-theo@example.com', '+497900833572', 'Friseur', 'Decision Maker', 'DE', '001000000000030', 'CON-00056'),
  ('003000000000057', 'Jolanda', 'Bachmann', 'zdenka06@example.com', '+498217767417', 'Schornsteinfeger', 'Technical Contact', 'EN', '001000000000031', 'CON-00057'),
  ('003000000000058', 'Henni', 'Wohlgemut', 'kristin08@example.org', '+492480268095', 'Drogist', 'Decision Maker', 'FR', '001000000000032', 'CON-00058'),
  ('003000000000059', 'Frauke', 'Jacobi Jäckel', 'ckaester@example.org', '+496823332692', 'Bankkaufmann', 'End User', 'FR', NULL, 'CON-00059'),
  ('003000000000060', 'Wiltrud', 'Blümel', 'annamaria11@example.com', '+495389357491', 'Binnenschiffer', 'Technical Contact', 'EN', '001000000000033', 'CON-00060'),
  ('003000000000061', 'Dunja', 'Renner', 'mcichorius@example.net', '+492014262060', 'Programmierer', 'Executive Sponsor', 'DE', NULL, 'CON-00061'),
  ('003000000000062', 'Georg', 'Speer', 'hilde80@example.org', '+499380572330', 'Polizist', 'End User', 'EN', '001000000000034', 'CON-00062'),
  ('003000000000063', 'Claire', 'Cichorius', 'wilmsmariana@example.net', '+494100930232', 'Florist', 'Decision Maker', 'EN', '001000000000034', 'CON-00063'),
  ('003000000000064', 'Bertha', 'Binner', 'bauerfrieder@example.com', '+495417544688', 'Artist', 'Decision Maker', 'FR', NULL, 'CON-00064'),
  ('003000000000065', 'Erica', 'Mälzer', 'nadinpohl@example.com', '+493886174327', 'Programmierer', 'Technical Contact', 'DE', '001000000000035', 'CON-00065'),
  ('003000000000066', 'Martine', 'Staude', 'lorenzo22@example.net', '+490845065088', 'Chirurgiemechaniker', 'Technical Contact', 'FR', NULL, 'CON-00066'),
  ('003000000000067', 'Waltrud', 'Zirme', 'pergandetheresia@example.com', '+498337502415', 'Ausbaufacharbeiter', 'Decision Maker', 'FR', '001000000000037', 'CON-00067'),
  ('003000000000068', 'Hans-Dietrich', 'Reinhardt', 'hans-joachimgeissler@example.com', '+490271398855', 'Chemikant', 'Decision Maker', 'EN', '001000000000037', 'CON-00068'),
  ('003000000000069', 'Jurij', 'Haering', 'budigsvenja@example.org', '+492608914102', 'Fleischer', 'Decision Maker', 'DE', '001000000000037', 'CON-00069'),
  ('003000000000070', 'Jolanda', 'Hethur', 'dietzreinhardt@example.net', '+498765542292', 'Binnenschiffer', 'Decision Maker', 'DE', '001000000000038', 'CON-00070'),
  ('003000000000071', 'Hasan', 'Hesse', 'mpaertzelt@example.org', '+492327282901', 'Schornsteinfeger', 'Executive Sponsor', 'DE', NULL, 'CON-00071'),
  ('003000000000072', 'Boris', 'Pergande', 'annelies07@example.com', '+491642689334', 'Artist', 'Technical Contact', 'DE', '001000000000039', 'CON-00072'),
  ('003000000000073', 'Edgar', 'Häring', 'bonbachrichard@example.net', '+496080106813', 'Schornsteinfeger', 'Decision Maker', 'EN', '001000000000040', 'CON-00073'),
  ('003000000000074', 'Frederike', 'Fechner', 'dsaeuberlich@example.org', '+497122254669', 'Chirurgiemechaniker', 'Executive Sponsor', 'FR', '001000000000040', 'CON-00074'),
  ('003000000000075', 'Swantje', 'Löchel', 'katarinaklingelhoefer@example.com', '+494629897436', 'Mechaniker', 'Decision Maker', 'FR', '001000000000040', 'CON-00075'),
  ('003000000000076', 'Romuald', 'Girschner', 'gdippel@example.com', '+495292304422', 'Medizininformatiker', 'End User', 'EN', '001000000000041', 'CON-00076'),
  ('003000000000077', 'Lorenzo', 'Henck', 'hans-j65@example.com', '+495826471005', 'Polizist', 'Decision Maker', 'DE', '001000000000041', 'CON-00077'),
  ('003000000000078', 'Hartwig', 'Beier', 'helma29@example.org', '+494825377543', 'Forstwirt', 'Technical Contact', 'EN', NULL, 'CON-00078'),
  ('003000000000079', 'Max', 'Rogner', 'hans-eberhard21@example.org', '+496527135535', 'Chemikant', 'Executive Sponsor', 'DE', '001000000000042', 'CON-00079'),
  ('003000000000080', 'Traude', 'Becker', 'ehoelzenbecher@example.org', '+494470636367', 'Asphaltbauer', 'Decision Maker', 'EN', '001000000000043', 'CON-00080'),
  ('003000000000081', 'Marvin', 'Mohaupt', 'kathi41@example.net', '+499604805391', 'Forstwirt', 'Decision Maker', 'DE', NULL, 'CON-00081'),
  ('003000000000082', 'Hans-J.', 'Mentzel', 'helmtrudthies@example.com', '+494006032922', 'Krankenschwester', 'Technical Contact', 'EN', '001000000000044', 'CON-00082'),
  ('003000000000083', 'Jasmina', 'Patberg', 'juergen34@example.net', '+490234378845', 'Medizininformatiker', 'Decision Maker', 'EN', NULL, 'CON-00083'),
  ('003000000000084', 'Waldemar', 'Börner', 'langemike@example.org', '+494608693772', 'Fachinformatiker', 'Executive Sponsor', 'FR', '001000000000045', 'CON-00084'),
  ('003000000000085', 'Erica', 'Roskoth', 'nicolas35@example.org', '+494704617359', 'Asphaltbauer', 'End User', 'FR', '001000000000046', 'CON-00085'),
  ('003000000000086', 'Aleksej', 'Kusch', 'iwona44@example.com', '+491829142611', 'Elektroniker', 'End User', 'FR', '001000000000047', 'CON-00086'),
  ('003000000000087', 'Gertrude', 'Dietz', 'bgunpf@example.com', '+492735594405', 'Schornsteinfeger', 'End User', 'EN', '001000000000048', 'CON-00087'),
  ('003000000000088', 'Bernward', 'Hesse', 'beckmannchristina@example.com', '+494308757296', 'Schornsteinfeger', 'Executive Sponsor', 'FR', '001000000000048', 'CON-00088'),
  ('003000000000089', 'Gabi', 'Hahn', 'schwitalkarina@example.com', '+495691463439', 'Ausbaufacharbeiter', 'End User', 'EN', NULL, 'CON-00089'),
  ('003000000000090', 'Ricardo', 'Schuster', 'marten40@example.org', '+492865807154', 'Augenoptiker', 'Decision Maker', 'FR', '001000000000049', 'CON-00090'),
  ('003000000000091', 'Karen', 'Faust', 'hans-erichscholz@example.org', '+496130223042', 'Altenpfleger', 'Executive Sponsor', 'DE', '001000000000050', 'CON-00091'),
  ('003000000000092', 'Gertrud', 'Gieß', 'jaentschlia@example.org', '+492928643211', 'Fachinformatiker', 'Technical Contact', 'FR', '001000000000050', 'CON-00092'),
  ('003000000000093', 'Karl-Dieter', 'Stahr', 'hassan78@example.net', '+495764737088', 'Programmierer', 'End User', 'EN', NULL, 'CON-00093'),
  ('003000000000094', 'Sandor', 'Vogt', 'josefinebriemer@example.net', '+492920443368', 'Fleischer', 'End User', 'FR', '001000000000051', 'CON-00094'),
  ('003000000000095', 'Slawomir', 'Ruppert', 'awiek@example.net', '+493979976694', 'Drogist', 'End User', 'FR', '001000000000051', 'CON-00095'),
  ('003000000000096', 'Anni', 'Bonbach', 'knette@example.org', '+492763325304', 'Erzieher', 'Decision Maker', 'DE', '001000000000052', 'CON-00096'),
  ('003000000000097', 'Erik', 'Mentzel', 'volker04@example.com', '+499496291718', 'Elektroniker', 'Technical Contact', 'DE', '001000000000053', 'CON-00097'),
  ('003000000000098', 'Rosalinde', 'Hande', 'waldtraut93@example.net', '+495655480318', 'Beamter', 'Decision Maker', 'FR', NULL, 'CON-00098'),
  ('003000000000099', 'Leif', 'Fiebig', 'ellinorbolnbach@example.net', '+491911882579', 'Pfleger', 'End User', 'FR', '001000000000054', 'CON-00099'),
  ('003000000000100', 'Franz-Josef', 'Franke', 'boernerjohanne@example.net', '+493744525328', 'Friseur', 'Decision Maker', 'FR', '001000000000054', 'CON-00100'),
  ('003000000000101', 'Marek', 'Sauer', 'aennehaering@example.com', '+497423073049', 'Florist', 'Executive Sponsor', 'FR', '001000000000055', 'CON-00101'),
  ('003000000000102', 'Lilo', 'Schleich', 'abdullah55@example.org', '+490754160976', 'Pfleger', 'Decision Maker', 'DE', '001000000000055', 'CON-00102'),
  ('003000000000103', 'Ivanka', 'Köhler', 'hans-rudolf08@example.com', '+495384208407', 'Arzt', 'Decision Maker', 'DE', '001000000000056', 'CON-00103'),
  ('003000000000104', 'Steffen', 'Gutknecht', 'danielleladeck@example.org', '+499953434935', 'Forstwirt', 'Decision Maker', 'FR', '001000000000056', 'CON-00104'),
  ('003000000000105', 'Roderich', 'Sorgatz', 'rolf-dieter91@example.com', '+494485835650', 'Erzieher', 'Technical Contact', 'DE', '001000000000057', 'CON-00105'),
  ('003000000000106', 'Karlfried', 'Baum', 'henrik91@example.net', '+493555053534', 'Chirurgiemechaniker', 'Technical Contact', 'FR', NULL, 'CON-00106'),
  ('003000000000107', 'Gilda', 'Mende', 'gkiller@example.org', '+495749974068', 'Ausbaufacharbeiter', 'Decision Maker', 'DE', NULL, 'CON-00107'),
  ('003000000000108', 'Tony', 'Freudenberger', 'kuno48@example.net', '+494086659560', 'Mechaniker', 'End User', 'FR', '001000000000059', 'CON-00108'),
  ('003000000000109', 'Augustin', 'Schulz', 'heinrichfriedl@example.net', '+495581014695', 'Binnenschiffer', 'Decision Maker', 'DE', '001000000000060', 'CON-00109'),
  ('003000000000110', 'Hans Jörg', 'Weimer', 'hans-josefbolander@example.com', '+491483709733', 'Mathematiker', 'End User', 'DE', '001000000000060', 'CON-00110'),
  ('003000000000111', 'Anka', 'Kraushaar', 'claratintzmann@example.org', '+497289236058', 'Friseur', 'End User', 'DE', '001000000000060', 'CON-00111'),
  ('003000000000112', 'Annemie', 'Austermühle', 'fredochristoph@example.org', '+498942803318', 'Mechaniker', 'Decision Maker', 'DE', '001000000000061', 'CON-00112'),
  ('003000000000113', 'Salvatore', 'Sölzer', 'timjunken@example.com', '+494473124554', 'Florist', 'Technical Contact', 'EN', '001000000000062', 'CON-00113'),
  ('003000000000114', 'Stephanie', 'Ritter', 'egutknecht@example.org', '+493227461242', 'Koreanistiker', 'Technical Contact', 'EN', NULL, 'CON-00114'),
  ('003000000000115', 'Ljubica', 'Stolze', 'annedoreeigenwillig@example.net', '+496505226302', 'Chirurgiemechaniker', 'Decision Maker', 'DE', '001000000000064', 'CON-00115'),
  ('003000000000116', 'Hans-Jörg', 'Hartung', 'jesselsabina@example.com', '+492707144102', 'Mechaniker', 'End User', 'DE', '001000000000064', 'CON-00116'),
  ('003000000000117', 'Doris', 'Nerger', 'georgescheibe@example.org', '+492889720809', 'Pilot', 'Executive Sponsor', 'FR', '001000000000065', 'CON-00117'),
  ('003000000000118', 'Resi', 'Haase', 'nluebs@example.com', '+498199527725', 'Bäcker', 'Executive Sponsor', 'DE', '001000000000065', 'CON-00118'),
  ('003000000000119', 'Marija', 'Ladeck', 'adlergerold@example.com', '+494641359791', 'Erzieher', 'Technical Contact', 'EN', '001000000000066', 'CON-00119'),
  ('003000000000120', 'Klothilde', 'Becker', 'francescojohann@example.org', '+494674141596', 'Fleischer', 'End User', 'DE', '001000000000066', 'CON-00120'),
  ('003000000000121', 'Emma', 'Höfig', 'silja95@example.org', '+495499017124', 'Koreanistiker', 'Decision Maker', 'EN', NULL, 'CON-00121'),
  ('003000000000122', 'Diedrich', 'Schüler', 'christinabolnbach@example.com', '+498937536361', 'Winzer', 'Executive Sponsor', 'DE', '001000000000067', 'CON-00122'),
  ('003000000000123', 'Mahmoud', 'Kusch', 'tintzmannarif@example.net', '+498000677925', 'Informatiker', 'Decision Maker', 'EN', '001000000000067', 'CON-00123'),
  ('003000000000124', 'Theodora', 'Dörschner', 'janusz80@example.org', '+497340582938', 'Winzer', 'Executive Sponsor', 'EN', '001000000000068', 'CON-00124'),
  ('003000000000125', 'Heidemarie', 'Dörr', 'phoelzenbecher@example.org', '+492687823485', 'Bäcker', 'Executive Sponsor', 'DE', NULL, 'CON-00125'),
  ('003000000000126', 'Irmtraud', 'Freudenberger', 'peukertmaya@example.net', '+493236648072', 'Programmierer', 'Decision Maker', 'EN', '001000000000069', 'CON-00126'),
  ('003000000000127', 'Natalia', 'Tintzmann', 'groskoth@example.org', '+492627448146', 'Ausbaufacharbeiter', 'Executive Sponsor', 'FR', '001000000000070', 'CON-00127'),
  ('003000000000128', 'Irmtraud', 'Herrmann', 'lonimangold@example.com', '+493615310834', 'Techniker', 'End User', 'FR', '001000000000071', 'CON-00128'),
  ('003000000000129', 'Annegret', 'Meister', 'paologroettner@example.org', '+493355292532', 'Pilot', 'Technical Contact', 'DE', '001000000000071', 'CON-00129'),
  ('003000000000130', 'Janine', 'Haering', 'qschomber@example.org', '+497497707634', 'Artist', 'Technical Contact', 'DE', '001000000000071', 'CON-00130'),
  ('003000000000131', 'Elzbieta', 'Steuer', 'bhaering@example.com', '+499346733038', 'Chirurgiemechaniker', 'Technical Contact', 'DE', '001000000000072', 'CON-00131'),
  ('003000000000132', 'Vinko', 'Karge', 'foersterandres@example.net', '+497431800153', 'Florist', 'Executive Sponsor', 'EN', '001000000000072', 'CON-00132'),
  ('003000000000133', 'Athanasios', 'Scheuermann', 'stumpfliane@example.com', '+496671251633', 'Krankenschwester', 'Executive Sponsor', 'DE', '001000000000072', 'CON-00133'),
  ('003000000000134', 'Dorit', 'Stiffel', 'dkade@example.net', '+499271716171', 'Asphaltbauer', 'Technical Contact', 'DE', '001000000000073', 'CON-00134'),
  ('003000000000135', 'Milka', 'Pärtzelt', 'wagnerosman@example.org', '+498362089148', 'Fleischer', 'Decision Maker', 'DE', '001000000000073', 'CON-00135'),
  ('003000000000136', 'Leander', 'Birnbaum', 'karinbirnbaum@example.net', '+496948101031', 'Krankenschwester', 'Executive Sponsor', 'EN', '001000000000074', 'CON-00136'),
  ('003000000000137', 'Elenore', 'Schönland', 'fhoffmann@example.net', '+497081396613', 'Mathematiker', 'Decision Maker', 'EN', NULL, 'CON-00137'),
  ('003000000000138', 'Elsbeth', 'Steckel', 'klaus-peterhamann@example.com', '+492811495377', 'Erzieher', 'Decision Maker', 'DE', '001000000000075', 'CON-00138'),
  ('003000000000139', 'Reinhilde', 'Jessel', 'nikolai50@example.com', '+495525817317', 'Winzer', 'End User', 'DE', NULL, 'CON-00139'),
  ('003000000000140', 'Katarina', 'Ladeck', 'genoveva83@example.com', '+493968861272', 'Mathematiker', 'Executive Sponsor', 'FR', '001000000000076', 'CON-00140'),
  ('003000000000141', 'Gitta', 'Hein', 'eigenwilligmathilde@example.com', '+492691481597', 'Informatiker', 'End User', 'FR', '001000000000076', 'CON-00141'),
  ('003000000000142', 'Karen', 'Wagner', 'gundel50@example.net', '+492839299684', 'Informatiker', 'End User', 'FR', '001000000000076', 'CON-00142'),
  ('003000000000143', 'Burkard', 'Bärer', 'peter-michaelhenk@example.com', '+496601876860', 'Bankkaufmann', 'Executive Sponsor', 'FR', '001000000000077', 'CON-00143'),
  ('003000000000144', 'Urban', 'Heuser', 'klemmmagarete@example.net', '+499975464119', 'Arzt', 'End User', 'FR', '001000000000077', 'CON-00144'),
  ('003000000000145', 'Ayse', 'Kraushaar', 'alban68@example.org', '+494496076958', 'Binnenschiffer', 'Technical Contact', 'EN', '001000000000077', 'CON-00145'),
  ('003000000000146', 'Marit', 'Keudel', 'brian86@example.com', '+497320222509', 'Mathematiker', 'Decision Maker', 'DE', '001000000000078', 'CON-00146'),
  ('003000000000147', 'Birgitt', 'Biggen', 'sbenthin@example.com', '+494953022805', 'Erzieher', 'Decision Maker', 'EN', '001000000000078', 'CON-00147'),
  ('003000000000148', 'Gerlind', 'Stroh', 'nurettin81@example.org', '+497286555946', 'Ausbaufacharbeiter', 'End User', 'EN', '001000000000078', 'CON-00148'),
  ('003000000000149', 'Viktoria', 'Ruppersberger', 'sigismund95@example.net', '+492395692501', 'Binnenschiffer', 'Technical Contact', 'FR', '001000000000079', 'CON-00149'),
  ('003000000000150', 'James', 'Riehl', 'margitdietz@example.net', '+490191858549', 'Elektroniker', 'Decision Maker', 'FR', NULL, 'CON-00150'),
  ('003000000000151', 'Hans-Peter', 'Stadelmann', 'mbaum@example.com', '+493990418202', 'Fachinformatiker', 'End User', 'DE', '001000000000080', 'CON-00151'),
  ('003000000000152', 'Hiltrud', 'Nerger', 'klaudiafinke@example.org', '+495636719826', 'Binnenschiffer', 'Executive Sponsor', 'DE', NULL, 'CON-00152');

INSERT INTO "Opportunity" (Id, Name, StageName, CloseDate, Amount, CurrencyIsoCode, AccountId, Legacy_Opportunity_ID__c) VALUES
  ('006000000000001', 'Scale B2C E-Tailers', 'Prospecting', '2026-11-12', 402554.07, 'EUR', '001000000000001', 'OPP-00001'),
  ('006000000000002', 'Facilitate Strategic Functionalities', 'Closed Lost', '2025-09-06', 438779.98, 'USD', '001000000000001', 'OPP-00002'),
  ('006000000000003', 'Integrate Magnetic Deliverables', 'Qualification', '2027-05-03', 78800.97, 'GBP', '001000000000001', 'OPP-00003'),
  ('006000000000004', 'Re-Intermediate Back-End Eyeballs', 'Qualification', '2027-06-11', 11681.39, 'GBP', '001000000000001', 'OPP-00004'),
  ('006000000000005', 'Whiteboard Vertical Functionalities', 'Prospecting', '2026-02-13', 140387.52, 'CHF', '001000000000002', 'OPP-00005'),
  ('006000000000006', 'Architect One-To-One Users', 'Closed Won', '2026-07-04', 429583.37, 'CHF', '001000000000002', 'OPP-00006'),
  ('006000000000007', 'Envisioneer Turn-Key Bandwidth', 'Qualification', '2025-02-12', 455715.76, 'CHF', '001000000000002', 'OPP-00007'),
  ('006000000000008', 'Envisioneer Ubiquitous Experiences', 'Closed Won', '2026-05-17', 42553.1, 'CHF', '001000000000002', 'OPP-00008'),
  ('006000000000009', 'Transform Granular Content', 'Prospecting', '2025-03-06', 37739.51, 'EUR', '001000000000003', 'OPP-00009'),
  ('006000000000010', 'Transition Out-Of-The-Box Portals', 'Qualification', '2025-07-04', 18693.91, 'GBP', '001000000000003', 'OPP-00010'),
  ('006000000000011', 'Unleash Real-Time E-Markets', 'Qualification', '2025-03-17', 403097.29, 'EUR', '001000000000003', 'OPP-00011'),
  ('006000000000012', 'Reinvent Compelling Niches', 'Qualification', '2025-02-03', 268765.47, 'USD', '001000000000003', 'OPP-00012'),
  ('006000000000013', 'Innovate Mission-Critical Eyeballs', 'Closed Lost', '2025-09-11', 456327.92, 'EUR', '001000000000004', 'OPP-00013'),
  ('006000000000014', 'Leverage Turn-Key Portals', 'Qualification', '2026-07-06', 481531.87, 'CHF', '001000000000004', 'OPP-00014'),
  ('006000000000015', 'Synergize Synergistic Paradigms', 'Prospecting', '2024-10-13', 180536.8, 'CHF', '001000000000005', 'OPP-00015'),
  ('006000000000016', 'Enable Next-Generation E-Tailers', 'Closed Lost', '2025-06-30', 359890.56, 'GBP', '001000000000005', 'OPP-00016'),
  ('006000000000017', 'Reinvent Transparent Solutions', 'Closed Lost', '2027-04-27', 428518.08, 'GBP', '001000000000005', 'OPP-00017'),
  ('006000000000018', 'Orchestrate Holistic Synergies', 'Closed Won', '2024-09-22', 363299.83, 'CHF', '001000000000005', 'OPP-00018'),
  ('006000000000019', 'Optimize Distributed Content', 'Qualification', '2025-11-22', 352818.89, 'CHF', '001000000000006', 'OPP-00019'),
  ('006000000000020', 'Implement B2C Bandwidth', 'Closed Won', '2024-10-12', 417553.37, 'CHF', '001000000000006', 'OPP-00020'),
  ('006000000000021', 'Brand Virtual Users', 'Closed Won', '2026-11-13', 465311.41, 'USD', '001000000000006', 'OPP-00021'),
  ('006000000000022', 'Incubate Visionary Channels', 'Closed Won', '2026-07-29', 33845.18, 'GBP', '001000000000007', 'OPP-00022'),
  ('006000000000023', 'Utilize Holistic Communities', 'Closed Won', '2024-08-07', 281538.59, 'USD', '001000000000007', 'OPP-00023'),
  ('006000000000024', 'Unleash One-To-One Applications', 'Closed Lost', '2027-06-23', 151624.22, 'USD', '001000000000007', 'OPP-00024'),
  ('006000000000025', 'Generate Frictionless Bandwidth', 'Prospecting', '2026-04-22', 13000.65, 'GBP', '001000000000008', 'OPP-00025'),
  ('006000000000026', 'Drive Global Supply-Chains', 'Prospecting', '2025-12-17', 361896.9, 'USD', '001000000000008', 'OPP-00026'),
  ('006000000000027', 'Reinvent Turn-Key Convergence', 'Closed Won', '2026-08-25', 70579.98, 'EUR', '001000000000008', 'OPP-00027'),
  ('006000000000028', 'Synergize Back-End Initiatives', 'Closed Lost', '2025-05-25', 179299.74, 'EUR', '001000000000008', 'OPP-00028'),
  ('006000000000029', 'Re-Intermediate Compelling Metrics', 'Closed Won', '2025-03-03', 147167.51, 'EUR', '001000000000009', 'OPP-00029'),
  ('006000000000030', 'Engage Robust Solutions', 'Qualification', '2027-03-14', 9679.78, 'EUR', '001000000000009', 'OPP-00030'),
  ('006000000000031', 'Engineer Distributed Architectures', 'Closed Won', '2025-01-18', 352414.35, 'USD', '001000000000009', 'OPP-00031'),
  ('006000000000032', 'Monetize One-To-One Content', 'Qualification', '2026-09-01', 232306.19, 'CHF', '001000000000010', 'OPP-00032'),
  ('006000000000033', 'Harness Impactful Partnerships', 'Closed Won', '2024-11-13', 211372.55, 'USD', '001000000000010', 'OPP-00033'),
  ('006000000000034', 'Transform User-Centric Supply-Chains', 'Qualification', '2026-11-27', 322749.39, 'CHF', '001000000000010', 'OPP-00034'),
  ('006000000000035', 'Maximize Value-Added Infrastructures', 'Closed Won', '2025-05-27', 480541.72, 'GBP', '001000000000011', 'OPP-00035'),
  ('006000000000036', 'Transform End-To-End Content', 'Qualification', '2027-02-04', 316219.51, 'EUR', '001000000000011', 'OPP-00036'),
  ('006000000000037', 'Redefine Visionary Paradigms', 'Closed Won', '2025-04-25', 145369.49, 'EUR', '001000000000012', 'OPP-00037'),
  ('006000000000038', 'Exploit 24/365 Bandwidth', 'Closed Won', '2026-01-13', 53317.89, 'GBP', '001000000000012', 'OPP-00038'),
  ('006000000000039', 'Synergize Interactive E-Commerce', 'Qualification', '2025-06-15', 133392.94, 'USD', '001000000000012', 'OPP-00039'),
  ('006000000000040', 'Benchmark Innovative Info-Mediaries', 'Closed Won', '2027-06-21', 130957.5, 'USD', '001000000000013', 'OPP-00040'),
  ('006000000000041', 'Deliver Proactive Synergies', 'Prospecting', '2026-12-15', 349750.1, 'CHF', '001000000000014', 'OPP-00041'),
  ('006000000000042', 'Strategize Holistic Info-Mediaries', 'Qualification', '2024-07-03', 329837.65, 'EUR', '001000000000014', 'OPP-00042'),
  ('006000000000043', 'Repurpose B2B Supply-Chains', 'Closed Lost', '2026-04-17', 224830.79, 'USD', '001000000000014', 'OPP-00043'),
  ('006000000000044', 'Engage Rich Supply-Chains', 'Closed Won', '2025-12-22', 464340.17, 'GBP', '001000000000014', 'OPP-00044'),
  ('006000000000045', 'Morph Clicks-And-Mortar Web Services', 'Qualification', '2025-12-06', 386980.63, 'EUR', '001000000000015', 'OPP-00045'),
  ('006000000000046', 'Harness Virtual Networks', 'Qualification', '2026-11-04', 335133.83, 'CHF', '001000000000015', 'OPP-00046'),
  ('006000000000047', 'Enable Extensible Interfaces', 'Prospecting', '2025-02-07', 32439.41, 'EUR', '001000000000015', 'OPP-00047'),
  ('006000000000048', 'Deploy Rich Schemas', 'Closed Won', '2025-01-25', 65637.23, 'CHF', '001000000000016', 'OPP-00048'),
  ('006000000000049', 'Incentivize Back-End Users', 'Closed Won', '2024-12-26', 130226.93, 'EUR', '001000000000016', 'OPP-00049'),
  ('006000000000050', 'Leverage Leading-Edge Infrastructures', 'Closed Lost', '2025-07-01', 332396.33, 'EUR', '001000000000016', 'OPP-00050'),
  ('006000000000051', 'Target Dynamic Methodologies', 'Closed Won', '2027-03-26', 390805.34, 'CHF', '001000000000017', 'OPP-00051'),
  ('006000000000052', 'Repurpose Dynamic Interfaces', 'Prospecting', '2025-01-17', 221781.03, 'EUR', '001000000000017', 'OPP-00052'),
  ('006000000000053', 'Monetize Robust Info-Mediaries', 'Qualification', '2025-09-07', 358212.03, 'CHF', '001000000000017', 'OPP-00053'),
  ('006000000000054', 'Iterate Back-End Interfaces', 'Prospecting', '2024-11-21', 39927.89, 'EUR', '001000000000018', 'OPP-00054'),
  ('006000000000055', 'Scale B2C Architectures', 'Prospecting', '2026-09-26', 121099.68, 'GBP', '001000000000019', 'OPP-00055'),
  ('006000000000056', 'Empower Real-Time Schemas', 'Prospecting', '2024-12-22', 202467.91, 'USD', '001000000000019', 'OPP-00056'),
  ('006000000000057', 'Exploit Efficient E-Commerce', 'Closed Won', '2026-08-14', 470760.08, 'EUR', '001000000000019', 'OPP-00057'),
  ('006000000000058', 'Morph Web-Enabled Channels', 'Closed Lost', '2026-11-16', 313917.83, 'USD', '001000000000020', 'OPP-00058'),
  ('006000000000059', 'Incentivize Cutting-Edge Infrastructures', 'Closed Won', '2027-05-02', 61451.52, 'USD', '001000000000020', 'OPP-00059'),
  ('006000000000060', 'Evolve Clicks-And-Mortar Users', 'Prospecting', '2025-06-21', 58801.84, 'GBP', '001000000000020', 'OPP-00060'),
  ('006000000000061', 'Envisioneer Killer Technologies', 'Prospecting', '2025-03-15', 98232.94, 'GBP', '001000000000020', 'OPP-00061'),
  ('006000000000062', 'Architect Web-Enabled Relationships', 'Qualification', '2024-11-04', 453148.97, 'USD', '001000000000021', 'OPP-00062'),
  ('006000000000063', 'Orchestrate End-To-End Convergence', 'Qualification', '2025-07-25', 6760.4, 'EUR', '001000000000021', 'OPP-00063'),
  ('006000000000064', 'Aggregate Efficient Synergies', 'Prospecting', '2025-03-26', 59982.27, 'EUR', '001000000000021', 'OPP-00064'),
  ('006000000000065', 'Grow Seamless E-Business', 'Qualification', '2026-09-01', 292539.88, 'CHF', '001000000000022', 'OPP-00065'),
  ('006000000000066', 'Exploit Holistic Web-Readiness', 'Qualification', '2025-11-30', 147575.83, 'USD', '001000000000023', 'OPP-00066'),
  ('006000000000067', 'Aggregate Extensible Portals', 'Qualification', '2025-12-17', 124178.54, 'USD', '001000000000024', 'OPP-00067'),
  ('006000000000068', 'Redefine Interactive Technologies', 'Closed Lost', '2024-12-30', 232809.96, 'EUR', '001000000000024', 'OPP-00068'),
  ('006000000000069', 'Architect Bleeding-Edge Synergies', 'Prospecting', '2025-08-15', 479603.65, 'CHF', '001000000000025', 'OPP-00069'),
  ('006000000000070', 'Architect Frictionless Architectures', 'Closed Lost', '2025-03-14', 455693.9, 'GBP', '001000000000025', 'OPP-00070'),
  ('006000000000071', 'Empower Killer Platforms', 'Closed Won', '2025-10-26', 319789.42, 'CHF', '001000000000025', 'OPP-00071'),
  ('006000000000072', 'Unleash Proactive Web-Readiness', 'Closed Lost', '2026-03-04', 29679.42, 'CHF', '001000000000025', 'OPP-00072'),
  ('006000000000073', 'Evolve Out-Of-The-Box E-Services', 'Qualification', '2027-05-01', 443659.05, 'CHF', '001000000000026', 'OPP-00073'),
  ('006000000000074', 'Extend Visionary Solutions', 'Closed Lost', '2026-07-12', 381364.9, 'USD', '001000000000026', 'OPP-00074'),
  ('006000000000075', 'Synergize Cutting-Edge Bandwidth', 'Qualification', '2026-12-23', 285796.04, 'GBP', '001000000000026', 'OPP-00075'),
  ('006000000000076', 'Seize 24/7 E-Commerce', 'Qualification', '2024-10-06', 311976.03, 'EUR', '001000000000026', 'OPP-00076'),
  ('006000000000077', 'Re-Contextualize User-Centric E-Tailers', 'Qualification', '2025-03-12', 378130.63, 'USD', '001000000000027', 'OPP-00077'),
  ('006000000000078', 'Enhance Viral Info-Mediaries', 'Prospecting', '2027-06-16', 51349.25, 'CHF', '001000000000027', 'OPP-00078'),
  ('006000000000079', 'Transform Transparent Platforms', 'Closed Lost', '2024-10-29', 285894.9, 'EUR', '001000000000027', 'OPP-00079'),
  ('006000000000080', 'Morph Proactive Web-Readiness', 'Closed Lost', '2025-10-28', 339885.7, 'CHF', '001000000000028', 'OPP-00080'),
  ('006000000000081', 'Deploy Viral Paradigms', 'Closed Won', '2026-01-27', 385061.19, 'EUR', '001000000000028', 'OPP-00081'),
  ('006000000000082', 'Benchmark Sticky Niches', 'Closed Won', '2026-03-06', 444279.52, 'GBP', '001000000000029', 'OPP-00082'),
  ('006000000000083', 'E-Enable Customized Convergence', 'Closed Lost', '2026-01-09', 259020.07, 'EUR', '001000000000029', 'OPP-00083'),
  ('006000000000084', 'Morph Sticky Paradigms', 'Prospecting', '2025-08-29', 431077.65, 'GBP', '001000000000029', 'OPP-00084'),
  ('006000000000085', 'Streamline Interactive Initiatives', 'Closed Lost', '2024-10-25', 367782.67, 'USD', '001000000000029', 'OPP-00085'),
  ('006000000000086', 'Leverage Robust E-Markets', 'Qualification', '2026-08-15', 77365.12, 'CHF', '001000000000030', 'OPP-00086'),
  ('006000000000087', 'Mesh Intuitive Action-Items', 'Qualification', '2025-10-25', 3235.75, 'GBP', '001000000000030', 'OPP-00087'),
  ('006000000000088', 'Brand Innovative E-Services', 'Closed Lost', '2026-04-10', 272874.38, 'USD', '001000000000030', 'OPP-00088'),
  ('006000000000089', 'Cultivate E-Business Eyeballs', 'Closed Won', '2026-12-30', 113382.21, 'GBP', '001000000000030', 'OPP-00089'),
  ('006000000000090', 'Deliver 24/7 Partnerships', 'Qualification', '2025-01-09', 73660.53, 'CHF', '001000000000031', 'OPP-00090'),
  ('006000000000091', 'Visualize Open-Source Action-Items', 'Closed Won', '2025-05-31', 243085.51, 'GBP', '001000000000032', 'OPP-00091'),
  ('006000000000092', 'Target Global Functionalities', 'Prospecting', '2026-09-12', 462284.8, 'GBP', '001000000000033', 'OPP-00092'),
  ('006000000000093', 'Productize Virtual Synergies', 'Closed Won', '2027-05-17', 209386.91, 'USD', '001000000000033', 'OPP-00093'),
  ('006000000000094', 'Leverage Bricks-And-Clicks Schemas', 'Closed Won', '2025-07-05', 3810.4, 'CHF', '001000000000033', 'OPP-00094'),
  ('006000000000095', 'Visualize Interactive Platforms', 'Qualification', '2024-10-09', 129219.21, 'GBP', '001000000000033', 'OPP-00095'),
  ('006000000000096', 'Scale Compelling E-Markets', 'Prospecting', '2025-11-21', 368683.01, 'CHF', '001000000000034', 'OPP-00096'),
  ('006000000000097', 'Enhance Next-Generation Deliverables', 'Qualification', '2026-12-19', 452732.32, 'EUR', '001000000000034', 'OPP-00097'),
  ('006000000000098', 'Optimize B2C Info-Mediaries', 'Closed Lost', '2026-01-03', 401894.08, 'CHF', '001000000000034', 'OPP-00098'),
  ('006000000000099', 'Grow Open-Source E-Services', 'Closed Lost', '2026-11-01', 25604.03, 'GBP', '001000000000034', 'OPP-00099'),
  ('006000000000100', 'Synergize Mission-Critical Portals', 'Prospecting', '2026-08-03', 388441.05, 'CHF', '001000000000035', 'OPP-00100'),
  ('006000000000101', 'Harness Rich E-Commerce', 'Prospecting', '2026-01-14', 447688.73, 'USD', '001000000000035', 'OPP-00101'),
  ('006000000000102', 'Architect Frictionless Deliverables', 'Closed Won', '2025-10-15', 409741.55, 'CHF', '001000000000035', 'OPP-00102'),
  ('006000000000103', 'Benchmark Frictionless Networks', 'Prospecting', '2025-01-24', 198727.32, 'USD', '001000000000035', 'OPP-00103'),
  ('006000000000104', 'Deliver Dot-Com Networks', 'Qualification', '2026-04-25', 39648.04, 'CHF', '001000000000036', 'OPP-00104'),
  ('006000000000105', 'Synthesize Enterprise E-Commerce', 'Prospecting', '2025-01-18', 175237.2, 'CHF', '001000000000036', 'OPP-00105'),
  ('006000000000106', 'Deliver Compelling Interfaces', 'Prospecting', '2024-09-01', 397236.68, 'GBP', '001000000000036', 'OPP-00106'),
  ('006000000000107', 'Deliver Cutting-Edge Web-Readiness', 'Prospecting', '2026-05-29', 146474.5, 'USD', '001000000000037', 'OPP-00107'),
  ('006000000000108', 'Orchestrate Customized Vortals', 'Closed Won', '2027-05-11', 258207.77, 'USD', '001000000000037', 'OPP-00108'),
  ('006000000000109', 'Synergize Distributed Platforms', 'Closed Won', '2027-06-18', 235367.75, 'GBP', '001000000000037', 'OPP-00109'),
  ('006000000000110', 'Re-Intermediate Front-End Bandwidth', 'Qualification', '2027-06-19', 213462.32, 'EUR', '001000000000038', 'OPP-00110'),
  ('006000000000111', 'Repurpose Dot-Com Technologies', 'Prospecting', '2026-09-26', 186700.92, 'USD', '001000000000038', 'OPP-00111'),
  ('006000000000112', 'Deploy Proactive Bandwidth', 'Prospecting', '2027-06-26', 151826.32, 'CHF', '001000000000038', 'OPP-00112'),
  ('006000000000113', 'Scale Synergistic Deliverables', 'Qualification', '2026-07-22', 198251.08, 'CHF', '001000000000038', 'OPP-00113'),
  ('006000000000114', 'Whiteboard Innovative Communities', 'Closed Lost', '2026-02-10', 336069.38, 'CHF', '001000000000039', 'OPP-00114'),
  ('006000000000115', 'Incentivize B2C Synergies', 'Prospecting', '2027-06-26', 117461.28, 'EUR', '001000000000039', 'OPP-00115'),
  ('006000000000116', 'Re-Contextualize Granular Roi', 'Prospecting', '2024-12-03', 79265.7, 'CHF', '001000000000040', 'OPP-00116'),
  ('006000000000117', 'Utilize Next-Generation Partnerships', 'Qualification', '2025-08-09', 462297.82, 'GBP', '001000000000040', 'OPP-00117'),
  ('006000000000118', 'Maximize Open-Source E-Tailers', 'Closed Won', '2025-10-09', 400532.07, 'CHF', '001000000000040', 'OPP-00118'),
  ('006000000000119', 'Reinvent Value-Added Supply-Chains', 'Qualification', '2024-08-15', 401758.93, 'USD', '001000000000041', 'OPP-00119'),
  ('006000000000120', 'Leverage Seamless Systems', 'Closed Won', '2025-04-08', 483041.08, 'GBP', '001000000000041', 'OPP-00120'),
  ('006000000000121', 'Visualize Transparent Supply-Chains', 'Prospecting', '2026-12-25', 227878.94, 'CHF', '001000000000042', 'OPP-00121'),
  ('006000000000122', 'Seize Open-Source Networks', 'Closed Won', '2026-06-14', 446330.99, 'GBP', '001000000000042', 'OPP-00122'),
  ('006000000000123', 'E-Enable Extensible E-Markets', 'Qualification', '2027-01-12', 133154.5, 'GBP', '001000000000042', 'OPP-00123'),
  ('006000000000124', 'Brand User-Centric Supply-Chains', 'Prospecting', '2027-03-24', 218226.99, 'EUR', '001000000000042', 'OPP-00124'),
  ('006000000000125', 'Architect World-Class Interfaces', 'Qualification', '2026-04-09', 394389.29, 'CHF', '001000000000043', 'OPP-00125'),
  ('006000000000126', 'Seize Clicks-And-Mortar Initiatives', 'Prospecting', '2026-04-22', 57803.54, 'EUR', '001000000000043', 'OPP-00126'),
  ('006000000000127', 'Expedite 24/7 Web-Readiness', 'Prospecting', '2026-01-25', 459090.09, 'GBP', '001000000000043', 'OPP-00127'),
  ('006000000000128', 'Engineer Intuitive Networks', 'Prospecting', '2027-02-01', 268205.43, 'USD', '001000000000044', 'OPP-00128'),
  ('006000000000129', 'Engage Cross-Platform Users', 'Closed Lost', '2026-07-23', 380578.01, 'EUR', '001000000000044', 'OPP-00129'),
  ('006000000000130', 'Benchmark Magnetic Partnerships', 'Closed Lost', '2025-08-02', 331826.71, 'GBP', '001000000000045', 'OPP-00130'),
  ('006000000000131', 'Maximize Robust Portals', 'Qualification', '2025-03-13', 499491.69, 'USD', '001000000000045', 'OPP-00131'),
  ('006000000000132', 'Transition Frictionless Paradigms', 'Closed Won', '2024-11-10', 394180.45, 'USD', '001000000000045', 'OPP-00132'),
  ('006000000000133', 'Reinvent Leading-Edge Models', 'Closed Lost', '2027-03-28', 102335.69, 'GBP', '001000000000046', 'OPP-00133'),
  ('006000000000134', 'Incentivize Synergistic E-Markets', 'Closed Lost', '2026-01-28', 331776.05, 'EUR', '001000000000046', 'OPP-00134'),
  ('006000000000135', 'Deploy Holistic Initiatives', 'Qualification', '2026-08-04', 293912.25, 'GBP', '001000000000047', 'OPP-00135'),
  ('006000000000136', 'Leverage Transparent Networks', 'Closed Won', '2026-03-12', 49802.38, 'USD', '001000000000048', 'OPP-00136'),
  ('006000000000137', 'Re-Intermediate Wireless Markets', 'Prospecting', '2027-01-19', 181735.57, 'GBP', '001000000000048', 'OPP-00137'),
  ('006000000000138', 'Productize Scalable Initiatives', 'Prospecting', '2025-07-03', 75530.17, 'GBP', '001000000000048', 'OPP-00138'),
  ('006000000000139', 'Deliver Impactful Communities', 'Qualification', '2026-11-28', 470798.42, 'EUR', '001000000000048', 'OPP-00139'),
  ('006000000000140', 'Implement Magnetic Mindshare', 'Closed Won', '2027-02-16', 397264.33, 'USD', '001000000000049', 'OPP-00140'),
  ('006000000000141', 'Morph B2C Supply-Chains', 'Closed Won', '2025-08-13', 89024.47, 'CHF', '001000000000049', 'OPP-00141'),
  ('006000000000142', 'Brand Extensible Web-Readiness', 'Prospecting', '2024-07-23', 303111.83, 'CHF', '001000000000050', 'OPP-00142'),
  ('006000000000143', 'Empower Wireless Web-Readiness', 'Closed Lost', '2027-05-22', 146278.08, 'USD', '001000000000050', 'OPP-00143'),
  ('006000000000144', 'Iterate Back-End Web Services', 'Qualification', '2027-02-11', 328969.56, 'USD', '001000000000050', 'OPP-00144'),
  ('006000000000145', 'Whiteboard Compelling Applications', 'Closed Won', '2025-11-26', 317489.92, 'GBP', '001000000000050', 'OPP-00145'),
  ('006000000000146', 'Benchmark Viral E-Markets', 'Qualification', '2026-06-12', 309608.08, 'GBP', '001000000000051', 'OPP-00146'),
  ('006000000000147', 'Syndicate Distributed Portals', 'Prospecting', '2027-03-25', 315546.85, 'CHF', '001000000000052', 'OPP-00147'),
  ('006000000000148', 'Transform User-Centric E-Markets', 'Closed Won', '2025-09-22', 279196.29, 'CHF', '001000000000052', 'OPP-00148'),
  ('006000000000149', 'Redefine Robust Partnerships', 'Prospecting', '2026-07-12', 367359.03, 'GBP', '001000000000052', 'OPP-00149'),
  ('006000000000150', 'Envisioneer Viral Portals', 'Closed Lost', '2026-04-08', 457047.05, 'GBP', '001000000000053', 'OPP-00150'),
  ('006000000000151', 'Re-Intermediate Bleeding-Edge Platforms', 'Qualification', '2024-08-07', 57929.01, 'USD', '001000000000053', 'OPP-00151'),
  ('006000000000152', 'Envisioneer Seamless Metrics', 'Closed Lost', '2026-11-30', 181653.14, 'CHF', '001000000000054', 'OPP-00152'),
  ('006000000000153', 'Engineer Web-Enabled Users', 'Qualification', '2026-05-08', 386442.51, 'USD', '001000000000054', 'OPP-00153'),
  ('006000000000154', 'Seize 24/7 E-Markets', 'Qualification', '2026-09-17', 378180.56, 'EUR', '001000000000055', 'OPP-00154'),
  ('006000000000155', 'Re-Intermediate Killer Models', 'Closed Lost', '2024-08-28', 215307.93, 'CHF', '001000000000055', 'OPP-00155'),
  ('006000000000156', 'Syndicate Granular Functionalities', 'Closed Lost', '2024-12-20', 217476.49, 'GBP', '001000000000055', 'OPP-00156'),
  ('006000000000157', 'Syndicate Bricks-And-Clicks Supply-Chains', 'Prospecting', '2024-11-11', 441896.2, 'CHF', '001000000000055', 'OPP-00157'),
  ('006000000000158', 'Engage Ubiquitous Applications', 'Closed Won', '2025-06-03', 444437.02, 'GBP', '001000000000056', 'OPP-00158'),
  ('006000000000159', 'Harness Sticky Bandwidth', 'Closed Won', '2025-07-26', 227043.87, 'EUR', '001000000000056', 'OPP-00159'),
  ('006000000000160', 'Facilitate Ubiquitous Methodologies', 'Prospecting', '2027-05-12', 20948.14, 'EUR', '001000000000056', 'OPP-00160'),
  ('006000000000161', 'Drive World-Class Mindshare', 'Closed Won', '2025-06-05', 237816.15, 'CHF', '001000000000057', 'OPP-00161'),
  ('006000000000162', 'Redefine Killer Users', 'Closed Lost', '2025-03-18', 45975.59, 'USD', '001000000000057', 'OPP-00162'),
  ('006000000000163', 'Unleash Rich Networks', 'Closed Lost', '2026-10-26', 164450.71, 'GBP', '001000000000058', 'OPP-00163'),
  ('006000000000164', 'Deliver Out-Of-The-Box Info-Mediaries', 'Closed Won', '2025-03-17', 67811.54, 'USD', '001000000000058', 'OPP-00164'),
  ('006000000000165', 'Synthesize Holistic Convergence', 'Prospecting', '2026-12-31', 65936.45, 'EUR', '001000000000058', 'OPP-00165'),
  ('006000000000166', 'Re-Contextualize Cross-Media Experiences', 'Qualification', '2027-04-01', 226295.06, 'EUR', '001000000000059', 'OPP-00166'),
  ('006000000000167', 'Seize Efficient Partnerships', 'Closed Won', '2024-10-08', 107009.21, 'CHF', '001000000000059', 'OPP-00167'),
  ('006000000000168', 'Grow Back-End Deliverables', 'Closed Won', '2026-04-20', 159675.0, 'CHF', '001000000000059', 'OPP-00168'),
  ('006000000000169', 'Cultivate Plug-And-Play E-Tailers', 'Closed Lost', '2025-02-21', 251400.11, 'CHF', '001000000000059', 'OPP-00169'),
  ('006000000000170', 'Syndicate Robust Web Services', 'Closed Won', '2025-05-26', 80410.07, 'EUR', '001000000000060', 'OPP-00170'),
  ('006000000000171', 'Iterate Integrated Web-Readiness', 'Prospecting', '2025-06-05', 477082.17, 'EUR', '001000000000060', 'OPP-00171'),
  ('006000000000172', 'Productize Transparent E-Markets', 'Qualification', '2024-12-20', 424947.62, 'GBP', '001000000000060', 'OPP-00172'),
  ('006000000000173', 'Optimize Global Eyeballs', 'Closed Won', '2026-08-04', 298413.81, 'EUR', '001000000000061', 'OPP-00173'),
  ('006000000000174', 'Grow Revolutionary Convergence', 'Prospecting', '2024-09-06', 69530.61, 'USD', '001000000000061', 'OPP-00174'),
  ('006000000000175', 'Unleash Turn-Key Vortals', 'Qualification', '2026-05-13', 473559.41, 'USD', '001000000000062', 'OPP-00175'),
  ('006000000000176', 'Deliver Cross-Media Paradigms', 'Qualification', '2026-08-30', 384192.32, 'USD', '001000000000062', 'OPP-00176'),
  ('006000000000177', 'Implement Virtual Infrastructures', 'Closed Lost', '2025-05-17', 140923.43, 'CHF', '001000000000063', 'OPP-00177'),
  ('006000000000178', 'Monetize Synergistic Communities', 'Closed Won', '2024-07-19', 304526.94, 'EUR', '001000000000063', 'OPP-00178'),
  ('006000000000179', 'Visualize World-Class Info-Mediaries', 'Closed Won', '2026-08-10', 398197.98, 'USD', '001000000000063', 'OPP-00179'),
  ('006000000000180', 'Productize Virtual E-Business', 'Closed Lost', '2024-10-15', 126771.89, 'USD', '001000000000064', 'OPP-00180'),
  ('006000000000181', 'Target Web-Enabled Networks', 'Qualification', '2027-03-24', 475177.97, 'GBP', '001000000000064', 'OPP-00181'),
  ('006000000000182', 'Aggregate Next-Generation Channels', 'Prospecting', '2025-05-01', 194839.91, 'EUR', '001000000000064', 'OPP-00182'),
  ('006000000000183', 'Enable Rich Experiences', 'Closed Won', '2026-08-24', 95077.06, 'CHF', '001000000000064', 'OPP-00183'),
  ('006000000000184', 'Extend Value-Added Networks', 'Closed Won', '2025-03-18', 342776.81, 'USD', '001000000000065', 'OPP-00184'),
  ('006000000000185', 'Seize Integrated Metrics', 'Prospecting', '2025-05-08', 65327.31, 'CHF', '001000000000065', 'OPP-00185'),
  ('006000000000186', 'Reinvent Intuitive Functionalities', 'Closed Won', '2025-01-21', 49291.94, 'USD', '001000000000066', 'OPP-00186'),
  ('006000000000187', 'Expedite World-Class Niches', 'Prospecting', '2026-09-19', 246605.07, 'CHF', '001000000000067', 'OPP-00187'),
  ('006000000000188', 'Harness Proactive Technologies', 'Closed Won', '2026-06-17', 214969.54, 'USD', '001000000000067', 'OPP-00188'),
  ('006000000000189', 'Enhance Cross-Platform Vortals', 'Qualification', '2026-10-07', 4118.08, 'EUR', '001000000000067', 'OPP-00189'),
  ('006000000000190', 'Embrace Interactive Roi', 'Closed Won', '2024-10-22', 58152.32, 'EUR', '001000000000068', 'OPP-00190'),
  ('006000000000191', 'Unleash Revolutionary Metrics', 'Prospecting', '2024-12-02', 91890.52, 'CHF', '001000000000068', 'OPP-00191'),
  ('006000000000192', 'Empower Best-Of-Breed Portals', 'Prospecting', '2027-05-07', 79464.34, 'CHF', '001000000000068', 'OPP-00192'),
  ('006000000000193', 'Target Leading-Edge Paradigms', 'Qualification', '2026-07-10', 291946.53, 'USD', '001000000000068', 'OPP-00193'),
  ('006000000000194', 'Scale End-To-End Schemas', 'Closed Won', '2026-02-28', 427906.07, 'EUR', '001000000000069', 'OPP-00194'),
  ('006000000000195', 'Incentivize Strategic Web Services', 'Prospecting', '2027-01-02', 303757.66, 'USD', '001000000000069', 'OPP-00195'),
  ('006000000000196', 'Empower Wireless Communities', 'Prospecting', '2026-11-03', 450838.56, 'GBP', '001000000000069', 'OPP-00196'),
  ('006000000000197', 'Re-Intermediate World-Class Deliverables', 'Closed Won', '2025-11-03', 281272.51, 'USD', '001000000000069', 'OPP-00197'),
  ('006000000000198', 'Re-Contextualize Value-Added Applications', 'Closed Lost', '2027-06-24', 98548.98, 'USD', '001000000000070', 'OPP-00198'),
  ('006000000000199', 'Reinvent Dynamic Partnerships', 'Closed Won', '2025-06-29', 227688.07, 'CHF', '001000000000071', 'OPP-00199'),
  ('006000000000200', 'Generate 24/365 Systems', 'Closed Won', '2026-10-25', 94130.18, 'CHF', '001000000000071', 'OPP-00200'),
  ('006000000000201', 'Empower Proactive Metrics', 'Closed Won', '2026-07-03', 348365.72, 'GBP', '001000000000071', 'OPP-00201'),
  ('006000000000202', 'Architect Front-End Technologies', 'Prospecting', '2024-10-05', 24866.41, 'USD', '001000000000071', 'OPP-00202'),
  ('006000000000203', 'Transition Dot-Com Interfaces', 'Prospecting', '2024-10-30', 6049.69, 'USD', '001000000000072', 'OPP-00203'),
  ('006000000000204', 'Orchestrate Distributed Infrastructures', 'Closed Lost', '2024-11-18', 291411.21, 'CHF', '001000000000073', 'OPP-00204'),
  ('006000000000205', 'Innovate Compelling Paradigms', 'Closed Won', '2025-04-09', 235644.42, 'USD', '001000000000073', 'OPP-00205'),
  ('006000000000206', 'Transition Out-Of-The-Box E-Markets', 'Qualification', '2026-06-27', 67062.09, 'EUR', '001000000000073', 'OPP-00206'),
  ('006000000000207', 'Facilitate Cutting-Edge Schemas', 'Qualification', '2026-01-29', 376305.94, 'CHF', '001000000000074', 'OPP-00207'),
  ('006000000000208', 'Drive Revolutionary E-Business', 'Closed Lost', '2026-03-15', 24647.92, 'USD', '001000000000075', 'OPP-00208'),
  ('006000000000209', 'Iterate Integrated Infrastructures', 'Prospecting', '2024-09-15', 240846.25, 'CHF', '001000000000075', 'OPP-00209'),
  ('006000000000210', 'Grow Proactive Synergies', 'Closed Won', '2026-09-18', 119387.44, 'GBP', '001000000000075', 'OPP-00210'),
  ('006000000000211', 'Embrace Leading-Edge Partnerships', 'Closed Won', '2026-08-23', 36368.82, 'USD', '001000000000075', 'OPP-00211'),
  ('006000000000212', 'Exploit B2C Synergies', 'Closed Won', '2027-05-22', 163304.52, 'CHF', '001000000000076', 'OPP-00212'),
  ('006000000000213', 'Whiteboard End-To-End Partnerships', 'Closed Lost', '2025-05-23', 451722.55, 'EUR', '001000000000076', 'OPP-00213'),
  ('006000000000214', 'Facilitate Intuitive Info-Mediaries', 'Closed Lost', '2024-11-29', 332858.1, 'CHF', '001000000000076', 'OPP-00214'),
  ('006000000000215', 'Evolve Cutting-Edge Experiences', 'Closed Lost', '2025-04-13', 159357.51, 'GBP', '001000000000076', 'OPP-00215'),
  ('006000000000216', 'Architect Killer Portals', 'Prospecting', '2024-08-05', 237722.43, 'GBP', '001000000000077', 'OPP-00216'),
  ('006000000000217', 'Unleash 24/365 Initiatives', 'Prospecting', '2026-05-09', 450004.52, 'USD', '001000000000078', 'OPP-00217'),
  ('006000000000218', 'Envisioneer Innovative Relationships', 'Prospecting', '2024-07-23', 148867.5, 'GBP', '001000000000078', 'OPP-00218'),
  ('006000000000219', 'Morph Innovative Portals', 'Qualification', '2024-11-03', 167707.37, 'CHF', '001000000000079', 'OPP-00219'),
  ('006000000000220', 'Productize Back-End Architectures', 'Closed Won', '2025-01-29', 343596.52, 'EUR', '001000000000079', 'OPP-00220'),
  ('006000000000221', 'Reinvent Granular Communities', 'Prospecting', '2026-12-04', 368739.66, 'EUR', '001000000000080', 'OPP-00221');

INSERT INTO "Project__c" (Id, Name, Project_Status__c, Go_Live_Date__c, Account__c, Opportunity__c, Legacy_Project_ID__c) VALUES
  ('a00000000000001', 'Hande Stiftung & Co. KGaA Impl.', 'Completed', '2027-01-11', '001000000000001', '006000000000021', 'PROJ-00001'),
  ('a00000000000002', 'Drubin GmbH Impl.', 'Completed', '2026-04-27', '001000000000002', '006000000000144', 'PROJ-00002'),
  ('a00000000000003', 'Geisler Impl.', 'Completed', '2025-10-05', '001000000000002', '006000000000216', 'PROJ-00003'),
  ('a00000000000004', 'Sauer Zirme AG Impl.', 'On Hold', '2028-03-03', '001000000000002', '006000000000220', 'PROJ-00004'),
  ('a00000000000005', 'Pohl AG & Co. KG Impl.', 'On Hold', '2027-07-07', '001000000000003', '006000000000039', 'PROJ-00005'),
  ('a00000000000006', 'Girschner Stiftung & Co. KGaA Impl.', 'In Planning', '2026-05-17', '001000000000003', '006000000000220', 'PROJ-00006'),
  ('a00000000000007', 'Hering KG Impl.', 'On Hold', '2026-03-04', '001000000000004', '006000000000030', 'PROJ-00007'),
  ('a00000000000008', 'Kramer Impl.', 'Cancelled', '2027-03-21', '001000000000004', NULL, 'PROJ-00008'),
  ('a00000000000009', 'Trubin Stiftung & Co. KGaA Impl.', 'On Hold', '2025-11-05', '001000000000004', '006000000000043', 'PROJ-00009'),
  ('a00000000000010', 'Schuchhardt Impl.', 'In Planning', '2026-10-27', '001000000000005', NULL, 'PROJ-00010'),
  ('a00000000000011', 'Spieß Impl.', 'On Hold', '2025-08-29', '001000000000008', '006000000000151', 'PROJ-00011'),
  ('a00000000000012', 'Seip Mülichen GbR Impl.', 'In Planning', '2026-12-07', '001000000000008', '006000000000022', 'PROJ-00012'),
  ('a00000000000013', 'Schaaf Juncken Stiftung & Co. KGaA Impl.', 'In Planning', '2028-03-24', '001000000000011', '006000000000219', 'PROJ-00013'),
  ('a00000000000014', 'Weitzel Impl.', 'Active', '2028-02-19', '001000000000011', '006000000000074', 'PROJ-00014'),
  ('a00000000000015', 'Mühle Bohlander KGaA Impl.', 'Cancelled', '2027-04-15', '001000000000011', '006000000000214', 'PROJ-00015'),
  ('a00000000000016', 'Kohl Stiftung & Co. KG Impl.', 'Active', '2026-12-05', '001000000000012', '006000000000137', 'PROJ-00016'),
  ('a00000000000017', 'Hartung Wiek AG Impl.', 'Completed', '2027-10-01', '001000000000012', '006000000000090', 'PROJ-00017'),
  ('a00000000000018', 'Sager Impl.', 'In Planning', '2027-12-04', '001000000000014', '006000000000130', 'PROJ-00018'),
  ('a00000000000019', 'Gude Seifert KG Impl.', 'In Planning', '2026-08-06', '001000000000015', NULL, 'PROJ-00019'),
  ('a00000000000020', 'Scholz GbR Impl.', 'Active', '2026-01-10', '001000000000015', '006000000000009', 'PROJ-00020'),
  ('a00000000000021', 'Martin Stahr KG Impl.', 'Active', '2027-01-06', '001000000000015', '006000000000101', 'PROJ-00021'),
  ('a00000000000022', 'Wende KG Impl.', 'Cancelled', '2027-01-02', '001000000000016', '006000000000118', 'PROJ-00022'),
  ('a00000000000023', 'Kuhl AG Impl.', 'In Planning', '2026-09-27', '001000000000017', '006000000000029', 'PROJ-00023'),
  ('a00000000000024', 'Krebs Dörschner KG Impl.', 'Completed', '2027-09-15', '001000000000017', '006000000000081', 'PROJ-00024'),
  ('a00000000000025', 'Löchel GmbH & Co. KG Impl.', 'In Planning', '2027-06-28', '001000000000017', '006000000000112', 'PROJ-00025'),
  ('a00000000000026', 'Staude Impl.', 'Active', '2027-07-14', '001000000000018', '006000000000199', 'PROJ-00026'),
  ('a00000000000027', 'Winkler AG Impl.', 'In Planning', '2026-05-13', '001000000000019', NULL, 'PROJ-00027'),
  ('a00000000000028', 'Rose Kabus GmbH Impl.', 'Completed', '2027-03-14', '001000000000020', '006000000000179', 'PROJ-00028'),
  ('a00000000000029', 'Walter Stiftung & Co. KGaA Impl.', 'Cancelled', '2028-02-28', '001000000000021', '006000000000047', 'PROJ-00029'),
  ('a00000000000030', 'Berger Impl.', 'On Hold', '2027-09-18', '001000000000021', '006000000000199', 'PROJ-00030'),
  ('a00000000000031', 'Riehl Impl.', 'In Planning', '2027-01-17', '001000000000021', '006000000000182', 'PROJ-00031'),
  ('a00000000000032', 'Kühnert AG Impl.', 'Completed', '2025-09-13', '001000000000022', '006000000000160', 'PROJ-00032'),
  ('a00000000000033', 'Röhrdanz Impl.', 'Completed', '2026-08-16', '001000000000023', NULL, 'PROJ-00033'),
  ('a00000000000034', 'Geisler GmbH & Co. KG Impl.', 'Cancelled', '2026-11-26', '001000000000024', '006000000000079', 'PROJ-00034'),
  ('a00000000000035', 'Loos Sölzer KGaA Impl.', 'On Hold', '2025-12-14', '001000000000024', '006000000000015', 'PROJ-00035'),
  ('a00000000000036', 'Adolph Gertz AG & Co. KGaA Impl.', 'Active', '2027-01-21', '001000000000024', '006000000000015', 'PROJ-00036'),
  ('a00000000000037', 'Ring AG & Co. OHG Impl.', 'On Hold', '2028-06-01', '001000000000025', NULL, 'PROJ-00037'),
  ('a00000000000038', 'Jessel Impl.', 'Active', '2026-02-18', '001000000000026', '006000000000176', 'PROJ-00038'),
  ('a00000000000039', 'Buchholz Impl.', 'In Planning', '2026-04-10', '001000000000026', NULL, 'PROJ-00039'),
  ('a00000000000040', 'Putz Impl.', 'In Planning', '2027-08-07', '001000000000027', '006000000000063', 'PROJ-00040'),
  ('a00000000000041', 'Heidrich Impl.', 'In Planning', '2027-05-15', '001000000000029', NULL, 'PROJ-00041'),
  ('a00000000000042', 'Fiebig Boucsein GmbH & Co. KG Impl.', 'In Planning', '2028-06-23', '001000000000030', '006000000000023', 'PROJ-00042'),
  ('a00000000000043', 'Hofmann Neureuther AG & Co. OHG Impl.', 'Completed', '2027-02-16', '001000000000032', '006000000000205', 'PROJ-00043'),
  ('a00000000000044', 'Kuhl Rosenow KG Impl.', 'On Hold', '2027-05-07', '001000000000033', '006000000000017', 'PROJ-00044'),
  ('a00000000000045', 'Blümel Gehringer GbR Impl.', 'Completed', '2025-10-04', '001000000000033', '006000000000153', 'PROJ-00045'),
  ('a00000000000046', 'Lindau e.V. Impl.', 'Active', '2027-11-21', '001000000000033', '006000000000136', 'PROJ-00046'),
  ('a00000000000047', 'Kohl Adolph Stiftung & Co. KG Impl.', 'In Planning', '2025-11-11', '001000000000034', '006000000000197', 'PROJ-00047'),
  ('a00000000000048', 'Sager GmbH Impl.', 'Active', '2027-06-05', '001000000000034', '006000000000132', 'PROJ-00048'),
  ('a00000000000049', 'Sontag Henk AG Impl.', 'Cancelled', '2026-04-07', '001000000000036', '006000000000015', 'PROJ-00049'),
  ('a00000000000050', 'Walter Gunpf GmbH & Co. OHG Impl.', 'On Hold', '2027-09-05', '001000000000036', '006000000000003', 'PROJ-00050'),
  ('a00000000000051', 'Löwer KGaA Impl.', 'Cancelled', '2026-02-16', '001000000000036', '006000000000112', 'PROJ-00051'),
  ('a00000000000052', 'Bolander Cichorius Stiftung & Co. KG Impl.', 'In Planning', '2027-06-01', '001000000000037', NULL, 'PROJ-00052'),
  ('a00000000000053', 'Söding e.V. Impl.', 'In Planning', '2026-11-17', '001000000000037', NULL, 'PROJ-00053'),
  ('a00000000000054', 'Striebitz Otto Stiftung & Co. KG Impl.', 'Cancelled', '2026-09-15', '001000000000038', NULL, 'PROJ-00054'),
  ('a00000000000055', 'Wulf Ehlert AG Impl.', 'On Hold', '2027-12-20', '001000000000039', NULL, 'PROJ-00055'),
  ('a00000000000056', 'Müller GmbH & Co. KGaA Impl.', 'Completed', '2025-09-24', '001000000000039', '006000000000193', 'PROJ-00056'),
  ('a00000000000057', 'Pechel Impl.', 'On Hold', '2026-11-11', '001000000000039', NULL, 'PROJ-00057'),
  ('a00000000000058', 'Dobes Heinz GmbH Impl.', 'In Planning', '2026-04-26', '001000000000040', '006000000000147', 'PROJ-00058'),
  ('a00000000000059', 'Heser Graf GmbH Impl.', 'Active', '2025-11-22', '001000000000041', '006000000000118', 'PROJ-00059'),
  ('a00000000000060', 'Mälzer KGaA Impl.', 'In Planning', '2025-09-22', '001000000000041', '006000000000009', 'PROJ-00060'),
  ('a00000000000061', 'Keudel Sorgatz e.G. Impl.', 'Cancelled', '2025-11-02', '001000000000044', NULL, 'PROJ-00061'),
  ('a00000000000062', 'Jäntsch e.V. Impl.', 'Active', '2026-10-27', '001000000000047', '006000000000084', 'PROJ-00062'),
  ('a00000000000063', 'Sorgatz Zirme AG Impl.', 'On Hold', '2026-02-18', '001000000000048', '006000000000003', 'PROJ-00063'),
  ('a00000000000064', 'Keudel Impl.', 'Active', '2026-01-31', '001000000000049', '006000000000188', 'PROJ-00064'),
  ('a00000000000065', 'Hornig Impl.', 'Completed', '2028-02-13', '001000000000049', NULL, 'PROJ-00065'),
  ('a00000000000066', 'Hermann Möchlichen GmbH & Co. KG Impl.', 'Completed', '2026-08-02', '001000000000049', '006000000000080', 'PROJ-00066'),
  ('a00000000000067', 'Sontag Impl.', 'Completed', '2026-09-12', '001000000000050', NULL, 'PROJ-00067'),
  ('a00000000000068', 'Schweitzer Gude e.V. Impl.', 'In Planning', '2025-12-05', '001000000000051', NULL, 'PROJ-00068'),
  ('a00000000000069', 'Köhler GmbH & Co. KG Impl.', 'On Hold', '2025-07-31', '001000000000051', '006000000000196', 'PROJ-00069'),
  ('a00000000000070', 'Lorch GmbH Impl.', 'Completed', '2028-06-12', '001000000000053', '006000000000187', 'PROJ-00070'),
  ('a00000000000071', 'Förster GmbH & Co. KG Impl.', 'Completed', '2027-10-01', '001000000000053', '006000000000161', 'PROJ-00071'),
  ('a00000000000072', 'Pechel GmbH & Co. KG Impl.', 'Active', '2026-09-06', '001000000000054', '006000000000194', 'PROJ-00072'),
  ('a00000000000073', 'Dippel Warmer AG Impl.', 'In Planning', '2026-10-17', '001000000000054', '006000000000012', 'PROJ-00073'),
  ('a00000000000074', 'Hörle Hartmann AG Impl.', 'Active', '2025-11-13', '001000000000054', '006000000000124', 'PROJ-00074'),
  ('a00000000000075', 'Höfig AG & Co. KGaA Impl.', 'On Hold', '2026-10-14', '001000000000058', '006000000000077', 'PROJ-00075'),
  ('a00000000000076', 'Hesse Wulff GmbH Impl.', 'On Hold', '2026-03-14', '001000000000058', NULL, 'PROJ-00076'),
  ('a00000000000077', 'Hentschel GmbH & Co. OHG Impl.', 'In Planning', '2026-08-19', '001000000000058', '006000000000200', 'PROJ-00077'),
  ('a00000000000078', 'Walter Stiftung & Co. KG Impl.', 'Active', '2025-12-03', '001000000000060', '006000000000028', 'PROJ-00078'),
  ('a00000000000079', 'Pruschke Klemt KG Impl.', 'Cancelled', '2026-02-07', '001000000000060', '006000000000009', 'PROJ-00079'),
  ('a00000000000080', 'Dörschner AG Impl.', 'Completed', '2027-11-20', '001000000000062', '006000000000166', 'PROJ-00080'),
  ('a00000000000081', 'Jäntsch Herrmann GmbH Impl.', 'In Planning', '2026-09-17', '001000000000062', '006000000000219', 'PROJ-00081'),
  ('a00000000000082', 'Rust Impl.', 'Cancelled', '2026-01-20', '001000000000062', NULL, 'PROJ-00082'),
  ('a00000000000083', 'Seifert Hentschel AG & Co. KG Impl.', 'On Hold', '2025-11-30', '001000000000063', '006000000000091', 'PROJ-00083'),
  ('a00000000000084', 'Junitz Hornich GmbH Impl.', 'On Hold', '2025-11-06', '001000000000063', '006000000000091', 'PROJ-00084'),
  ('a00000000000085', 'Thanel Impl.', 'Cancelled', '2027-10-11', '001000000000063', '006000000000213', 'PROJ-00085'),
  ('a00000000000086', 'Zirme Meyer AG & Co. KG Impl.', 'Completed', '2028-04-05', '001000000000065', '006000000000168', 'PROJ-00086'),
  ('a00000000000087', 'Blümel Impl.', 'Completed', '2028-04-10', '001000000000066', '006000000000035', 'PROJ-00087'),
  ('a00000000000088', 'Berger e.G. Impl.', 'In Planning', '2025-10-24', '001000000000066', '006000000000127', 'PROJ-00088'),
  ('a00000000000089', 'Kühnert Ernst KG Impl.', 'In Planning', '2027-07-26', '001000000000067', '006000000000054', 'PROJ-00089'),
  ('a00000000000090', 'Reising AG Impl.', 'On Hold', '2027-01-26', '001000000000068', '006000000000070', 'PROJ-00090'),
  ('a00000000000091', 'Bohnbach Wesack GmbH Impl.', 'Completed', '2028-04-14', '001000000000069', '006000000000031', 'PROJ-00091'),
  ('a00000000000092', 'Reinhardt Impl.', 'Cancelled', '2026-07-25', '001000000000069', '006000000000054', 'PROJ-00092'),
  ('a00000000000093', 'Knappe Impl.', 'On Hold', '2028-02-24', '001000000000070', '006000000000080', 'PROJ-00093'),
  ('a00000000000094', 'Weimer AG & Co. KG Impl.', 'Active', '2027-06-26', '001000000000070', '006000000000171', 'PROJ-00094'),
  ('a00000000000095', 'Schinke Faust OHG mbH Impl.', 'In Planning', '2026-01-25', '001000000000071', '006000000000098', 'PROJ-00095'),
  ('a00000000000096', 'Gröttner Zorbach e.V. Impl.', 'Active', '2026-05-25', '001000000000071', '006000000000139', 'PROJ-00096'),
  ('a00000000000097', 'Gutknecht Hecker GmbH Impl.', 'On Hold', '2026-12-08', '001000000000071', '006000000000036', 'PROJ-00097'),
  ('a00000000000098', 'Kühnert Impl.', 'Completed', '2027-04-26', '001000000000072', '006000000000166', 'PROJ-00098'),
  ('a00000000000099', 'Austermühle Impl.', 'On Hold', '2028-01-18', '001000000000072', '006000000000049', 'PROJ-00099'),
  ('a00000000000100', 'Jacob KG Impl.', 'In Planning', '2028-02-20', '001000000000072', '006000000000147', 'PROJ-00100'),
  ('a00000000000101', 'Hermighausen Impl.', 'Completed', '2028-03-02', '001000000000073', '006000000000196', 'PROJ-00101'),
  ('a00000000000102', 'Dippel AG Impl.', 'On Hold', '2027-09-25', '001000000000073', '006000000000206', 'PROJ-00102'),
  ('a00000000000103', 'Dussen van Impl.', 'Completed', '2025-08-20', '001000000000074', '006000000000063', 'PROJ-00103'),
  ('a00000000000104', 'Ullrich Wende GmbH & Co. OHG Impl.', 'Cancelled', '2028-01-15', '001000000000075', NULL, 'PROJ-00104'),
  ('a00000000000105', 'Hecker KG Impl.', 'On Hold', '2025-09-25', '001000000000075', '006000000000107', 'PROJ-00105'),
  ('a00000000000106', 'Schaaf Impl.', 'On Hold', '2027-03-30', '001000000000076', '006000000000035', 'PROJ-00106'),
  ('a00000000000107', 'Röhricht KG Impl.', 'In Planning', '2025-07-06', '001000000000076', '006000000000137', 'PROJ-00107'),
  ('a00000000000108', 'Hentschel Impl.', 'Cancelled', '2027-02-08', '001000000000077', '006000000000115', 'PROJ-00108'),
  ('a00000000000109', 'Schuchhardt Impl.', 'Completed', '2027-11-17', '001000000000078', '006000000000062', 'PROJ-00109'),
  ('a00000000000110', 'Oestrovsky Impl.', 'On Hold', '2026-05-03', '001000000000079', '006000000000088', 'PROJ-00110'),
  ('a00000000000111', 'Fechner Zimmer AG Impl.', 'Cancelled', '2026-01-09', '001000000000080', '006000000000007', 'PROJ-00111'),
  ('a00000000000112', 'Mühle Impl.', 'On Hold', '2028-06-25', '001000000000080', '006000000000171', 'PROJ-00112');

INSERT INTO "Installed_Asset__c" (Id, Name, Serial_Number__c, Warranty_End_Date__c, Account__c, Project__c, Legacy_Asset_ID__c) VALUES
  ('a01000000000001', 'Support Package', 'SN-98214927', '2029-12-01', '001000000000078', 'a00000000000100', 'AST-00001'),
  ('a01000000000002', 'Data Connector', 'SN-31188612', '2028-06-05', '001000000000007', 'a00000000000064', 'AST-00002'),
  ('a01000000000003', 'Data Connector', 'SN-76698492', '2029-03-09', '001000000000059', NULL, 'AST-00003'),
  ('a01000000000004', 'Data Connector', 'SN-48671348', '2028-08-29', '001000000000005', 'a00000000000023', 'AST-00004'),
  ('a01000000000005', 'Support Package', 'SN-77657277', '2029-02-22', '001000000000017', 'a00000000000106', 'AST-00005'),
  ('a01000000000006', 'API Bundle', 'SN-15597316', '2030-02-21', '001000000000030', 'a00000000000112', 'AST-00006'),
  ('a01000000000007', 'Support Package', 'SN-56781293', '2028-06-22', '001000000000044', 'a00000000000002', 'AST-00007'),
  ('a01000000000008', 'Data Connector', 'SN-69742807', '2028-10-20', '001000000000066', 'a00000000000006', 'AST-00008'),
  ('a01000000000009', 'Support Package', 'SN-50225843', '2030-10-18', '001000000000027', NULL, 'AST-00009'),
  ('a01000000000010', 'Analytics Add-on', 'SN-56852751', '2028-11-09', '001000000000075', 'a00000000000067', 'AST-00010'),
  ('a01000000000011', 'Mobile App', 'SN-29297819', '2030-01-12', '001000000000059', NULL, 'AST-00011'),
  ('a01000000000012', 'Analytics Add-on', 'SN-81171013', '2027-09-07', '001000000000074', 'a00000000000094', 'AST-00012'),
  ('a01000000000013', 'Analytics Add-on', 'SN-72374197', '2027-09-24', '001000000000054', 'a00000000000003', 'AST-00013'),
  ('a01000000000014', 'Analytics Add-on', 'SN-55539236', '2028-08-03', '001000000000012', 'a00000000000087', 'AST-00014'),
  ('a01000000000015', 'CRM Seat', 'SN-80488837', '2029-08-28', '001000000000038', 'a00000000000070', 'AST-00015'),
  ('a01000000000016', 'Analytics Add-on', 'SN-95695475', '2030-08-19', '001000000000009', 'a00000000000100', 'AST-00016'),
  ('a01000000000017', 'API Bundle', 'SN-83170181', '2028-11-18', '001000000000051', NULL, 'AST-00017'),
  ('a01000000000018', 'API Bundle', 'SN-65432708', '2030-06-03', '001000000000008', 'a00000000000007', 'AST-00018'),
  ('a01000000000019', 'CRM Seat', 'SN-45933751', '2029-03-16', '001000000000051', NULL, 'AST-00019'),
  ('a01000000000020', 'API Bundle', 'SN-59062258', '2029-07-30', '001000000000058', 'a00000000000042', 'AST-00020'),
  ('a01000000000021', 'Data Connector', 'SN-15773063', '2028-02-03', '001000000000071', 'a00000000000025', 'AST-00021'),
  ('a01000000000022', 'Support Package', 'SN-89389479', '2030-10-19', '001000000000067', 'a00000000000018', 'AST-00022'),
  ('a01000000000023', 'CRM Seat', 'SN-22982879', '2029-06-12', '001000000000027', NULL, 'AST-00023'),
  ('a01000000000024', 'Mobile App', 'SN-90749398', '2029-07-03', '001000000000045', 'a00000000000080', 'AST-00024'),
  ('a01000000000025', 'Data Connector', 'SN-58673961', '2028-05-03', '001000000000009', 'a00000000000013', 'AST-00025'),
  ('a01000000000026', 'CRM Seat', 'SN-39471126', '2027-09-07', '001000000000030', NULL, 'AST-00026'),
  ('a01000000000027', 'CRM Seat', 'SN-10984968', '2030-06-07', '001000000000037', 'a00000000000068', 'AST-00027'),
  ('a01000000000028', 'Mobile App', 'SN-68770124', '2030-09-10', '001000000000027', 'a00000000000016', 'AST-00028'),
  ('a01000000000029', 'CRM Seat', 'SN-51659865', '2030-02-04', '001000000000080', 'a00000000000012', 'AST-00029'),
  ('a01000000000030', 'Analytics Add-on', 'SN-77790791', '2028-06-26', '001000000000078', 'a00000000000089', 'AST-00030'),
  ('a01000000000031', 'Mobile App', 'SN-42612552', '2029-05-20', '001000000000075', NULL, 'AST-00031'),
  ('a01000000000032', 'Support Package', 'SN-13183267', '2028-08-26', '001000000000075', 'a00000000000108', 'AST-00032'),
  ('a01000000000033', 'Support Package', 'SN-96448322', '2031-04-04', '001000000000047', 'a00000000000007', 'AST-00033'),
  ('a01000000000034', 'Mobile App', 'SN-26807198', '2028-06-25', '001000000000001', 'a00000000000075', 'AST-00034'),
  ('a01000000000035', 'Data Connector', 'SN-90469148', '2031-03-29', '001000000000055', NULL, 'AST-00035'),
  ('a01000000000036', 'Analytics Add-on', 'SN-48508559', '2028-01-16', '001000000000003', 'a00000000000060', 'AST-00036'),
  ('a01000000000037', 'API Bundle', 'SN-43324471', '2027-12-14', '001000000000073', 'a00000000000013', 'AST-00037'),
  ('a01000000000038', 'API Bundle', 'SN-79091052', '2028-01-13', '001000000000043', 'a00000000000005', 'AST-00038'),
  ('a01000000000039', 'Mobile App', 'SN-26681139', '2028-03-18', '001000000000050', 'a00000000000046', 'AST-00039'),
  ('a01000000000040', 'Analytics Add-on', 'SN-87774509', '2029-04-29', '001000000000019', 'a00000000000048', 'AST-00040'),
  ('a01000000000041', 'Data Connector', 'SN-63237012', '2030-07-20', '001000000000024', 'a00000000000080', 'AST-00041'),
  ('a01000000000042', 'CRM Seat', 'SN-40963747', '2028-01-30', '001000000000021', 'a00000000000088', 'AST-00042'),
  ('a01000000000043', 'Support Package', 'SN-82705971', '2030-10-03', '001000000000054', 'a00000000000066', 'AST-00043'),
  ('a01000000000044', 'Mobile App', 'SN-86621579', '2031-02-15', '001000000000020', NULL, 'AST-00044'),
  ('a01000000000045', 'API Bundle', 'SN-28663972', '2030-08-02', '001000000000003', 'a00000000000108', 'AST-00045'),
  ('a01000000000046', 'Data Connector', 'SN-64063182', '2029-01-20', '001000000000065', 'a00000000000112', 'AST-00046'),
  ('a01000000000047', 'Mobile App', 'SN-35650716', '2028-03-09', '001000000000008', 'a00000000000092', 'AST-00047'),
  ('a01000000000048', 'API Bundle', 'SN-58904477', '2028-06-30', '001000000000041', 'a00000000000022', 'AST-00048'),
  ('a01000000000049', 'Support Package', 'SN-48574690', '2029-10-05', '001000000000063', 'a00000000000048', 'AST-00049'),
  ('a01000000000050', 'Data Connector', 'SN-27275822', '2031-06-30', '001000000000005', 'a00000000000002', 'AST-00050'),
  ('a01000000000051', 'CRM Seat', 'SN-70386196', '2030-07-09', '001000000000027', 'a00000000000050', 'AST-00051'),
  ('a01000000000052', 'Analytics Add-on', 'SN-20259695', '2029-11-16', '001000000000048', 'a00000000000075', 'AST-00052'),
  ('a01000000000053', 'Analytics Add-on', 'SN-42910471', '2031-04-17', '001000000000013', 'a00000000000091', 'AST-00053'),
  ('a01000000000054', 'Support Package', 'SN-66762953', '2030-01-27', '001000000000007', 'a00000000000073', 'AST-00054'),
  ('a01000000000055', 'Support Package', 'SN-42146809', '2029-03-19', '001000000000080', NULL, 'AST-00055'),
  ('a01000000000056', 'Support Package', 'SN-66695705', '2029-04-13', '001000000000013', 'a00000000000111', 'AST-00056'),
  ('a01000000000057', 'Data Connector', 'SN-28401667', '2031-01-04', '001000000000006', 'a00000000000091', 'AST-00057'),
  ('a01000000000058', 'API Bundle', 'SN-91315193', '2029-05-11', '001000000000034', 'a00000000000019', 'AST-00058'),
  ('a01000000000059', 'Mobile App', 'SN-57211034', '2029-03-25', '001000000000022', 'a00000000000022', 'AST-00059'),
  ('a01000000000060', 'API Bundle', 'SN-10397475', '2027-09-01', '001000000000079', 'a00000000000026', 'AST-00060'),
  ('a01000000000061', 'Mobile App', 'SN-37395320', '2031-05-30', '001000000000043', NULL, 'AST-00061'),
  ('a01000000000062', 'Mobile App', 'SN-53326334', '2027-09-19', '001000000000072', 'a00000000000074', 'AST-00062'),
  ('a01000000000063', 'API Bundle', 'SN-72798466', '2031-01-11', '001000000000049', 'a00000000000002', 'AST-00063'),
  ('a01000000000064', 'Data Connector', 'SN-98463159', '2029-09-05', '001000000000061', 'a00000000000022', 'AST-00064'),
  ('a01000000000065', 'CRM Seat', 'SN-72894944', '2027-12-20', '001000000000043', NULL, 'AST-00065'),
  ('a01000000000066', 'API Bundle', 'SN-84905311', '2030-04-11', '001000000000079', 'a00000000000099', 'AST-00066'),
  ('a01000000000067', 'API Bundle', 'SN-59358951', '2030-06-10', '001000000000046', 'a00000000000091', 'AST-00067'),
  ('a01000000000068', 'Analytics Add-on', 'SN-16817522', '2029-12-25', '001000000000045', 'a00000000000099', 'AST-00068'),
  ('a01000000000069', 'Support Package', 'SN-31971027', '2030-02-10', '001000000000040', 'a00000000000029', 'AST-00069'),
  ('a01000000000070', 'CRM Seat', 'SN-66147889', '2028-08-05', '001000000000045', 'a00000000000021', 'AST-00070'),
  ('a01000000000071', 'Data Connector', 'SN-71910140', '2029-03-25', '001000000000074', 'a00000000000064', 'AST-00071'),
  ('a01000000000072', 'API Bundle', 'SN-79077166', '2027-09-03', '001000000000054', 'a00000000000094', 'AST-00072'),
  ('a01000000000073', 'Mobile App', 'SN-82853526', '2028-08-21', '001000000000048', 'a00000000000001', 'AST-00073'),
  ('a01000000000074', 'Support Package', 'SN-53580761', '2031-01-26', '001000000000047', 'a00000000000001', 'AST-00074'),
  ('a01000000000075', 'CRM Seat', 'SN-15007175', '2029-04-22', '001000000000003', 'a00000000000023', 'AST-00075'),
  ('a01000000000076', 'Data Connector', 'SN-54975607', '2029-06-15', '001000000000023', 'a00000000000021', 'AST-00076'),
  ('a01000000000077', 'API Bundle', 'SN-42897112', '2027-07-23', '001000000000008', 'a00000000000035', 'AST-00077'),
  ('a01000000000078', 'Analytics Add-on', 'SN-81398609', '2027-07-17', '001000000000052', 'a00000000000080', 'AST-00078'),
  ('a01000000000079', 'CRM Seat', 'SN-32495058', '2029-07-04', '001000000000052', 'a00000000000086', 'AST-00079'),
  ('a01000000000080', 'Support Package', 'SN-56143013', '2030-02-22', '001000000000073', 'a00000000000006', 'AST-00080'),
  ('a01000000000081', 'Support Package', 'SN-94492546', '2029-09-22', '001000000000027', NULL, 'AST-00081'),
  ('a01000000000082', 'CRM Seat', 'SN-79948636', '2029-06-24', '001000000000043', NULL, 'AST-00082'),
  ('a01000000000083', 'Mobile App', 'SN-96655723', '2028-11-16', '001000000000011', 'a00000000000030', 'AST-00083'),
  ('a01000000000084', 'CRM Seat', 'SN-46228930', '2029-01-28', '001000000000045', 'a00000000000100', 'AST-00084'),
  ('a01000000000085', 'Support Package', 'SN-20166212', '2030-04-27', '001000000000049', 'a00000000000080', 'AST-00085'),
  ('a01000000000086', 'CRM Seat', 'SN-33982409', '2031-04-29', '001000000000063', NULL, 'AST-00086'),
  ('a01000000000087', 'Data Connector', 'SN-49075134', '2029-10-17', '001000000000061', 'a00000000000013', 'AST-00087'),
  ('a01000000000088', 'Data Connector', 'SN-93550858', '2031-01-03', '001000000000076', NULL, 'AST-00088'),
  ('a01000000000089', 'API Bundle', 'SN-30003755', '2027-11-09', '001000000000013', NULL, 'AST-00089'),
  ('a01000000000090', 'Support Package', 'SN-93024232', '2028-12-24', '001000000000032', 'a00000000000049', 'AST-00090'),
  ('a01000000000091', 'CRM Seat', 'SN-23078488', '2029-02-09', '001000000000049', 'a00000000000099', 'AST-00091'),
  ('a01000000000092', 'Data Connector', 'SN-22703521', '2029-10-02', '001000000000073', 'a00000000000037', 'AST-00092'),
  ('a01000000000093', 'CRM Seat', 'SN-62585724', '2029-09-02', '001000000000013', 'a00000000000078', 'AST-00093'),
  ('a01000000000094', 'Analytics Add-on', 'SN-53198240', '2028-10-21', '001000000000037', NULL, 'AST-00094'),
  ('a01000000000095', 'Support Package', 'SN-51451198', '2029-12-26', '001000000000028', 'a00000000000072', 'AST-00095'),
  ('a01000000000096', 'API Bundle', 'SN-59215346', '2031-06-21', '001000000000065', 'a00000000000003', 'AST-00096'),
  ('a01000000000097', 'API Bundle', 'SN-80068497', '2030-01-12', '001000000000054', 'a00000000000067', 'AST-00097'),
  ('a01000000000098', 'CRM Seat', 'SN-39032409', '2029-10-09', '001000000000066', 'a00000000000011', 'AST-00098'),
  ('a01000000000099', 'API Bundle', 'SN-76606227', '2028-05-06', '001000000000062', 'a00000000000075', 'AST-00099'),
  ('a01000000000100', 'API Bundle', 'SN-65214566', '2029-08-06', '001000000000053', 'a00000000000047', 'AST-00100'),
  ('a01000000000101', 'CRM Seat', 'SN-17928419', '2028-12-20', '001000000000044', NULL, 'AST-00101'),
  ('a01000000000102', 'API Bundle', 'SN-86137991', '2027-08-29', '001000000000043', 'a00000000000029', 'AST-00102'),
  ('a01000000000103', 'Mobile App', 'SN-62272583', '2027-09-12', '001000000000070', 'a00000000000018', 'AST-00103'),
  ('a01000000000104', 'Mobile App', 'SN-51283573', '2029-05-11', '001000000000078', 'a00000000000033', 'AST-00104'),
  ('a01000000000105', 'Analytics Add-on', 'SN-39732617', '2031-06-20', '001000000000069', 'a00000000000038', 'AST-00105'),
  ('a01000000000106', 'CRM Seat', 'SN-69440899', '2029-12-26', '001000000000066', 'a00000000000084', 'AST-00106'),
  ('a01000000000107', 'Mobile App', 'SN-62435680', '2028-02-09', '001000000000001', NULL, 'AST-00107'),
  ('a01000000000108', 'API Bundle', 'SN-65317437', '2029-04-20', '001000000000076', NULL, 'AST-00108'),
  ('a01000000000109', 'Analytics Add-on', 'SN-64118793', '2027-10-03', '001000000000018', NULL, 'AST-00109'),
  ('a01000000000110', 'Analytics Add-on', 'SN-89402425', '2028-09-17', '001000000000016', 'a00000000000069', 'AST-00110'),
  ('a01000000000111', 'CRM Seat', 'SN-75341380', '2028-05-06', '001000000000006', 'a00000000000030', 'AST-00111'),
  ('a01000000000112', 'Support Package', 'SN-25484743', '2028-03-27', '001000000000038', 'a00000000000099', 'AST-00112'),
  ('a01000000000113', 'Support Package', 'SN-55603018', '2030-01-18', '001000000000009', 'a00000000000066', 'AST-00113'),
  ('a01000000000114', 'Analytics Add-on', 'SN-91551027', '2029-07-30', '001000000000053', 'a00000000000090', 'AST-00114'),
  ('a01000000000115', 'Analytics Add-on', 'SN-25584203', '2030-08-09', '001000000000077', 'a00000000000058', 'AST-00115'),
  ('a01000000000116', 'Data Connector', 'SN-75384599', '2029-03-30', '001000000000056', 'a00000000000107', 'AST-00116'),
  ('a01000000000117', 'Mobile App', 'SN-70685545', '2031-06-02', '001000000000053', 'a00000000000023', 'AST-00117'),
  ('a01000000000118', 'Support Package', 'SN-55622315', '2028-07-18', '001000000000034', 'a00000000000004', 'AST-00118'),
  ('a01000000000119', 'API Bundle', 'SN-80839272', '2031-05-21', '001000000000080', 'a00000000000052', 'AST-00119'),
  ('a01000000000120', 'CRM Seat', 'SN-94881859', '2029-02-18', '001000000000053', 'a00000000000045', 'AST-00120'),
  ('a01000000000121', 'API Bundle', 'SN-28838057', '2030-08-27', '001000000000007', 'a00000000000007', 'AST-00121'),
  ('a01000000000122', 'CRM Seat', 'SN-24928065', '2030-05-19', '001000000000001', NULL, 'AST-00122'),
  ('a01000000000123', 'API Bundle', 'SN-92054697', '2031-01-29', '001000000000014', 'a00000000000032', 'AST-00123'),
  ('a01000000000124', 'Analytics Add-on', 'SN-13388411', '2031-03-25', '001000000000014', 'a00000000000006', 'AST-00124'),
  ('a01000000000125', 'Support Package', 'SN-91735442', '2028-02-18', '001000000000029', 'a00000000000082', 'AST-00125'),
  ('a01000000000126', 'Analytics Add-on', 'SN-14206229', '2028-11-27', '001000000000060', 'a00000000000018', 'AST-00126'),
  ('a01000000000127', 'Support Package', 'SN-25973686', '2029-11-02', '001000000000035', 'a00000000000023', 'AST-00127'),
  ('a01000000000128', 'Mobile App', 'SN-93584514', '2027-08-10', '001000000000017', 'a00000000000018', 'AST-00128'),
  ('a01000000000129', 'Analytics Add-on', 'SN-87249874', '2031-04-24', '001000000000010', 'a00000000000049', 'AST-00129'),
  ('a01000000000130', 'Support Package', 'SN-67983899', '2028-11-04', '001000000000041', 'a00000000000072', 'AST-00130'),
  ('a01000000000131', 'CRM Seat', 'SN-59153320', '2029-08-16', '001000000000076', NULL, 'AST-00131'),
  ('a01000000000132', 'Data Connector', 'SN-67578622', '2030-05-05', '001000000000052', 'a00000000000069', 'AST-00132'),
  ('a01000000000133', 'Data Connector', 'SN-21353715', '2029-10-10', '001000000000078', 'a00000000000095', 'AST-00133'),
  ('a01000000000134', 'Analytics Add-on', 'SN-62577153', '2028-03-26', '001000000000031', 'a00000000000060', 'AST-00134'),
  ('a01000000000135', 'Mobile App', 'SN-52769280', '2030-11-23', '001000000000079', 'a00000000000085', 'AST-00135'),
  ('a01000000000136', 'Support Package', 'SN-57102705', '2031-02-16', '001000000000069', 'a00000000000093', 'AST-00136'),
  ('a01000000000137', 'Support Package', 'SN-31599565', '2029-04-05', '001000000000043', 'a00000000000069', 'AST-00137'),
  ('a01000000000138', 'API Bundle', 'SN-88896811', '2030-09-02', '001000000000068', 'a00000000000069', 'AST-00138'),
  ('a01000000000139', 'Analytics Add-on', 'SN-37994075', '2031-06-19', '001000000000021', 'a00000000000002', 'AST-00139'),
  ('a01000000000140', 'CRM Seat', 'SN-91782175', '2027-11-05', '001000000000033', 'a00000000000027', 'AST-00140'),
  ('a01000000000141', 'CRM Seat', 'SN-87082367', '2030-09-25', '001000000000007', 'a00000000000053', 'AST-00141'),
  ('a01000000000142', 'CRM Seat', 'SN-21763086', '2028-04-06', '001000000000010', 'a00000000000085', 'AST-00142'),
  ('a01000000000143', 'Support Package', 'SN-61813511', '2027-10-04', '001000000000048', 'a00000000000051', 'AST-00143'),
  ('a01000000000144', 'Support Package', 'SN-73949432', '2028-01-17', '001000000000051', 'a00000000000016', 'AST-00144'),
  ('a01000000000145', 'Data Connector', 'SN-29080307', '2028-01-09', '001000000000076', 'a00000000000105', 'AST-00145'),
  ('a01000000000146', 'Mobile App', 'SN-65559010', '2030-10-09', '001000000000005', 'a00000000000024', 'AST-00146'),
  ('a01000000000147', 'CRM Seat', 'SN-64131028', '2028-01-16', '001000000000053', 'a00000000000072', 'AST-00147'),
  ('a01000000000148', 'Mobile App', 'SN-20349035', '2030-01-01', '001000000000014', 'a00000000000026', 'AST-00148'),
  ('a01000000000149', 'Mobile App', 'SN-42674056', '2031-03-31', '001000000000056', NULL, 'AST-00149'),
  ('a01000000000150', 'Data Connector', 'SN-35156866', '2028-04-02', '001000000000075', 'a00000000000043', 'AST-00150'),
  ('a01000000000151', 'Mobile App', 'SN-54893817', '2028-02-28', '001000000000071', NULL, 'AST-00151'),
  ('a01000000000152', 'CRM Seat', 'SN-22209760', '2029-02-26', '001000000000028', 'a00000000000009', 'AST-00152'),
  ('a01000000000153', 'Analytics Add-on', 'SN-42480657', '2028-10-27', '001000000000052', 'a00000000000027', 'AST-00153'),
  ('a01000000000154', 'Analytics Add-on', 'SN-68723146', '2031-04-04', '001000000000063', 'a00000000000078', 'AST-00154'),
  ('a01000000000155', 'Support Package', 'SN-68669899', '2029-02-09', '001000000000006', 'a00000000000054', 'AST-00155'),
  ('a01000000000156', 'Analytics Add-on', 'SN-53875930', '2028-08-13', '001000000000032', 'a00000000000088', 'AST-00156'),
  ('a01000000000157', 'Data Connector', 'SN-32256196', '2030-02-22', '001000000000031', 'a00000000000074', 'AST-00157'),
  ('a01000000000158', 'Support Package', 'SN-37772388', '2028-08-26', '001000000000035', 'a00000000000055', 'AST-00158'),
  ('a01000000000159', 'Analytics Add-on', 'SN-88785738', '2029-12-05', '001000000000053', 'a00000000000086', 'AST-00159'),
  ('a01000000000160', 'Data Connector', 'SN-78004181', '2029-03-01', '001000000000075', 'a00000000000046', 'AST-00160'),
  ('a01000000000161', 'API Bundle', 'SN-12827854', '2031-01-05', '001000000000032', 'a00000000000004', 'AST-00161'),
  ('a01000000000162', 'Analytics Add-on', 'SN-73989741', '2029-09-22', '001000000000072', 'a00000000000048', 'AST-00162'),
  ('a01000000000163', 'Support Package', 'SN-53784671', '2028-06-04', '001000000000069', 'a00000000000097', 'AST-00163'),
  ('a01000000000164', 'Mobile App', 'SN-20426764', '2030-05-11', '001000000000079', 'a00000000000051', 'AST-00164'),
  ('a01000000000165', 'CRM Seat', 'SN-68353363', '2028-12-29', '001000000000047', 'a00000000000034', 'AST-00165'),
  ('a01000000000166', 'Support Package', 'SN-17862662', '2030-04-17', '001000000000064', 'a00000000000047', 'AST-00166'),
  ('a01000000000167', 'Data Connector', 'SN-44928552', '2029-01-31', '001000000000052', 'a00000000000087', 'AST-00167'),
  ('a01000000000168', 'Data Connector', 'SN-69848553', '2028-02-07', '001000000000029', 'a00000000000053', 'AST-00168'),
  ('a01000000000169', 'API Bundle', 'SN-96508694', '2031-02-14', '001000000000011', 'a00000000000098', 'AST-00169'),
  ('a01000000000170', 'Support Package', 'SN-35261497', '2029-10-03', '001000000000032', NULL, 'AST-00170'),
  ('a01000000000171', 'Mobile App', 'SN-26787122', '2031-06-03', '001000000000034', 'a00000000000017', 'AST-00171'),
  ('a01000000000172', 'Analytics Add-on', 'SN-48606535', '2028-08-31', '001000000000070', 'a00000000000087', 'AST-00172'),
  ('a01000000000173', 'Data Connector', 'SN-78397617', '2029-08-01', '001000000000069', 'a00000000000071', 'AST-00173'),
  ('a01000000000174', 'Support Package', 'SN-21435296', '2027-12-22', '001000000000054', 'a00000000000079', 'AST-00174'),
  ('a01000000000175', 'Analytics Add-on', 'SN-27087311', '2030-08-24', '001000000000016', 'a00000000000092', 'AST-00175'),
  ('a01000000000176', 'Analytics Add-on', 'SN-60798198', '2029-01-18', '001000000000032', 'a00000000000112', 'AST-00176'),
  ('a01000000000177', 'Analytics Add-on', 'SN-94970669', '2028-04-14', '001000000000033', 'a00000000000068', 'AST-00177'),
  ('a01000000000178', 'Mobile App', 'SN-87213316', '2031-03-14', '001000000000029', 'a00000000000093', 'AST-00178'),
  ('a01000000000179', 'API Bundle', 'SN-42807171', '2029-01-07', '001000000000079', 'a00000000000032', 'AST-00179'),
  ('a01000000000180', 'Analytics Add-on', 'SN-26148234', '2029-01-02', '001000000000048', 'a00000000000069', 'AST-00180'),
  ('a01000000000181', 'Support Package', 'SN-29972808', '2029-11-01', '001000000000054', 'a00000000000024', 'AST-00181'),
  ('a01000000000182', 'Data Connector', 'SN-88156697', '2028-09-29', '001000000000071', 'a00000000000085', 'AST-00182'),
  ('a01000000000183', 'Analytics Add-on', 'SN-55049279', '2029-07-29', '001000000000066', 'a00000000000019', 'AST-00183'),
  ('a01000000000184', 'Data Connector', 'SN-66313184', '2028-03-19', '001000000000018', 'a00000000000100', 'AST-00184'),
  ('a01000000000185', 'Support Package', 'SN-98186782', '2029-11-05', '001000000000031', 'a00000000000010', 'AST-00185'),
  ('a01000000000186', 'API Bundle', 'SN-50933359', '2028-10-26', '001000000000005', 'a00000000000023', 'AST-00186'),
  ('a01000000000187', 'Mobile App', 'SN-78912493', '2029-03-04', '001000000000064', 'a00000000000023', 'AST-00187'),
  ('a01000000000188', 'Analytics Add-on', 'SN-32759131', '2028-12-31', '001000000000026', 'a00000000000038', 'AST-00188'),
  ('a01000000000189', 'API Bundle', 'SN-96790345', '2029-07-13', '001000000000072', 'a00000000000028', 'AST-00189'),
  ('a01000000000190', 'Data Connector', 'SN-17984700', '2030-06-24', '001000000000018', NULL, 'AST-00190'),
  ('a01000000000191', 'Analytics Add-on', 'SN-25387563', '2030-10-05', '001000000000078', NULL, 'AST-00191'),
  ('a01000000000192', 'Analytics Add-on', 'SN-83209717', '2028-04-18', '001000000000058', 'a00000000000102', 'AST-00192'),
  ('a01000000000193', 'API Bundle', 'SN-11979596', '2028-05-31', '001000000000062', 'a00000000000100', 'AST-00193'),
  ('a01000000000194', 'Analytics Add-on', 'SN-93385020', '2028-08-16', '001000000000069', 'a00000000000054', 'AST-00194'),
  ('a01000000000195', 'CRM Seat', 'SN-51290420', '2030-10-22', '001000000000079', 'a00000000000102', 'AST-00195'),
  ('a01000000000196', 'Support Package', 'SN-17931581', '2027-10-01', '001000000000080', NULL, 'AST-00196'),
  ('a01000000000197', 'CRM Seat', 'SN-46493287', '2029-06-19', '001000000000045', 'a00000000000079', 'AST-00197'),
  ('a01000000000198', 'API Bundle', 'SN-47338607', '2029-06-17', '001000000000035', 'a00000000000101', 'AST-00198'),
  ('a01000000000199', 'Data Connector', 'SN-12885044', '2028-09-23', '001000000000017', NULL, 'AST-00199'),
  ('a01000000000200', 'CRM Seat', 'SN-83525127', '2029-03-18', '001000000000074', 'a00000000000069', 'AST-00200'),
  ('a01000000000201', 'Data Connector', 'SN-62382624', '2029-10-25', '001000000000075', 'a00000000000087', 'AST-00201'),
  ('a01000000000202', 'Support Package', 'SN-22758984', '2028-03-17', '001000000000016', 'a00000000000043', 'AST-00202'),
  ('a01000000000203', 'CRM Seat', 'SN-52956742', '2027-07-10', '001000000000074', 'a00000000000040', 'AST-00203'),
  ('a01000000000204', 'Data Connector', 'SN-23860841', '2030-06-16', '001000000000024', 'a00000000000101', 'AST-00204'),
  ('a01000000000205', 'Mobile App', 'SN-88355404', '2030-03-03', '001000000000037', NULL, 'AST-00205'),
  ('a01000000000206', 'Mobile App', 'SN-55465029', '2030-04-29', '001000000000045', 'a00000000000060', 'AST-00206'),
  ('a01000000000207', 'Support Package', 'SN-34935996', '2030-02-10', '001000000000068', 'a00000000000036', 'AST-00207'),
  ('a01000000000208', 'Mobile App', 'SN-13875895', '2029-08-21', '001000000000040', 'a00000000000013', 'AST-00208'),
  ('a01000000000209', 'CRM Seat', 'SN-21743363', '2028-07-12', '001000000000020', 'a00000000000075', 'AST-00209'),
  ('a01000000000210', 'CRM Seat', 'SN-23390503', '2027-12-15', '001000000000048', 'a00000000000036', 'AST-00210'),
  ('a01000000000211', 'CRM Seat', 'SN-99804679', '2030-06-18', '001000000000045', 'a00000000000022', 'AST-00211'),
  ('a01000000000212', 'Data Connector', 'SN-79552402', '2027-08-16', '001000000000066', 'a00000000000010', 'AST-00212'),
  ('a01000000000213', 'Mobile App', 'SN-24723459', '2029-06-11', '001000000000022', 'a00000000000110', 'AST-00213'),
  ('a01000000000214', 'Support Package', 'SN-76009432', '2030-07-08', '001000000000066', 'a00000000000101', 'AST-00214'),
  ('a01000000000215', 'Support Package', 'SN-70483314', '2029-09-30', '001000000000045', 'a00000000000034', 'AST-00215'),
  ('a01000000000216', 'CRM Seat', 'SN-69371710', '2030-03-11', '001000000000047', 'a00000000000025', 'AST-00216'),
  ('a01000000000217', 'Support Package', 'SN-63554420', '2030-07-13', '001000000000065', NULL, 'AST-00217'),
  ('a01000000000218', 'Analytics Add-on', 'SN-40810110', '2028-02-15', '001000000000013', 'a00000000000035', 'AST-00218'),
  ('a01000000000219', 'Data Connector', 'SN-48404615', '2028-11-11', '001000000000037', 'a00000000000002', 'AST-00219'),
  ('a01000000000220', 'CRM Seat', 'SN-24817002', '2030-12-15', '001000000000037', 'a00000000000068', 'AST-00220'),
  ('a01000000000221', 'API Bundle', 'SN-70249424', '2028-04-15', '001000000000045', 'a00000000000040', 'AST-00221'),
  ('a01000000000222', 'Support Package', 'SN-75386202', '2029-10-29', '001000000000036', 'a00000000000093', 'AST-00222'),
  ('a01000000000223', 'Analytics Add-on', 'SN-36225652', '2030-03-22', '001000000000071', 'a00000000000008', 'AST-00223'),
  ('a01000000000224', 'API Bundle', 'SN-96285435', '2028-05-30', '001000000000048', NULL, 'AST-00224'),
  ('a01000000000225', 'API Bundle', 'SN-97232017', '2028-08-20', '001000000000026', 'a00000000000032', 'AST-00225'),
  ('a01000000000226', 'CRM Seat', 'SN-61404235', '2027-10-08', '001000000000043', 'a00000000000051', 'AST-00226'),
  ('a01000000000227', 'CRM Seat', 'SN-85674677', '2028-07-24', '001000000000046', NULL, 'AST-00227'),
  ('a01000000000228', 'CRM Seat', 'SN-77242975', '2028-04-22', '001000000000016', NULL, 'AST-00228'),
  ('a01000000000229', 'CRM Seat', 'SN-39377968', '2029-07-14', '001000000000025', 'a00000000000014', 'AST-00229'),
  ('a01000000000230', 'Analytics Add-on', 'SN-98796675', '2027-11-17', '001000000000049', 'a00000000000028', 'AST-00230'),
  ('a01000000000231', 'Analytics Add-on', 'SN-96774130', '2029-12-03', '001000000000018', NULL, 'AST-00231'),
  ('a01000000000232', 'Data Connector', 'SN-48445732', '2031-05-20', '001000000000005', NULL, 'AST-00232'),
  ('a01000000000233', 'Mobile App', 'SN-58935592', '2027-10-12', '001000000000070', 'a00000000000033', 'AST-00233'),
  ('a01000000000234', 'Support Package', 'SN-95086858', '2031-02-07', '001000000000043', 'a00000000000026', 'AST-00234'),
  ('a01000000000235', 'Data Connector', 'SN-10652013', '2027-07-20', '001000000000073', NULL, 'AST-00235'),
  ('a01000000000236', 'Data Connector', 'SN-73789672', '2029-08-02', '001000000000015', 'a00000000000093', 'AST-00236'),
  ('a01000000000237', 'Data Connector', 'SN-55070216', '2028-09-24', '001000000000041', 'a00000000000036', 'AST-00237'),
  ('a01000000000238', 'Data Connector', 'SN-58691564', '2030-03-06', '001000000000053', 'a00000000000011', 'AST-00238'),
  ('a01000000000239', 'CRM Seat', 'SN-89201298', '2031-01-22', '001000000000003', 'a00000000000020', 'AST-00239'),
  ('a01000000000240', 'Mobile App', 'SN-95047332', '2030-04-14', '001000000000079', 'a00000000000014', 'AST-00240'),
  ('a01000000000241', 'Mobile App', 'SN-78134164', '2029-09-28', '001000000000040', 'a00000000000071', 'AST-00241'),
  ('a01000000000242', 'CRM Seat', 'SN-72354266', '2031-03-14', '001000000000010', 'a00000000000073', 'AST-00242'),
  ('a01000000000243', 'Analytics Add-on', 'SN-33435239', '2029-09-08', '001000000000057', 'a00000000000070', 'AST-00243'),
  ('a01000000000244', 'Mobile App', 'SN-93609414', '2029-04-02', '001000000000074', 'a00000000000037', 'AST-00244'),
  ('a01000000000245', 'Analytics Add-on', 'SN-88375541', '2028-01-27', '001000000000061', 'a00000000000059', 'AST-00245'),
  ('a01000000000246', 'Analytics Add-on', 'SN-47500772', '2030-01-29', '001000000000035', 'a00000000000081', 'AST-00246'),
  ('a01000000000247', 'Data Connector', 'SN-99044119', '2028-09-29', '001000000000058', 'a00000000000088', 'AST-00247'),
  ('a01000000000248', 'Mobile App', 'SN-28859580', '2028-11-20', '001000000000078', 'a00000000000074', 'AST-00248'),
  ('a01000000000249', 'Support Package', 'SN-65649928', '2029-04-24', '001000000000061', 'a00000000000048', 'AST-00249'),
  ('a01000000000250', 'Mobile App', 'SN-77099145', '2029-11-02', '001000000000041', 'a00000000000076', 'AST-00250'),
  ('a01000000000251', 'Analytics Add-on', 'SN-28095360', '2029-09-30', '001000000000063', 'a00000000000074', 'AST-00251'),
  ('a01000000000252', 'Analytics Add-on', 'SN-96072585', '2029-09-11', '001000000000044', 'a00000000000029', 'AST-00252'),
  ('a01000000000253', 'CRM Seat', 'SN-98417507', '2029-04-27', '001000000000051', 'a00000000000092', 'AST-00253'),
  ('a01000000000254', 'Support Package', 'SN-67857764', '2030-10-17', '001000000000038', 'a00000000000022', 'AST-00254'),
  ('a01000000000255', 'Mobile App', 'SN-76596148', '2027-08-24', '001000000000006', 'a00000000000019', 'AST-00255'),
  ('a01000000000256', 'Support Package', 'SN-77429603', '2028-08-25', '001000000000033', 'a00000000000050', 'AST-00256'),
  ('a01000000000257', 'Data Connector', 'SN-52733786', '2030-04-13', '001000000000078', 'a00000000000073', 'AST-00257'),
  ('a01000000000258', 'Analytics Add-on', 'SN-30604561', '2031-04-19', '001000000000043', 'a00000000000091', 'AST-00258'),
  ('a01000000000259', 'CRM Seat', 'SN-38526936', '2031-04-04', '001000000000062', NULL, 'AST-00259'),
  ('a01000000000260', 'Analytics Add-on', 'SN-39594019', '2027-09-01', '001000000000005', 'a00000000000032', 'AST-00260'),
  ('a01000000000261', 'Support Package', 'SN-81084468', '2027-09-08', '001000000000064', 'a00000000000105', 'AST-00261'),
  ('a01000000000262', 'API Bundle', 'SN-37464201', '2031-05-25', '001000000000036', NULL, 'AST-00262'),
  ('a01000000000263', 'Mobile App', 'SN-43396201', '2027-11-21', '001000000000079', 'a00000000000012', 'AST-00263'),
  ('a01000000000264', 'Data Connector', 'SN-74164823', '2027-12-17', '001000000000003', 'a00000000000055', 'AST-00264'),
  ('a01000000000265', 'Data Connector', 'SN-58464166', '2027-07-15', '001000000000012', 'a00000000000027', 'AST-00265'),
  ('a01000000000266', 'Mobile App', 'SN-74141454', '2028-08-19', '001000000000053', 'a00000000000043', 'AST-00266'),
  ('a01000000000267', 'API Bundle', 'SN-47936232', '2029-02-10', '001000000000001', 'a00000000000060', 'AST-00267'),
  ('a01000000000268', 'Mobile App', 'SN-85560514', '2031-01-19', '001000000000024', 'a00000000000064', 'AST-00268'),
  ('a01000000000269', 'CRM Seat', 'SN-38980868', '2029-10-02', '001000000000055', 'a00000000000069', 'AST-00269'),
  ('a01000000000270', 'Mobile App', 'SN-12966854', '2029-06-22', '001000000000019', 'a00000000000042', 'AST-00270'),
  ('a01000000000271', 'Support Package', 'SN-24674145', '2030-07-22', '001000000000038', 'a00000000000095', 'AST-00271'),
  ('a01000000000272', 'Data Connector', 'SN-35814420', '2028-11-02', '001000000000069', 'a00000000000043', 'AST-00272'),
  ('a01000000000273', 'CRM Seat', 'SN-93188841', '2028-09-04', '001000000000073', 'a00000000000083', 'AST-00273'),
  ('a01000000000274', 'Mobile App', 'SN-14507950', '2029-05-18', '001000000000059', 'a00000000000083', 'AST-00274'),
  ('a01000000000275', 'Mobile App', 'SN-77534248', '2030-01-02', '001000000000078', 'a00000000000065', 'AST-00275'),
  ('a01000000000276', 'Analytics Add-on', 'SN-84142597', '2029-12-04', '001000000000042', NULL, 'AST-00276'),
  ('a01000000000277', 'Data Connector', 'SN-27538541', '2029-08-10', '001000000000001', 'a00000000000080', 'AST-00277'),
  ('a01000000000278', 'CRM Seat', 'SN-60007468', '2028-01-10', '001000000000029', 'a00000000000063', 'AST-00278'),
  ('a01000000000279', 'Support Package', 'SN-96673260', '2030-07-11', '001000000000073', 'a00000000000048', 'AST-00279'),
  ('a01000000000280', 'Data Connector', 'SN-11147309', '2030-07-01', '001000000000076', 'a00000000000035', 'AST-00280'),
  ('a01000000000281', 'Mobile App', 'SN-27681132', '2030-12-26', '001000000000010', NULL, 'AST-00281'),
  ('a01000000000282', 'Data Connector', 'SN-85293454', '2030-04-15', '001000000000072', 'a00000000000037', 'AST-00282'),
  ('a01000000000283', 'API Bundle', 'SN-69131608', '2029-06-08', '001000000000029', 'a00000000000104', 'AST-00283'),
  ('a01000000000284', 'Mobile App', 'SN-69000088', '2030-09-08', '001000000000024', 'a00000000000071', 'AST-00284'),
  ('a01000000000285', 'Data Connector', 'SN-34004766', '2027-12-07', '001000000000003', 'a00000000000054', 'AST-00285'),
  ('a01000000000286', 'Mobile App', 'SN-33396672', '2030-03-07', '001000000000076', 'a00000000000087', 'AST-00286'),
  ('a01000000000287', 'Mobile App', 'SN-26112415', '2029-05-05', '001000000000061', 'a00000000000001', 'AST-00287'),
  ('a01000000000288', 'Data Connector', 'SN-10739289', '2028-06-18', '001000000000078', 'a00000000000104', 'AST-00288'),
  ('a01000000000289', 'Mobile App', 'SN-21922393', '2029-07-22', '001000000000060', NULL, 'AST-00289'),
  ('a01000000000290', 'Mobile App', 'SN-57978436', '2029-04-23', '001000000000034', 'a00000000000084', 'AST-00290'),
  ('a01000000000291', 'CRM Seat', 'SN-94947499', '2027-08-31', '001000000000062', 'a00000000000041', 'AST-00291'),
  ('a01000000000292', 'Analytics Add-on', 'SN-28435106', '2030-02-27', '001000000000079', 'a00000000000044', 'AST-00292'),
  ('a01000000000293', 'Analytics Add-on', 'SN-40037781', '2030-08-23', '001000000000072', NULL, 'AST-00293'),
  ('a01000000000294', 'CRM Seat', 'SN-46259699', '2029-06-02', '001000000000018', 'a00000000000095', 'AST-00294'),
  ('a01000000000295', 'Analytics Add-on', 'SN-68003756', '2031-01-31', '001000000000056', 'a00000000000040', 'AST-00295'),
  ('a01000000000296', 'Support Package', 'SN-76538339', '2028-09-04', '001000000000043', 'a00000000000060', 'AST-00296'),
  ('a01000000000297', 'CRM Seat', 'SN-64803652', '2028-06-11', '001000000000073', 'a00000000000073', 'AST-00297'),
  ('a01000000000298', 'Support Package', 'SN-79077231', '2029-12-06', '001000000000032', 'a00000000000068', 'AST-00298'),
  ('a01000000000299', 'Data Connector', 'SN-18035387', '2029-10-29', '001000000000023', 'a00000000000021', 'AST-00299'),
  ('a01000000000300', 'Support Package', 'SN-46560996', '2031-01-14', '001000000000021', 'a00000000000067', 'AST-00300'),
  ('a01000000000301', 'Analytics Add-on', 'SN-92778148', '2028-05-19', '001000000000047', 'a00000000000110', 'AST-00301'),
  ('a01000000000302', 'Support Package', 'SN-12727473', '2030-08-16', '001000000000003', NULL, 'AST-00302'),
  ('a01000000000303', 'API Bundle', 'SN-37371776', '2028-04-27', '001000000000035', 'a00000000000085', 'AST-00303'),
  ('a01000000000304', 'Analytics Add-on', 'SN-36011992', '2031-01-18', '001000000000022', 'a00000000000032', 'AST-00304'),
  ('a01000000000305', 'API Bundle', 'SN-96944905', '2028-11-11', '001000000000010', 'a00000000000105', 'AST-00305'),
  ('a01000000000306', 'Support Package', 'SN-88357285', '2028-10-18', '001000000000052', 'a00000000000017', 'AST-00306'),
  ('a01000000000307', 'CRM Seat', 'SN-15985587', '2027-12-20', '001000000000006', 'a00000000000038', 'AST-00307'),
  ('a01000000000308', 'API Bundle', 'SN-46396154', '2029-06-12', '001000000000078', 'a00000000000049', 'AST-00308'),
  ('a01000000000309', 'Analytics Add-on', 'SN-90647918', '2030-01-17', '001000000000051', 'a00000000000062', 'AST-00309'),
  ('a01000000000310', 'Mobile App', 'SN-74433161', '2030-12-21', '001000000000036', 'a00000000000079', 'AST-00310'),
  ('a01000000000311', 'API Bundle', 'SN-78935125', '2031-02-09', '001000000000043', 'a00000000000094', 'AST-00311'),
  ('a01000000000312', 'Support Package', 'SN-87645973', '2027-10-04', '001000000000032', 'a00000000000033', 'AST-00312'),
  ('a01000000000313', 'Mobile App', 'SN-22431397', '2029-06-29', '001000000000002', 'a00000000000059', 'AST-00313'),
  ('a01000000000314', 'Mobile App', 'SN-74029563', '2029-11-05', '001000000000031', 'a00000000000059', 'AST-00314'),
  ('a01000000000315', 'Mobile App', 'SN-28242154', '2030-02-26', '001000000000003', 'a00000000000051', 'AST-00315'),
  ('a01000000000316', 'Support Package', 'SN-87731949', '2031-06-20', '001000000000066', 'a00000000000085', 'AST-00316'),
  ('a01000000000317', 'Analytics Add-on', 'SN-28959646', '2029-05-23', '001000000000039', 'a00000000000102', 'AST-00317'),
  ('a01000000000318', 'API Bundle', 'SN-63540355', '2028-10-06', '001000000000063', NULL, 'AST-00318'),
  ('a01000000000319', 'Mobile App', 'SN-30493387', '2029-08-29', '001000000000056', 'a00000000000110', 'AST-00319'),
  ('a01000000000320', 'CRM Seat', 'SN-42540159', '2028-04-30', '001000000000077', 'a00000000000019', 'AST-00320');

CREATE TABLE _ground_truth (
    id SERIAL PRIMARY KEY,
    target_table text,
    target_id text,
    source_table text,
    source_id text,
    notes text
);

INSERT INTO _ground_truth (target_table, target_id, source_table, source_id, notes) VALUES
  ('Account', '001000000000001', 'source_account', 'ACC-1001', NULL),
  ('Account', '001000000000002', 'source_account', 'ACC-1002', NULL),
  ('Account', '001000000000003', 'source_account', 'ACC-1003', NULL),
  ('Account', '001000000000004', 'source_account', 'ACC-1004', NULL),
  ('Account', '001000000000005', 'source_account', 'ACC-1005', NULL),
  ('Account', '001000000000006', 'source_account', 'ACC-1006', NULL),
  ('Account', '001000000000007', 'source_account', 'ACC-1007', NULL),
  ('Account', '001000000000008', 'source_account', 'ACC-1008', NULL),
  ('Account', '001000000000009', 'source_account', 'ACC-1009', NULL),
  ('Account', '001000000000010', 'source_account', 'ACC-1010', NULL),
  ('Account', '001000000000011', 'source_account', 'ACC-1011', NULL),
  ('Account', '001000000000012', 'source_account', 'ACC-1012', NULL),
  ('Account', '001000000000013', 'source_account', 'ACC-1013', NULL),
  ('Account', '001000000000014', 'source_account', 'ACC-1014', NULL),
  ('Account', '001000000000015', 'source_account', 'ACC-1015', NULL),
  ('Account', '001000000000016', 'source_account', 'ACC-1016', NULL),
  ('Account', '001000000000017', 'source_account', 'ACC-1017', NULL),
  ('Account', '001000000000018', 'source_account', 'ACC-1018', NULL),
  ('Account', '001000000000019', 'source_account', 'ACC-1019', NULL),
  ('Account', '001000000000020', 'source_account', 'ACC-1020', NULL),
  ('Account', '001000000000021', 'source_account', 'ACC-1021', NULL),
  ('Account', '001000000000022', 'source_account', 'ACC-1022', NULL),
  ('Account', '001000000000023', 'source_account', 'ACC-1023', NULL),
  ('Account', '001000000000024', 'source_account', 'ACC-1024', NULL),
  ('Account', '001000000000025', 'source_account', 'ACC-1025', NULL),
  ('Account', '001000000000026', 'source_account', 'ACC-1026', NULL),
  ('Account', '001000000000027', 'source_account', 'ACC-1027', NULL),
  ('Account', '001000000000028', 'source_account', 'ACC-1028', NULL),
  ('Account', '001000000000029', 'source_account', 'ACC-1029', NULL),
  ('Account', '001000000000030', 'source_account', 'ACC-1030', NULL),
  ('Account', '001000000000031', 'source_account', 'ACC-1031', NULL),
  ('Account', '001000000000032', 'source_account', 'ACC-1032', NULL),
  ('Account', '001000000000033', 'source_account', 'ACC-1033', NULL),
  ('Account', '001000000000034', 'source_account', 'ACC-1034', NULL),
  ('Account', '001000000000035', 'source_account', 'ACC-1035', NULL),
  ('Account', '001000000000036', 'source_account', 'ACC-1036', NULL),
  ('Account', '001000000000037', 'source_account', 'ACC-1037', NULL),
  ('Account', '001000000000038', 'source_account', 'ACC-1038', NULL),
  ('Account', '001000000000039', 'source_account', 'ACC-1039', NULL),
  ('Account', '001000000000040', 'source_account', 'ACC-1040', NULL),
  ('Account', '001000000000041', 'source_account', 'ACC-1041', NULL),
  ('Account', '001000000000042', 'source_account', 'ACC-1042', NULL),
  ('Account', '001000000000043', 'source_account', 'ACC-1043', NULL),
  ('Account', '001000000000044', 'source_account', 'ACC-1044', NULL),
  ('Account', '001000000000045', 'source_account', 'ACC-1045', NULL),
  ('Account', '001000000000046', 'source_account', 'ACC-1046', NULL),
  ('Account', '001000000000047', 'source_account', 'ACC-1047', NULL),
  ('Account', '001000000000048', 'source_account', 'ACC-1048', NULL),
  ('Account', '001000000000049', 'source_account', 'ACC-1049', NULL),
  ('Account', '001000000000050', 'source_account', 'ACC-1050', NULL),
  ('Account', '001000000000051', 'source_account', 'ACC-1051', NULL),
  ('Account', '001000000000052', 'source_account', 'ACC-1052', NULL),
  ('Account', '001000000000053', 'source_account', 'ACC-1053', NULL),
  ('Account', '001000000000054', 'source_account', 'ACC-1054', NULL),
  ('Account', '001000000000055', 'source_account', 'ACC-1055', NULL),
  ('Account', '001000000000056', 'source_account', 'ACC-1056', NULL),
  ('Account', '001000000000057', 'source_account', 'ACC-1057', NULL),
  ('Account', '001000000000058', 'source_account', 'ACC-1058', NULL),
  ('Account', '001000000000059', 'source_account', 'ACC-1059', NULL),
  ('Account', '001000000000060', 'source_account', 'ACC-1060', NULL),
  ('Account', '001000000000061', 'source_account', 'ACC-1061', NULL),
  ('Account', '001000000000062', 'source_account', 'ACC-1062', NULL),
  ('Account', '001000000000063', 'source_account', 'ACC-1063', NULL),
  ('Account', '001000000000064', 'source_account', 'ACC-1064', NULL),
  ('Account', '001000000000065', 'source_account', 'ACC-1065', NULL),
  ('Account', '001000000000066', 'source_account', 'ACC-1066', NULL),
  ('Account', '001000000000067', 'source_account', 'ACC-1067', NULL),
  ('Account', '001000000000068', 'source_account', 'ACC-1068', NULL),
  ('Account', '001000000000069', 'source_account', 'ACC-1069', NULL),
  ('Account', '001000000000070', 'source_account', 'ACC-1070', NULL),
  ('Account', '001000000000071', 'source_account', 'ACC-1071', NULL),
  ('Account', '001000000000072', 'source_account', 'ACC-1072', NULL),
  ('Account', '001000000000073', 'source_account', 'ACC-1073', NULL),
  ('Account', '001000000000074', 'source_account', 'ACC-1074', NULL),
  ('Account', '001000000000075', 'source_account', 'ACC-1075', NULL),
  ('Account', '001000000000076', 'source_account', 'ACC-1076', NULL),
  ('Account', '001000000000077', 'source_account', 'ACC-1077', NULL),
  ('Account', '001000000000078', 'source_account', 'ACC-1078', NULL),
  ('Account', '001000000000079', 'source_account', 'ACC-1079', NULL),
  ('Account', '001000000000080', 'source_account', 'ACC-1080', NULL),
  ('Contact', '003000000000001', 'source_contact', 'CON-00001', NULL),
  ('Contact', '003000000000002', 'source_contact', 'CON-00002', NULL),
  ('Contact', '003000000000003', 'source_contact', 'CON-00003', NULL),
  ('Contact', '003000000000004', 'source_contact', 'CON-00004', NULL),
  ('Contact', '003000000000005', 'source_contact', 'CON-00005', NULL),
  ('Contact', '003000000000006', 'source_contact', 'CON-00006', NULL),
  ('Contact', '003000000000007', 'source_contact', 'CON-00007', NULL),
  ('Contact', '003000000000008', 'source_contact', 'CON-00008', NULL),
  ('Contact', '003000000000009', 'source_contact', 'CON-00009', 'orphan_nulled'),
  ('Contact', '003000000000010', 'source_contact', 'CON-00010', NULL),
  ('Contact', '003000000000011', 'source_contact', 'CON-00011', NULL),
  ('Contact', '003000000000012', 'source_contact', 'CON-00012', NULL),
  ('Contact', '003000000000013', 'source_contact', 'CON-00013', NULL),
  ('Contact', '003000000000014', 'source_contact', 'CON-00014', NULL),
  ('Contact', '003000000000015', 'source_contact', 'CON-00015', NULL),
  ('Contact', '003000000000016', 'source_contact', 'CON-00016', NULL),
  ('Contact', '003000000000017', 'source_contact', 'CON-00017', 'orphan_nulled'),
  ('Contact', '003000000000018', 'source_contact', 'CON-00018', NULL),
  ('Contact', '003000000000019', 'source_contact', 'CON-00019', NULL),
  ('Contact', '003000000000020', 'source_contact', 'CON-00020', NULL),
  ('Contact', '003000000000021', 'source_contact', 'CON-00021', NULL),
  ('Contact', '003000000000022', 'source_contact', 'CON-00022', 'orphan_nulled'),
  ('Contact', '003000000000023', 'source_contact', 'CON-00023', NULL),
  ('Contact', '003000000000024', 'source_contact', 'CON-00024', NULL),
  ('Contact', '003000000000025', 'source_contact', 'CON-00025', 'orphan_nulled'),
  ('Contact', '003000000000026', 'source_contact', 'CON-00026', NULL),
  ('Contact', '003000000000027', 'source_contact', 'CON-00027', NULL),
  ('Contact', '003000000000028', 'source_contact', 'CON-00028', NULL),
  ('Contact', '003000000000029', 'source_contact', 'CON-00029', NULL),
  ('Contact', '003000000000030', 'source_contact', 'CON-00030', NULL),
  ('Contact', '003000000000031', 'source_contact', 'CON-00031', NULL),
  ('Contact', '003000000000032', 'source_contact', 'CON-00032', 'orphan_nulled'),
  ('Contact', '003000000000033', 'source_contact', 'CON-00033', NULL),
  ('Contact', '003000000000034', 'source_contact', 'CON-00034', NULL),
  ('Contact', '003000000000035', 'source_contact', 'CON-00035', NULL),
  ('Contact', '003000000000036', 'source_contact', 'CON-00036', NULL),
  ('Contact', '003000000000037', 'source_contact', 'CON-00037', NULL),
  ('Contact', '003000000000038', 'source_contact', 'CON-00038', NULL),
  ('Contact', '003000000000039', 'source_contact', 'CON-00039', NULL),
  ('Contact', '003000000000040', 'source_contact', 'CON-00040', NULL),
  ('Contact', '003000000000041', 'source_contact', 'CON-00041', NULL),
  ('Contact', '003000000000042', 'source_contact', 'CON-00042', NULL),
  ('Contact', '003000000000043', 'source_contact', 'CON-00043', NULL),
  ('Contact', '003000000000044', 'source_contact', 'CON-00044', NULL),
  ('Contact', '003000000000045', 'source_contact', 'CON-00045', NULL),
  ('Contact', '003000000000046', 'source_contact', 'CON-00046', NULL),
  ('Contact', '003000000000047', 'source_contact', 'CON-00047', NULL),
  ('Contact', '003000000000048', 'source_contact', 'CON-00048', NULL),
  ('Contact', '003000000000049', 'source_contact', 'CON-00049', NULL),
  ('Contact', '003000000000050', 'source_contact', 'CON-00050', NULL),
  ('Contact', '003000000000051', 'source_contact', 'CON-00051', NULL),
  ('Contact', '003000000000052', 'source_contact', 'CON-00052', NULL),
  ('Contact', '003000000000053', 'source_contact', 'CON-00053', NULL),
  ('Contact', '003000000000054', 'source_contact', 'CON-00054', NULL),
  ('Contact', '003000000000055', 'source_contact', 'CON-00055', NULL),
  ('Contact', '003000000000056', 'source_contact', 'CON-00056', NULL),
  ('Contact', '003000000000057', 'source_contact', 'CON-00057', NULL),
  ('Contact', '003000000000058', 'source_contact', 'CON-00058', NULL),
  ('Contact', '003000000000059', 'source_contact', 'CON-00059', 'orphan_nulled'),
  ('Contact', '003000000000060', 'source_contact', 'CON-00060', NULL),
  ('Contact', '003000000000061', 'source_contact', 'CON-00061', 'orphan_nulled'),
  ('Contact', '003000000000062', 'source_contact', 'CON-00062', NULL),
  ('Contact', '003000000000063', 'source_contact', 'CON-00063', NULL),
  ('Contact', '003000000000064', 'source_contact', 'CON-00064', 'orphan_nulled'),
  ('Contact', '003000000000065', 'source_contact', 'CON-00065', NULL),
  ('Contact', '003000000000066', 'source_contact', 'CON-00066', 'orphan_nulled'),
  ('Contact', '003000000000067', 'source_contact', 'CON-00067', NULL),
  ('Contact', '003000000000068', 'source_contact', 'CON-00068', NULL),
  ('Contact', '003000000000069', 'source_contact', 'CON-00069', NULL),
  ('Contact', '003000000000070', 'source_contact', 'CON-00070', NULL),
  ('Contact', '003000000000071', 'source_contact', 'CON-00071', 'orphan_nulled'),
  ('Contact', '003000000000072', 'source_contact', 'CON-00072', NULL),
  ('Contact', '003000000000073', 'source_contact', 'CON-00073', NULL),
  ('Contact', '003000000000074', 'source_contact', 'CON-00074', NULL),
  ('Contact', '003000000000075', 'source_contact', 'CON-00075', NULL),
  ('Contact', '003000000000076', 'source_contact', 'CON-00076', NULL),
  ('Contact', '003000000000077', 'source_contact', 'CON-00077', NULL),
  ('Contact', '003000000000078', 'source_contact', 'CON-00078', 'orphan_nulled'),
  ('Contact', '003000000000079', 'source_contact', 'CON-00079', NULL),
  ('Contact', '003000000000080', 'source_contact', 'CON-00080', NULL),
  ('Contact', '003000000000081', 'source_contact', 'CON-00081', 'orphan_nulled'),
  ('Contact', '003000000000082', 'source_contact', 'CON-00082', NULL),
  ('Contact', '003000000000083', 'source_contact', 'CON-00083', 'orphan_nulled'),
  ('Contact', '003000000000084', 'source_contact', 'CON-00084', NULL),
  ('Contact', '003000000000085', 'source_contact', 'CON-00085', NULL),
  ('Contact', '003000000000086', 'source_contact', 'CON-00086', NULL),
  ('Contact', '003000000000087', 'source_contact', 'CON-00087', NULL),
  ('Contact', '003000000000088', 'source_contact', 'CON-00088', NULL),
  ('Contact', '003000000000089', 'source_contact', 'CON-00089', 'orphan_nulled'),
  ('Contact', '003000000000090', 'source_contact', 'CON-00090', NULL),
  ('Contact', '003000000000091', 'source_contact', 'CON-00091', NULL),
  ('Contact', '003000000000092', 'source_contact', 'CON-00092', NULL),
  ('Contact', '003000000000093', 'source_contact', 'CON-00093', 'orphan_nulled'),
  ('Contact', '003000000000094', 'source_contact', 'CON-00094', NULL),
  ('Contact', '003000000000095', 'source_contact', 'CON-00095', NULL),
  ('Contact', '003000000000096', 'source_contact', 'CON-00096', NULL),
  ('Contact', '003000000000097', 'source_contact', 'CON-00097', NULL),
  ('Contact', '003000000000098', 'source_contact', 'CON-00098', 'orphan_nulled'),
  ('Contact', '003000000000099', 'source_contact', 'CON-00099', NULL),
  ('Contact', '003000000000100', 'source_contact', 'CON-00100', NULL),
  ('Contact', '003000000000101', 'source_contact', 'CON-00101', NULL),
  ('Contact', '003000000000102', 'source_contact', 'CON-00102', NULL),
  ('Contact', '003000000000103', 'source_contact', 'CON-00103', NULL),
  ('Contact', '003000000000104', 'source_contact', 'CON-00104', NULL),
  ('Contact', '003000000000105', 'source_contact', 'CON-00105', NULL),
  ('Contact', '003000000000106', 'source_contact', 'CON-00106', 'orphan_nulled'),
  ('Contact', '003000000000107', 'source_contact', 'CON-00107', 'orphan_nulled'),
  ('Contact', '003000000000108', 'source_contact', 'CON-00108', NULL),
  ('Contact', '003000000000109', 'source_contact', 'CON-00109', NULL),
  ('Contact', '003000000000110', 'source_contact', 'CON-00110', NULL),
  ('Contact', '003000000000111', 'source_contact', 'CON-00111', NULL),
  ('Contact', '003000000000112', 'source_contact', 'CON-00112', NULL),
  ('Contact', '003000000000113', 'source_contact', 'CON-00113', NULL),
  ('Contact', '003000000000114', 'source_contact', 'CON-00114', 'orphan_nulled'),
  ('Contact', '003000000000115', 'source_contact', 'CON-00115', NULL),
  ('Contact', '003000000000116', 'source_contact', 'CON-00116', NULL),
  ('Contact', '003000000000117', 'source_contact', 'CON-00117', NULL),
  ('Contact', '003000000000118', 'source_contact', 'CON-00118', NULL),
  ('Contact', '003000000000119', 'source_contact', 'CON-00119', NULL),
  ('Contact', '003000000000120', 'source_contact', 'CON-00120', NULL),
  ('Contact', '003000000000121', 'source_contact', 'CON-00121', 'orphan_nulled'),
  ('Contact', '003000000000122', 'source_contact', 'CON-00122', NULL),
  ('Contact', '003000000000123', 'source_contact', 'CON-00123', NULL),
  ('Contact', '003000000000124', 'source_contact', 'CON-00124', NULL),
  ('Contact', '003000000000125', 'source_contact', 'CON-00125', 'orphan_nulled'),
  ('Contact', '003000000000126', 'source_contact', 'CON-00126', NULL),
  ('Contact', '003000000000127', 'source_contact', 'CON-00127', NULL),
  ('Contact', '003000000000128', 'source_contact', 'CON-00128', NULL),
  ('Contact', '003000000000129', 'source_contact', 'CON-00129', NULL),
  ('Contact', '003000000000130', 'source_contact', 'CON-00130', NULL),
  ('Contact', '003000000000131', 'source_contact', 'CON-00131', NULL),
  ('Contact', '003000000000132', 'source_contact', 'CON-00132', NULL),
  ('Contact', '003000000000133', 'source_contact', 'CON-00133', NULL),
  ('Contact', '003000000000134', 'source_contact', 'CON-00134', NULL),
  ('Contact', '003000000000135', 'source_contact', 'CON-00135', NULL),
  ('Contact', '003000000000136', 'source_contact', 'CON-00136', NULL),
  ('Contact', '003000000000137', 'source_contact', 'CON-00137', 'orphan_nulled'),
  ('Contact', '003000000000138', 'source_contact', 'CON-00138', NULL),
  ('Contact', '003000000000139', 'source_contact', 'CON-00139', 'orphan_nulled'),
  ('Contact', '003000000000140', 'source_contact', 'CON-00140', NULL),
  ('Contact', '003000000000141', 'source_contact', 'CON-00141', NULL),
  ('Contact', '003000000000142', 'source_contact', 'CON-00142', NULL),
  ('Contact', '003000000000143', 'source_contact', 'CON-00143', NULL),
  ('Contact', '003000000000144', 'source_contact', 'CON-00144', NULL),
  ('Contact', '003000000000145', 'source_contact', 'CON-00145', NULL),
  ('Contact', '003000000000146', 'source_contact', 'CON-00146', NULL),
  ('Contact', '003000000000147', 'source_contact', 'CON-00147', NULL),
  ('Contact', '003000000000148', 'source_contact', 'CON-00148', NULL),
  ('Contact', '003000000000149', 'source_contact', 'CON-00149', NULL),
  ('Contact', '003000000000150', 'source_contact', 'CON-00150', 'orphan_nulled'),
  ('Contact', '003000000000151', 'source_contact', 'CON-00151', NULL),
  ('Contact', '003000000000152', 'source_contact', 'CON-00152', 'orphan_nulled'),
  ('Opportunity', '006000000000001', 'source_opportunity', 'OPP-00001', NULL),
  ('Opportunity', '006000000000002', 'source_opportunity', 'OPP-00002', NULL),
  ('Opportunity', '006000000000003', 'source_opportunity', 'OPP-00003', NULL),
  ('Opportunity', '006000000000004', 'source_opportunity', 'OPP-00004', NULL),
  ('Opportunity', '006000000000005', 'source_opportunity', 'OPP-00005', NULL),
  ('Opportunity', '006000000000006', 'source_opportunity', 'OPP-00006', NULL),
  ('Opportunity', '006000000000007', 'source_opportunity', 'OPP-00007', NULL),
  ('Opportunity', '006000000000008', 'source_opportunity', 'OPP-00008', NULL),
  ('Opportunity', '006000000000009', 'source_opportunity', 'OPP-00009', NULL),
  ('Opportunity', '006000000000010', 'source_opportunity', 'OPP-00010', NULL),
  ('Opportunity', '006000000000011', 'source_opportunity', 'OPP-00011', NULL),
  ('Opportunity', '006000000000012', 'source_opportunity', 'OPP-00012', NULL),
  ('Opportunity', '006000000000013', 'source_opportunity', 'OPP-00013', NULL),
  ('Opportunity', '006000000000014', 'source_opportunity', 'OPP-00014', NULL),
  ('Opportunity', '006000000000015', 'source_opportunity', 'OPP-00015', NULL),
  ('Opportunity', '006000000000016', 'source_opportunity', 'OPP-00016', NULL),
  ('Opportunity', '006000000000017', 'source_opportunity', 'OPP-00017', NULL),
  ('Opportunity', '006000000000018', 'source_opportunity', 'OPP-00018', NULL),
  ('Opportunity', '006000000000019', 'source_opportunity', 'OPP-00019', NULL),
  ('Opportunity', '006000000000020', 'source_opportunity', 'OPP-00020', NULL),
  ('Opportunity', '006000000000021', 'source_opportunity', 'OPP-00021', NULL),
  ('Opportunity', '006000000000022', 'source_opportunity', 'OPP-00022', NULL),
  ('Opportunity', '006000000000023', 'source_opportunity', 'OPP-00023', NULL),
  ('Opportunity', '006000000000024', 'source_opportunity', 'OPP-00024', NULL),
  ('Opportunity', '006000000000025', 'source_opportunity', 'OPP-00025', NULL),
  ('Opportunity', '006000000000026', 'source_opportunity', 'OPP-00026', NULL),
  ('Opportunity', '006000000000027', 'source_opportunity', 'OPP-00027', NULL),
  ('Opportunity', '006000000000028', 'source_opportunity', 'OPP-00028', NULL),
  ('Opportunity', '006000000000029', 'source_opportunity', 'OPP-00029', NULL),
  ('Opportunity', '006000000000030', 'source_opportunity', 'OPP-00030', NULL),
  ('Opportunity', '006000000000031', 'source_opportunity', 'OPP-00031', NULL),
  ('Opportunity', '006000000000032', 'source_opportunity', 'OPP-00032', NULL),
  ('Opportunity', '006000000000033', 'source_opportunity', 'OPP-00033', NULL),
  ('Opportunity', '006000000000034', 'source_opportunity', 'OPP-00034', NULL),
  ('Opportunity', '006000000000035', 'source_opportunity', 'OPP-00035', NULL),
  ('Opportunity', '006000000000036', 'source_opportunity', 'OPP-00036', NULL),
  ('Opportunity', '006000000000037', 'source_opportunity', 'OPP-00037', NULL),
  ('Opportunity', '006000000000038', 'source_opportunity', 'OPP-00038', NULL),
  ('Opportunity', '006000000000039', 'source_opportunity', 'OPP-00039', NULL),
  ('Opportunity', '006000000000040', 'source_opportunity', 'OPP-00040', NULL),
  ('Opportunity', '006000000000041', 'source_opportunity', 'OPP-00041', NULL),
  ('Opportunity', '006000000000042', 'source_opportunity', 'OPP-00042', NULL),
  ('Opportunity', '006000000000043', 'source_opportunity', 'OPP-00043', NULL),
  ('Opportunity', '006000000000044', 'source_opportunity', 'OPP-00044', NULL),
  ('Opportunity', '006000000000045', 'source_opportunity', 'OPP-00045', NULL),
  ('Opportunity', '006000000000046', 'source_opportunity', 'OPP-00046', NULL),
  ('Opportunity', '006000000000047', 'source_opportunity', 'OPP-00047', NULL),
  ('Opportunity', '006000000000048', 'source_opportunity', 'OPP-00048', NULL),
  ('Opportunity', '006000000000049', 'source_opportunity', 'OPP-00049', NULL),
  ('Opportunity', '006000000000050', 'source_opportunity', 'OPP-00050', NULL),
  ('Opportunity', '006000000000051', 'source_opportunity', 'OPP-00051', NULL),
  ('Opportunity', '006000000000052', 'source_opportunity', 'OPP-00052', NULL),
  ('Opportunity', '006000000000053', 'source_opportunity', 'OPP-00053', NULL),
  ('Opportunity', '006000000000054', 'source_opportunity', 'OPP-00054', NULL),
  ('Opportunity', '006000000000055', 'source_opportunity', 'OPP-00055', NULL),
  ('Opportunity', '006000000000056', 'source_opportunity', 'OPP-00056', NULL),
  ('Opportunity', '006000000000057', 'source_opportunity', 'OPP-00057', NULL),
  ('Opportunity', '006000000000058', 'source_opportunity', 'OPP-00058', NULL),
  ('Opportunity', '006000000000059', 'source_opportunity', 'OPP-00059', NULL),
  ('Opportunity', '006000000000060', 'source_opportunity', 'OPP-00060', NULL),
  ('Opportunity', '006000000000061', 'source_opportunity', 'OPP-00061', NULL),
  ('Opportunity', '006000000000062', 'source_opportunity', 'OPP-00062', NULL),
  ('Opportunity', '006000000000063', 'source_opportunity', 'OPP-00063', NULL),
  ('Opportunity', '006000000000064', 'source_opportunity', 'OPP-00064', NULL),
  ('Opportunity', '006000000000065', 'source_opportunity', 'OPP-00065', NULL),
  ('Opportunity', '006000000000066', 'source_opportunity', 'OPP-00066', NULL),
  ('Opportunity', '006000000000067', 'source_opportunity', 'OPP-00067', NULL),
  ('Opportunity', '006000000000068', 'source_opportunity', 'OPP-00068', NULL),
  ('Opportunity', '006000000000069', 'source_opportunity', 'OPP-00069', NULL),
  ('Opportunity', '006000000000070', 'source_opportunity', 'OPP-00070', NULL),
  ('Opportunity', '006000000000071', 'source_opportunity', 'OPP-00071', NULL),
  ('Opportunity', '006000000000072', 'source_opportunity', 'OPP-00072', NULL),
  ('Opportunity', '006000000000073', 'source_opportunity', 'OPP-00073', NULL),
  ('Opportunity', '006000000000074', 'source_opportunity', 'OPP-00074', NULL),
  ('Opportunity', '006000000000075', 'source_opportunity', 'OPP-00075', NULL),
  ('Opportunity', '006000000000076', 'source_opportunity', 'OPP-00076', NULL),
  ('Opportunity', '006000000000077', 'source_opportunity', 'OPP-00077', NULL),
  ('Opportunity', '006000000000078', 'source_opportunity', 'OPP-00078', NULL),
  ('Opportunity', '006000000000079', 'source_opportunity', 'OPP-00079', NULL),
  ('Opportunity', '006000000000080', 'source_opportunity', 'OPP-00080', NULL),
  ('Opportunity', '006000000000081', 'source_opportunity', 'OPP-00081', NULL),
  ('Opportunity', '006000000000082', 'source_opportunity', 'OPP-00082', NULL),
  ('Opportunity', '006000000000083', 'source_opportunity', 'OPP-00083', NULL),
  ('Opportunity', '006000000000084', 'source_opportunity', 'OPP-00084', NULL),
  ('Opportunity', '006000000000085', 'source_opportunity', 'OPP-00085', NULL),
  ('Opportunity', '006000000000086', 'source_opportunity', 'OPP-00086', NULL),
  ('Opportunity', '006000000000087', 'source_opportunity', 'OPP-00087', NULL),
  ('Opportunity', '006000000000088', 'source_opportunity', 'OPP-00088', NULL),
  ('Opportunity', '006000000000089', 'source_opportunity', 'OPP-00089', NULL),
  ('Opportunity', '006000000000090', 'source_opportunity', 'OPP-00090', NULL),
  ('Opportunity', '006000000000091', 'source_opportunity', 'OPP-00091', NULL),
  ('Opportunity', '006000000000092', 'source_opportunity', 'OPP-00092', NULL),
  ('Opportunity', '006000000000093', 'source_opportunity', 'OPP-00093', NULL),
  ('Opportunity', '006000000000094', 'source_opportunity', 'OPP-00094', NULL),
  ('Opportunity', '006000000000095', 'source_opportunity', 'OPP-00095', NULL),
  ('Opportunity', '006000000000096', 'source_opportunity', 'OPP-00096', NULL),
  ('Opportunity', '006000000000097', 'source_opportunity', 'OPP-00097', NULL),
  ('Opportunity', '006000000000098', 'source_opportunity', 'OPP-00098', NULL),
  ('Opportunity', '006000000000099', 'source_opportunity', 'OPP-00099', NULL),
  ('Opportunity', '006000000000100', 'source_opportunity', 'OPP-00100', NULL),
  ('Opportunity', '006000000000101', 'source_opportunity', 'OPP-00101', NULL),
  ('Opportunity', '006000000000102', 'source_opportunity', 'OPP-00102', NULL),
  ('Opportunity', '006000000000103', 'source_opportunity', 'OPP-00103', NULL),
  ('Opportunity', '006000000000104', 'source_opportunity', 'OPP-00104', NULL),
  ('Opportunity', '006000000000105', 'source_opportunity', 'OPP-00105', NULL),
  ('Opportunity', '006000000000106', 'source_opportunity', 'OPP-00106', NULL),
  ('Opportunity', '006000000000107', 'source_opportunity', 'OPP-00107', NULL),
  ('Opportunity', '006000000000108', 'source_opportunity', 'OPP-00108', NULL),
  ('Opportunity', '006000000000109', 'source_opportunity', 'OPP-00109', NULL),
  ('Opportunity', '006000000000110', 'source_opportunity', 'OPP-00110', NULL),
  ('Opportunity', '006000000000111', 'source_opportunity', 'OPP-00111', NULL),
  ('Opportunity', '006000000000112', 'source_opportunity', 'OPP-00112', NULL),
  ('Opportunity', '006000000000113', 'source_opportunity', 'OPP-00113', NULL),
  ('Opportunity', '006000000000114', 'source_opportunity', 'OPP-00114', NULL),
  ('Opportunity', '006000000000115', 'source_opportunity', 'OPP-00115', NULL),
  ('Opportunity', '006000000000116', 'source_opportunity', 'OPP-00116', NULL),
  ('Opportunity', '006000000000117', 'source_opportunity', 'OPP-00117', NULL),
  ('Opportunity', '006000000000118', 'source_opportunity', 'OPP-00118', NULL),
  ('Opportunity', '006000000000119', 'source_opportunity', 'OPP-00119', NULL),
  ('Opportunity', '006000000000120', 'source_opportunity', 'OPP-00120', NULL),
  ('Opportunity', '006000000000121', 'source_opportunity', 'OPP-00121', NULL),
  ('Opportunity', '006000000000122', 'source_opportunity', 'OPP-00122', NULL),
  ('Opportunity', '006000000000123', 'source_opportunity', 'OPP-00123', NULL),
  ('Opportunity', '006000000000124', 'source_opportunity', 'OPP-00124', NULL),
  ('Opportunity', '006000000000125', 'source_opportunity', 'OPP-00125', NULL),
  ('Opportunity', '006000000000126', 'source_opportunity', 'OPP-00126', NULL),
  ('Opportunity', '006000000000127', 'source_opportunity', 'OPP-00127', NULL),
  ('Opportunity', '006000000000128', 'source_opportunity', 'OPP-00128', NULL),
  ('Opportunity', '006000000000129', 'source_opportunity', 'OPP-00129', NULL),
  ('Opportunity', '006000000000130', 'source_opportunity', 'OPP-00130', NULL),
  ('Opportunity', '006000000000131', 'source_opportunity', 'OPP-00131', NULL),
  ('Opportunity', '006000000000132', 'source_opportunity', 'OPP-00132', NULL),
  ('Opportunity', '006000000000133', 'source_opportunity', 'OPP-00133', NULL),
  ('Opportunity', '006000000000134', 'source_opportunity', 'OPP-00134', NULL),
  ('Opportunity', '006000000000135', 'source_opportunity', 'OPP-00135', NULL),
  ('Opportunity', '006000000000136', 'source_opportunity', 'OPP-00136', NULL),
  ('Opportunity', '006000000000137', 'source_opportunity', 'OPP-00137', NULL),
  ('Opportunity', '006000000000138', 'source_opportunity', 'OPP-00138', NULL),
  ('Opportunity', '006000000000139', 'source_opportunity', 'OPP-00139', NULL),
  ('Opportunity', '006000000000140', 'source_opportunity', 'OPP-00140', NULL),
  ('Opportunity', '006000000000141', 'source_opportunity', 'OPP-00141', NULL),
  ('Opportunity', '006000000000142', 'source_opportunity', 'OPP-00142', NULL),
  ('Opportunity', '006000000000143', 'source_opportunity', 'OPP-00143', NULL),
  ('Opportunity', '006000000000144', 'source_opportunity', 'OPP-00144', NULL),
  ('Opportunity', '006000000000145', 'source_opportunity', 'OPP-00145', NULL),
  ('Opportunity', '006000000000146', 'source_opportunity', 'OPP-00146', NULL),
  ('Opportunity', '006000000000147', 'source_opportunity', 'OPP-00147', NULL),
  ('Opportunity', '006000000000148', 'source_opportunity', 'OPP-00148', NULL),
  ('Opportunity', '006000000000149', 'source_opportunity', 'OPP-00149', NULL),
  ('Opportunity', '006000000000150', 'source_opportunity', 'OPP-00150', NULL),
  ('Opportunity', '006000000000151', 'source_opportunity', 'OPP-00151', NULL),
  ('Opportunity', '006000000000152', 'source_opportunity', 'OPP-00152', NULL),
  ('Opportunity', '006000000000153', 'source_opportunity', 'OPP-00153', NULL),
  ('Opportunity', '006000000000154', 'source_opportunity', 'OPP-00154', NULL),
  ('Opportunity', '006000000000155', 'source_opportunity', 'OPP-00155', NULL),
  ('Opportunity', '006000000000156', 'source_opportunity', 'OPP-00156', NULL),
  ('Opportunity', '006000000000157', 'source_opportunity', 'OPP-00157', NULL),
  ('Opportunity', '006000000000158', 'source_opportunity', 'OPP-00158', NULL),
  ('Opportunity', '006000000000159', 'source_opportunity', 'OPP-00159', NULL),
  ('Opportunity', '006000000000160', 'source_opportunity', 'OPP-00160', NULL),
  ('Opportunity', '006000000000161', 'source_opportunity', 'OPP-00161', NULL),
  ('Opportunity', '006000000000162', 'source_opportunity', 'OPP-00162', NULL),
  ('Opportunity', '006000000000163', 'source_opportunity', 'OPP-00163', NULL),
  ('Opportunity', '006000000000164', 'source_opportunity', 'OPP-00164', NULL),
  ('Opportunity', '006000000000165', 'source_opportunity', 'OPP-00165', NULL),
  ('Opportunity', '006000000000166', 'source_opportunity', 'OPP-00166', NULL),
  ('Opportunity', '006000000000167', 'source_opportunity', 'OPP-00167', NULL),
  ('Opportunity', '006000000000168', 'source_opportunity', 'OPP-00168', NULL),
  ('Opportunity', '006000000000169', 'source_opportunity', 'OPP-00169', NULL),
  ('Opportunity', '006000000000170', 'source_opportunity', 'OPP-00170', NULL),
  ('Opportunity', '006000000000171', 'source_opportunity', 'OPP-00171', NULL),
  ('Opportunity', '006000000000172', 'source_opportunity', 'OPP-00172', NULL),
  ('Opportunity', '006000000000173', 'source_opportunity', 'OPP-00173', NULL),
  ('Opportunity', '006000000000174', 'source_opportunity', 'OPP-00174', NULL),
  ('Opportunity', '006000000000175', 'source_opportunity', 'OPP-00175', NULL),
  ('Opportunity', '006000000000176', 'source_opportunity', 'OPP-00176', NULL),
  ('Opportunity', '006000000000177', 'source_opportunity', 'OPP-00177', NULL),
  ('Opportunity', '006000000000178', 'source_opportunity', 'OPP-00178', NULL),
  ('Opportunity', '006000000000179', 'source_opportunity', 'OPP-00179', NULL),
  ('Opportunity', '006000000000180', 'source_opportunity', 'OPP-00180', NULL),
  ('Opportunity', '006000000000181', 'source_opportunity', 'OPP-00181', NULL),
  ('Opportunity', '006000000000182', 'source_opportunity', 'OPP-00182', NULL),
  ('Opportunity', '006000000000183', 'source_opportunity', 'OPP-00183', NULL),
  ('Opportunity', '006000000000184', 'source_opportunity', 'OPP-00184', NULL),
  ('Opportunity', '006000000000185', 'source_opportunity', 'OPP-00185', NULL),
  ('Opportunity', '006000000000186', 'source_opportunity', 'OPP-00186', NULL),
  ('Opportunity', '006000000000187', 'source_opportunity', 'OPP-00187', NULL),
  ('Opportunity', '006000000000188', 'source_opportunity', 'OPP-00188', NULL),
  ('Opportunity', '006000000000189', 'source_opportunity', 'OPP-00189', NULL),
  ('Opportunity', '006000000000190', 'source_opportunity', 'OPP-00190', NULL),
  ('Opportunity', '006000000000191', 'source_opportunity', 'OPP-00191', NULL),
  ('Opportunity', '006000000000192', 'source_opportunity', 'OPP-00192', NULL),
  ('Opportunity', '006000000000193', 'source_opportunity', 'OPP-00193', NULL),
  ('Opportunity', '006000000000194', 'source_opportunity', 'OPP-00194', NULL),
  ('Opportunity', '006000000000195', 'source_opportunity', 'OPP-00195', NULL),
  ('Opportunity', '006000000000196', 'source_opportunity', 'OPP-00196', NULL),
  ('Opportunity', '006000000000197', 'source_opportunity', 'OPP-00197', NULL),
  ('Opportunity', '006000000000198', 'source_opportunity', 'OPP-00198', NULL),
  ('Opportunity', '006000000000199', 'source_opportunity', 'OPP-00199', NULL),
  ('Opportunity', '006000000000200', 'source_opportunity', 'OPP-00200', NULL),
  ('Opportunity', '006000000000201', 'source_opportunity', 'OPP-00201', NULL),
  ('Opportunity', '006000000000202', 'source_opportunity', 'OPP-00202', NULL),
  ('Opportunity', '006000000000203', 'source_opportunity', 'OPP-00203', NULL),
  ('Opportunity', '006000000000204', 'source_opportunity', 'OPP-00204', NULL),
  ('Opportunity', '006000000000205', 'source_opportunity', 'OPP-00205', NULL),
  ('Opportunity', '006000000000206', 'source_opportunity', 'OPP-00206', NULL),
  ('Opportunity', '006000000000207', 'source_opportunity', 'OPP-00207', NULL),
  ('Opportunity', '006000000000208', 'source_opportunity', 'OPP-00208', NULL),
  ('Opportunity', '006000000000209', 'source_opportunity', 'OPP-00209', NULL),
  ('Opportunity', '006000000000210', 'source_opportunity', 'OPP-00210', NULL),
  ('Opportunity', '006000000000211', 'source_opportunity', 'OPP-00211', NULL),
  ('Opportunity', '006000000000212', 'source_opportunity', 'OPP-00212', NULL),
  ('Opportunity', '006000000000213', 'source_opportunity', 'OPP-00213', NULL),
  ('Opportunity', '006000000000214', 'source_opportunity', 'OPP-00214', NULL),
  ('Opportunity', '006000000000215', 'source_opportunity', 'OPP-00215', NULL),
  ('Opportunity', '006000000000216', 'source_opportunity', 'OPP-00216', NULL),
  ('Opportunity', '006000000000217', 'source_opportunity', 'OPP-00217', NULL),
  ('Opportunity', '006000000000218', 'source_opportunity', 'OPP-00218', NULL),
  ('Opportunity', '006000000000219', 'source_opportunity', 'OPP-00219', NULL),
  ('Opportunity', '006000000000220', 'source_opportunity', 'OPP-00220', NULL),
  ('Opportunity', '006000000000221', 'source_opportunity', 'OPP-00221', NULL),
  ('Project__c', 'a00000000000001', 'source_project', 'PROJ-00001', NULL),
  ('Project__c', 'a00000000000002', 'source_project', 'PROJ-00002', NULL),
  ('Project__c', 'a00000000000003', 'source_project', 'PROJ-00003', NULL),
  ('Project__c', 'a00000000000004', 'source_project', 'PROJ-00004', NULL),
  ('Project__c', 'a00000000000005', 'source_project', 'PROJ-00005', NULL),
  ('Project__c', 'a00000000000006', 'source_project', 'PROJ-00006', NULL),
  ('Project__c', 'a00000000000007', 'source_project', 'PROJ-00007', NULL),
  ('Project__c', 'a00000000000008', 'source_project', 'PROJ-00008', 'opp_orphan_nulled'),
  ('Project__c', 'a00000000000009', 'source_project', 'PROJ-00009', NULL),
  ('Project__c', 'a00000000000010', 'source_project', 'PROJ-00010', 'opp_orphan_nulled'),
  ('Project__c', 'a00000000000011', 'source_project', 'PROJ-00011', NULL),
  ('Project__c', 'a00000000000012', 'source_project', 'PROJ-00012', NULL),
  ('Project__c', 'a00000000000013', 'source_project', 'PROJ-00013', NULL),
  ('Project__c', 'a00000000000014', 'source_project', 'PROJ-00014', NULL),
  ('Project__c', 'a00000000000015', 'source_project', 'PROJ-00015', NULL),
  ('Project__c', 'a00000000000016', 'source_project', 'PROJ-00016', NULL),
  ('Project__c', 'a00000000000017', 'source_project', 'PROJ-00017', NULL),
  ('Project__c', 'a00000000000018', 'source_project', 'PROJ-00018', NULL),
  ('Project__c', 'a00000000000019', 'source_project', 'PROJ-00019', 'opp_orphan_nulled'),
  ('Project__c', 'a00000000000020', 'source_project', 'PROJ-00020', NULL),
  ('Project__c', 'a00000000000021', 'source_project', 'PROJ-00021', NULL),
  ('Project__c', 'a00000000000022', 'source_project', 'PROJ-00022', NULL),
  ('Project__c', 'a00000000000023', 'source_project', 'PROJ-00023', NULL),
  ('Project__c', 'a00000000000024', 'source_project', 'PROJ-00024', NULL),
  ('Project__c', 'a00000000000025', 'source_project', 'PROJ-00025', NULL),
  ('Project__c', 'a00000000000026', 'source_project', 'PROJ-00026', NULL),
  ('Project__c', 'a00000000000027', 'source_project', 'PROJ-00027', 'opp_orphan_nulled'),
  ('Project__c', 'a00000000000028', 'source_project', 'PROJ-00028', NULL),
  ('Project__c', 'a00000000000029', 'source_project', 'PROJ-00029', NULL),
  ('Project__c', 'a00000000000030', 'source_project', 'PROJ-00030', NULL),
  ('Project__c', 'a00000000000031', 'source_project', 'PROJ-00031', NULL),
  ('Project__c', 'a00000000000032', 'source_project', 'PROJ-00032', NULL),
  ('Project__c', 'a00000000000033', 'source_project', 'PROJ-00033', 'opp_orphan_nulled'),
  ('Project__c', 'a00000000000034', 'source_project', 'PROJ-00034', NULL),
  ('Project__c', 'a00000000000035', 'source_project', 'PROJ-00035', NULL),
  ('Project__c', 'a00000000000036', 'source_project', 'PROJ-00036', NULL),
  ('Project__c', 'a00000000000037', 'source_project', 'PROJ-00037', 'opp_orphan_nulled'),
  ('Project__c', 'a00000000000038', 'source_project', 'PROJ-00038', NULL),
  ('Project__c', 'a00000000000039', 'source_project', 'PROJ-00039', 'opp_orphan_nulled'),
  ('Project__c', 'a00000000000040', 'source_project', 'PROJ-00040', NULL),
  ('Project__c', 'a00000000000041', 'source_project', 'PROJ-00041', 'opp_orphan_nulled'),
  ('Project__c', 'a00000000000042', 'source_project', 'PROJ-00042', NULL),
  ('Project__c', 'a00000000000043', 'source_project', 'PROJ-00043', NULL),
  ('Project__c', 'a00000000000044', 'source_project', 'PROJ-00044', NULL),
  ('Project__c', 'a00000000000045', 'source_project', 'PROJ-00045', NULL),
  ('Project__c', 'a00000000000046', 'source_project', 'PROJ-00046', NULL),
  ('Project__c', 'a00000000000047', 'source_project', 'PROJ-00047', NULL),
  ('Project__c', 'a00000000000048', 'source_project', 'PROJ-00048', NULL),
  ('Project__c', 'a00000000000049', 'source_project', 'PROJ-00049', NULL),
  ('Project__c', 'a00000000000050', 'source_project', 'PROJ-00050', NULL),
  ('Project__c', 'a00000000000051', 'source_project', 'PROJ-00051', NULL),
  ('Project__c', 'a00000000000052', 'source_project', 'PROJ-00052', 'opp_orphan_nulled'),
  ('Project__c', 'a00000000000053', 'source_project', 'PROJ-00053', 'opp_orphan_nulled'),
  ('Project__c', 'a00000000000054', 'source_project', 'PROJ-00054', 'opp_orphan_nulled'),
  ('Project__c', 'a00000000000055', 'source_project', 'PROJ-00055', 'opp_orphan_nulled'),
  ('Project__c', 'a00000000000056', 'source_project', 'PROJ-00056', NULL),
  ('Project__c', 'a00000000000057', 'source_project', 'PROJ-00057', 'opp_orphan_nulled'),
  ('Project__c', 'a00000000000058', 'source_project', 'PROJ-00058', NULL),
  ('Project__c', 'a00000000000059', 'source_project', 'PROJ-00059', NULL),
  ('Project__c', 'a00000000000060', 'source_project', 'PROJ-00060', NULL),
  ('Project__c', 'a00000000000061', 'source_project', 'PROJ-00061', 'opp_orphan_nulled'),
  ('Project__c', 'a00000000000062', 'source_project', 'PROJ-00062', NULL),
  ('Project__c', 'a00000000000063', 'source_project', 'PROJ-00063', NULL),
  ('Project__c', 'a00000000000064', 'source_project', 'PROJ-00064', NULL),
  ('Project__c', 'a00000000000065', 'source_project', 'PROJ-00065', 'opp_orphan_nulled'),
  ('Project__c', 'a00000000000066', 'source_project', 'PROJ-00066', NULL),
  ('Project__c', 'a00000000000067', 'source_project', 'PROJ-00067', 'opp_orphan_nulled'),
  ('Project__c', 'a00000000000068', 'source_project', 'PROJ-00068', 'opp_orphan_nulled'),
  ('Project__c', 'a00000000000069', 'source_project', 'PROJ-00069', NULL),
  ('Project__c', 'a00000000000070', 'source_project', 'PROJ-00070', NULL),
  ('Project__c', 'a00000000000071', 'source_project', 'PROJ-00071', NULL),
  ('Project__c', 'a00000000000072', 'source_project', 'PROJ-00072', NULL),
  ('Project__c', 'a00000000000073', 'source_project', 'PROJ-00073', NULL),
  ('Project__c', 'a00000000000074', 'source_project', 'PROJ-00074', NULL),
  ('Project__c', 'a00000000000075', 'source_project', 'PROJ-00075', NULL),
  ('Project__c', 'a00000000000076', 'source_project', 'PROJ-00076', 'opp_orphan_nulled'),
  ('Project__c', 'a00000000000077', 'source_project', 'PROJ-00077', NULL),
  ('Project__c', 'a00000000000078', 'source_project', 'PROJ-00078', NULL),
  ('Project__c', 'a00000000000079', 'source_project', 'PROJ-00079', NULL),
  ('Project__c', 'a00000000000080', 'source_project', 'PROJ-00080', NULL),
  ('Project__c', 'a00000000000081', 'source_project', 'PROJ-00081', NULL),
  ('Project__c', 'a00000000000082', 'source_project', 'PROJ-00082', 'opp_orphan_nulled'),
  ('Project__c', 'a00000000000083', 'source_project', 'PROJ-00083', NULL),
  ('Project__c', 'a00000000000084', 'source_project', 'PROJ-00084', NULL),
  ('Project__c', 'a00000000000085', 'source_project', 'PROJ-00085', NULL),
  ('Project__c', 'a00000000000086', 'source_project', 'PROJ-00086', NULL),
  ('Project__c', 'a00000000000087', 'source_project', 'PROJ-00087', NULL),
  ('Project__c', 'a00000000000088', 'source_project', 'PROJ-00088', NULL),
  ('Project__c', 'a00000000000089', 'source_project', 'PROJ-00089', NULL),
  ('Project__c', 'a00000000000090', 'source_project', 'PROJ-00090', NULL),
  ('Project__c', 'a00000000000091', 'source_project', 'PROJ-00091', NULL),
  ('Project__c', 'a00000000000092', 'source_project', 'PROJ-00092', NULL),
  ('Project__c', 'a00000000000093', 'source_project', 'PROJ-00093', NULL),
  ('Project__c', 'a00000000000094', 'source_project', 'PROJ-00094', NULL),
  ('Project__c', 'a00000000000095', 'source_project', 'PROJ-00095', NULL),
  ('Project__c', 'a00000000000096', 'source_project', 'PROJ-00096', NULL),
  ('Project__c', 'a00000000000097', 'source_project', 'PROJ-00097', NULL),
  ('Project__c', 'a00000000000098', 'source_project', 'PROJ-00098', NULL),
  ('Project__c', 'a00000000000099', 'source_project', 'PROJ-00099', NULL),
  ('Project__c', 'a00000000000100', 'source_project', 'PROJ-00100', NULL),
  ('Project__c', 'a00000000000101', 'source_project', 'PROJ-00101', NULL),
  ('Project__c', 'a00000000000102', 'source_project', 'PROJ-00102', NULL),
  ('Project__c', 'a00000000000103', 'source_project', 'PROJ-00103', NULL),
  ('Project__c', 'a00000000000104', 'source_project', 'PROJ-00104', 'opp_orphan_nulled'),
  ('Project__c', 'a00000000000105', 'source_project', 'PROJ-00105', NULL),
  ('Project__c', 'a00000000000106', 'source_project', 'PROJ-00106', NULL),
  ('Project__c', 'a00000000000107', 'source_project', 'PROJ-00107', NULL),
  ('Project__c', 'a00000000000108', 'source_project', 'PROJ-00108', NULL),
  ('Project__c', 'a00000000000109', 'source_project', 'PROJ-00109', NULL),
  ('Project__c', 'a00000000000110', 'source_project', 'PROJ-00110', NULL),
  ('Project__c', 'a00000000000111', 'source_project', 'PROJ-00111', NULL),
  ('Project__c', 'a00000000000112', 'source_project', 'PROJ-00112', NULL),
  ('Installed_Asset__c', 'a01000000000001', 'source_asset', 'AST-00001', NULL),
  ('Installed_Asset__c', 'a01000000000002', 'source_asset', 'AST-00002', NULL),
  ('Installed_Asset__c', 'a01000000000003', 'source_asset', 'AST-00003', 'project_orphan_nulled'),
  ('Installed_Asset__c', 'a01000000000004', 'source_asset', 'AST-00004', NULL),
  ('Installed_Asset__c', 'a01000000000005', 'source_asset', 'AST-00005', NULL),
  ('Installed_Asset__c', 'a01000000000006', 'source_asset', 'AST-00006', NULL),
  ('Installed_Asset__c', 'a01000000000007', 'source_asset', 'AST-00007', NULL),
  ('Installed_Asset__c', 'a01000000000008', 'source_asset', 'AST-00008', NULL),
  ('Installed_Asset__c', 'a01000000000009', 'source_asset', 'AST-00009', 'project_orphan_nulled'),
  ('Installed_Asset__c', 'a01000000000010', 'source_asset', 'AST-00010', NULL),
  ('Installed_Asset__c', 'a01000000000011', 'source_asset', 'AST-00011', 'project_orphan_nulled'),
  ('Installed_Asset__c', 'a01000000000012', 'source_asset', 'AST-00012', NULL),
  ('Installed_Asset__c', 'a01000000000013', 'source_asset', 'AST-00013', NULL),
  ('Installed_Asset__c', 'a01000000000014', 'source_asset', 'AST-00014', NULL),
  ('Installed_Asset__c', 'a01000000000015', 'source_asset', 'AST-00015', NULL),
  ('Installed_Asset__c', 'a01000000000016', 'source_asset', 'AST-00016', NULL),
  ('Installed_Asset__c', 'a01000000000017', 'source_asset', 'AST-00017', 'project_orphan_nulled'),
  ('Installed_Asset__c', 'a01000000000018', 'source_asset', 'AST-00018', NULL),
  ('Installed_Asset__c', 'a01000000000019', 'source_asset', 'AST-00019', 'project_orphan_nulled'),
  ('Installed_Asset__c', 'a01000000000020', 'source_asset', 'AST-00020', NULL),
  ('Installed_Asset__c', 'a01000000000021', 'source_asset', 'AST-00021', NULL),
  ('Installed_Asset__c', 'a01000000000022', 'source_asset', 'AST-00022', NULL),
  ('Installed_Asset__c', 'a01000000000023', 'source_asset', 'AST-00023', 'project_orphan_nulled'),
  ('Installed_Asset__c', 'a01000000000024', 'source_asset', 'AST-00024', NULL),
  ('Installed_Asset__c', 'a01000000000025', 'source_asset', 'AST-00025', NULL),
  ('Installed_Asset__c', 'a01000000000026', 'source_asset', 'AST-00026', 'project_orphan_nulled'),
  ('Installed_Asset__c', 'a01000000000027', 'source_asset', 'AST-00027', NULL),
  ('Installed_Asset__c', 'a01000000000028', 'source_asset', 'AST-00028', NULL),
  ('Installed_Asset__c', 'a01000000000029', 'source_asset', 'AST-00029', NULL),
  ('Installed_Asset__c', 'a01000000000030', 'source_asset', 'AST-00030', NULL),
  ('Installed_Asset__c', 'a01000000000031', 'source_asset', 'AST-00031', 'project_orphan_nulled'),
  ('Installed_Asset__c', 'a01000000000032', 'source_asset', 'AST-00032', NULL),
  ('Installed_Asset__c', 'a01000000000033', 'source_asset', 'AST-00033', NULL),
  ('Installed_Asset__c', 'a01000000000034', 'source_asset', 'AST-00034', NULL),
  ('Installed_Asset__c', 'a01000000000035', 'source_asset', 'AST-00035', 'project_orphan_nulled'),
  ('Installed_Asset__c', 'a01000000000036', 'source_asset', 'AST-00036', NULL),
  ('Installed_Asset__c', 'a01000000000037', 'source_asset', 'AST-00037', NULL),
  ('Installed_Asset__c', 'a01000000000038', 'source_asset', 'AST-00038', NULL),
  ('Installed_Asset__c', 'a01000000000039', 'source_asset', 'AST-00039', NULL),
  ('Installed_Asset__c', 'a01000000000040', 'source_asset', 'AST-00040', NULL),
  ('Installed_Asset__c', 'a01000000000041', 'source_asset', 'AST-00041', NULL),
  ('Installed_Asset__c', 'a01000000000042', 'source_asset', 'AST-00042', NULL),
  ('Installed_Asset__c', 'a01000000000043', 'source_asset', 'AST-00043', NULL),
  ('Installed_Asset__c', 'a01000000000044', 'source_asset', 'AST-00044', 'project_orphan_nulled'),
  ('Installed_Asset__c', 'a01000000000045', 'source_asset', 'AST-00045', NULL),
  ('Installed_Asset__c', 'a01000000000046', 'source_asset', 'AST-00046', NULL),
  ('Installed_Asset__c', 'a01000000000047', 'source_asset', 'AST-00047', NULL),
  ('Installed_Asset__c', 'a01000000000048', 'source_asset', 'AST-00048', NULL),
  ('Installed_Asset__c', 'a01000000000049', 'source_asset', 'AST-00049', NULL),
  ('Installed_Asset__c', 'a01000000000050', 'source_asset', 'AST-00050', NULL),
  ('Installed_Asset__c', 'a01000000000051', 'source_asset', 'AST-00051', NULL),
  ('Installed_Asset__c', 'a01000000000052', 'source_asset', 'AST-00052', NULL),
  ('Installed_Asset__c', 'a01000000000053', 'source_asset', 'AST-00053', NULL),
  ('Installed_Asset__c', 'a01000000000054', 'source_asset', 'AST-00054', NULL),
  ('Installed_Asset__c', 'a01000000000055', 'source_asset', 'AST-00055', 'project_orphan_nulled'),
  ('Installed_Asset__c', 'a01000000000056', 'source_asset', 'AST-00056', NULL),
  ('Installed_Asset__c', 'a01000000000057', 'source_asset', 'AST-00057', NULL),
  ('Installed_Asset__c', 'a01000000000058', 'source_asset', 'AST-00058', NULL),
  ('Installed_Asset__c', 'a01000000000059', 'source_asset', 'AST-00059', NULL),
  ('Installed_Asset__c', 'a01000000000060', 'source_asset', 'AST-00060', NULL),
  ('Installed_Asset__c', 'a01000000000061', 'source_asset', 'AST-00061', 'project_orphan_nulled'),
  ('Installed_Asset__c', 'a01000000000062', 'source_asset', 'AST-00062', NULL),
  ('Installed_Asset__c', 'a01000000000063', 'source_asset', 'AST-00063', NULL),
  ('Installed_Asset__c', 'a01000000000064', 'source_asset', 'AST-00064', NULL),
  ('Installed_Asset__c', 'a01000000000065', 'source_asset', 'AST-00065', 'project_orphan_nulled'),
  ('Installed_Asset__c', 'a01000000000066', 'source_asset', 'AST-00066', NULL),
  ('Installed_Asset__c', 'a01000000000067', 'source_asset', 'AST-00067', NULL),
  ('Installed_Asset__c', 'a01000000000068', 'source_asset', 'AST-00068', NULL),
  ('Installed_Asset__c', 'a01000000000069', 'source_asset', 'AST-00069', NULL),
  ('Installed_Asset__c', 'a01000000000070', 'source_asset', 'AST-00070', NULL),
  ('Installed_Asset__c', 'a01000000000071', 'source_asset', 'AST-00071', NULL),
  ('Installed_Asset__c', 'a01000000000072', 'source_asset', 'AST-00072', NULL),
  ('Installed_Asset__c', 'a01000000000073', 'source_asset', 'AST-00073', NULL),
  ('Installed_Asset__c', 'a01000000000074', 'source_asset', 'AST-00074', NULL),
  ('Installed_Asset__c', 'a01000000000075', 'source_asset', 'AST-00075', NULL),
  ('Installed_Asset__c', 'a01000000000076', 'source_asset', 'AST-00076', NULL),
  ('Installed_Asset__c', 'a01000000000077', 'source_asset', 'AST-00077', NULL),
  ('Installed_Asset__c', 'a01000000000078', 'source_asset', 'AST-00078', NULL),
  ('Installed_Asset__c', 'a01000000000079', 'source_asset', 'AST-00079', NULL),
  ('Installed_Asset__c', 'a01000000000080', 'source_asset', 'AST-00080', NULL),
  ('Installed_Asset__c', 'a01000000000081', 'source_asset', 'AST-00081', 'project_orphan_nulled'),
  ('Installed_Asset__c', 'a01000000000082', 'source_asset', 'AST-00082', 'project_orphan_nulled'),
  ('Installed_Asset__c', 'a01000000000083', 'source_asset', 'AST-00083', NULL),
  ('Installed_Asset__c', 'a01000000000084', 'source_asset', 'AST-00084', NULL),
  ('Installed_Asset__c', 'a01000000000085', 'source_asset', 'AST-00085', NULL),
  ('Installed_Asset__c', 'a01000000000086', 'source_asset', 'AST-00086', 'project_orphan_nulled'),
  ('Installed_Asset__c', 'a01000000000087', 'source_asset', 'AST-00087', NULL),
  ('Installed_Asset__c', 'a01000000000088', 'source_asset', 'AST-00088', 'project_orphan_nulled'),
  ('Installed_Asset__c', 'a01000000000089', 'source_asset', 'AST-00089', 'project_orphan_nulled'),
  ('Installed_Asset__c', 'a01000000000090', 'source_asset', 'AST-00090', NULL),
  ('Installed_Asset__c', 'a01000000000091', 'source_asset', 'AST-00091', NULL),
  ('Installed_Asset__c', 'a01000000000092', 'source_asset', 'AST-00092', NULL),
  ('Installed_Asset__c', 'a01000000000093', 'source_asset', 'AST-00093', NULL),
  ('Installed_Asset__c', 'a01000000000094', 'source_asset', 'AST-00094', 'project_orphan_nulled'),
  ('Installed_Asset__c', 'a01000000000095', 'source_asset', 'AST-00095', NULL),
  ('Installed_Asset__c', 'a01000000000096', 'source_asset', 'AST-00096', NULL),
  ('Installed_Asset__c', 'a01000000000097', 'source_asset', 'AST-00097', NULL),
  ('Installed_Asset__c', 'a01000000000098', 'source_asset', 'AST-00098', NULL),
  ('Installed_Asset__c', 'a01000000000099', 'source_asset', 'AST-00099', NULL),
  ('Installed_Asset__c', 'a01000000000100', 'source_asset', 'AST-00100', NULL),
  ('Installed_Asset__c', 'a01000000000101', 'source_asset', 'AST-00101', 'project_orphan_nulled'),
  ('Installed_Asset__c', 'a01000000000102', 'source_asset', 'AST-00102', NULL),
  ('Installed_Asset__c', 'a01000000000103', 'source_asset', 'AST-00103', NULL),
  ('Installed_Asset__c', 'a01000000000104', 'source_asset', 'AST-00104', NULL),
  ('Installed_Asset__c', 'a01000000000105', 'source_asset', 'AST-00105', NULL),
  ('Installed_Asset__c', 'a01000000000106', 'source_asset', 'AST-00106', NULL),
  ('Installed_Asset__c', 'a01000000000107', 'source_asset', 'AST-00107', 'project_orphan_nulled'),
  ('Installed_Asset__c', 'a01000000000108', 'source_asset', 'AST-00108', 'project_orphan_nulled'),
  ('Installed_Asset__c', 'a01000000000109', 'source_asset', 'AST-00109', 'project_orphan_nulled'),
  ('Installed_Asset__c', 'a01000000000110', 'source_asset', 'AST-00110', NULL),
  ('Installed_Asset__c', 'a01000000000111', 'source_asset', 'AST-00111', NULL),
  ('Installed_Asset__c', 'a01000000000112', 'source_asset', 'AST-00112', NULL),
  ('Installed_Asset__c', 'a01000000000113', 'source_asset', 'AST-00113', NULL),
  ('Installed_Asset__c', 'a01000000000114', 'source_asset', 'AST-00114', NULL),
  ('Installed_Asset__c', 'a01000000000115', 'source_asset', 'AST-00115', NULL),
  ('Installed_Asset__c', 'a01000000000116', 'source_asset', 'AST-00116', NULL),
  ('Installed_Asset__c', 'a01000000000117', 'source_asset', 'AST-00117', NULL),
  ('Installed_Asset__c', 'a01000000000118', 'source_asset', 'AST-00118', NULL),
  ('Installed_Asset__c', 'a01000000000119', 'source_asset', 'AST-00119', NULL),
  ('Installed_Asset__c', 'a01000000000120', 'source_asset', 'AST-00120', NULL),
  ('Installed_Asset__c', 'a01000000000121', 'source_asset', 'AST-00121', NULL),
  ('Installed_Asset__c', 'a01000000000122', 'source_asset', 'AST-00122', 'project_orphan_nulled'),
  ('Installed_Asset__c', 'a01000000000123', 'source_asset', 'AST-00123', NULL),
  ('Installed_Asset__c', 'a01000000000124', 'source_asset', 'AST-00124', NULL),
  ('Installed_Asset__c', 'a01000000000125', 'source_asset', 'AST-00125', NULL),
  ('Installed_Asset__c', 'a01000000000126', 'source_asset', 'AST-00126', NULL),
  ('Installed_Asset__c', 'a01000000000127', 'source_asset', 'AST-00127', NULL),
  ('Installed_Asset__c', 'a01000000000128', 'source_asset', 'AST-00128', NULL),
  ('Installed_Asset__c', 'a01000000000129', 'source_asset', 'AST-00129', NULL),
  ('Installed_Asset__c', 'a01000000000130', 'source_asset', 'AST-00130', NULL),
  ('Installed_Asset__c', 'a01000000000131', 'source_asset', 'AST-00131', 'project_orphan_nulled'),
  ('Installed_Asset__c', 'a01000000000132', 'source_asset', 'AST-00132', NULL),
  ('Installed_Asset__c', 'a01000000000133', 'source_asset', 'AST-00133', NULL),
  ('Installed_Asset__c', 'a01000000000134', 'source_asset', 'AST-00134', NULL),
  ('Installed_Asset__c', 'a01000000000135', 'source_asset', 'AST-00135', NULL),
  ('Installed_Asset__c', 'a01000000000136', 'source_asset', 'AST-00136', NULL),
  ('Installed_Asset__c', 'a01000000000137', 'source_asset', 'AST-00137', NULL),
  ('Installed_Asset__c', 'a01000000000138', 'source_asset', 'AST-00138', NULL),
  ('Installed_Asset__c', 'a01000000000139', 'source_asset', 'AST-00139', NULL),
  ('Installed_Asset__c', 'a01000000000140', 'source_asset', 'AST-00140', NULL),
  ('Installed_Asset__c', 'a01000000000141', 'source_asset', 'AST-00141', NULL),
  ('Installed_Asset__c', 'a01000000000142', 'source_asset', 'AST-00142', NULL),
  ('Installed_Asset__c', 'a01000000000143', 'source_asset', 'AST-00143', NULL),
  ('Installed_Asset__c', 'a01000000000144', 'source_asset', 'AST-00144', NULL),
  ('Installed_Asset__c', 'a01000000000145', 'source_asset', 'AST-00145', NULL),
  ('Installed_Asset__c', 'a01000000000146', 'source_asset', 'AST-00146', NULL),
  ('Installed_Asset__c', 'a01000000000147', 'source_asset', 'AST-00147', NULL),
  ('Installed_Asset__c', 'a01000000000148', 'source_asset', 'AST-00148', NULL),
  ('Installed_Asset__c', 'a01000000000149', 'source_asset', 'AST-00149', 'project_orphan_nulled'),
  ('Installed_Asset__c', 'a01000000000150', 'source_asset', 'AST-00150', NULL),
  ('Installed_Asset__c', 'a01000000000151', 'source_asset', 'AST-00151', 'project_orphan_nulled'),
  ('Installed_Asset__c', 'a01000000000152', 'source_asset', 'AST-00152', NULL),
  ('Installed_Asset__c', 'a01000000000153', 'source_asset', 'AST-00153', NULL),
  ('Installed_Asset__c', 'a01000000000154', 'source_asset', 'AST-00154', NULL),
  ('Installed_Asset__c', 'a01000000000155', 'source_asset', 'AST-00155', NULL),
  ('Installed_Asset__c', 'a01000000000156', 'source_asset', 'AST-00156', NULL),
  ('Installed_Asset__c', 'a01000000000157', 'source_asset', 'AST-00157', NULL),
  ('Installed_Asset__c', 'a01000000000158', 'source_asset', 'AST-00158', NULL),
  ('Installed_Asset__c', 'a01000000000159', 'source_asset', 'AST-00159', NULL),
  ('Installed_Asset__c', 'a01000000000160', 'source_asset', 'AST-00160', NULL),
  ('Installed_Asset__c', 'a01000000000161', 'source_asset', 'AST-00161', NULL),
  ('Installed_Asset__c', 'a01000000000162', 'source_asset', 'AST-00162', NULL),
  ('Installed_Asset__c', 'a01000000000163', 'source_asset', 'AST-00163', NULL),
  ('Installed_Asset__c', 'a01000000000164', 'source_asset', 'AST-00164', NULL),
  ('Installed_Asset__c', 'a01000000000165', 'source_asset', 'AST-00165', NULL),
  ('Installed_Asset__c', 'a01000000000166', 'source_asset', 'AST-00166', NULL),
  ('Installed_Asset__c', 'a01000000000167', 'source_asset', 'AST-00167', NULL),
  ('Installed_Asset__c', 'a01000000000168', 'source_asset', 'AST-00168', NULL),
  ('Installed_Asset__c', 'a01000000000169', 'source_asset', 'AST-00169', NULL),
  ('Installed_Asset__c', 'a01000000000170', 'source_asset', 'AST-00170', 'project_orphan_nulled'),
  ('Installed_Asset__c', 'a01000000000171', 'source_asset', 'AST-00171', NULL),
  ('Installed_Asset__c', 'a01000000000172', 'source_asset', 'AST-00172', NULL),
  ('Installed_Asset__c', 'a01000000000173', 'source_asset', 'AST-00173', NULL),
  ('Installed_Asset__c', 'a01000000000174', 'source_asset', 'AST-00174', NULL),
  ('Installed_Asset__c', 'a01000000000175', 'source_asset', 'AST-00175', NULL),
  ('Installed_Asset__c', 'a01000000000176', 'source_asset', 'AST-00176', NULL),
  ('Installed_Asset__c', 'a01000000000177', 'source_asset', 'AST-00177', NULL),
  ('Installed_Asset__c', 'a01000000000178', 'source_asset', 'AST-00178', NULL),
  ('Installed_Asset__c', 'a01000000000179', 'source_asset', 'AST-00179', NULL),
  ('Installed_Asset__c', 'a01000000000180', 'source_asset', 'AST-00180', NULL),
  ('Installed_Asset__c', 'a01000000000181', 'source_asset', 'AST-00181', NULL),
  ('Installed_Asset__c', 'a01000000000182', 'source_asset', 'AST-00182', NULL),
  ('Installed_Asset__c', 'a01000000000183', 'source_asset', 'AST-00183', NULL),
  ('Installed_Asset__c', 'a01000000000184', 'source_asset', 'AST-00184', NULL),
  ('Installed_Asset__c', 'a01000000000185', 'source_asset', 'AST-00185', NULL),
  ('Installed_Asset__c', 'a01000000000186', 'source_asset', 'AST-00186', NULL),
  ('Installed_Asset__c', 'a01000000000187', 'source_asset', 'AST-00187', NULL),
  ('Installed_Asset__c', 'a01000000000188', 'source_asset', 'AST-00188', NULL),
  ('Installed_Asset__c', 'a01000000000189', 'source_asset', 'AST-00189', NULL),
  ('Installed_Asset__c', 'a01000000000190', 'source_asset', 'AST-00190', 'project_orphan_nulled'),
  ('Installed_Asset__c', 'a01000000000191', 'source_asset', 'AST-00191', 'project_orphan_nulled'),
  ('Installed_Asset__c', 'a01000000000192', 'source_asset', 'AST-00192', NULL),
  ('Installed_Asset__c', 'a01000000000193', 'source_asset', 'AST-00193', NULL),
  ('Installed_Asset__c', 'a01000000000194', 'source_asset', 'AST-00194', NULL),
  ('Installed_Asset__c', 'a01000000000195', 'source_asset', 'AST-00195', NULL),
  ('Installed_Asset__c', 'a01000000000196', 'source_asset', 'AST-00196', 'project_orphan_nulled'),
  ('Installed_Asset__c', 'a01000000000197', 'source_asset', 'AST-00197', NULL),
  ('Installed_Asset__c', 'a01000000000198', 'source_asset', 'AST-00198', NULL),
  ('Installed_Asset__c', 'a01000000000199', 'source_asset', 'AST-00199', 'project_orphan_nulled'),
  ('Installed_Asset__c', 'a01000000000200', 'source_asset', 'AST-00200', NULL),
  ('Installed_Asset__c', 'a01000000000201', 'source_asset', 'AST-00201', NULL),
  ('Installed_Asset__c', 'a01000000000202', 'source_asset', 'AST-00202', NULL),
  ('Installed_Asset__c', 'a01000000000203', 'source_asset', 'AST-00203', NULL),
  ('Installed_Asset__c', 'a01000000000204', 'source_asset', 'AST-00204', NULL),
  ('Installed_Asset__c', 'a01000000000205', 'source_asset', 'AST-00205', 'project_orphan_nulled'),
  ('Installed_Asset__c', 'a01000000000206', 'source_asset', 'AST-00206', NULL),
  ('Installed_Asset__c', 'a01000000000207', 'source_asset', 'AST-00207', NULL),
  ('Installed_Asset__c', 'a01000000000208', 'source_asset', 'AST-00208', NULL),
  ('Installed_Asset__c', 'a01000000000209', 'source_asset', 'AST-00209', NULL),
  ('Installed_Asset__c', 'a01000000000210', 'source_asset', 'AST-00210', NULL),
  ('Installed_Asset__c', 'a01000000000211', 'source_asset', 'AST-00211', NULL),
  ('Installed_Asset__c', 'a01000000000212', 'source_asset', 'AST-00212', NULL),
  ('Installed_Asset__c', 'a01000000000213', 'source_asset', 'AST-00213', NULL),
  ('Installed_Asset__c', 'a01000000000214', 'source_asset', 'AST-00214', NULL),
  ('Installed_Asset__c', 'a01000000000215', 'source_asset', 'AST-00215', NULL),
  ('Installed_Asset__c', 'a01000000000216', 'source_asset', 'AST-00216', NULL),
  ('Installed_Asset__c', 'a01000000000217', 'source_asset', 'AST-00217', 'project_orphan_nulled'),
  ('Installed_Asset__c', 'a01000000000218', 'source_asset', 'AST-00218', NULL),
  ('Installed_Asset__c', 'a01000000000219', 'source_asset', 'AST-00219', NULL),
  ('Installed_Asset__c', 'a01000000000220', 'source_asset', 'AST-00220', NULL),
  ('Installed_Asset__c', 'a01000000000221', 'source_asset', 'AST-00221', NULL),
  ('Installed_Asset__c', 'a01000000000222', 'source_asset', 'AST-00222', NULL),
  ('Installed_Asset__c', 'a01000000000223', 'source_asset', 'AST-00223', NULL),
  ('Installed_Asset__c', 'a01000000000224', 'source_asset', 'AST-00224', 'project_orphan_nulled'),
  ('Installed_Asset__c', 'a01000000000225', 'source_asset', 'AST-00225', NULL),
  ('Installed_Asset__c', 'a01000000000226', 'source_asset', 'AST-00226', NULL),
  ('Installed_Asset__c', 'a01000000000227', 'source_asset', 'AST-00227', 'project_orphan_nulled'),
  ('Installed_Asset__c', 'a01000000000228', 'source_asset', 'AST-00228', 'project_orphan_nulled'),
  ('Installed_Asset__c', 'a01000000000229', 'source_asset', 'AST-00229', NULL),
  ('Installed_Asset__c', 'a01000000000230', 'source_asset', 'AST-00230', NULL),
  ('Installed_Asset__c', 'a01000000000231', 'source_asset', 'AST-00231', 'project_orphan_nulled'),
  ('Installed_Asset__c', 'a01000000000232', 'source_asset', 'AST-00232', 'project_orphan_nulled'),
  ('Installed_Asset__c', 'a01000000000233', 'source_asset', 'AST-00233', NULL),
  ('Installed_Asset__c', 'a01000000000234', 'source_asset', 'AST-00234', NULL),
  ('Installed_Asset__c', 'a01000000000235', 'source_asset', 'AST-00235', 'project_orphan_nulled'),
  ('Installed_Asset__c', 'a01000000000236', 'source_asset', 'AST-00236', NULL),
  ('Installed_Asset__c', 'a01000000000237', 'source_asset', 'AST-00237', NULL),
  ('Installed_Asset__c', 'a01000000000238', 'source_asset', 'AST-00238', NULL),
  ('Installed_Asset__c', 'a01000000000239', 'source_asset', 'AST-00239', NULL),
  ('Installed_Asset__c', 'a01000000000240', 'source_asset', 'AST-00240', NULL),
  ('Installed_Asset__c', 'a01000000000241', 'source_asset', 'AST-00241', NULL),
  ('Installed_Asset__c', 'a01000000000242', 'source_asset', 'AST-00242', NULL),
  ('Installed_Asset__c', 'a01000000000243', 'source_asset', 'AST-00243', NULL),
  ('Installed_Asset__c', 'a01000000000244', 'source_asset', 'AST-00244', NULL),
  ('Installed_Asset__c', 'a01000000000245', 'source_asset', 'AST-00245', NULL),
  ('Installed_Asset__c', 'a01000000000246', 'source_asset', 'AST-00246', NULL),
  ('Installed_Asset__c', 'a01000000000247', 'source_asset', 'AST-00247', NULL),
  ('Installed_Asset__c', 'a01000000000248', 'source_asset', 'AST-00248', NULL),
  ('Installed_Asset__c', 'a01000000000249', 'source_asset', 'AST-00249', NULL),
  ('Installed_Asset__c', 'a01000000000250', 'source_asset', 'AST-00250', NULL),
  ('Installed_Asset__c', 'a01000000000251', 'source_asset', 'AST-00251', NULL),
  ('Installed_Asset__c', 'a01000000000252', 'source_asset', 'AST-00252', NULL),
  ('Installed_Asset__c', 'a01000000000253', 'source_asset', 'AST-00253', NULL),
  ('Installed_Asset__c', 'a01000000000254', 'source_asset', 'AST-00254', NULL),
  ('Installed_Asset__c', 'a01000000000255', 'source_asset', 'AST-00255', NULL),
  ('Installed_Asset__c', 'a01000000000256', 'source_asset', 'AST-00256', NULL),
  ('Installed_Asset__c', 'a01000000000257', 'source_asset', 'AST-00257', NULL),
  ('Installed_Asset__c', 'a01000000000258', 'source_asset', 'AST-00258', NULL),
  ('Installed_Asset__c', 'a01000000000259', 'source_asset', 'AST-00259', 'project_orphan_nulled'),
  ('Installed_Asset__c', 'a01000000000260', 'source_asset', 'AST-00260', NULL),
  ('Installed_Asset__c', 'a01000000000261', 'source_asset', 'AST-00261', NULL),
  ('Installed_Asset__c', 'a01000000000262', 'source_asset', 'AST-00262', 'project_orphan_nulled'),
  ('Installed_Asset__c', 'a01000000000263', 'source_asset', 'AST-00263', NULL),
  ('Installed_Asset__c', 'a01000000000264', 'source_asset', 'AST-00264', NULL),
  ('Installed_Asset__c', 'a01000000000265', 'source_asset', 'AST-00265', NULL),
  ('Installed_Asset__c', 'a01000000000266', 'source_asset', 'AST-00266', NULL),
  ('Installed_Asset__c', 'a01000000000267', 'source_asset', 'AST-00267', NULL),
  ('Installed_Asset__c', 'a01000000000268', 'source_asset', 'AST-00268', NULL),
  ('Installed_Asset__c', 'a01000000000269', 'source_asset', 'AST-00269', NULL),
  ('Installed_Asset__c', 'a01000000000270', 'source_asset', 'AST-00270', NULL),
  ('Installed_Asset__c', 'a01000000000271', 'source_asset', 'AST-00271', NULL),
  ('Installed_Asset__c', 'a01000000000272', 'source_asset', 'AST-00272', NULL),
  ('Installed_Asset__c', 'a01000000000273', 'source_asset', 'AST-00273', NULL),
  ('Installed_Asset__c', 'a01000000000274', 'source_asset', 'AST-00274', NULL),
  ('Installed_Asset__c', 'a01000000000275', 'source_asset', 'AST-00275', NULL),
  ('Installed_Asset__c', 'a01000000000276', 'source_asset', 'AST-00276', 'project_orphan_nulled'),
  ('Installed_Asset__c', 'a01000000000277', 'source_asset', 'AST-00277', NULL),
  ('Installed_Asset__c', 'a01000000000278', 'source_asset', 'AST-00278', NULL),
  ('Installed_Asset__c', 'a01000000000279', 'source_asset', 'AST-00279', NULL),
  ('Installed_Asset__c', 'a01000000000280', 'source_asset', 'AST-00280', NULL),
  ('Installed_Asset__c', 'a01000000000281', 'source_asset', 'AST-00281', 'project_orphan_nulled'),
  ('Installed_Asset__c', 'a01000000000282', 'source_asset', 'AST-00282', NULL),
  ('Installed_Asset__c', 'a01000000000283', 'source_asset', 'AST-00283', NULL),
  ('Installed_Asset__c', 'a01000000000284', 'source_asset', 'AST-00284', NULL),
  ('Installed_Asset__c', 'a01000000000285', 'source_asset', 'AST-00285', NULL),
  ('Installed_Asset__c', 'a01000000000286', 'source_asset', 'AST-00286', NULL),
  ('Installed_Asset__c', 'a01000000000287', 'source_asset', 'AST-00287', NULL),
  ('Installed_Asset__c', 'a01000000000288', 'source_asset', 'AST-00288', NULL),
  ('Installed_Asset__c', 'a01000000000289', 'source_asset', 'AST-00289', 'project_orphan_nulled'),
  ('Installed_Asset__c', 'a01000000000290', 'source_asset', 'AST-00290', NULL),
  ('Installed_Asset__c', 'a01000000000291', 'source_asset', 'AST-00291', NULL),
  ('Installed_Asset__c', 'a01000000000292', 'source_asset', 'AST-00292', NULL),
  ('Installed_Asset__c', 'a01000000000293', 'source_asset', 'AST-00293', 'project_orphan_nulled'),
  ('Installed_Asset__c', 'a01000000000294', 'source_asset', 'AST-00294', NULL),
  ('Installed_Asset__c', 'a01000000000295', 'source_asset', 'AST-00295', NULL),
  ('Installed_Asset__c', 'a01000000000296', 'source_asset', 'AST-00296', NULL),
  ('Installed_Asset__c', 'a01000000000297', 'source_asset', 'AST-00297', NULL),
  ('Installed_Asset__c', 'a01000000000298', 'source_asset', 'AST-00298', NULL),
  ('Installed_Asset__c', 'a01000000000299', 'source_asset', 'AST-00299', NULL),
  ('Installed_Asset__c', 'a01000000000300', 'source_asset', 'AST-00300', NULL),
  ('Installed_Asset__c', 'a01000000000301', 'source_asset', 'AST-00301', NULL),
  ('Installed_Asset__c', 'a01000000000302', 'source_asset', 'AST-00302', 'project_orphan_nulled'),
  ('Installed_Asset__c', 'a01000000000303', 'source_asset', 'AST-00303', NULL),
  ('Installed_Asset__c', 'a01000000000304', 'source_asset', 'AST-00304', NULL),
  ('Installed_Asset__c', 'a01000000000305', 'source_asset', 'AST-00305', NULL),
  ('Installed_Asset__c', 'a01000000000306', 'source_asset', 'AST-00306', NULL),
  ('Installed_Asset__c', 'a01000000000307', 'source_asset', 'AST-00307', NULL),
  ('Installed_Asset__c', 'a01000000000308', 'source_asset', 'AST-00308', NULL),
  ('Installed_Asset__c', 'a01000000000309', 'source_asset', 'AST-00309', NULL),
  ('Installed_Asset__c', 'a01000000000310', 'source_asset', 'AST-00310', NULL),
  ('Installed_Asset__c', 'a01000000000311', 'source_asset', 'AST-00311', NULL),
  ('Installed_Asset__c', 'a01000000000312', 'source_asset', 'AST-00312', NULL),
  ('Installed_Asset__c', 'a01000000000313', 'source_asset', 'AST-00313', NULL),
  ('Installed_Asset__c', 'a01000000000314', 'source_asset', 'AST-00314', NULL),
  ('Installed_Asset__c', 'a01000000000315', 'source_asset', 'AST-00315', NULL),
  ('Installed_Asset__c', 'a01000000000316', 'source_asset', 'AST-00316', NULL),
  ('Installed_Asset__c', 'a01000000000317', 'source_asset', 'AST-00317', NULL),
  ('Installed_Asset__c', 'a01000000000318', 'source_asset', 'AST-00318', 'project_orphan_nulled'),
  ('Installed_Asset__c', 'a01000000000319', 'source_asset', 'AST-00319', NULL),
  ('Installed_Asset__c', 'a01000000000320', 'source_asset', 'AST-00320', NULL);
