CREATE SCHEMA IF NOT EXISTS fixture_missing_relations_v2_src;
SET search_path TO fixture_missing_relations_v2_src;


CREATE TABLE Account (id text PRIMARY KEY, name text, tier text, region text, industry text);
CREATE TABLE Contact (id text PRIMARY KEY, full_name text, email text,
    account_ref text, company_name text);
CREATE TABLE Opportunity (id text PRIMARY KEY, name text, stage text, amount double precision,
    customer_number text, account_name text);
CREATE TABLE Project (id text PRIMARY KEY, name text, status text, go_live text,
    client_id text, opportunity_ref text);
CREATE TABLE Asset (id text PRIMARY KEY, name text, serial text, warranty text,
    client text, project text);

INSERT INTO Account (id, name, tier, region, industry) VALUES
  ('ACC-1001', 'Lindau Neuschäfer GbR', 'Bronze', 'Benelux', 'Manufacturing'),
  ('ACC-1002', 'Jockel Stiftung & Co. KGaA', 'Gold', 'DACH', 'Healthcare'),
  ('ACC-1003', 'Bruder Schmidtke GmbH & Co. KG', 'Gold', 'DACH', 'Manufacturing'),
  ('ACC-1004', 'Dehmel Langern AG', 'Bronze', 'DACH', 'Technology'),
  ('ACC-1005', 'Häring Killer AG & Co. KG', 'Gold', 'Nordics', 'Finance'),
  ('ACC-1006', 'Fechner Sauer GmbH & Co. KG', 'Silver', 'Southern Europe', 'Manufacturing'),
  ('ACC-1007', 'Gnatz AG', 'Platinum', 'DACH', 'Finance'),
  ('ACC-1008', 'Jüttner GbR', 'Silver', 'Benelux', 'Healthcare'),
  ('ACC-1009', 'Hamann', 'Bronze', 'DACH', 'Technology'),
  ('ACC-1010', 'Speer', 'Gold', 'UK', 'Healthcare'),
  ('ACC-1011', 'Putz', 'Bronze', 'Benelux', 'Technology'),
  ('ACC-1012', 'Ruppert Hande GmbH', 'Silver', 'DACH', 'Healthcare'),
  ('ACC-1013', 'Hein', 'Silver', 'UK', 'Manufacturing'),
  ('ACC-1014', 'Putz Süßebier GmbH', 'Bronze', 'UK', 'Finance'),
  ('ACC-1015', 'Bolander Carsten GmbH', 'Platinum', 'UK', 'Finance'),
  ('ACC-1016', 'Junken Weimer AG & Co. KG', 'Gold', 'Southern Europe', 'Manufacturing'),
  ('ACC-1017', 'Carsten Stiftung & Co. KGaA', 'Gold', 'Benelux', 'Healthcare'),
  ('ACC-1018', 'Karge', 'Silver', 'Southern Europe', 'Finance'),
  ('ACC-1019', 'Biggen Schmiedecke GmbH & Co. KG', 'Bronze', 'DACH', 'Technology'),
  ('ACC-1020', 'Liebelt GmbH', 'Gold', 'Benelux', 'Healthcare'),
  ('ACC-1021', 'Meyer', 'Platinum', 'Benelux', 'Manufacturing'),
  ('ACC-1022', 'Kallert', 'Bronze', 'Southern Europe', 'Finance'),
  ('ACC-1023', 'Grein Groth Kreusel AG & Co. KGaA', 'Silver', 'Nordics', 'Manufacturing'),
  ('ACC-1024', 'Beyer Karz Stiftung & Co. KGaA', 'Gold', 'DACH', 'Healthcare'),
  ('ACC-1025', 'Plath', 'Silver', 'DACH', 'Finance'),
  ('ACC-1026', 'Zahn AG', 'Gold', 'Southern Europe', 'Finance'),
  ('ACC-1027', 'Koch Weller e.G.', 'Silver', 'UK', 'Technology'),
  ('ACC-1028', 'Holsten AG', 'Platinum', 'UK', 'Healthcare'),
  ('ACC-1029', 'Hölzenbecher', 'Platinum', 'DACH', 'Finance'),
  ('ACC-1030', 'Schenk Langern AG & Co. KGaA', 'Gold', 'UK', 'Healthcare'),
  ('ACC-1031', 'Reinhardt Dörschner KGaA', 'Silver', 'UK', 'Healthcare'),
  ('ACC-1032', 'Holzapfel GbR', 'Silver', 'Southern Europe', 'Manufacturing'),
  ('ACC-1033', 'Kitzmann', 'Gold', 'DACH', 'Manufacturing'),
  ('ACC-1034', 'Heinz Gotthard GmbH & Co. KG', 'Platinum', 'Southern Europe', 'Technology'),
  ('ACC-1035', 'Zobel Koch AG', 'Silver', 'DACH', 'Finance'),
  ('ACC-1036', 'Weller', 'Gold', 'Benelux', 'Healthcare'),
  ('ACC-1037', 'Reuter Trüb AG & Co. KGaA', 'Bronze', 'UK', 'Manufacturing'),
  ('ACC-1038', 'Schlosser Mülichen GmbH & Co. KGaA', 'Gold', 'UK', 'Manufacturing'),
  ('ACC-1039', 'Martin KG', 'Platinum', 'Nordics', 'Technology'),
  ('ACC-1040', 'Weimer GmbH', 'Platinum', 'Benelux', 'Technology'),
  ('ACC-1041', 'Baum', 'Bronze', 'Nordics', 'Technology'),
  ('ACC-1042', 'Weller Heinrich GmbH', 'Platinum', 'DACH', 'Healthcare'),
  ('ACC-1043', 'Junk Bauer KGaA', 'Platinum', 'DACH', 'Healthcare'),
  ('ACC-1044', 'Riehl Schaaf OHG mbH', 'Platinum', 'Southern Europe', 'Technology'),
  ('ACC-1045', 'Kensy Eimer Stiftung & Co. KG', 'Silver', 'DACH', 'Finance'),
  ('ACC-1046', 'Winkler', 'Silver', 'Southern Europe', 'Healthcare'),
  ('ACC-1047', 'Sager Geisel GmbH', 'Silver', 'Southern Europe', 'Healthcare'),
  ('ACC-1048', 'Stolze', 'Bronze', 'DACH', 'Manufacturing'),
  ('ACC-1049', 'Schulz GmbH & Co. KG', 'Silver', 'Southern Europe', 'Technology'),
  ('ACC-1050', 'Kitzmann', 'Gold', 'Southern Europe', 'Manufacturing'),
  ('ACC-1051', 'Karge AG', 'Platinum', 'UK', 'Healthcare'),
  ('ACC-1052', 'Schwital GmbH', 'Bronze', 'DACH', 'Healthcare'),
  ('ACC-1053', 'Reichmann e.G.', 'Platinum', 'UK', 'Healthcare'),
  ('ACC-1054', 'Rohleder AG', 'Bronze', 'Nordics', 'Finance'),
  ('ACC-1055', 'Oestrovsky Wesack GmbH & Co. KG', 'Platinum', 'DACH', 'Manufacturing'),
  ('ACC-1056', 'Hermighausen', 'Platinum', 'Southern Europe', 'Healthcare'),
  ('ACC-1057', 'Beyer', 'Bronze', 'DACH', 'Finance'),
  ('ACC-1058', 'Pärtzelt Schaaf AG', 'Platinum', 'Nordics', 'Finance'),
  ('ACC-1059', 'Geisler AG & Co. OHG', 'Platinum', 'Southern Europe', 'Finance'),
  ('ACC-1060', 'Roskoth Bruder GmbH & Co. KGaA', 'Gold', 'DACH', 'Healthcare'),
  ('ACC-1061', 'Rose Harloff AG', 'Silver', 'UK', 'Manufacturing'),
  ('ACC-1062', 'Mitschke', 'Bronze', 'DACH', 'Finance'),
  ('ACC-1063', 'Zirme', 'Bronze', 'Nordics', 'Healthcare'),
  ('ACC-1064', 'Höfig Ziegert KG', 'Silver', 'Benelux', 'Healthcare'),
  ('ACC-1065', 'Fliegner Dobes AG & Co. KGaA', 'Platinum', 'Southern Europe', 'Finance'),
  ('ACC-1066', 'Gunpf GbR', 'Bronze', 'Nordics', 'Manufacturing'),
  ('ACC-1067', 'Stahr e.V.', 'Silver', 'UK', 'Technology'),
  ('ACC-1068', 'Zorbach', 'Platinum', 'DACH', 'Healthcare'),
  ('ACC-1069', 'Zahn GmbH', 'Silver', 'Nordics', 'Manufacturing'),
  ('ACC-1070', 'Eckbauer e.V.', 'Platinum', 'Southern Europe', 'Manufacturing'),
  ('ACC-1071', 'Jockel Etzold AG', 'Platinum', 'DACH', 'Finance'),
  ('ACC-1072', 'Mude Gunpf AG', 'Bronze', 'DACH', 'Technology'),
  ('ACC-1073', 'Paffrath Stiftung & Co. KG', 'Bronze', 'Nordics', 'Healthcare'),
  ('ACC-1074', 'Patberg AG', 'Gold', 'Benelux', 'Finance'),
  ('ACC-1075', 'Preiß GmbH', 'Gold', 'DACH', 'Technology'),
  ('ACC-1076', 'Zorbach GmbH', 'Platinum', 'Southern Europe', 'Finance'),
  ('ACC-1077', 'Spieß Klemt KG', 'Platinum', 'Southern Europe', 'Finance'),
  ('ACC-1078', 'Holzapfel AG & Co. OHG', 'Bronze', 'DACH', 'Healthcare'),
  ('ACC-1079', 'Noack AG & Co. KGaA', 'Bronze', 'UK', 'Finance'),
  ('ACC-1080', 'Holzapfel', 'Platinum', 'Southern Europe', 'Technology');

INSERT INTO Contact (id, full_name, email, account_ref, company_name) VALUES
  ('CON-00001', 'Gretchen Graf', 'uli07@example.net', 'ACC-1001', 'Lindau Neuschäfer GbR'),
  ('CON-00002', 'Cengiz Wiek', 'tspeer@example.org', 'ACC-1002', 'Jockel Stiftung & Co. KGaA'),
  ('CON-00003', 'Elma Reichmann', 'hagenkambs@example.org', NULL, 'Bruder Schmidtke GmbH & Co. KG'),
  ('CON-00004', 'Ursel Blümel', 'evelyneauch-schlauchin@example.com', 'ACC-1003', 'Bruder Schmidtke GmbH & Co. KG'),
  ('CON-00005', 'Annegrete Zahn', 'fiebigpatric@example.org', 'ACC-1003', 'Bruder Schmidtke GmbH & Co. KG'),
  ('CON-00006', 'Slavko Beer', 'hannotlustek@example.org', 'ACC-1004', 'Dehmel Langern AG'),
  ('CON-00007', 'Janina Bender', 'ludger97@example.com', NULL, 'Dehmel Langern AG'),
  ('CON-00008', 'Hilma Pölitz', 'bsager@example.org', 'ACC-1004', 'Dehmel Langern AG'),
  ('CON-00009', 'Claudio Gertz', 'julianeureuther@example.net', 'ACC-9103', 'Unknown'),
  ('CON-00010', 'Gerfried Gertz', 'annette25@example.net', 'ACC-1005', 'Häring Killer AG & Co. KG'),
  ('CON-00011', 'Marlies Gröttner', 'geislerluzia@example.net', 'ACC-1005', 'Häring Killer AG & Co. KG'),
  ('CON-00012', 'Janet Schlosser', 'muellerkarolina@example.org', 'ACC-1006', 'Fechner Sauer GmbH & Co. KG'),
  ('CON-00013', 'Grete Lange', 'mechthildegertz@example.org', 'ACC-1007', 'Gnat zAG'),
  ('CON-00014', 'Günter Mülichen', 'wkallert@example.org', 'ACC-1008', 'Jüttner GbR'),
  ('CON-00015', 'Herta Freudenberger', 'jhamann@example.org', 'ACC-1009', 'Hamann'),
  ('CON-00016', 'Ayten Bolander', 'johanneboerner@example.org', 'ACC-1009', 'Hmaann'),
  ('CON-00017', 'Danny Knappe', 'juettnerharry@example.net', 'ACC-9069', 'Unknown'),
  ('CON-00018', 'Etta Barth', 'osmanpaertzelt@example.net', 'ACC-1010', 'Speer'),
  ('CON-00019', 'Thomas Heinrich', 'anni91@example.com', 'ACC-1011', 'Putz'),
  ('CON-00020', 'Valerie Bloch', 'lwesack@example.com', NULL, 'Putz'),
  ('CON-00021', 'Horst Eberth', 'fedor14@example.net', 'ACC-1011', 'Putz'),
  ('CON-00022', 'Marianna Schmidt', 'ymans@example.com', 'ACC-9450', 'Unknown'),
  ('CON-00023', 'Erika Hettner', 'soenke37@example.org', 'ACC-1013', 'Hein'),
  ('CON-00024', 'Meryem Junken', 'christophemmy@example.net', NULL, 'Putz Süßbeier GmbH'),
  ('CON-00025', 'Augusta Kreusel', 'junkenvioletta@example.net', 'ACC-9350', 'Unknown'),
  ('CON-00026', 'Tassilo Schmiedt', 'ruppertclaire@example.com', 'ACC-1015', 'Bolander Carsten GmbH'),
  ('CON-00027', 'Gero Rosenow', 'vadim65@example.net', 'ACC-1015', 'Bolander Carsten GmbH'),
  ('CON-00028', 'Heide-Marie Klingelhöfer', 'shecker@example.com', 'ACC-1016', 'Junken Weimer AG & Co. KG'),
  ('CON-00029', 'Arndt Schuster', 'heuseranne@example.org', NULL, 'Junken Weimer AG & Co. KG'),
  ('CON-00030', 'Mariusz Rust', 'josiptaesche@example.com', 'ACC-1017', 'Carsten Stiftung & Co. KGaA'),
  ('CON-00031', 'Jörgen Rust', 'muelichenzdravko@example.com', 'ACC-1017', 'Carsten Stiftung & Co. KGaA'),
  ('CON-00032', 'Kristiane Wende', 'felizitas00@example.com', 'ACC-9123', 'Unknown'),
  ('CON-00033', 'Norbert Zahn', 'riehlistvan@example.org', 'ACC-1018', 'Karge'),
  ('CON-00034', 'Julius Otto', 'nataligierschner@example.com', 'ACC-1019', 'Biggen Schmiedecke GmbH & Co. KG'),
  ('CON-00035', 'Urszula Mülichen', 'rosalia82@example.org', 'ACC-1020', 'Liebelt GmbH'),
  ('CON-00036', 'Christoph Mülichen', 'esorgatz@example.com', 'ACC-1021', 'Meyer'),
  ('CON-00037', 'Gordon Jähn', 'cdoerschner@example.net', 'ACC-1022', 'Kallert'),
  ('CON-00038', 'Albert Schaaf', 'girschnerreinhart@example.net', 'ACC-1022', 'Kalelrt'),
  ('CON-00039', 'Gerlind Gutknecht', 'reuteranne-rose@example.net', 'ACC-1023', 'Grein Groth Kreusel AG & Co. KGaA'),
  ('CON-00040', 'Hans-Henning Fiebig', 'heinz-ottowohlgemut@example.org', 'ACC-1023', 'Grein Groth Kreusel AG & Co. KGaA'),
  ('CON-00041', 'Sonia Junken', 'heinz-guenterkeudel@example.net', 'ACC-1023', 'Grein Groth Kreusel AG & Co. KGaA'),
  ('CON-00042', 'Jeannine Jüttner', 'henry89@example.org', 'ACC-1024', 'Beyer Karz Stiftung & Co. KGaA'),
  ('CON-00043', 'Fabian Ziegert', 'siegried91@example.net', 'ACC-1025', 'Plath'),
  ('CON-00044', 'Antonios Ebert', 'jackermann@example.net', 'ACC-1025', 'Plath'),
  ('CON-00045', 'Antonios Ziegert', 'stephangehringer@example.net', 'ACC-1026', 'Zahn AG'),
  ('CON-00046', 'Dorothee Wende', 'ritterhans-j@example.com', 'ACC-1027', 'Koch Weller e.G.'),
  ('CON-00047', 'Luzie Hahn', 'klappthaddaeus@example.org', 'ACC-1027', 'Koch Weller e.G.'),
  ('CON-00048', 'Eckhart Zahn', 'koch-iimaximilian@example.net', 'ACC-1027', 'Koch Weller e.G.'),
  ('CON-00049', 'Ellen Haase', 'luisa10@example.org', 'ACC-1028', 'Holsten AG'),
  ('CON-00050', 'Flora Eberth', 'traudelhaering@example.net', 'ACC-1028', 'Holsten AG'),
  ('CON-00051', 'Berit Käster', 'ottopaola@example.org', 'ACC-1028', 'Holsten AG'),
  ('CON-00052', 'Mehmet Herrmann', 'seifertnadia@example.com', 'ACC-1029', 'Hölzenbecher'),
  ('CON-00053', 'Sibel Wilmsen', 'vputz@example.net', 'ACC-1029', 'Hölzenbecher'),
  ('CON-00054', 'Anna Lange', 'josefinehaering@example.net', 'ACC-1029', 'Hölzenbecher'),
  ('CON-00055', 'Monica Wagner', 'nhoerle@example.org', 'ACC-1030', 'Scehnk Langern AG & Co. KGaA'),
  ('CON-00056', 'Franca Bloch', 'binnerhans-theo@example.com', 'ACC-1030', 'Schenk Langern AG & Co. KGaA'),
  ('CON-00057', 'Jolanda Bachmann', 'zdenka06@example.com', 'ACC-1031', 'Reinhardt Dörschner KGaA'),
  ('CON-00058', 'Henni Wohlgemut', 'kristin08@example.org', NULL, 'Holzapfel GbR'),
  ('CON-00059', 'Frauke Jacobi Jäckel', 'ckaester@example.org', 'ACC-9677', 'Unknown'),
  ('CON-00060', 'Wiltrud Blümel', 'annamaria11@example.com', NULL, 'Kitzmann'),
  ('CON-00061', 'Dunja Renner', 'mcichorius@example.net', 'ACC-9422', 'Unknown'),
  ('CON-00062', 'Georg Speer', 'hilde80@example.org', 'ACC-1034', 'Heinz Gotthar dGmbH & Co. KG'),
  ('CON-00063', 'Claire Cichorius', 'wilmsmariana@example.net', 'ACC-1034', 'Heinz Gotthard GmbH & Co. KG'),
  ('CON-00064', 'Bertha Binner', 'bauerfrieder@example.com', 'ACC-9195', 'Unknown'),
  ('CON-00065', 'Erica Mälzer', 'nadinpohl@example.com', 'ACC-1035', 'Zobel Koch AG'),
  ('CON-00066', 'Martine Staude', 'lorenzo22@example.net', 'ACC-9300', 'Unknown'),
  ('CON-00067', 'Waltrud Zirme', 'pergandetheresia@example.com', 'ACC-1037', 'Reuter Trüb AG & Co. KGaA'),
  ('CON-00068', 'Hans-Dietrich Reinhardt', 'hans-joachimgeissler@example.com', 'ACC-1037', 'Reuter Trüb AG & Co. KGaA'),
  ('CON-00069', 'Jurij Haering', 'budigsvenja@example.org', 'ACC-1037', 'Reuter Trüb AG & Co .KGaA'),
  ('CON-00070', 'Jolanda Hethur', 'dietzreinhardt@example.net', 'ACC-1038', 'Schlosser Mülichen GmbH & Co. KGaA'),
  ('CON-00071', 'Hasan Hesse', 'mpaertzelt@example.org', 'ACC-9396', 'Unknown'),
  ('CON-00072', 'Boris Pergande', 'annelies07@example.com', 'ACC-1039', 'Martin KG'),
  ('CON-00073', 'Edgar Häring', 'bonbachrichard@example.net', 'ACC-1040', 'Weimer GmbH'),
  ('CON-00074', 'Frederike Fechner', 'dsaeuberlich@example.org', 'ACC-1040', 'Weimer GmbH'),
  ('CON-00075', 'Swantje Löchel', 'katarinaklingelhoefer@example.com', 'ACC-1040', 'Weimer GmbH'),
  ('CON-00076', 'Romuald Girschner', 'gdippel@example.com', NULL, 'Baum'),
  ('CON-00077', 'Lorenzo Henck', 'hans-j65@example.com', 'ACC-1041', 'Baum'),
  ('CON-00078', 'Hartwig Beier', 'helma29@example.org', 'ACC-9919', 'Unknown'),
  ('CON-00079', 'Max Rogner', 'hans-eberhard21@example.org', 'ACC-1042', 'Weller Heinrich GmbH'),
  ('CON-00080', 'Traude Becker', 'ehoelzenbecher@example.org', 'ACC-1043', 'Junk Bauer KGaA'),
  ('CON-00081', 'Marvin Mohaupt', 'kathi41@example.net', 'ACC-9949', 'Unknown'),
  ('CON-00082', 'Hans-J. Mentzel', 'helmtrudthies@example.com', 'ACC-1044', 'Riehl Schaaf OHG mbH'),
  ('CON-00083', 'Jasmina Patberg', 'juergen34@example.net', 'ACC-9282', 'Unknown'),
  ('CON-00084', 'Waldemar Börner', 'langemike@example.org', 'ACC-1045', 'Kensy Eimer Stiftung & Co. KG'),
  ('CON-00085', 'Erica Roskoth', 'nicolas35@example.org', 'ACC-1046', 'Winkler'),
  ('CON-00086', 'Aleksej Kusch', 'iwona44@example.com', 'ACC-1047', 'Sager Geisel GmbH'),
  ('CON-00087', 'Gertrude Dietz', 'bgunpf@example.com', 'ACC-1048', 'Stolze'),
  ('CON-00088', 'Bernward Hesse', 'beckmannchristina@example.com', 'ACC-1048', 'Stolze'),
  ('CON-00089', 'Gabi Hahn', 'schwitalkarina@example.com', 'ACC-9720', 'Unknown'),
  ('CON-00090', 'Ricardo Schuster', 'marten40@example.org', NULL, 'Schulz GmbH & Co. KG'),
  ('CON-00091', 'Karen Faust', 'hans-erichscholz@example.org', 'ACC-1050', 'Kitzmann'),
  ('CON-00092', 'Gertrud Gieß', 'jaentschlia@example.org', 'ACC-1050', 'Kitzmann'),
  ('CON-00093', 'Karl-Dieter Stahr', 'hassan78@example.net', 'ACC-9288', 'Unknown'),
  ('CON-00094', 'Sandor Vogt', 'josefinebriemer@example.net', 'ACC-1051', 'Karge AG'),
  ('CON-00095', 'Slawomir Ruppert', 'awiek@example.net', 'ACC-1051', 'Karge AG'),
  ('CON-00096', 'Anni Bonbach', 'knette@example.org', 'ACC-1052', 'Schwital GmbH'),
  ('CON-00097', 'Erik Mentzel', 'volker04@example.com', 'ACC-1053', 'Reichmann e..G'),
  ('CON-00098', 'Rosalinde Hande', 'waldtraut93@example.net', 'ACC-9094', 'Unknown'),
  ('CON-00099', 'Leif Fiebig', 'ellinorbolnbach@example.net', 'ACC-1054', 'Rohleder AG'),
  ('CON-00100', 'Franz-Josef Franke', 'boernerjohanne@example.net', 'ACC-1054', 'Rohleder AG'),
  ('CON-00101', 'Marek Sauer', 'aennehaering@example.com', 'ACC-1055', 'Oestrovsky Wesack GmbH & Co. KG'),
  ('CON-00102', 'Lilo Schleich', 'abdullah55@example.org', 'ACC-1055', 'Oestrovsky Wesack GmbH & Co. KG'),
  ('CON-00103', 'Ivanka Köhler', 'hans-rudolf08@example.com', 'ACC-1056', 'Hermighausen'),
  ('CON-00104', 'Steffen Gutknecht', 'danielleladeck@example.org', 'ACC-1056', 'Hemrighausen'),
  ('CON-00105', 'Roderich Sorgatz', 'rolf-dieter91@example.com', NULL, 'Beyer'),
  ('CON-00106', 'Karlfried Baum', 'henrik91@example.net', 'ACC-9228', 'Unknown'),
  ('CON-00107', 'Gilda Mende', 'gkiller@example.org', 'ACC-9822', 'Unknown'),
  ('CON-00108', 'Tony Freudenberger', 'kuno48@example.net', 'ACC-1059', 'Geisler AG & Co. OHG'),
  ('CON-00109', 'Augustin Schulz', 'heinrichfriedl@example.net', 'ACC-1060', 'Roskoth Bruder GmbH & oC. KGaA'),
  ('CON-00110', 'Hans Jörg Weimer', 'hans-josefbolander@example.com', 'ACC-1060', 'Roskoth Bruder GmbH & Co. KGaA'),
  ('CON-00111', 'Anka Kraushaar', 'claratintzmann@example.org', 'ACC-1060', 'Roskoth Bruder GmbH & Co. KGaA'),
  ('CON-00112', 'Annemie Austermühle', 'fredochristoph@example.org', 'ACC-1061', 'Rose Harloff AG'),
  ('CON-00113', 'Salvatore Sölzer', 'timjunken@example.com', 'ACC-1062', 'Mitschke'),
  ('CON-00114', 'Stephanie Ritter', 'egutknecht@example.org', 'ACC-9019', 'Unknown'),
  ('CON-00115', 'Ljubica Stolze', 'annedoreeigenwillig@example.net', 'ACC-1064', 'Höifg Ziegert KG'),
  ('CON-00116', 'Hans-Jörg Hartung', 'jesselsabina@example.com', 'ACC-1064', 'Höfig Ziegert KG'),
  ('CON-00117', 'Doris Nerger', 'georgescheibe@example.org', 'ACC-1065', 'Fliegner Dobes AG & Co. KGaA'),
  ('CON-00118', 'Resi Haase', 'nluebs@example.com', 'ACC-1065', 'Fliegner Dobes AG & Co. KGaA'),
  ('CON-00119', 'Marija Ladeck', 'adlergerold@example.com', NULL, 'Gunpf GbR'),
  ('CON-00120', 'Klothilde Becker', 'francescojohann@example.org', NULL, 'Gunpf GbR'),
  ('CON-00121', 'Emma Höfig', 'silja95@example.org', 'ACC-9955', 'Unknown'),
  ('CON-00122', 'Diedrich Schüler', 'christinabolnbach@example.com', 'ACC-1067', 'Stahr e.V.'),
  ('CON-00123', 'Mahmoud Kusch', 'tintzmannarif@example.net', 'ACC-1067', 'Stahr e.V.'),
  ('CON-00124', 'Theodora Dörschner', 'janusz80@example.org', 'ACC-1068', 'Zorbach'),
  ('CON-00125', 'Heidemarie Dörr', 'phoelzenbecher@example.org', 'ACC-9483', 'Unknown'),
  ('CON-00126', 'Irmtraud Freudenberger', 'peukertmaya@example.net', 'ACC-1069', 'Zahn GmbH'),
  ('CON-00127', 'Natalia Tintzmann', 'groskoth@example.org', 'ACC-1070', 'Eckbauer e.V.'),
  ('CON-00128', 'Irmtraud Herrmann', 'lonimangold@example.com', 'ACC-1071', 'Jockel Etzold AG'),
  ('CON-00129', 'Annegret Meister', 'paologroettner@example.org', 'ACC-1071', 'Jockel Etzold AG'),
  ('CON-00130', 'Janine Haering', 'qschomber@example.org', 'ACC-1071', 'Jockel Etzold AG'),
  ('CON-00131', 'Elzbieta Steuer', 'bhaering@example.com', 'ACC-1072', 'Mude Gunpf AG'),
  ('CON-00132', 'Vinko Karge', 'foersterandres@example.net', 'ACC-1072', 'Mude Gunpf AG'),
  ('CON-00133', 'Athanasios Scheuermann', 'stumpfliane@example.com', 'ACC-1072', 'Mude Gunpf AG'),
  ('CON-00134', 'Dorit Stiffel', 'dkade@example.net', 'ACC-1073', 'Paffrath Stiftung & Co. KG'),
  ('CON-00135', 'Milka Pärtzelt', 'wagnerosman@example.org', 'ACC-1073', 'Paffrath Stiftung & Co. KG'),
  ('CON-00136', 'Leander Birnbaum', 'karinbirnbaum@example.net', 'ACC-1074', 'Patberg AG'),
  ('CON-00137', 'Elenore Schönland', 'fhoffmann@example.net', 'ACC-9398', 'Unknown'),
  ('CON-00138', 'Elsbeth Steckel', 'klaus-peterhamann@example.com', NULL, 'Preiß GmbH'),
  ('CON-00139', 'Reinhilde Jessel', 'nikolai50@example.com', 'ACC-9470', 'Unknown'),
  ('CON-00140', 'Katarina Ladeck', 'genoveva83@example.com', 'ACC-1076', 'Zorbach GmbH'),
  ('CON-00141', 'Gitta Hein', 'eigenwilligmathilde@example.com', NULL, 'Zorbach GmbH'),
  ('CON-00142', 'Karen Wagner', 'gundel50@example.net', NULL, 'Zorbach GmbH'),
  ('CON-00143', 'Burkard Bärer', 'peter-michaelhenk@example.com', 'ACC-1077', 'Spieß Klemt KG'),
  ('CON-00144', 'Urban Heuser', 'klemmmagarete@example.net', 'ACC-1077', 'Spieß Klemt KG'),
  ('CON-00145', 'Ayse Kraushaar', 'alban68@example.org', 'ACC-1077', 'Spieß Klemt KG'),
  ('CON-00146', 'Marit Keudel', 'brian86@example.com', 'ACC-1078', 'Holzapfel AG & Co. OHG'),
  ('CON-00147', 'Birgitt Biggen', 'sbenthin@example.com', 'ACC-1078', 'Holzapfel AG & Co. OHG'),
  ('CON-00148', 'Gerlind Stroh', 'nurettin81@example.org', 'ACC-1078', 'Holzapfel AG & Co. OHG'),
  ('CON-00149', 'Viktoria Ruppersberger', 'sigismund95@example.net', 'ACC-1079', 'Noack AG & Co. KGaA'),
  ('CON-00150', 'James Riehl', 'margitdietz@example.net', 'ACC-9689', 'Unknown'),
  ('CON-00151', 'Hans-Peter Stadelmann', 'mbaum@example.com', NULL, 'Holzapfel'),
  ('CON-00152', 'Hiltrud Nerger', 'klaudiafinke@example.org', 'ACC-9360', 'Unknown');

INSERT INTO Opportunity (id, name, stage, amount, customer_number, account_name) VALUES
  ('OPP-00001', 'Scale B2C E-Tailers', 'Prospecting', 402554.07, 'KD-1001', 'Lindau Neuschäfer GbR'),
  ('OPP-00002', 'Facilitate Strategic Functionalities', 'Closed Lost', 438779.98, 'KD-1001', 'Lindau Neuschäfer GbR'),
  ('OPP-00003', 'Integrate Magnetic Deliverables', 'Qualification', 78800.97, 'KD-1001', 'Lindau Neuschäfer GbR'),
  ('OPP-00004', 'Re-Intermediate Back-End Eyeballs', 'Qualification', 11681.39, 'KD-1001', 'Lindau Neuschäfer GRb'),
  ('OPP-00005', 'Whiteboard Vertical Functionalities', 'Prospecting', 140387.52, 'KD-1002', 'Jockel Stiftung & Co. KGaA'),
  ('OPP-00006', 'Architect One-To-One Users', 'Closed Won', 429583.37, 'KD-1002', 'Jockel Stiftung&  Co. KGaA'),
  ('OPP-00007', 'Envisioneer Turn-Key Bandwidth', 'Qualification', 455715.76, 'KD-1002', 'Jockel Stiftung & Co. KGaA'),
  ('OPP-00008', 'Envisioneer Ubiquitous Experiences', 'Closed Won', 42553.1, 'KD-1002', 'Jockel Stiftung & Co. KGaA'),
  ('OPP-00009', 'Transform Granular Content', 'Prospecting', 37739.51, 'KD-1003', 'Bruder Schmidtke GmbH  &Co. KG'),
  ('OPP-00010', 'Transition Out-Of-The-Box Portals', 'Qualification', 18693.91, 'KD-1003', 'Bruder Schmidtke GmbH & Co. KG'),
  ('OPP-00011', 'Unleash Real-Time E-Markets', 'Qualification', 403097.29, 'KD-1003', 'Bruder Schmidtke GmbH & Co. KG'),
  ('OPP-00012', 'Reinvent Compelling Niches', 'Qualification', 268765.47, 'KD-1003', 'Bruder Schmidtke GmbH & Co. KG'),
  ('OPP-00013', 'Innovate Mission-Critical Eyeballs', 'Closed Lost', 456327.92, 'KD-1004', 'Dehmel Langern AG'),
  ('OPP-00014', 'Leverage Turn-Key Portals', 'Qualification', 481531.87, 'KD-1004', 'Dehmel Langern AG'),
  ('OPP-00015', 'Synergize Synergistic Paradigms', 'Prospecting', 180536.8, 'KD-1005', 'Häring Killer AG & oC. KG'),
  ('OPP-00016', 'Enable Next-Generation E-Tailers', 'Closed Lost', 359890.56, 'KD-1005', 'Häring Killer AG & Co. KG'),
  ('OPP-00017', 'Reinvent Transparent Solutions', 'Closed Lost', 428518.08, 'KD-1005', 'Häring Killer AG & Co. KG'),
  ('OPP-00018', 'Orchestrate Holistic Synergies', 'Closed Won', 363299.83, 'KD-1005', 'Häring Killer AG &C o. KG'),
  ('OPP-00019', 'Optimize Distributed Content', 'Qualification', 352818.89, 'KD-1006', 'Fechner Sauer GmbH & Co. KG'),
  ('OPP-00020', 'Implement B2C Bandwidth', 'Closed Won', 417553.37, 'KD-1006', 'Fechner Sauer GmbH & Co. KG'),
  ('OPP-00021', 'Brand Virtual Users', 'Closed Won', 465311.41, 'KD-1006', 'Fechner Sauer GmbH & Co. KG'),
  ('OPP-00022', 'Incubate Visionary Channels', 'Closed Won', 33845.18, 'KD-1007', 'Gnatz AG'),
  ('OPP-00023', 'Utilize Holistic Communities', 'Closed Won', 281538.59, 'KD-1007', 'Gntaz AG'),
  ('OPP-00024', 'Unleash One-To-One Applications', 'Closed Lost', 151624.22, 'KD-1007', 'Gnatz AG'),
  ('OPP-00025', 'Generate Frictionless Bandwidth', 'Prospecting', 13000.65, 'KD-1008', 'Jüttner GbR'),
  ('OPP-00026', 'Drive Global Supply-Chains', 'Prospecting', 361896.9, 'KD-1008', 'Jüttner GbR'),
  ('OPP-00027', 'Reinvent Turn-Key Convergence', 'Closed Won', 70579.98, 'KD-1008', 'Jüttner GbR'),
  ('OPP-00028', 'Synergize Back-End Initiatives', 'Closed Lost', 179299.74, 'KD-1008', 'Jüttner GbR'),
  ('OPP-00029', 'Re-Intermediate Compelling Metrics', 'Closed Won', 147167.51, 'KD-1009', 'Hamann'),
  ('OPP-00030', 'Engage Robust Solutions', 'Qualification', 9679.78, 'KD-1009', 'Hamann'),
  ('OPP-00031', 'Engineer Distributed Architectures', 'Closed Won', 352414.35, 'KD-1009', 'Hamann'),
  ('OPP-00032', 'Monetize One-To-One Content', 'Qualification', 232306.19, 'KD-1010', 'Speer'),
  ('OPP-00033', 'Harness Impactful Partnerships', 'Closed Won', 211372.55, 'KD-1010', 'Speer'),
  ('OPP-00034', 'Transform User-Centric Supply-Chains', 'Qualification', 322749.39, 'KD-1010', 'Speer'),
  ('OPP-00035', 'Maximize Value-Added Infrastructures', 'Closed Won', 480541.72, 'KD-1011', 'Putz'),
  ('OPP-00036', 'Transform End-To-End Content', 'Qualification', 316219.51, 'KD-1011', 'Putz'),
  ('OPP-00037', 'Redefine Visionary Paradigms', 'Closed Won', 145369.49, 'KD-1012', 'Ruppert Hande GmbH'),
  ('OPP-00038', 'Exploit 24/365 Bandwidth', 'Closed Won', 53317.89, 'KD-1012', 'Ruppert Hande GmbH'),
  ('OPP-00039', 'Synergize Interactive E-Commerce', 'Qualification', 133392.94, 'KD-1012', 'Ruppert Hande GmbH'),
  ('OPP-00040', 'Benchmark Innovative Info-Mediaries', 'Closed Won', 130957.5, 'KD-1013', 'Hein'),
  ('OPP-00041', 'Deliver Proactive Synergies', 'Prospecting', 349750.1, 'KD-1014', 'Putz Süßebier GmbH'),
  ('OPP-00042', 'Strategize Holistic Info-Mediaries', 'Qualification', 329837.65, 'KD-1014', 'Putz Süßebier GmbH'),
  ('OPP-00043', 'Repurpose B2B Supply-Chains', 'Closed Lost', 224830.79, 'KD-1014', 'Putz Süßebier GmbH'),
  ('OPP-00044', 'Engage Rich Supply-Chains', 'Closed Won', 464340.17, 'KD-1014', 'Putz Süßebier GmbH'),
  ('OPP-00045', 'Morph Clicks-And-Mortar Web Services', 'Qualification', 386980.63, 'KD-1015', 'Bolander Carsten GmbH'),
  ('OPP-00046', 'Harness Virtual Networks', 'Qualification', 335133.83, 'KD-1015', 'Bolander Carsten GmbH'),
  ('OPP-00047', 'Enable Extensible Interfaces', 'Prospecting', 32439.41, 'KD-1015', 'Bolander Carsten GmbH'),
  ('OPP-00048', 'Deploy Rich Schemas', 'Closed Won', 65637.23, 'KD-1016', 'Junken Weimer AG & Co. KG'),
  ('OPP-00049', 'Incentivize Back-End Users', 'Closed Won', 130226.93, 'KD-1016', 'Junken Weimer AG & Co. KG'),
  ('OPP-00050', 'Leverage Leading-Edge Infrastructures', 'Closed Lost', 332396.33, 'KD-1016', 'Junken Weimer AG & Co. KG'),
  ('OPP-00051', 'Target Dynamic Methodologies', 'Closed Won', 390805.34, 'KD-1017', 'Carsten Stiftung & Co. KGaA'),
  ('OPP-00052', 'Repurpose Dynamic Interfaces', 'Prospecting', 221781.03, 'KD-1017', 'Carsten Stiftung & Co. KGaA'),
  ('OPP-00053', 'Monetize Robust Info-Mediaries', 'Qualification', 358212.03, 'KD-1017', 'Carsten Stiftung & Co. KGaA'),
  ('OPP-00054', 'Iterate Back-End Interfaces', 'Prospecting', 39927.89, 'KD-1018', 'Karge'),
  ('OPP-00055', 'Scale B2C Architectures', 'Prospecting', 121099.68, 'KD-1019', 'Biggen Schmiedecke GmbH & Co. KG'),
  ('OPP-00056', 'Empower Real-Time Schemas', 'Prospecting', 202467.91, 'KD-1019', 'Biggen Schmeidecke GmbH & Co. KG'),
  ('OPP-00057', 'Exploit Efficient E-Commerce', 'Closed Won', 470760.08, 'KD-1019', 'Biggen Schmiedecke GmbH & Co. KG'),
  ('OPP-00058', 'Morph Web-Enabled Channels', 'Closed Lost', 313917.83, 'KD-1020', 'Liebelt GmbH'),
  ('OPP-00059', 'Incentivize Cutting-Edge Infrastructures', 'Closed Won', 61451.52, 'KD-1020', 'Liebelt GmbH'),
  ('OPP-00060', 'Evolve Clicks-And-Mortar Users', 'Prospecting', 58801.84, 'KD-1020', 'Liebelt GmbH'),
  ('OPP-00061', 'Envisioneer Killer Technologies', 'Prospecting', 98232.94, 'KD-1020', 'Liebelt GmbH'),
  ('OPP-00062', 'Architect Web-Enabled Relationships', 'Qualification', 453148.97, 'KD-1021', 'Meyer'),
  ('OPP-00063', 'Orchestrate End-To-End Convergence', 'Qualification', 6760.4, 'KD-1021', 'Myeer'),
  ('OPP-00064', 'Aggregate Efficient Synergies', 'Prospecting', 59982.27, 'KD-1021', 'Meyer'),
  ('OPP-00065', 'Grow Seamless E-Business', 'Qualification', 292539.88, 'KD-1022', 'Kallert'),
  ('OPP-00066', 'Exploit Holistic Web-Readiness', 'Qualification', 147575.83, 'KD-1023', 'Grein Groth Kreusel AG & Co. KGaA'),
  ('OPP-00067', 'Aggregate Extensible Portals', 'Qualification', 124178.54, 'KD-1024', 'Beyer Karz Stiftung & Co. KGaA'),
  ('OPP-00068', 'Redefine Interactive Technologies', 'Closed Lost', 232809.96, 'KD-1024', 'Beyer Karz Stiftung & Co. KGaA'),
  ('OPP-00069', 'Architect Bleeding-Edge Synergies', 'Prospecting', 479603.65, 'KD-1025', 'Plath'),
  ('OPP-00070', 'Architect Frictionless Architectures', 'Closed Lost', 455693.9, 'KD-1025', 'Plath'),
  ('OPP-00071', 'Empower Killer Platforms', 'Closed Won', 319789.42, 'KD-1025', 'Plaht'),
  ('OPP-00072', 'Unleash Proactive Web-Readiness', 'Closed Lost', 29679.42, 'KD-1025', 'Plaht'),
  ('OPP-00073', 'Evolve Out-Of-The-Box E-Services', 'Qualification', 443659.05, 'KD-1026', 'Zahn AG'),
  ('OPP-00074', 'Extend Visionary Solutions', 'Closed Lost', 381364.9, 'KD-1026', 'Zahn AG'),
  ('OPP-00075', 'Synergize Cutting-Edge Bandwidth', 'Qualification', 285796.04, 'KD-1026', 'Zahn AG'),
  ('OPP-00076', 'Seize 24/7 E-Commerce', 'Qualification', 311976.03, 'KD-1026', 'Zahn AG'),
  ('OPP-00077', 'Re-Contextualize User-Centric E-Tailers', 'Qualification', 378130.63, 'KD-1027', 'Koch Weller e.G.'),
  ('OPP-00078', 'Enhance Viral Info-Mediaries', 'Prospecting', 51349.25, 'KD-1027', 'Koch Weller e.G.'),
  ('OPP-00079', 'Transform Transparent Platforms', 'Closed Lost', 285894.9, 'KD-1027', 'Koch Weller e.G.'),
  ('OPP-00080', 'Morph Proactive Web-Readiness', 'Closed Lost', 339885.7, 'KD-1028', 'Holsten AG'),
  ('OPP-00081', 'Deploy Viral Paradigms', 'Closed Won', 385061.19, 'KD-1028', 'Holsten AG'),
  ('OPP-00082', 'Benchmark Sticky Niches', 'Closed Won', 444279.52, 'KD-1029', 'Hölzenbecher'),
  ('OPP-00083', 'E-Enable Customized Convergence', 'Closed Lost', 259020.07, 'KD-1029', 'Hölzenbceher'),
  ('OPP-00084', 'Morph Sticky Paradigms', 'Prospecting', 431077.65, 'KD-1029', 'Hölzenbecher'),
  ('OPP-00085', 'Streamline Interactive Initiatives', 'Closed Lost', 367782.67, 'KD-1029', 'Hölzenbecher'),
  ('OPP-00086', 'Leverage Robust E-Markets', 'Qualification', 77365.12, 'KD-1030', 'Schenk Langern AG & Co. KGaA'),
  ('OPP-00087', 'Mesh Intuitive Action-Items', 'Qualification', 3235.75, 'KD-1030', 'Schenk Langern AG & Co. KGaA'),
  ('OPP-00088', 'Brand Innovative E-Services', 'Closed Lost', 272874.38, 'KD-1030', 'Schenk Langern AG & Co. KGaA'),
  ('OPP-00089', 'Cultivate E-Business Eyeballs', 'Closed Won', 113382.21, 'KD-1030', 'Schenk Langern AG & Co. KGaA'),
  ('OPP-00090', 'Deliver 24/7 Partnerships', 'Qualification', 73660.53, 'KD-1031', 'Reinhardt Dörschner KGaA'),
  ('OPP-00091', 'Visualize Open-Source Action-Items', 'Closed Won', 243085.51, 'KD-1032', 'Holzapfel GbR'),
  ('OPP-00092', 'Target Global Functionalities', 'Prospecting', 462284.8, 'KD-1033', 'Kitzmann'),
  ('OPP-00093', 'Productize Virtual Synergies', 'Closed Won', 209386.91, 'KD-1033', 'Kitzmann'),
  ('OPP-00094', 'Leverage Bricks-And-Clicks Schemas', 'Closed Won', 3810.4, 'KD-1033', 'Kitzmnan'),
  ('OPP-00095', 'Visualize Interactive Platforms', 'Qualification', 129219.21, 'KD-1033', 'Kitzmann'),
  ('OPP-00096', 'Scale Compelling E-Markets', 'Prospecting', 368683.01, 'KD-1034', 'Heinz Gotthard GmbH & Co. KG'),
  ('OPP-00097', 'Enhance Next-Generation Deliverables', 'Qualification', 452732.32, 'KD-1034', 'Heinz Gotthard GmbH & Co. KG'),
  ('OPP-00098', 'Optimize B2C Info-Mediaries', 'Closed Lost', 401894.08, 'KD-1034', 'Heinz Gotthard GmbH & Co. KG'),
  ('OPP-00099', 'Grow Open-Source E-Services', 'Closed Lost', 25604.03, 'KD-1034', 'Heinz Gotthard GmbH & Co. KG'),
  ('OPP-00100', 'Synergize Mission-Critical Portals', 'Prospecting', 388441.05, 'KD-1035', 'Zobel Koch AG'),
  ('OPP-00101', 'Harness Rich E-Commerce', 'Prospecting', 447688.73, 'KD-1035', 'Zobel Koch AG'),
  ('OPP-00102', 'Architect Frictionless Deliverables', 'Closed Won', 409741.55, 'KD-1035', 'Zobel Koch AG'),
  ('OPP-00103', 'Benchmark Frictionless Networks', 'Prospecting', 198727.32, 'KD-1035', 'Zobel Koch AG'),
  ('OPP-00104', 'Deliver Dot-Com Networks', 'Qualification', 39648.04, 'KD-1036', 'Weller'),
  ('OPP-00105', 'Synthesize Enterprise E-Commerce', 'Prospecting', 175237.2, 'KD-1036', 'Weller'),
  ('OPP-00106', 'Deliver Compelling Interfaces', 'Prospecting', 397236.68, 'KD-1036', 'Weller'),
  ('OPP-00107', 'Deliver Cutting-Edge Web-Readiness', 'Prospecting', 146474.5, 'KD-1037', 'Reuter Trüb AG & Co. KGaA'),
  ('OPP-00108', 'Orchestrate Customized Vortals', 'Closed Won', 258207.77, 'KD-1037', 'Reuter Trüb AG & Co. KGaA'),
  ('OPP-00109', 'Synergize Distributed Platforms', 'Closed Won', 235367.75, 'KD-1037', 'Reuter Trüb AG & Co. KGaA'),
  ('OPP-00110', 'Re-Intermediate Front-End Bandwidth', 'Qualification', 213462.32, 'KD-1038', 'Schlosser Mülichen GmbH & Co. KGaA'),
  ('OPP-00111', 'Repurpose Dot-Com Technologies', 'Prospecting', 186700.92, 'KD-1038', 'Schlosser Mülichen GmbH & Co. KGaA'),
  ('OPP-00112', 'Deploy Proactive Bandwidth', 'Prospecting', 151826.32, 'KD-1038', 'Schlosser Mülichen GmbH & Co. KGaA'),
  ('OPP-00113', 'Scale Synergistic Deliverables', 'Qualification', 198251.08, 'KD-1038', 'Schlosser Mülichen GmbH & Co. KGaA'),
  ('OPP-00114', 'Whiteboard Innovative Communities', 'Closed Lost', 336069.38, 'KD-1039', 'Martin KG'),
  ('OPP-00115', 'Incentivize B2C Synergies', 'Prospecting', 117461.28, 'KD-1039', 'Martin KG'),
  ('OPP-00116', 'Re-Contextualize Granular Roi', 'Prospecting', 79265.7, 'KD-1040', 'Weimer GmbH'),
  ('OPP-00117', 'Utilize Next-Generation Partnerships', 'Qualification', 462297.82, 'KD-1040', 'Weimer GmbH'),
  ('OPP-00118', 'Maximize Open-Source E-Tailers', 'Closed Won', 400532.07, 'KD-1040', 'Weimer GmbH'),
  ('OPP-00119', 'Reinvent Value-Added Supply-Chains', 'Qualification', 401758.93, 'KD-1041', 'Baum'),
  ('OPP-00120', 'Leverage Seamless Systems', 'Closed Won', 483041.08, 'KD-1041', 'Baum'),
  ('OPP-00121', 'Visualize Transparent Supply-Chains', 'Prospecting', 227878.94, 'KD-1042', 'Weller Heinrich GmbH'),
  ('OPP-00122', 'Seize Open-Source Networks', 'Closed Won', 446330.99, 'KD-1042', 'Weller Heinrich GmbH'),
  ('OPP-00123', 'E-Enable Extensible E-Markets', 'Qualification', 133154.5, 'KD-1042', 'Weller Heinrich GmbH'),
  ('OPP-00124', 'Brand User-Centric Supply-Chains', 'Prospecting', 218226.99, 'KD-1042', 'Weller Heinrich GmbH'),
  ('OPP-00125', 'Architect World-Class Interfaces', 'Qualification', 394389.29, 'KD-1043', 'Junk Bauer KGaA'),
  ('OPP-00126', 'Seize Clicks-And-Mortar Initiatives', 'Prospecting', 57803.54, 'KD-1043', 'Junk Bauer KGaA'),
  ('OPP-00127', 'Expedite 24/7 Web-Readiness', 'Prospecting', 459090.09, 'KD-1043', 'Junk Bauer KGaA'),
  ('OPP-00128', 'Engineer Intuitive Networks', 'Prospecting', 268205.43, 'KD-1044', 'Riehl Schaa fOHG mbH'),
  ('OPP-00129', 'Engage Cross-Platform Users', 'Closed Lost', 380578.01, 'KD-1044', 'Riehl Schaaf OHG mbH'),
  ('OPP-00130', 'Benchmark Magnetic Partnerships', 'Closed Lost', 331826.71, 'KD-1045', 'Kensy Eimer Stiftung & Co. KG'),
  ('OPP-00131', 'Maximize Robust Portals', 'Qualification', 499491.69, 'KD-1045', 'Kensy Eime rStiftung & Co. KG'),
  ('OPP-00132', 'Transition Frictionless Paradigms', 'Closed Won', 394180.45, 'KD-1045', 'Kensy Eimer Stiftung & Co. KG'),
  ('OPP-00133', 'Reinvent Leading-Edge Models', 'Closed Lost', 102335.69, 'KD-1046', 'Winkler'),
  ('OPP-00134', 'Incentivize Synergistic E-Markets', 'Closed Lost', 331776.05, 'KD-1046', 'Winkler'),
  ('OPP-00135', 'Deploy Holistic Initiatives', 'Qualification', 293912.25, 'KD-1047', 'Sager Geisel GmbH'),
  ('OPP-00136', 'Leverage Transparent Networks', 'Closed Won', 49802.38, 'KD-1048', 'Stolze'),
  ('OPP-00137', 'Re-Intermediate Wireless Markets', 'Prospecting', 181735.57, 'KD-1048', 'Stolze'),
  ('OPP-00138', 'Productize Scalable Initiatives', 'Prospecting', 75530.17, 'KD-1048', 'Stolze'),
  ('OPP-00139', 'Deliver Impactful Communities', 'Qualification', 470798.42, 'KD-1048', 'Stolze'),
  ('OPP-00140', 'Implement Magnetic Mindshare', 'Closed Won', 397264.33, 'KD-1049', 'Schulz GmbH & Co. KG'),
  ('OPP-00141', 'Morph B2C Supply-Chains', 'Closed Won', 89024.47, 'KD-1049', 'Schulz GmbH & Co. KG'),
  ('OPP-00142', 'Brand Extensible Web-Readiness', 'Prospecting', 303111.83, 'KD-1050', 'Kitzmann'),
  ('OPP-00143', 'Empower Wireless Web-Readiness', 'Closed Lost', 146278.08, 'KD-1050', 'Kitzmann'),
  ('OPP-00144', 'Iterate Back-End Web Services', 'Qualification', 328969.56, 'KD-1050', 'Kitzmann'),
  ('OPP-00145', 'Whiteboard Compelling Applications', 'Closed Won', 317489.92, 'KD-1050', 'Kitzmann'),
  ('OPP-00146', 'Benchmark Viral E-Markets', 'Qualification', 309608.08, 'KD-1051', 'Karge AG'),
  ('OPP-00147', 'Syndicate Distributed Portals', 'Prospecting', 315546.85, 'KD-1052', 'Schwital GmbH'),
  ('OPP-00148', 'Transform User-Centric E-Markets', 'Closed Won', 279196.29, 'KD-1052', 'Schwital GmbH'),
  ('OPP-00149', 'Redefine Robust Partnerships', 'Prospecting', 367359.03, 'KD-1052', 'SchwitalG mbH'),
  ('OPP-00150', 'Envisioneer Viral Portals', 'Closed Lost', 457047.05, 'KD-1053', 'Reichmann e.G.'),
  ('OPP-00151', 'Re-Intermediate Bleeding-Edge Platforms', 'Qualification', 57929.01, 'KD-1053', 'Reichmann e.G.'),
  ('OPP-00152', 'Envisioneer Seamless Metrics', 'Closed Lost', 181653.14, 'KD-1054', 'Rohleder AG'),
  ('OPP-00153', 'Engineer Web-Enabled Users', 'Qualification', 386442.51, 'KD-1054', 'Rohleder AG'),
  ('OPP-00154', 'Seize 24/7 E-Markets', 'Qualification', 378180.56, 'KD-1055', 'Oestrovsky Wesack GmbH & Co. KG'),
  ('OPP-00155', 'Re-Intermediate Killer Models', 'Closed Lost', 215307.93, 'KD-1055', 'Oestrovsky Wesack GmbH & Co. KG'),
  ('OPP-00156', 'Syndicate Granular Functionalities', 'Closed Lost', 217476.49, 'KD-1055', 'Oestrovsky Wesack GmHb & Co. KG'),
  ('OPP-00157', 'Syndicate Bricks-And-Clicks Supply-Chains', 'Prospecting', 441896.2, 'KD-1055', 'Oestrovsky Wesack GmbH & Co. KG'),
  ('OPP-00158', 'Engage Ubiquitous Applications', 'Closed Won', 444437.02, 'KD-1056', 'Hermigahusen'),
  ('OPP-00159', 'Harness Sticky Bandwidth', 'Closed Won', 227043.87, 'KD-1056', 'Hermighausen'),
  ('OPP-00160', 'Facilitate Ubiquitous Methodologies', 'Prospecting', 20948.14, 'KD-1056', 'Hermighausen'),
  ('OPP-00161', 'Drive World-Class Mindshare', 'Closed Won', 237816.15, 'KD-1057', 'Beyer'),
  ('OPP-00162', 'Redefine Killer Users', 'Closed Lost', 45975.59, 'KD-1057', 'Beyer'),
  ('OPP-00163', 'Unleash Rich Networks', 'Closed Lost', 164450.71, 'KD-1058', 'Pärtzetl Schaaf AG'),
  ('OPP-00164', 'Deliver Out-Of-The-Box Info-Mediaries', 'Closed Won', 67811.54, 'KD-1058', 'Pärtzelt Schaaf AG'),
  ('OPP-00165', 'Synthesize Holistic Convergence', 'Prospecting', 65936.45, 'KD-1058', 'Pärtzelt Schaaf AG'),
  ('OPP-00166', 'Re-Contextualize Cross-Media Experiences', 'Qualification', 226295.06, 'KD-1059', 'Geisler AG & Co. OHG'),
  ('OPP-00167', 'Seize Efficient Partnerships', 'Closed Won', 107009.21, 'KD-1059', 'Geisler AG & Co. OHG'),
  ('OPP-00168', 'Grow Back-End Deliverables', 'Closed Won', 159675.0, 'KD-1059', 'Geisler AG & Co. OHG'),
  ('OPP-00169', 'Cultivate Plug-And-Play E-Tailers', 'Closed Lost', 251400.11, 'KD-1059', 'Geisler AG & Co. OHG'),
  ('OPP-00170', 'Syndicate Robust Web Services', 'Closed Won', 80410.07, 'KD-1060', 'Roskoth Bruder GmbH & Co. KGaA'),
  ('OPP-00171', 'Iterate Integrated Web-Readiness', 'Prospecting', 477082.17, 'KD-1060', 'Roskoth Bruder GmbH & Co. KGaA'),
  ('OPP-00172', 'Productize Transparent E-Markets', 'Qualification', 424947.62, 'KD-1060', 'Roskoth Bruder GmbH & Co. KGaA'),
  ('OPP-00173', 'Optimize Global Eyeballs', 'Closed Won', 298413.81, 'KD-1061', 'Rose Harloff AG'),
  ('OPP-00174', 'Grow Revolutionary Convergence', 'Prospecting', 69530.61, 'KD-1061', 'Rose Harloff AG'),
  ('OPP-00175', 'Unleash Turn-Key Vortals', 'Qualification', 473559.41, 'KD-1062', 'Mitschke'),
  ('OPP-00176', 'Deliver Cross-Media Paradigms', 'Qualification', 384192.32, 'KD-1062', 'Mitschke'),
  ('OPP-00177', 'Implement Virtual Infrastructures', 'Closed Lost', 140923.43, 'KD-1063', 'Zirme'),
  ('OPP-00178', 'Monetize Synergistic Communities', 'Closed Won', 304526.94, 'KD-1063', 'Zirme'),
  ('OPP-00179', 'Visualize World-Class Info-Mediaries', 'Closed Won', 398197.98, 'KD-1063', 'Zirme'),
  ('OPP-00180', 'Productize Virtual E-Business', 'Closed Lost', 126771.89, 'KD-1064', 'Höfig Ziegert KG'),
  ('OPP-00181', 'Target Web-Enabled Networks', 'Qualification', 475177.97, 'KD-1064', 'Höfig Ziegert KG'),
  ('OPP-00182', 'Aggregate Next-Generation Channels', 'Prospecting', 194839.91, 'KD-1064', 'Höfig Ziegert KG'),
  ('OPP-00183', 'Enable Rich Experiences', 'Closed Won', 95077.06, 'KD-1064', 'Höfig Ziegert KG'),
  ('OPP-00184', 'Extend Value-Added Networks', 'Closed Won', 342776.81, 'KD-1065', 'Fliegne rDobes AG & Co. KGaA'),
  ('OPP-00185', 'Seize Integrated Metrics', 'Prospecting', 65327.31, 'KD-1065', 'Fliegner Dobes AG & Co. KGaA'),
  ('OPP-00186', 'Reinvent Intuitive Functionalities', 'Closed Won', 49291.94, 'KD-1066', 'Gunpf GbR'),
  ('OPP-00187', 'Expedite World-Class Niches', 'Prospecting', 246605.07, 'KD-1067', 'Stahr e.V.'),
  ('OPP-00188', 'Harness Proactive Technologies', 'Closed Won', 214969.54, 'KD-1067', 'Stahr e.V.'),
  ('OPP-00189', 'Enhance Cross-Platform Vortals', 'Qualification', 4118.08, 'KD-1067', 'Stahr e.V.'),
  ('OPP-00190', 'Embrace Interactive Roi', 'Closed Won', 58152.32, 'KD-1068', 'Zorbach'),
  ('OPP-00191', 'Unleash Revolutionary Metrics', 'Prospecting', 91890.52, 'KD-1068', 'Zorbach'),
  ('OPP-00192', 'Empower Best-Of-Breed Portals', 'Prospecting', 79464.34, 'KD-1068', 'Zorbach'),
  ('OPP-00193', 'Target Leading-Edge Paradigms', 'Qualification', 291946.53, 'KD-1068', 'Zorbach'),
  ('OPP-00194', 'Scale End-To-End Schemas', 'Closed Won', 427906.07, 'KD-1069', 'Zahn GmbH'),
  ('OPP-00195', 'Incentivize Strategic Web Services', 'Prospecting', 303757.66, 'KD-1069', 'Zahn GmbH'),
  ('OPP-00196', 'Empower Wireless Communities', 'Prospecting', 450838.56, 'KD-1069', 'Zahn GmbH'),
  ('OPP-00197', 'Re-Intermediate World-Class Deliverables', 'Closed Won', 281272.51, 'KD-1069', 'Zah nGmbH'),
  ('OPP-00198', 'Re-Contextualize Value-Added Applications', 'Closed Lost', 98548.98, 'KD-1070', 'Eckbauer e.V.'),
  ('OPP-00199', 'Reinvent Dynamic Partnerships', 'Closed Won', 227688.07, 'KD-1071', 'Jockel Etzold AG'),
  ('OPP-00200', 'Generate 24/365 Systems', 'Closed Won', 94130.18, 'KD-1071', 'Jockel Etzold AG'),
  ('OPP-00201', 'Empower Proactive Metrics', 'Closed Won', 348365.72, 'KD-1071', 'Jockel Etzold AG'),
  ('OPP-00202', 'Architect Front-End Technologies', 'Prospecting', 24866.41, 'KD-1071', 'Jockel Etzold AG'),
  ('OPP-00203', 'Transition Dot-Com Interfaces', 'Prospecting', 6049.69, 'KD-1072', 'Mude Gunpf AG'),
  ('OPP-00204', 'Orchestrate Distributed Infrastructures', 'Closed Lost', 291411.21, 'KD-1073', 'Paffrath Stiftung & Co. KG'),
  ('OPP-00205', 'Innovate Compelling Paradigms', 'Closed Won', 235644.42, 'KD-1073', 'Paffrath Stiftung & Co. KG'),
  ('OPP-00206', 'Transition Out-Of-The-Box E-Markets', 'Qualification', 67062.09, 'KD-1073', 'Paffrath Stiftung & Co. KG'),
  ('OPP-00207', 'Facilitate Cutting-Edge Schemas', 'Qualification', 376305.94, 'KD-1074', 'Patberg AG'),
  ('OPP-00208', 'Drive Revolutionary E-Business', 'Closed Lost', 24647.92, 'KD-1075', 'Preiß GmbH'),
  ('OPP-00209', 'Iterate Integrated Infrastructures', 'Prospecting', 240846.25, 'KD-1075', 'Preiß GmbH'),
  ('OPP-00210', 'Grow Proactive Synergies', 'Closed Won', 119387.44, 'KD-1075', 'Preiß GmbH'),
  ('OPP-00211', 'Embrace Leading-Edge Partnerships', 'Closed Won', 36368.82, 'KD-1075', 'Preiß GmbH'),
  ('OPP-00212', 'Exploit B2C Synergies', 'Closed Won', 163304.52, 'KD-1076', 'Zorbach GmbH'),
  ('OPP-00213', 'Whiteboard End-To-End Partnerships', 'Closed Lost', 451722.55, 'KD-1076', 'Zorbach GmbH'),
  ('OPP-00214', 'Facilitate Intuitive Info-Mediaries', 'Closed Lost', 332858.1, 'KD-1076', 'Zorbach GmbH'),
  ('OPP-00215', 'Evolve Cutting-Edge Experiences', 'Closed Lost', 159357.51, 'KD-1076', 'Zorbach GmbH'),
  ('OPP-00216', 'Architect Killer Portals', 'Prospecting', 237722.43, 'KD-1077', 'Spieß Klemt KG'),
  ('OPP-00217', 'Unleash 24/365 Initiatives', 'Prospecting', 450004.52, 'KD-1078', 'Holzapfel AG & Co. OHG'),
  ('OPP-00218', 'Envisioneer Innovative Relationships', 'Prospecting', 148867.5, 'KD-1078', 'Holzapfel AG & Co. OHG'),
  ('OPP-00219', 'Morph Innovative Portals', 'Qualification', 167707.37, 'KD-1079', 'Noack AG & Co. KGaA'),
  ('OPP-00220', 'Productize Back-End Architectures', 'Closed Won', 343596.52, 'KD-1079', 'Noack AG & Co. KGaA'),
  ('OPP-00221', 'Reinvent Granular Communities', 'Prospecting', 368739.66, 'KD-1080', 'Holzapfel');

INSERT INTO Project (id, name, status, go_live, client_id, opportunity_ref) VALUES
  ('PROJ-00001', 'Hande Stiftung & Co. KGaA Impl.', 'Completed', '2027-01-11', 'ACC-1001', 'OPP-00021'),
  ('PROJ-00002', 'Drubin GmbH Impl.', 'Completed', '2026-04-27', 'ACC-1002', 'OPP-00144'),
  ('PROJ-00003', 'Geisler Impl.', 'Completed', '2025-10-05', 'ACC-1002', 'OPP-00216'),
  ('PROJ-00004', 'Sauer Zirme AG Impl.', 'On Hold', '2028-03-03', 'ACC-1002', 'OPP-00220'),
  ('PROJ-00005', 'Pohl AG & Co. KG Impl.', 'On Hold', '2027-07-07', 'ACC-1003', 'OPP-00039'),
  ('PROJ-00006', 'Girschner Stiftung & Co. KGaA Impl.', 'In Planning', '2026-05-17', 'ACC-1003', 'OPP-00220'),
  ('PROJ-00007', 'Hering KG Impl.', 'On Hold', '2026-03-04', 'ACC-1004', 'OPP-00030'),
  ('PROJ-00008', 'Kramer Impl.', 'Cancelled', '2027-03-21', 'ACC-1004', 'OPP-9744'),
  ('PROJ-00009', 'Trubin Stiftung & Co. KGaA Impl.', 'On Hold', '2025-11-05', 'ACC-1004', 'OPP-00043'),
  ('PROJ-00010', 'Schuchhardt Impl.', 'In Planning', '2026-10-27', 'ACC-1005', 'OPP-9656'),
  ('PROJ-00011', 'Spieß Impl.', 'On Hold', '2025-08-29', 'ACC-1008', 'OPP-00151'),
  ('PROJ-00012', 'Seip Mülichen GbR Impl.', 'In Planning', '2026-12-07', 'ACC-1008', 'OPP-00022'),
  ('PROJ-00013', 'Schaaf Juncken Stiftung & Co. KGaA Impl.', 'In Planning', '2028-03-24', 'ACC-1011', 'OPP-00219'),
  ('PROJ-00014', 'Weitzel Impl.', 'Active', '2028-02-19', 'ACC-1011', 'OPP-00074'),
  ('PROJ-00015', 'Mühle Bohlander KGaA Impl.', 'Cancelled', '2027-04-15', 'ACC-1011', 'OPP-00214'),
  ('PROJ-00016', 'Kohl Stiftung & Co. KG Impl.', 'Active', '2026-12-05', 'ACC-1012', 'OPP-00137'),
  ('PROJ-00017', 'Hartung Wiek AG Impl.', 'Completed', '2027-10-01', 'ACC-1012', 'OPP-00090'),
  ('PROJ-00018', 'Sager Impl.', 'In Planning', '2027-12-04', 'ACC-1014', 'OPP-00130'),
  ('PROJ-00019', 'Gude Seifert KG Impl.', 'In Planning', '2026-08-06', 'ACC-1015', 'OPP-9610'),
  ('PROJ-00020', 'Scholz GbR Impl.', 'Active', '2026-01-10', 'ACC-1015', 'OPP-00009'),
  ('PROJ-00021', 'Martin Stahr KG Impl.', 'Active', '2027-01-06', 'ACC-1015', 'OPP-00101'),
  ('PROJ-00022', 'Wende KG Impl.', 'Cancelled', '2027-01-02', 'ACC-1016', 'OPP-00118'),
  ('PROJ-00023', 'Kuhl AG Impl.', 'In Planning', '2026-09-27', 'ACC-1017', 'OPP-00029'),
  ('PROJ-00024', 'Krebs Dörschner KG Impl.', 'Completed', '2027-09-15', 'ACC-1017', 'OPP-00081'),
  ('PROJ-00025', 'Löchel GmbH & Co. KG Impl.', 'In Planning', '2027-06-28', 'ACC-1017', 'OPP-00112'),
  ('PROJ-00026', 'Staude Impl.', 'Active', '2027-07-14', 'ACC-1018', 'OPP-00199'),
  ('PROJ-00027', 'Winkler AG Impl.', 'In Planning', '2026-05-13', 'ACC-1019', 'OPP-9282'),
  ('PROJ-00028', 'Rose Kabus GmbH Impl.', 'Completed', '2027-03-14', 'ACC-1020', 'OPP-00179'),
  ('PROJ-00029', 'Walter Stiftung & Co. KGaA Impl.', 'Cancelled', '2028-02-28', 'ACC-1021', 'OPP-00047'),
  ('PROJ-00030', 'Berger Impl.', 'On Hold', '2027-09-18', 'ACC-1021', 'OPP-00199'),
  ('PROJ-00031', 'Riehl Impl.', 'In Planning', '2027-01-17', 'ACC-1021', 'OPP-00182'),
  ('PROJ-00032', 'Kühnert AG Impl.', 'Completed', '2025-09-13', 'ACC-1022', 'OPP-00160'),
  ('PROJ-00033', 'Röhrdanz Impl.', 'Completed', '2026-08-16', 'ACC-1023', 'OPP-9410'),
  ('PROJ-00034', 'Geisler GmbH & Co. KG Impl.', 'Cancelled', '2026-11-26', 'ACC-1024', 'OPP-00079'),
  ('PROJ-00035', 'Loos Sölzer KGaA Impl.', 'On Hold', '2025-12-14', 'ACC-1024', 'OPP-00015'),
  ('PROJ-00036', 'Adolph Gertz AG & Co. KGaA Impl.', 'Active', '2027-01-21', 'ACC-1024', 'OPP-00015'),
  ('PROJ-00037', 'Ring AG & Co. OHG Impl.', 'On Hold', '2028-06-01', 'ACC-1025', 'OPP-9401'),
  ('PROJ-00038', 'Jessel Impl.', 'Active', '2026-02-18', 'ACC-1026', 'OPP-00176'),
  ('PROJ-00039', 'Buchholz Impl.', 'In Planning', '2026-04-10', 'ACC-1026', 'OPP-9289'),
  ('PROJ-00040', 'Putz Impl.', 'In Planning', '2027-08-07', 'ACC-1027', 'OPP-00063'),
  ('PROJ-00041', 'Heidrich Impl.', 'In Planning', '2027-05-15', 'ACC-1029', 'OPP-9368'),
  ('PROJ-00042', 'Fiebig Boucsein GmbH & Co. KG Impl.', 'In Planning', '2028-06-23', 'ACC-1030', 'OPP-00023'),
  ('PROJ-00043', 'Hofmann Neureuther AG & Co. OHG Impl.', 'Completed', '2027-02-16', 'ACC-1032', 'OPP-00205'),
  ('PROJ-00044', 'Kuhl Rosenow KG Impl.', 'On Hold', '2027-05-07', 'ACC-1033', 'OPP-00017'),
  ('PROJ-00045', 'Blümel Gehringer GbR Impl.', 'Completed', '2025-10-04', 'ACC-1033', 'OPP-00153'),
  ('PROJ-00046', 'Lindau e.V. Impl.', 'Active', '2027-11-21', 'ACC-1033', 'OPP-00136'),
  ('PROJ-00047', 'Kohl Adolph Stiftung & Co. KG Impl.', 'In Planning', '2025-11-11', 'ACC-1034', 'OPP-00197'),
  ('PROJ-00048', 'Sager GmbH Impl.', 'Active', '2027-06-05', 'ACC-1034', 'OPP-00132'),
  ('PROJ-00049', 'Sontag Henk AG Impl.', 'Cancelled', '2026-04-07', 'ACC-1036', 'OPP-00015'),
  ('PROJ-00050', 'Walter Gunpf GmbH & Co. OHG Impl.', 'On Hold', '2027-09-05', 'ACC-1036', 'OPP-00003'),
  ('PROJ-00051', 'Löwer KGaA Impl.', 'Cancelled', '2026-02-16', 'ACC-1036', 'OPP-00112'),
  ('PROJ-00052', 'Bolander Cichorius Stiftung & Co. KG Impl.', 'In Planning', '2027-06-01', 'ACC-1037', 'OPP-9580'),
  ('PROJ-00053', 'Söding e.V. Impl.', 'In Planning', '2026-11-17', 'ACC-1037', 'OPP-9917'),
  ('PROJ-00054', 'Striebitz Otto Stiftung & Co. KG Impl.', 'Cancelled', '2026-09-15', 'ACC-1038', 'OPP-9066'),
  ('PROJ-00055', 'Wulf Ehlert AG Impl.', 'On Hold', '2027-12-20', 'ACC-1039', 'OPP-9418'),
  ('PROJ-00056', 'Müller GmbH & Co. KGaA Impl.', 'Completed', '2025-09-24', 'ACC-1039', 'OPP-00193'),
  ('PROJ-00057', 'Pechel Impl.', 'On Hold', '2026-11-11', 'ACC-1039', 'OPP-9682'),
  ('PROJ-00058', 'Dobes Heinz GmbH Impl.', 'In Planning', '2026-04-26', 'ACC-1040', 'OPP-00147'),
  ('PROJ-00059', 'Heser Graf GmbH Impl.', 'Active', '2025-11-22', 'ACC-1041', 'OPP-00118'),
  ('PROJ-00060', 'Mälzer KGaA Impl.', 'In Planning', '2025-09-22', 'ACC-1041', 'OPP-00009'),
  ('PROJ-00061', 'Keudel Sorgatz e.G. Impl.', 'Cancelled', '2025-11-02', 'ACC-1044', 'OPP-9498'),
  ('PROJ-00062', 'Jäntsch e.V. Impl.', 'Active', '2026-10-27', 'ACC-1047', 'OPP-00084'),
  ('PROJ-00063', 'Sorgatz Zirme AG Impl.', 'On Hold', '2026-02-18', 'ACC-1048', 'OPP-00003'),
  ('PROJ-00064', 'Keudel Impl.', 'Active', '2026-01-31', 'ACC-1049', 'OPP-00188'),
  ('PROJ-00065', 'Hornig Impl.', 'Completed', '2028-02-13', 'ACC-1049', 'OPP-9176'),
  ('PROJ-00066', 'Hermann Möchlichen GmbH & Co. KG Impl.', 'Completed', '2026-08-02', 'ACC-1049', 'OPP-00080'),
  ('PROJ-00067', 'Sontag Impl.', 'Completed', '2026-09-12', 'ACC-1050', 'OPP-9398'),
  ('PROJ-00068', 'Schweitzer Gude e.V. Impl.', 'In Planning', '2025-12-05', 'ACC-1051', 'OPP-9975'),
  ('PROJ-00069', 'Köhler GmbH & Co. KG Impl.', 'On Hold', '2025-07-31', 'ACC-1051', 'OPP-00196'),
  ('PROJ-00070', 'Lorch GmbH Impl.', 'Completed', '2028-06-12', 'ACC-1053', 'OPP-00187'),
  ('PROJ-00071', 'Förster GmbH & Co. KG Impl.', 'Completed', '2027-10-01', 'ACC-1053', 'OPP-00161'),
  ('PROJ-00072', 'Pechel GmbH & Co. KG Impl.', 'Active', '2026-09-06', 'ACC-1054', 'OPP-00194'),
  ('PROJ-00073', 'Dippel Warmer AG Impl.', 'In Planning', '2026-10-17', 'ACC-1054', 'OPP-00012'),
  ('PROJ-00074', 'Hörle Hartmann AG Impl.', 'Active', '2025-11-13', 'ACC-1054', 'OPP-00124'),
  ('PROJ-00075', 'Höfig AG & Co. KGaA Impl.', 'On Hold', '2026-10-14', 'ACC-1058', 'OPP-00077'),
  ('PROJ-00076', 'Hesse Wulff GmbH Impl.', 'On Hold', '2026-03-14', 'ACC-1058', 'OPP-9970'),
  ('PROJ-00077', 'Hentschel GmbH & Co. OHG Impl.', 'In Planning', '2026-08-19', 'ACC-1058', 'OPP-00200'),
  ('PROJ-00078', 'Walter Stiftung & Co. KG Impl.', 'Active', '2025-12-03', 'ACC-1060', 'OPP-00028'),
  ('PROJ-00079', 'Pruschke Klemt KG Impl.', 'Cancelled', '2026-02-07', 'ACC-1060', 'OPP-00009'),
  ('PROJ-00080', 'Dörschner AG Impl.', 'Completed', '2027-11-20', 'ACC-1062', 'OPP-00166'),
  ('PROJ-00081', 'Jäntsch Herrmann GmbH Impl.', 'In Planning', '2026-09-17', 'ACC-1062', 'OPP-00219'),
  ('PROJ-00082', 'Rust Impl.', 'Cancelled', '2026-01-20', 'ACC-1062', 'OPP-9248'),
  ('PROJ-00083', 'Seifert Hentschel AG & Co. KG Impl.', 'On Hold', '2025-11-30', 'ACC-1063', 'OPP-00091'),
  ('PROJ-00084', 'Junitz Hornich GmbH Impl.', 'On Hold', '2025-11-06', 'ACC-1063', 'OPP-00091'),
  ('PROJ-00085', 'Thanel Impl.', 'Cancelled', '2027-10-11', 'ACC-1063', 'OPP-00213'),
  ('PROJ-00086', 'Zirme Meyer AG & Co. KG Impl.', 'Completed', '2028-04-05', 'ACC-1065', 'OPP-00168'),
  ('PROJ-00087', 'Blümel Impl.', 'Completed', '2028-04-10', 'ACC-1066', 'OPP-00035'),
  ('PROJ-00088', 'Berger e.G. Impl.', 'In Planning', '2025-10-24', 'ACC-1066', 'OPP-00127'),
  ('PROJ-00089', 'Kühnert Ernst KG Impl.', 'In Planning', '2027-07-26', 'ACC-1067', 'OPP-00054'),
  ('PROJ-00090', 'Reising AG Impl.', 'On Hold', '2027-01-26', 'ACC-1068', 'OPP-00070'),
  ('PROJ-00091', 'Bohnbach Wesack GmbH Impl.', 'Completed', '2028-04-14', 'ACC-1069', 'OPP-00031'),
  ('PROJ-00092', 'Reinhardt Impl.', 'Cancelled', '2026-07-25', 'ACC-1069', 'OPP-00054'),
  ('PROJ-00093', 'Knappe Impl.', 'On Hold', '2028-02-24', 'ACC-1070', 'OPP-00080'),
  ('PROJ-00094', 'Weimer AG & Co. KG Impl.', 'Active', '2027-06-26', 'ACC-1070', 'OPP-00171'),
  ('PROJ-00095', 'Schinke Faust OHG mbH Impl.', 'In Planning', '2026-01-25', 'ACC-1071', 'OPP-00098'),
  ('PROJ-00096', 'Gröttner Zorbach e.V. Impl.', 'Active', '2026-05-25', 'ACC-1071', 'OPP-00139'),
  ('PROJ-00097', 'Gutknecht Hecker GmbH Impl.', 'On Hold', '2026-12-08', 'ACC-1071', 'OPP-00036'),
  ('PROJ-00098', 'Kühnert Impl.', 'Completed', '2027-04-26', 'ACC-1072', 'OPP-00166'),
  ('PROJ-00099', 'Austermühle Impl.', 'On Hold', '2028-01-18', 'ACC-1072', 'OPP-00049'),
  ('PROJ-00100', 'Jacob KG Impl.', 'In Planning', '2028-02-20', 'ACC-1072', 'OPP-00147'),
  ('PROJ-00101', 'Hermighausen Impl.', 'Completed', '2028-03-02', 'ACC-1073', 'OPP-00196'),
  ('PROJ-00102', 'Dippel AG Impl.', 'On Hold', '2027-09-25', 'ACC-1073', 'OPP-00206'),
  ('PROJ-00103', 'Dussen van Impl.', 'Completed', '2025-08-20', 'ACC-1074', 'OPP-00063'),
  ('PROJ-00104', 'Ullrich Wende GmbH & Co. OHG Impl.', 'Cancelled', '2028-01-15', 'ACC-1075', 'OPP-9558'),
  ('PROJ-00105', 'Hecker KG Impl.', 'On Hold', '2025-09-25', 'ACC-1075', 'OPP-00107'),
  ('PROJ-00106', 'Schaaf Impl.', 'On Hold', '2027-03-30', 'ACC-1076', 'OPP-00035'),
  ('PROJ-00107', 'Röhricht KG Impl.', 'In Planning', '2025-07-06', 'ACC-1076', 'OPP-00137'),
  ('PROJ-00108', 'Hentschel Impl.', 'Cancelled', '2027-02-08', 'ACC-1077', 'OPP-00115'),
  ('PROJ-00109', 'Schuchhardt Impl.', 'Completed', '2027-11-17', 'ACC-1078', 'OPP-00062'),
  ('PROJ-00110', 'Oestrovsky Impl.', 'On Hold', '2026-05-03', 'ACC-1079', 'OPP-00088'),
  ('PROJ-00111', 'Fechner Zimmer AG Impl.', 'Cancelled', '2026-01-09', 'ACC-1080', 'OPP-00007'),
  ('PROJ-00112', 'Mühle Impl.', 'On Hold', '2028-06-25', 'ACC-1080', 'OPP-00171');

INSERT INTO Asset (id, name, serial, warranty, client, project) VALUES
  ('AST-00001', 'Support Package', 'SN-98214927', '2029-12-01', 'ACC-1078', 'PROJ-00100'),
  ('AST-00002', 'Data Connector', 'SN-31188612', '2028-06-05', 'Gnatz AG', 'PROJ-00064'),
  ('AST-00003', 'Data Connector', 'SN-76698492', '2029-03-09', 'ACC-1059', 'PROJ-9310'),
  ('AST-00004', 'Data Connector', 'SN-48671348', '2028-08-29', 'ACC-1005', 'PROJ-00023'),
  ('AST-00005', 'Support Package', 'SN-77657277', '2029-02-22', 'ACC-1017', 'PROJ-00106'),
  ('AST-00006', 'API Bundle', 'SN-15597316', '2030-02-21', 'ACC-1030', 'PROJ-00112'),
  ('AST-00007', 'Support Package', 'SN-56781293', '2028-06-22', 'ACC-1044', 'PROJ-00002'),
  ('AST-00008', 'Data Connector', 'SN-69742807', '2028-10-20', 'Gunpf GbR', 'PROJ-00006'),
  ('AST-00009', 'Support Package', 'SN-50225843', '2030-10-18', 'Koch Weller e.G.', 'PROJ-9991'),
  ('AST-00010', 'Analytics Add-on', 'SN-56852751', '2028-11-09', 'Preiß GmbH', 'PROJ-00067'),
  ('AST-00011', 'Mobile App', 'SN-29297819', '2030-01-12', 'Geisler AG & Co. OHG', 'PROJ-9664'),
  ('AST-00012', 'Analytics Add-on', 'SN-81171013', '2027-09-07', 'ACC-1074', 'PROJ-00094'),
  ('AST-00013', 'Analytics Add-on', 'SN-72374197', '2027-09-24', 'ACC-1054', 'PROJ-00003'),
  ('AST-00014', 'Analytics Add-on', 'SN-55539236', '2028-08-03', 'Ruppert Hande GmbH', 'PROJ-00087'),
  ('AST-00015', 'CRM Seat', 'SN-80488837', '2029-08-28', 'ACC-1038', 'PROJ-00070'),
  ('AST-00016', 'Analytics Add-on', 'SN-95695475', '2030-08-19', 'ACC-1009', 'PROJ-00100'),
  ('AST-00017', 'API Bundle', 'SN-83170181', '2028-11-18', 'ACC-1051', 'PROJ-9403'),
  ('AST-00018', 'API Bundle', 'SN-65432708', '2030-06-03', 'ACC-1008', 'PROJ-00007'),
  ('AST-00019', 'CRM Seat', 'SN-45933751', '2029-03-16', 'Karge AG', 'PROJ-9241'),
  ('AST-00020', 'API Bundle', 'SN-59062258', '2029-07-30', 'ACC-1058', 'PROJ-00042'),
  ('AST-00021', 'Data Connector', 'SN-15773063', '2028-02-03', 'Jockel Etzold AG', 'PROJ-00025'),
  ('AST-00022', 'Support Package', 'SN-89389479', '2030-10-19', 'Stahr e.V.', 'PROJ-00018'),
  ('AST-00023', 'CRM Seat', 'SN-22982879', '2029-06-12', 'ACC-1027', 'PROJ-9988'),
  ('AST-00024', 'Mobile App', 'SN-90749398', '2029-07-03', 'ACC-1045', 'PROJ-00080'),
  ('AST-00025', 'Data Connector', 'SN-58673961', '2028-05-03', 'ACC-1009', 'PROJ-00013'),
  ('AST-00026', 'CRM Seat', 'SN-39471126', '2027-09-07', 'ACC-1030', 'PROJ-9723'),
  ('AST-00027', 'CRM Seat', 'SN-10984968', '2030-06-07', 'Reuter Trüb AG & Co. KGaA', 'PROJ-00068'),
  ('AST-00028', 'Mobile App', 'SN-68770124', '2030-09-10', 'Koch Weller e.G.', 'PROJ-00016'),
  ('AST-00029', 'CRM Seat', 'SN-51659865', '2030-02-04', 'Holzapfel', 'PROJ-00012'),
  ('AST-00030', 'Analytics Add-on', 'SN-77790791', '2028-06-26', 'Holzapfel AG & Co. OHG', 'PROJ-00089'),
  ('AST-00031', 'Mobile App', 'SN-42612552', '2029-05-20', 'Preiß GmbH', 'PROJ-9101'),
  ('AST-00032', 'Support Package', 'SN-13183267', '2028-08-26', 'Preiß GmbH', 'PROJ-00108'),
  ('AST-00033', 'Support Package', 'SN-96448322', '2031-04-04', 'Sager Geisel GmbH', 'PROJ-00007'),
  ('AST-00034', 'Mobile App', 'SN-26807198', '2028-06-25', 'Lindau Neuschäfer GbR', 'PROJ-00075'),
  ('AST-00035', 'Data Connector', 'SN-90469148', '2031-03-29', 'Oestrovsky Wesack GmbH & Co. KG', 'PROJ-9723'),
  ('AST-00036', 'Analytics Add-on', 'SN-48508559', '2028-01-16', 'ACC-1003', 'PROJ-00060'),
  ('AST-00037', 'API Bundle', 'SN-43324471', '2027-12-14', 'Paffrath Stiftung & Co. KG', 'PROJ-00013'),
  ('AST-00038', 'API Bundle', 'SN-79091052', '2028-01-13', 'ACC-1043', 'PROJ-00005'),
  ('AST-00039', 'Mobile App', 'SN-26681139', '2028-03-18', 'ACC-1050', 'PROJ-00046'),
  ('AST-00040', 'Analytics Add-on', 'SN-87774509', '2029-04-29', 'Biggen Schmiedecke GmbH & Co. KG', 'PROJ-00048'),
  ('AST-00041', 'Data Connector', 'SN-63237012', '2030-07-20', 'Beyer Karz Stiftung & Co. KGaA', 'PROJ-00080'),
  ('AST-00042', 'CRM Seat', 'SN-40963747', '2028-01-30', 'Meyer', 'PROJ-00088'),
  ('AST-00043', 'Support Package', 'SN-82705971', '2030-10-03', 'Rohleder AG', 'PROJ-00066'),
  ('AST-00044', 'Mobile App', 'SN-86621579', '2031-02-15', 'ACC-1020', 'PROJ-9200'),
  ('AST-00045', 'API Bundle', 'SN-28663972', '2030-08-02', 'Bruder Schmidtke GmbH & Co. KG', 'PROJ-00108'),
  ('AST-00046', 'Data Connector', 'SN-64063182', '2029-01-20', 'ACC-1065', 'PROJ-00112'),
  ('AST-00047', 'Mobile App', 'SN-35650716', '2028-03-09', 'Jüttner GbR', 'PROJ-00092'),
  ('AST-00048', 'API Bundle', 'SN-58904477', '2028-06-30', 'ACC-1041', 'PROJ-00022'),
  ('AST-00049', 'Support Package', 'SN-48574690', '2029-10-05', 'ACC-1063', 'PROJ-00048'),
  ('AST-00050', 'Data Connector', 'SN-27275822', '2031-06-30', 'Häring Killer AG & Co. KG', 'PROJ-00002'),
  ('AST-00051', 'CRM Seat', 'SN-70386196', '2030-07-09', 'ACC-1027', 'PROJ-00050'),
  ('AST-00052', 'Analytics Add-on', 'SN-20259695', '2029-11-16', 'Stolze', 'PROJ-00075'),
  ('AST-00053', 'Analytics Add-on', 'SN-42910471', '2031-04-17', 'Hein', 'PROJ-00091'),
  ('AST-00054', 'Support Package', 'SN-66762953', '2030-01-27', 'Gnatz AG', 'PROJ-00073'),
  ('AST-00055', 'Support Package', 'SN-42146809', '2029-03-19', 'Holzapfel', 'PROJ-9628'),
  ('AST-00056', 'Support Package', 'SN-66695705', '2029-04-13', 'Hein', 'PROJ-00111'),
  ('AST-00057', 'Data Connector', 'SN-28401667', '2031-01-04', 'ACC-1006', 'PROJ-00091'),
  ('AST-00058', 'API Bundle', 'SN-91315193', '2029-05-11', 'Heinz Gotthard GmbH & Co. KG', 'PROJ-00019'),
  ('AST-00059', 'Mobile App', 'SN-57211034', '2029-03-25', 'ACC-1022', 'PROJ-00022'),
  ('AST-00060', 'API Bundle', 'SN-10397475', '2027-09-01', 'ACC-1079', 'PROJ-00026'),
  ('AST-00061', 'Mobile App', 'SN-37395320', '2031-05-30', 'ACC-1043', 'PROJ-9058'),
  ('AST-00062', 'Mobile App', 'SN-53326334', '2027-09-19', 'ACC-1072', 'PROJ-00074'),
  ('AST-00063', 'API Bundle', 'SN-72798466', '2031-01-11', 'ACC-1049', 'PROJ-00002'),
  ('AST-00064', 'Data Connector', 'SN-98463159', '2029-09-05', 'ACC-1061', 'PROJ-00022'),
  ('AST-00065', 'CRM Seat', 'SN-72894944', '2027-12-20', 'ACC-1043', 'PROJ-9560'),
  ('AST-00066', 'API Bundle', 'SN-84905311', '2030-04-11', 'ACC-1079', 'PROJ-00099'),
  ('AST-00067', 'API Bundle', 'SN-59358951', '2030-06-10', 'Winkler', 'PROJ-00091'),
  ('AST-00068', 'Analytics Add-on', 'SN-16817522', '2029-12-25', 'ACC-1045', 'PROJ-00099'),
  ('AST-00069', 'Support Package', 'SN-31971027', '2030-02-10', 'ACC-1040', 'PROJ-00029'),
  ('AST-00070', 'CRM Seat', 'SN-66147889', '2028-08-05', 'ACC-1045', 'PROJ-00021'),
  ('AST-00071', 'Data Connector', 'SN-71910140', '2029-03-25', 'ACC-1074', 'PROJ-00064'),
  ('AST-00072', 'API Bundle', 'SN-79077166', '2027-09-03', 'ACC-1054', 'PROJ-00094'),
  ('AST-00073', 'Mobile App', 'SN-82853526', '2028-08-21', 'ACC-1048', 'PROJ-00001'),
  ('AST-00074', 'Support Package', 'SN-53580761', '2031-01-26', 'Sager Geisel GmbH', 'PROJ-00001'),
  ('AST-00075', 'CRM Seat', 'SN-15007175', '2029-04-22', 'Bruder Schmidtke GmbH & Co. KG', 'PROJ-00023'),
  ('AST-00076', 'Data Connector', 'SN-54975607', '2029-06-15', 'ACC-1023', 'PROJ-00021'),
  ('AST-00077', 'API Bundle', 'SN-42897112', '2027-07-23', 'ACC-1008', 'PROJ-00035'),
  ('AST-00078', 'Analytics Add-on', 'SN-81398609', '2027-07-17', 'Schwital GmbH', 'PROJ-00080'),
  ('AST-00079', 'CRM Seat', 'SN-32495058', '2029-07-04', 'ACC-1052', 'PROJ-00086'),
  ('AST-00080', 'Support Package', 'SN-56143013', '2030-02-22', 'ACC-1073', 'PROJ-00006'),
  ('AST-00081', 'Support Package', 'SN-94492546', '2029-09-22', 'ACC-1027', 'PROJ-9672'),
  ('AST-00082', 'CRM Seat', 'SN-79948636', '2029-06-24', 'ACC-1043', 'PROJ-9162'),
  ('AST-00083', 'Mobile App', 'SN-96655723', '2028-11-16', 'Putz', 'PROJ-00030'),
  ('AST-00084', 'CRM Seat', 'SN-46228930', '2029-01-28', 'ACC-1045', 'PROJ-00100'),
  ('AST-00085', 'Support Package', 'SN-20166212', '2030-04-27', 'Schulz GmbH & Co. KG', 'PROJ-00080'),
  ('AST-00086', 'CRM Seat', 'SN-33982409', '2031-04-29', 'ACC-1063', 'PROJ-9464'),
  ('AST-00087', 'Data Connector', 'SN-49075134', '2029-10-17', 'Rose Harloff AG', 'PROJ-00013'),
  ('AST-00088', 'Data Connector', 'SN-93550858', '2031-01-03', 'Zorbach GmbH', 'PROJ-9762'),
  ('AST-00089', 'API Bundle', 'SN-30003755', '2027-11-09', 'Hein', 'PROJ-9866'),
  ('AST-00090', 'Support Package', 'SN-93024232', '2028-12-24', 'ACC-1032', 'PROJ-00049'),
  ('AST-00091', 'CRM Seat', 'SN-23078488', '2029-02-09', 'Schulz GmbH & Co. KG', 'PROJ-00099'),
  ('AST-00092', 'Data Connector', 'SN-22703521', '2029-10-02', 'ACC-1073', 'PROJ-00037'),
  ('AST-00093', 'CRM Seat', 'SN-62585724', '2029-09-02', 'ACC-1013', 'PROJ-00078'),
  ('AST-00094', 'Analytics Add-on', 'SN-53198240', '2028-10-21', 'Reuter Trüb AG & Co. KGaA', 'PROJ-9545'),
  ('AST-00095', 'Support Package', 'SN-51451198', '2029-12-26', 'Holsten AG', 'PROJ-00072'),
  ('AST-00096', 'API Bundle', 'SN-59215346', '2031-06-21', 'Fliegner Dobes AG & Co. KGaA', 'PROJ-00003'),
  ('AST-00097', 'API Bundle', 'SN-80068497', '2030-01-12', 'Rohleder AG', 'PROJ-00067'),
  ('AST-00098', 'CRM Seat', 'SN-39032409', '2029-10-09', 'ACC-1066', 'PROJ-00011'),
  ('AST-00099', 'API Bundle', 'SN-76606227', '2028-05-06', 'Mitschke', 'PROJ-00075'),
  ('AST-00100', 'API Bundle', 'SN-65214566', '2029-08-06', 'ACC-1053', 'PROJ-00047'),
  ('AST-00101', 'CRM Seat', 'SN-17928419', '2028-12-20', 'Riehl Schaaf OHG mbH', 'PROJ-9299'),
  ('AST-00102', 'API Bundle', 'SN-86137991', '2027-08-29', 'ACC-1043', 'PROJ-00029'),
  ('AST-00103', 'Mobile App', 'SN-62272583', '2027-09-12', 'ACC-1070', 'PROJ-00018'),
  ('AST-00104', 'Mobile App', 'SN-51283573', '2029-05-11', 'Holzapfel AG & Co. OHG', 'PROJ-00033'),
  ('AST-00105', 'Analytics Add-on', 'SN-39732617', '2031-06-20', 'ACC-1069', 'PROJ-00038'),
  ('AST-00106', 'CRM Seat', 'SN-69440899', '2029-12-26', 'ACC-1066', 'PROJ-00084'),
  ('AST-00107', 'Mobile App', 'SN-62435680', '2028-02-09', 'Lindau Neuschäfer GbR', 'PROJ-9943'),
  ('AST-00108', 'API Bundle', 'SN-65317437', '2029-04-20', 'Zorbach GmbH', 'PROJ-9526'),
  ('AST-00109', 'Analytics Add-on', 'SN-64118793', '2027-10-03', 'Karge', 'PROJ-9840'),
  ('AST-00110', 'Analytics Add-on', 'SN-89402425', '2028-09-17', 'ACC-1016', 'PROJ-00069'),
  ('AST-00111', 'CRM Seat', 'SN-75341380', '2028-05-06', 'ACC-1006', 'PROJ-00030'),
  ('AST-00112', 'Support Package', 'SN-25484743', '2028-03-27', 'Schlosser Mülichen GmbH & Co. KGaA', 'PROJ-00099'),
  ('AST-00113', 'Support Package', 'SN-55603018', '2030-01-18', 'ACC-1009', 'PROJ-00066'),
  ('AST-00114', 'Analytics Add-on', 'SN-91551027', '2029-07-30', 'ACC-1053', 'PROJ-00090'),
  ('AST-00115', 'Analytics Add-on', 'SN-25584203', '2030-08-09', 'ACC-1077', 'PROJ-00058'),
  ('AST-00116', 'Data Connector', 'SN-75384599', '2029-03-30', 'Hermighausen', 'PROJ-00107'),
  ('AST-00117', 'Mobile App', 'SN-70685545', '2031-06-02', 'ACC-1053', 'PROJ-00023'),
  ('AST-00118', 'Support Package', 'SN-55622315', '2028-07-18', 'Heinz Gotthard GmbH & Co. KG', 'PROJ-00004'),
  ('AST-00119', 'API Bundle', 'SN-80839272', '2031-05-21', 'Holzapfel', 'PROJ-00052'),
  ('AST-00120', 'CRM Seat', 'SN-94881859', '2029-02-18', 'ACC-1053', 'PROJ-00045'),
  ('AST-00121', 'API Bundle', 'SN-28838057', '2030-08-27', 'ACC-1007', 'PROJ-00007'),
  ('AST-00122', 'CRM Seat', 'SN-24928065', '2030-05-19', 'ACC-1001', 'PROJ-9250'),
  ('AST-00123', 'API Bundle', 'SN-92054697', '2031-01-29', 'Putz Süßebier GmbH', 'PROJ-00032'),
  ('AST-00124', 'Analytics Add-on', 'SN-13388411', '2031-03-25', 'ACC-1014', 'PROJ-00006'),
  ('AST-00125', 'Support Package', 'SN-91735442', '2028-02-18', 'ACC-1029', 'PROJ-00082'),
  ('AST-00126', 'Analytics Add-on', 'SN-14206229', '2028-11-27', 'ACC-1060', 'PROJ-00018'),
  ('AST-00127', 'Support Package', 'SN-25973686', '2029-11-02', 'ACC-1035', 'PROJ-00023'),
  ('AST-00128', 'Mobile App', 'SN-93584514', '2027-08-10', 'Carsten Stiftung & Co. KGaA', 'PROJ-00018'),
  ('AST-00129', 'Analytics Add-on', 'SN-87249874', '2031-04-24', 'ACC-1010', 'PROJ-00049'),
  ('AST-00130', 'Support Package', 'SN-67983899', '2028-11-04', 'Baum', 'PROJ-00072'),
  ('AST-00131', 'CRM Seat', 'SN-59153320', '2029-08-16', 'ACC-1076', 'PROJ-9225'),
  ('AST-00132', 'Data Connector', 'SN-67578622', '2030-05-05', 'ACC-1052', 'PROJ-00069'),
  ('AST-00133', 'Data Connector', 'SN-21353715', '2029-10-10', 'Holzapfel AG & Co. OHG', 'PROJ-00095'),
  ('AST-00134', 'Analytics Add-on', 'SN-62577153', '2028-03-26', 'Reinhardt Dörschner KGaA', 'PROJ-00060'),
  ('AST-00135', 'Mobile App', 'SN-52769280', '2030-11-23', 'ACC-1079', 'PROJ-00085'),
  ('AST-00136', 'Support Package', 'SN-57102705', '2031-02-16', 'Zahn GmbH', 'PROJ-00093'),
  ('AST-00137', 'Support Package', 'SN-31599565', '2029-04-05', 'Junk Bauer KGaA', 'PROJ-00069'),
  ('AST-00138', 'API Bundle', 'SN-88896811', '2030-09-02', 'Zorbach', 'PROJ-00069'),
  ('AST-00139', 'Analytics Add-on', 'SN-37994075', '2031-06-19', 'Meyer', 'PROJ-00002'),
  ('AST-00140', 'CRM Seat', 'SN-91782175', '2027-11-05', 'ACC-1033', 'PROJ-00027'),
  ('AST-00141', 'CRM Seat', 'SN-87082367', '2030-09-25', 'ACC-1007', 'PROJ-00053'),
  ('AST-00142', 'CRM Seat', 'SN-21763086', '2028-04-06', 'Speer', 'PROJ-00085'),
  ('AST-00143', 'Support Package', 'SN-61813511', '2027-10-04', 'Stolze', 'PROJ-00051'),
  ('AST-00144', 'Support Package', 'SN-73949432', '2028-01-17', 'ACC-1051', 'PROJ-00016'),
  ('AST-00145', 'Data Connector', 'SN-29080307', '2028-01-09', 'ACC-1076', 'PROJ-00105'),
  ('AST-00146', 'Mobile App', 'SN-65559010', '2030-10-09', 'ACC-1005', 'PROJ-00024'),
  ('AST-00147', 'CRM Seat', 'SN-64131028', '2028-01-16', 'Reichmann e.G.', 'PROJ-00072'),
  ('AST-00148', 'Mobile App', 'SN-20349035', '2030-01-01', 'ACC-1014', 'PROJ-00026'),
  ('AST-00149', 'Mobile App', 'SN-42674056', '2031-03-31', 'Hermighausen', 'PROJ-9277'),
  ('AST-00150', 'Data Connector', 'SN-35156866', '2028-04-02', 'Preiß GmbH', 'PROJ-00043'),
  ('AST-00151', 'Mobile App', 'SN-54893817', '2028-02-28', 'ACC-1071', 'PROJ-9411'),
  ('AST-00152', 'CRM Seat', 'SN-22209760', '2029-02-26', 'ACC-1028', 'PROJ-00009'),
  ('AST-00153', 'Analytics Add-on', 'SN-42480657', '2028-10-27', 'ACC-1052', 'PROJ-00027'),
  ('AST-00154', 'Analytics Add-on', 'SN-68723146', '2031-04-04', 'ACC-1063', 'PROJ-00078'),
  ('AST-00155', 'Support Package', 'SN-68669899', '2029-02-09', 'ACC-1006', 'PROJ-00054'),
  ('AST-00156', 'Analytics Add-on', 'SN-53875930', '2028-08-13', 'Holzapfel GbR', 'PROJ-00088'),
  ('AST-00157', 'Data Connector', 'SN-32256196', '2030-02-22', 'Reinhardt Dörschner KGaA', 'PROJ-00074'),
  ('AST-00158', 'Support Package', 'SN-37772388', '2028-08-26', 'ACC-1035', 'PROJ-00055'),
  ('AST-00159', 'Analytics Add-on', 'SN-88785738', '2029-12-05', 'ACC-1053', 'PROJ-00086'),
  ('AST-00160', 'Data Connector', 'SN-78004181', '2029-03-01', 'ACC-1075', 'PROJ-00046'),
  ('AST-00161', 'API Bundle', 'SN-12827854', '2031-01-05', 'ACC-1032', 'PROJ-00004'),
  ('AST-00162', 'Analytics Add-on', 'SN-73989741', '2029-09-22', 'Mude Gunpf AG', 'PROJ-00048'),
  ('AST-00163', 'Support Package', 'SN-53784671', '2028-06-04', 'Zahn GmbH', 'PROJ-00097'),
  ('AST-00164', 'Mobile App', 'SN-20426764', '2030-05-11', 'Noack AG & Co. KGaA', 'PROJ-00051'),
  ('AST-00165', 'CRM Seat', 'SN-68353363', '2028-12-29', 'ACC-1047', 'PROJ-00034'),
  ('AST-00166', 'Support Package', 'SN-17862662', '2030-04-17', 'ACC-1064', 'PROJ-00047'),
  ('AST-00167', 'Data Connector', 'SN-44928552', '2029-01-31', 'Schwital GmbH', 'PROJ-00087'),
  ('AST-00168', 'Data Connector', 'SN-69848553', '2028-02-07', 'ACC-1029', 'PROJ-00053'),
  ('AST-00169', 'API Bundle', 'SN-96508694', '2031-02-14', 'ACC-1011', 'PROJ-00098'),
  ('AST-00170', 'Support Package', 'SN-35261497', '2029-10-03', 'ACC-1032', 'PROJ-9873'),
  ('AST-00171', 'Mobile App', 'SN-26787122', '2031-06-03', 'ACC-1034', 'PROJ-00017'),
  ('AST-00172', 'Analytics Add-on', 'SN-48606535', '2028-08-31', 'Eckbauer e.V.', 'PROJ-00087'),
  ('AST-00173', 'Data Connector', 'SN-78397617', '2029-08-01', 'Zahn GmbH', 'PROJ-00071'),
  ('AST-00174', 'Support Package', 'SN-21435296', '2027-12-22', 'Rohleder AG', 'PROJ-00079'),
  ('AST-00175', 'Analytics Add-on', 'SN-27087311', '2030-08-24', 'Junken Weimer AG & Co. KG', 'PROJ-00092'),
  ('AST-00176', 'Analytics Add-on', 'SN-60798198', '2029-01-18', 'ACC-1032', 'PROJ-00112'),
  ('AST-00177', 'Analytics Add-on', 'SN-94970669', '2028-04-14', 'Kitzmann', 'PROJ-00068'),
  ('AST-00178', 'Mobile App', 'SN-87213316', '2031-03-14', 'Hölzenbecher', 'PROJ-00093'),
  ('AST-00179', 'API Bundle', 'SN-42807171', '2029-01-07', 'ACC-1079', 'PROJ-00032'),
  ('AST-00180', 'Analytics Add-on', 'SN-26148234', '2029-01-02', 'ACC-1048', 'PROJ-00069'),
  ('AST-00181', 'Support Package', 'SN-29972808', '2029-11-01', 'ACC-1054', 'PROJ-00024'),
  ('AST-00182', 'Data Connector', 'SN-88156697', '2028-09-29', 'ACC-1071', 'PROJ-00085'),
  ('AST-00183', 'Analytics Add-on', 'SN-55049279', '2029-07-29', 'ACC-1066', 'PROJ-00019'),
  ('AST-00184', 'Data Connector', 'SN-66313184', '2028-03-19', 'Karge', 'PROJ-00100'),
  ('AST-00185', 'Support Package', 'SN-98186782', '2029-11-05', 'Reinhardt Dörschner KGaA', 'PROJ-00010'),
  ('AST-00186', 'API Bundle', 'SN-50933359', '2028-10-26', 'Häring Killer AG & Co. KG', 'PROJ-00023'),
  ('AST-00187', 'Mobile App', 'SN-78912493', '2029-03-04', 'Höfig Ziegert KG', 'PROJ-00023'),
  ('AST-00188', 'Analytics Add-on', 'SN-32759131', '2028-12-31', 'ACC-1026', 'PROJ-00038'),
  ('AST-00189', 'API Bundle', 'SN-96790345', '2029-07-13', 'Mude Gunpf AG', 'PROJ-00028'),
  ('AST-00190', 'Data Connector', 'SN-17984700', '2030-06-24', 'Karge', 'PROJ-9603'),
  ('AST-00191', 'Analytics Add-on', 'SN-25387563', '2030-10-05', 'ACC-1078', 'PROJ-9690'),
  ('AST-00192', 'Analytics Add-on', 'SN-83209717', '2028-04-18', 'Pärtzelt Schaaf AG', 'PROJ-00102'),
  ('AST-00193', 'API Bundle', 'SN-11979596', '2028-05-31', 'ACC-1062', 'PROJ-00100'),
  ('AST-00194', 'Analytics Add-on', 'SN-93385020', '2028-08-16', 'ACC-1069', 'PROJ-00054'),
  ('AST-00195', 'CRM Seat', 'SN-51290420', '2030-10-22', 'ACC-1079', 'PROJ-00102'),
  ('AST-00196', 'Support Package', 'SN-17931581', '2027-10-01', 'Holzapfel', 'PROJ-9657'),
  ('AST-00197', 'CRM Seat', 'SN-46493287', '2029-06-19', 'ACC-1045', 'PROJ-00079'),
  ('AST-00198', 'API Bundle', 'SN-47338607', '2029-06-17', 'ACC-1035', 'PROJ-00101'),
  ('AST-00199', 'Data Connector', 'SN-12885044', '2028-09-23', 'ACC-1017', 'PROJ-9006'),
  ('AST-00200', 'CRM Seat', 'SN-83525127', '2029-03-18', 'ACC-1074', 'PROJ-00069'),
  ('AST-00201', 'Data Connector', 'SN-62382624', '2029-10-25', 'Preiß GmbH', 'PROJ-00087'),
  ('AST-00202', 'Support Package', 'SN-22758984', '2028-03-17', 'Junken Weimer AG & Co. KG', 'PROJ-00043'),
  ('AST-00203', 'CRM Seat', 'SN-52956742', '2027-07-10', 'Patberg AG', 'PROJ-00040'),
  ('AST-00204', 'Data Connector', 'SN-23860841', '2030-06-16', 'ACC-1024', 'PROJ-00101'),
  ('AST-00205', 'Mobile App', 'SN-88355404', '2030-03-03', 'ACC-1037', 'PROJ-9346'),
  ('AST-00206', 'Mobile App', 'SN-55465029', '2030-04-29', 'ACC-1045', 'PROJ-00060'),
  ('AST-00207', 'Support Package', 'SN-34935996', '2030-02-10', 'ACC-1068', 'PROJ-00036'),
  ('AST-00208', 'Mobile App', 'SN-13875895', '2029-08-21', 'Weimer GmbH', 'PROJ-00013'),
  ('AST-00209', 'CRM Seat', 'SN-21743363', '2028-07-12', 'ACC-1020', 'PROJ-00075'),
  ('AST-00210', 'CRM Seat', 'SN-23390503', '2027-12-15', 'ACC-1048', 'PROJ-00036'),
  ('AST-00211', 'CRM Seat', 'SN-99804679', '2030-06-18', 'Kensy Eimer Stiftung & Co. KG', 'PROJ-00022'),
  ('AST-00212', 'Data Connector', 'SN-79552402', '2027-08-16', 'Gunpf GbR', 'PROJ-00010'),
  ('AST-00213', 'Mobile App', 'SN-24723459', '2029-06-11', 'Kallert', 'PROJ-00110'),
  ('AST-00214', 'Support Package', 'SN-76009432', '2030-07-08', 'Gunpf GbR', 'PROJ-00101'),
  ('AST-00215', 'Support Package', 'SN-70483314', '2029-09-30', 'ACC-1045', 'PROJ-00034'),
  ('AST-00216', 'CRM Seat', 'SN-69371710', '2030-03-11', 'ACC-1047', 'PROJ-00025'),
  ('AST-00217', 'Support Package', 'SN-63554420', '2030-07-13', 'ACC-1065', 'PROJ-9376'),
  ('AST-00218', 'Analytics Add-on', 'SN-40810110', '2028-02-15', 'ACC-1013', 'PROJ-00035'),
  ('AST-00219', 'Data Connector', 'SN-48404615', '2028-11-11', 'Reuter Trüb AG & Co. KGaA', 'PROJ-00002'),
  ('AST-00220', 'CRM Seat', 'SN-24817002', '2030-12-15', 'Reuter Trüb AG & Co. KGaA', 'PROJ-00068'),
  ('AST-00221', 'API Bundle', 'SN-70249424', '2028-04-15', 'Kensy Eimer Stiftung & Co. KG', 'PROJ-00040'),
  ('AST-00222', 'Support Package', 'SN-75386202', '2029-10-29', 'ACC-1036', 'PROJ-00093'),
  ('AST-00223', 'Analytics Add-on', 'SN-36225652', '2030-03-22', 'ACC-1071', 'PROJ-00008'),
  ('AST-00224', 'API Bundle', 'SN-96285435', '2028-05-30', 'ACC-1048', 'PROJ-9410'),
  ('AST-00225', 'API Bundle', 'SN-97232017', '2028-08-20', 'Zahn AG', 'PROJ-00032'),
  ('AST-00226', 'CRM Seat', 'SN-61404235', '2027-10-08', 'Junk Bauer KGaA', 'PROJ-00051'),
  ('AST-00227', 'CRM Seat', 'SN-85674677', '2028-07-24', 'ACC-1046', 'PROJ-9008'),
  ('AST-00228', 'CRM Seat', 'SN-77242975', '2028-04-22', 'ACC-1016', 'PROJ-9301'),
  ('AST-00229', 'CRM Seat', 'SN-39377968', '2029-07-14', 'ACC-1025', 'PROJ-00014'),
  ('AST-00230', 'Analytics Add-on', 'SN-98796675', '2027-11-17', 'ACC-1049', 'PROJ-00028'),
  ('AST-00231', 'Analytics Add-on', 'SN-96774130', '2029-12-03', 'Karge', 'PROJ-9869'),
  ('AST-00232', 'Data Connector', 'SN-48445732', '2031-05-20', 'ACC-1005', 'PROJ-9749'),
  ('AST-00233', 'Mobile App', 'SN-58935592', '2027-10-12', 'Eckbauer e.V.', 'PROJ-00033'),
  ('AST-00234', 'Support Package', 'SN-95086858', '2031-02-07', 'Junk Bauer KGaA', 'PROJ-00026'),
  ('AST-00235', 'Data Connector', 'SN-10652013', '2027-07-20', 'Paffrath Stiftung & Co. KG', 'PROJ-9251'),
  ('AST-00236', 'Data Connector', 'SN-73789672', '2029-08-02', 'ACC-1015', 'PROJ-00093'),
  ('AST-00237', 'Data Connector', 'SN-55070216', '2028-09-24', 'Baum', 'PROJ-00036'),
  ('AST-00238', 'Data Connector', 'SN-58691564', '2030-03-06', 'ACC-1053', 'PROJ-00011'),
  ('AST-00239', 'CRM Seat', 'SN-89201298', '2031-01-22', 'ACC-1003', 'PROJ-00020'),
  ('AST-00240', 'Mobile App', 'SN-95047332', '2030-04-14', 'Noack AG & Co. KGaA', 'PROJ-00014'),
  ('AST-00241', 'Mobile App', 'SN-78134164', '2029-09-28', 'ACC-1040', 'PROJ-00071'),
  ('AST-00242', 'CRM Seat', 'SN-72354266', '2031-03-14', 'Speer', 'PROJ-00073'),
  ('AST-00243', 'Analytics Add-on', 'SN-33435239', '2029-09-08', 'Beyer', 'PROJ-00070'),
  ('AST-00244', 'Mobile App', 'SN-93609414', '2029-04-02', 'ACC-1074', 'PROJ-00037'),
  ('AST-00245', 'Analytics Add-on', 'SN-88375541', '2028-01-27', 'Rose Harloff AG', 'PROJ-00059'),
  ('AST-00246', 'Analytics Add-on', 'SN-47500772', '2030-01-29', 'ACC-1035', 'PROJ-00081'),
  ('AST-00247', 'Data Connector', 'SN-99044119', '2028-09-29', 'ACC-1058', 'PROJ-00088'),
  ('AST-00248', 'Mobile App', 'SN-28859580', '2028-11-20', 'ACC-1078', 'PROJ-00074'),
  ('AST-00249', 'Support Package', 'SN-65649928', '2029-04-24', 'ACC-1061', 'PROJ-00048'),
  ('AST-00250', 'Mobile App', 'SN-77099145', '2029-11-02', 'Baum', 'PROJ-00076'),
  ('AST-00251', 'Analytics Add-on', 'SN-28095360', '2029-09-30', 'ACC-1063', 'PROJ-00074'),
  ('AST-00252', 'Analytics Add-on', 'SN-96072585', '2029-09-11', 'Riehl Schaaf OHG mbH', 'PROJ-00029'),
  ('AST-00253', 'CRM Seat', 'SN-98417507', '2029-04-27', 'ACC-1051', 'PROJ-00092'),
  ('AST-00254', 'Support Package', 'SN-67857764', '2030-10-17', 'Schlosser Mülichen GmbH & Co. KGaA', 'PROJ-00022'),
  ('AST-00255', 'Mobile App', 'SN-76596148', '2027-08-24', 'ACC-1006', 'PROJ-00019'),
  ('AST-00256', 'Support Package', 'SN-77429603', '2028-08-25', 'Kitzmann', 'PROJ-00050'),
  ('AST-00257', 'Data Connector', 'SN-52733786', '2030-04-13', 'ACC-1078', 'PROJ-00073'),
  ('AST-00258', 'Analytics Add-on', 'SN-30604561', '2031-04-19', 'ACC-1043', 'PROJ-00091'),
  ('AST-00259', 'CRM Seat', 'SN-38526936', '2031-04-04', 'ACC-1062', 'PROJ-9024'),
  ('AST-00260', 'Analytics Add-on', 'SN-39594019', '2027-09-01', 'Häring Killer AG & Co. KG', 'PROJ-00032'),
  ('AST-00261', 'Support Package', 'SN-81084468', '2027-09-08', 'Höfig Ziegert KG', 'PROJ-00105'),
  ('AST-00262', 'API Bundle', 'SN-37464201', '2031-05-25', 'ACC-1036', 'PROJ-9566'),
  ('AST-00263', 'Mobile App', 'SN-43396201', '2027-11-21', 'ACC-1079', 'PROJ-00012'),
  ('AST-00264', 'Data Connector', 'SN-74164823', '2027-12-17', 'Bruder Schmidtke GmbH & Co. KG', 'PROJ-00055'),
  ('AST-00265', 'Data Connector', 'SN-58464166', '2027-07-15', 'ACC-1012', 'PROJ-00027'),
  ('AST-00266', 'Mobile App', 'SN-74141454', '2028-08-19', 'Reichmann e.G.', 'PROJ-00043'),
  ('AST-00267', 'API Bundle', 'SN-47936232', '2029-02-10', 'ACC-1001', 'PROJ-00060'),
  ('AST-00268', 'Mobile App', 'SN-85560514', '2031-01-19', 'ACC-1024', 'PROJ-00064'),
  ('AST-00269', 'CRM Seat', 'SN-38980868', '2029-10-02', 'Oestrovsky Wesack GmbH & Co. KG', 'PROJ-00069'),
  ('AST-00270', 'Mobile App', 'SN-12966854', '2029-06-22', 'ACC-1019', 'PROJ-00042'),
  ('AST-00271', 'Support Package', 'SN-24674145', '2030-07-22', 'ACC-1038', 'PROJ-00095'),
  ('AST-00272', 'Data Connector', 'SN-35814420', '2028-11-02', 'ACC-1069', 'PROJ-00043'),
  ('AST-00273', 'CRM Seat', 'SN-93188841', '2028-09-04', 'ACC-1073', 'PROJ-00083'),
  ('AST-00274', 'Mobile App', 'SN-14507950', '2029-05-18', 'Geisler AG & Co. OHG', 'PROJ-00083'),
  ('AST-00275', 'Mobile App', 'SN-77534248', '2030-01-02', 'ACC-1078', 'PROJ-00065'),
  ('AST-00276', 'Analytics Add-on', 'SN-84142597', '2029-12-04', 'ACC-1042', 'PROJ-9348'),
  ('AST-00277', 'Data Connector', 'SN-27538541', '2029-08-10', 'ACC-1001', 'PROJ-00080'),
  ('AST-00278', 'CRM Seat', 'SN-60007468', '2028-01-10', 'ACC-1029', 'PROJ-00063'),
  ('AST-00279', 'Support Package', 'SN-96673260', '2030-07-11', 'ACC-1073', 'PROJ-00048'),
  ('AST-00280', 'Data Connector', 'SN-11147309', '2030-07-01', 'ACC-1076', 'PROJ-00035'),
  ('AST-00281', 'Mobile App', 'SN-27681132', '2030-12-26', 'Speer', 'PROJ-9821'),
  ('AST-00282', 'Data Connector', 'SN-85293454', '2030-04-15', 'Mude Gunpf AG', 'PROJ-00037'),
  ('AST-00283', 'API Bundle', 'SN-69131608', '2029-06-08', 'Hölzenbecher', 'PROJ-00104'),
  ('AST-00284', 'Mobile App', 'SN-69000088', '2030-09-08', 'ACC-1024', 'PROJ-00071'),
  ('AST-00285', 'Data Connector', 'SN-34004766', '2027-12-07', 'Bruder Schmidtke GmbH & Co. KG', 'PROJ-00054'),
  ('AST-00286', 'Mobile App', 'SN-33396672', '2030-03-07', 'Zorbach GmbH', 'PROJ-00087'),
  ('AST-00287', 'Mobile App', 'SN-26112415', '2029-05-05', 'ACC-1061', 'PROJ-00001'),
  ('AST-00288', 'Data Connector', 'SN-10739289', '2028-06-18', 'ACC-1078', 'PROJ-00104'),
  ('AST-00289', 'Mobile App', 'SN-21922393', '2029-07-22', 'ACC-1060', 'PROJ-9933'),
  ('AST-00290', 'Mobile App', 'SN-57978436', '2029-04-23', 'ACC-1034', 'PROJ-00084'),
  ('AST-00291', 'CRM Seat', 'SN-94947499', '2027-08-31', 'Mitschke', 'PROJ-00041'),
  ('AST-00292', 'Analytics Add-on', 'SN-28435106', '2030-02-27', 'Noack AG & Co. KGaA', 'PROJ-00044'),
  ('AST-00293', 'Analytics Add-on', 'SN-40037781', '2030-08-23', 'Mude Gunpf AG', 'PROJ-9925'),
  ('AST-00294', 'CRM Seat', 'SN-46259699', '2029-06-02', 'ACC-1018', 'PROJ-00095'),
  ('AST-00295', 'Analytics Add-on', 'SN-68003756', '2031-01-31', 'Hermighausen', 'PROJ-00040'),
  ('AST-00296', 'Support Package', 'SN-76538339', '2028-09-04', 'ACC-1043', 'PROJ-00060'),
  ('AST-00297', 'CRM Seat', 'SN-64803652', '2028-06-11', 'ACC-1073', 'PROJ-00073'),
  ('AST-00298', 'Support Package', 'SN-79077231', '2029-12-06', 'Holzapfel GbR', 'PROJ-00068'),
  ('AST-00299', 'Data Connector', 'SN-18035387', '2029-10-29', 'ACC-1023', 'PROJ-00021'),
  ('AST-00300', 'Support Package', 'SN-46560996', '2031-01-14', 'Meyer', 'PROJ-00067'),
  ('AST-00301', 'Analytics Add-on', 'SN-92778148', '2028-05-19', 'ACC-1047', 'PROJ-00110'),
  ('AST-00302', 'Support Package', 'SN-12727473', '2030-08-16', 'ACC-1003', 'PROJ-9688'),
  ('AST-00303', 'API Bundle', 'SN-37371776', '2028-04-27', 'ACC-1035', 'PROJ-00085'),
  ('AST-00304', 'Analytics Add-on', 'SN-36011992', '2031-01-18', 'ACC-1022', 'PROJ-00032'),
  ('AST-00305', 'API Bundle', 'SN-96944905', '2028-11-11', 'ACC-1010', 'PROJ-00105'),
  ('AST-00306', 'Support Package', 'SN-88357285', '2028-10-18', 'ACC-1052', 'PROJ-00017'),
  ('AST-00307', 'CRM Seat', 'SN-15985587', '2027-12-20', 'ACC-1006', 'PROJ-00038'),
  ('AST-00308', 'API Bundle', 'SN-46396154', '2029-06-12', 'ACC-1078', 'PROJ-00049'),
  ('AST-00309', 'Analytics Add-on', 'SN-90647918', '2030-01-17', 'Karge AG', 'PROJ-00062'),
  ('AST-00310', 'Mobile App', 'SN-74433161', '2030-12-21', 'Weller', 'PROJ-00079'),
  ('AST-00311', 'API Bundle', 'SN-78935125', '2031-02-09', 'Junk Bauer KGaA', 'PROJ-00094'),
  ('AST-00312', 'Support Package', 'SN-87645973', '2027-10-04', 'ACC-1032', 'PROJ-00033'),
  ('AST-00313', 'Mobile App', 'SN-22431397', '2029-06-29', 'ACC-1002', 'PROJ-00059'),
  ('AST-00314', 'Mobile App', 'SN-74029563', '2029-11-05', 'ACC-1031', 'PROJ-00059'),
  ('AST-00315', 'Mobile App', 'SN-28242154', '2030-02-26', 'ACC-1003', 'PROJ-00051'),
  ('AST-00316', 'Support Package', 'SN-87731949', '2031-06-20', 'Gunpf GbR', 'PROJ-00085'),
  ('AST-00317', 'Analytics Add-on', 'SN-28959646', '2029-05-23', 'ACC-1039', 'PROJ-00102'),
  ('AST-00318', 'API Bundle', 'SN-63540355', '2028-10-06', 'Zirme', 'PROJ-9128'),
  ('AST-00319', 'Mobile App', 'SN-30493387', '2029-08-29', 'Hermighausen', 'PROJ-00110'),
  ('AST-00320', 'CRM Seat', 'SN-42540159', '2028-04-30', 'ACC-1077', 'PROJ-00019');
