CREATE SCHEMA IF NOT EXISTS fixture_wrong_field_names_src;
SET search_path TO fixture_wrong_field_names_src;

CREATE TABLE ansprechpartner ( ap_id text PRIMARY KEY, vorname text, nachname text, email_adresse text, telefonnummer text, position text, funktion text, sprache text, kunde text );

INSERT INTO ansprechpartner (ap_id, vorname, nachname, email_adresse, telefonnummer, position, funktion, sprache, kunde) VALUES
  ('CON-0001', 'Murat', 'Schaaf', 'felicia64@example.com', '+49(0)3671 36959', 'Forstwirt', 'Technical Contact', 'EN', 'CUST-1001'),
  ('CON-0002', 'Hildegard', 'Hübel', 'sorgatzriza@example.com', '+49(0)9097439533', 'Fleischer', 'Technical Contact', 'FR', 'CUST-1001'),
  ('CON-0003', 'Halina', 'Wende', 'ernestinedietz@example.net', '(00470) 95214', 'Informatiker', 'End User', 'DE', 'CUST-1001'),
  ('CON-0004', 'Waldemar', 'Bruder', 'katharinahecker@example.net', '(06851) 60481', 'Arzt', 'Technical Contact', 'FR', 'CUST-1002'),
  ('CON-0005', 'Leif', 'Nohlmans', 'dietzhorst-guenter@example.net', '+49 (0) 6758 692617', 'Pfleger', 'End User', 'EN', 'CUST-1003'),
  ('CON-0006', 'Türkan', 'Metz', 'spiessheinfried@example.net', '(09005) 32931', 'Erzieher', 'Technical Contact', 'EN', 'CUST-1004'),
  ('CON-0007', 'Alexei', 'Gertz', 'bernfried26@example.net', '+49(0)1775 891783', 'Artist', 'Decision Maker', 'FR', 'CUST-1005'),
  ('CON-0008', 'Iwona', 'Ziegert', 'vadim00@example.com', '0617711592', 'Ausbaufacharbeiter', 'Decision Maker', 'DE', 'CUST-1005'),
  ('CON-0009', 'Gisela', 'Hermighausen', 'uta27@example.org', '+49(0)1161 528098', 'Programmierer', 'Technical Contact', 'EN', 'CUST-1006'),
  ('CON-0010', 'Gerlind', 'Nerger', 'minadoerr@example.com', '05149 36899', 'Asphaltbauer', 'End User', 'DE', 'CUST-1007'),
  ('CON-0011', 'Eileen', 'Sontag', 'angelo24@example.net', '+49(0)5502 29612', 'Asphaltbauer', 'Decision Maker', 'EN', 'CUST-1007'),
  ('CON-0012', 'Delia', 'Neuschäfer', 'bartholomaeus36@example.net', '+49(0)0343244510', 'Medizininformatiker', 'Decision Maker', 'FR', 'CUST-1008'),
  ('CON-0013', 'Justine', 'Losekann', 'floriankramer@example.net', '+49(0) 885160607', 'Ausbaufacharbeiter', 'Technical Contact', 'DE', 'CUST-1008'),
  ('CON-0014', 'Milan', 'Hartung', 'lia21@example.net', '(01883) 55231', 'Chemikant', 'Decision Maker', 'FR', 'CUST-1009'),
  ('CON-0015', 'Jens-Uwe', 'Gumprich', 'dorotheefliegner@example.net', '+49(0)2779 979955', 'Chemikant', 'Decision Maker', 'FR', 'CUST-1009'),
  ('CON-0016', 'Arnfried', 'Bohlander', 'marlen41@example.net', '+49(0)9986 798079', 'Drogist', 'Technical Contact', 'EN', 'CUST-1010'),
  ('CON-0017', 'Mario', 'Schleich', 'jotto@example.org', '01518 203778', 'Winzer', 'End User', 'DE', 'CUST-1010'),
  ('CON-0018', 'Carsten', 'Jüttner', 'rohthanife@example.com', '+49(0)4925 19254', 'Mechaniker', 'Decision Maker', 'EN', 'CUST-1011'),
  ('CON-0019', 'Florian', 'Scheibe', 'jesselbritta@example.com', '(05281) 68505', 'Friseur', 'Technical Contact', 'EN', 'CUST-1011'),
  ('CON-0020', 'Hans-Adolf', 'Hamann', 'trudel73@example.org', '+49 (0) 2141 888059', 'Binnenschiffer', 'Technical Contact', 'EN', 'CUST-1011'),
  ('CON-0021', 'Katalin', 'Weiß', 'iheintze@example.org', '+49(0)7359 77468', 'Winzer', 'End User', 'EN', 'CUST-1012'),
  ('CON-0022', 'Tadeusz', 'Conradi', 'margittamende@example.com', '+49(0)6068536153', 'Asphaltbauer', 'End User', 'EN', 'CUST-1013'),
  ('CON-0023', 'Marcel', 'Dippel', 'lissi22@example.org', '+49(0)7277 90104', 'Erzieher', 'Technical Contact', 'DE', 'CUST-1013'),
  ('CON-0024', 'Martina', 'Fischer', 'xdoerschner@example.com', '+49(0) 410369711', 'Medizininformatiker', 'Technical Contact', 'EN', 'CUST-1013'),
  ('CON-0025', 'Jutta', 'Bachmann', 'linda15@example.org', '(01952) 05852', 'Arzt', 'Technical Contact', 'FR', 'CUST-1014'),
  ('CON-0026', 'Herlinde', 'Naser', 'mareileernst@example.org', '00430 305486', 'Krankenschwester', 'Decision Maker', 'DE', 'CUST-1014'),
  ('CON-0027', 'Janus', 'Beier', 'kay-uweklemm@example.org', '(05415) 66765', 'Designer', 'Decision Maker', 'FR', 'CUST-1014'),
  ('CON-0028', 'Timm', 'Berger', 'elisabet64@example.net', '+49(0)1658202970', 'Binnenschiffer', 'End User', 'EN', 'CUST-1015'),
  ('CON-0029', 'Cemil', 'Heinz', 'othmar69@example.org', '(02755) 719285', 'Mechaniker', 'End User', 'EN', 'CUST-1015'),
  ('CON-0030', 'Lutz', 'Seip', 'jakob10@example.net', '+49 (0) 7868 144739', 'Forstwirt', 'End User', 'DE', 'CUST-1015'),
  ('CON-0031', 'Bettina', 'Riehl', 'rosa-maria42@example.net', '(02583) 13237', 'Asphaltbauer', 'End User', 'DE', 'CUST-1016'),
  ('CON-0032', 'Oswin', 'Röhrdanz', 'volkhard82@example.net', '+49(0)1467 866912', 'Informatiker', 'Decision Maker', 'DE', 'CUST-1016'),
  ('CON-0033', 'Franca', 'Briemer', 'rmohaupt@example.net', '02892268018', 'Chemikant', 'Technical Contact', 'EN', 'CUST-1016'),
  ('CON-0034', 'Daria', 'Salz', 'guentersorgatz@example.net', '(05900) 109439', 'Pfleger', 'Technical Contact', 'DE', 'CUST-1017'),
  ('CON-0035', 'Hanspeter', 'Karge', 'luigitrupp@example.com', '06258815371', 'Florist', 'Decision Maker', 'DE', 'CUST-1018'),
  ('CON-0036', 'Tomas', 'Hentschel', 'dusanbinner@example.com', '0963259532', 'Medizininformatiker', 'Decision Maker', 'DE', 'CUST-1018'),
  ('CON-0037', 'Pascal', 'Bien', 'kbirnbaum@example.net', '+49(0) 584168784', 'Beamter', 'End User', 'EN', 'CUST-1019'),
  ('CON-0038', 'Filippo', 'Dietz', 'ykoester@example.com', '05239 86800', 'Artist', 'Decision Maker', 'FR', 'CUST-1019'),
  ('CON-0039', 'Fred', 'Trüb', 'magda78@example.com', '+49 (0) 9825 952694', 'Programmierer', 'End User', 'FR', 'CUST-1019'),
  ('CON-0040', 'Wolf-Dietrich', 'Geißler', 'rfinke@example.org', '+49(0)9130756263', 'Pfleger', 'End User', 'DE', 'CUST-1020'),
  ('CON-0041', 'Aline', 'Wohlgemut', 'uwaehner@example.org', '+49 (0) 8385 786527', 'Programmierer', 'End User', 'FR', 'CUST-1020'),
  ('CON-0042', 'Brita', 'Huhn', 'theodorahuhn@example.com', '+49(0) 757584419', 'Koreanistiker', 'Decision Maker', 'EN', 'CUST-1021'),
  ('CON-0043', 'Rosi', 'Kroker', 'valentine24@example.org', '+49(0)1574 73384', 'Florist', 'Technical Contact', 'DE', 'CUST-1021'),
  ('CON-0044', 'Freddy', 'Dörr', 'imrebinner@example.net', '03301 65712', 'Altenpfleger', 'Technical Contact', 'EN', 'CUST-1021'),
  ('CON-0045', 'Brian', 'Wilmsen', 'sieringchristiana@example.org', '00262 06724', 'Artist', 'Decision Maker', 'EN', 'CUST-1022'),
  ('CON-0046', 'Albert', 'Huhn', 'kaesterkarsten@example.com', '(08872) 87431', 'Programmierer', 'Technical Contact', 'DE', 'CUST-1022'),
  ('CON-0047', 'Aleksandar', 'Heß', 'helmtrud30@example.net', '+49(0)7426 841459', 'Elektroniker', 'Decision Maker', 'EN', 'CUST-1023'),
  ('CON-0048', 'Heinz-Otto', 'Eimer', 'dfliegner@example.net', '(05687) 833918', 'Pilot', 'Decision Maker', 'EN', 'CUST-1023'),
  ('CON-0049', 'Urs', 'Rose', 'roemervincent@example.net', '+49(0)0640 39106', 'Techniker', 'Technical Contact', 'FR', 'CUST-1024'),
  ('CON-0050', 'Hildegund', 'Bolnbach', 'bohnbachsylke@example.com', '+49(0)4622656766', 'Bäcker', 'End User', 'FR', 'CUST-1024'),
  ('CON-0051', 'Annika', 'Kramer', 'ivanmies@example.com', '+49 (0) 4310 690331', 'Bankkaufmann', 'End User', 'DE', 'CUST-1025'),
  ('CON-0052', 'Desiree', 'Beer', 'rscheuermann@example.net', '+49(0)3067383028', 'Forstwirt', 'Technical Contact', 'DE', 'CUST-1025'),
  ('CON-0053', 'Horst-Dieter', 'Wagenknecht', 'cilly95@example.org', '+49(0)2836 44089', 'Designer', 'End User', 'DE', 'CUST-1025'),
  ('CON-0054', 'Katharine', 'Renner', 'ohendriks@example.com', '+49 (0) 7086 688263', 'Fleischer', 'Decision Maker', 'DE', 'CUST-1026'),
  ('CON-0055', 'Hansjürgen', 'Kabus', 'mendemilka@example.com', '+49(0)8304 699013', 'Erzieher', 'Technical Contact', 'EN', 'CUST-1026'),
  ('CON-0056', 'Herlinde', 'Schleich', 'roberthenck@example.net', '04678544587', 'Arzt', 'Decision Maker', 'EN', 'CUST-1027'),
  ('CON-0057', 'Eckard', 'Ullmann', 'uwesack@example.org', '05609320489', 'Pfleger', 'End User', 'FR', 'CUST-1027'),
  ('CON-0058', 'Klemens', 'Fliegner', 'mauriziohein@example.com', '(03785) 477725', 'Chirurgiemechaniker', 'Technical Contact', 'DE', 'CUST-1027'),
  ('CON-0059', 'Imelda', 'Flantz', 'harloffamalia@example.com', '00997700886', 'Altenpfleger', 'End User', 'DE', 'CUST-1028'),
  ('CON-0060', 'Alf', 'Radisch', 'antonina40@example.net', '(06211) 82339', 'Winzer', 'Technical Contact', 'EN', 'CUST-1028'),
  ('CON-0061', 'Jann', 'Klapp', 'lotte61@example.com', '0793341016', 'Koreanistiker', 'End User', 'DE', 'CUST-1028'),
  ('CON-0062', 'Annelore', 'Berger', 'heimosuessebier@example.net', '04014 890250', 'Erzieher', 'Technical Contact', 'DE', 'CUST-1029'),
  ('CON-0063', 'Cäcilia', 'Fechner', 'tbuchholz@example.org', '(03968) 562185', 'Augenoptiker', 'End User', 'EN', 'CUST-1029'),
  ('CON-0064', 'Eberhardt', 'Mälzer', 'mechthildebruder@example.com', '(09965) 047735', 'Koreanistiker', 'Decision Maker', 'FR', 'CUST-1029'),
  ('CON-0065', 'Therese', 'Jäntsch', 'wklingelhoefer@example.com', '+49(0)2126 788861', 'Asphaltbauer', 'Decision Maker', 'DE', 'CUST-1030'),
  ('CON-0066', 'Istvan', 'Ullmann', 'nscheibe@example.org', '01240 659657', 'Programmierer', 'Decision Maker', 'EN', 'CUST-1031'),
  ('CON-0067', 'Ina', 'Häring', 'shornich@example.org', '0724342661', 'Pilot', 'End User', 'FR', 'CUST-1032'),
  ('CON-0068', 'Dora', 'Naser', 'greinhardt@example.net', '0805891135', 'Chirurgiemechaniker', 'Technical Contact', 'EN', 'CUST-1032'),
  ('CON-0069', 'Frieda', 'Schmidtke', 'rosefrederike@example.net', '(06561) 01438', 'Winzer', 'Decision Maker', 'EN', 'CUST-1032'),
  ('CON-0070', 'Kunibert', 'Beyer', 'barkholzmiriam@example.com', '(01238) 28258', 'Polizist', 'Technical Contact', 'DE', 'CUST-1033'),
  ('CON-0071', 'Edgar', 'Reising', 'pascaljunk@example.org', '01478 596969', 'Beamter', 'Decision Maker', 'FR', 'CUST-1034'),
  ('CON-0072', 'Nico', 'Kitzmann', 'lschoenland@example.net', '+49(0)9912 51341', 'Designer', 'Decision Maker', 'EN', 'CUST-1034'),
  ('CON-0073', 'Peter', 'Täsche', 'angelicakraushaar@example.com', '(02966) 278282', 'Medizininformatiker', 'End User', 'EN', 'CUST-1034'),
  ('CON-0074', 'Senol', 'Tröst', 'kniemeier@example.org', '(00340) 438427', 'Medizininformatiker', 'Decision Maker', 'EN', 'CUST-1035'),
  ('CON-0075', 'Betti', 'Pergande', 'ruppersbergerercan@example.com', '05807 83613', 'Friseur', 'Technical Contact', 'EN', 'CUST-1035'),
  ('CON-0076', 'Paula', 'Beckmann', 'whesse@example.org', '01339 596292', 'Erzieher', 'Decision Maker', 'DE', 'CUST-1035'),
  ('CON-0077', 'Jakob', 'Fiebig', 'marion36@example.com', '+49 (0) 9466 711684', 'Mathematiker', 'Decision Maker', 'EN', 'CUST-1036'),
  ('CON-0078', 'Uli', 'Neuschäfer', 'constance01@example.net', '05186 363745', 'Forstwirt', 'End User', 'DE', 'CUST-1036'),
  ('CON-0079', 'Miguel', 'Rogge', 'carolinneureuther@example.com', '(00017) 01277', 'Altenpfleger', 'End User', 'EN', 'CUST-1036'),
  ('CON-0080', 'Annaliese', 'Stiffel', 'aanders@example.net', '01627136111', 'Informatiker', 'Technical Contact', 'FR', 'CUST-1037'),
  ('CON-0081', 'Katarina', 'Ebert', 'bkiller@example.com', '+49 (0) 3413 899940', 'Friseur', 'End User', 'FR', 'CUST-1038'),
  ('CON-0082', 'Kunigunde', 'Briemer', 'schaafcengiz@example.org', '+49(0)3006 84866', 'Mechaniker', 'Technical Contact', 'DE', 'CUST-1039'),
  ('CON-0083', 'Dariusz', 'Schwital', 'karl-georgcarsten@example.com', '+49(0)8328 569146', 'Fachinformatiker', 'Decision Maker', 'FR', 'CUST-1039'),
  ('CON-0084', 'Bogdan', 'Henschel', 'luebserhardt@example.com', '(09042) 102027', 'Techniker', 'Technical Contact', 'DE', 'CUST-1039'),
  ('CON-0085', 'Guiseppe', 'Koch', 'jenswirth@example.org', '(01380) 003075', 'Koreanistiker', 'End User', 'EN', 'CUST-1040'),
  ('CON-0086', 'Solveig', 'Fischer', 'svetlanabeier@example.net', '(06353) 65419', 'Mathematiker', 'Technical Contact', 'EN', 'CUST-1040'),
  ('CON-0087', 'Ernst-August', 'Paffrath', 'giesshellmuth@example.net', '+49(0)6174451870', 'Mathematiker', 'End User', 'EN', 'CUST-1040'),
  ('CON-0088', 'Henny', 'Anders', 'abdullah64@example.org', '+49(0) 836702410', 'Elektroniker', 'Decision Maker', 'EN', 'CUST-1041'),
  ('CON-0089', 'Clemens', 'Gutknecht', 'lidiawinkler@example.net', '+49(0)2127 756185', 'Erzieher', 'End User', 'DE', 'CUST-1042'),
  ('CON-0090', 'Rouven', 'Mentzel', 'dominikmisicher@example.org', '+49 (0) 1003 236519', 'Fleischer', 'End User', 'FR', 'CUST-1043'),
  ('CON-0091', 'Simone', 'Bruder', 'bolzmannhans-rudolf@example.net', '02151 070296', 'Mechaniker', 'End User', 'DE', 'CUST-1043'),
  ('CON-0092', 'Diethard', 'Holt', 'aetzler@example.org', '(08380) 65787', 'Techniker', 'Decision Maker', 'FR', 'CUST-1044'),
  ('CON-0093', 'Siglinde', 'Rosemann', 'reinald42@example.org', '09304078593', 'Chirurgiemechaniker', 'Decision Maker', 'DE', 'CUST-1044'),
  ('CON-0094', 'Eckhardt', 'Hentschel', 'josereinhardt@example.net', '+49(0)3965223955', 'Asphaltbauer', 'Technical Contact', 'EN', 'CUST-1044'),
  ('CON-0095', 'Lea', 'Dörschner', 'victoria15@example.net', '(06915) 45226', 'Medizininformatiker', 'Decision Maker', 'EN', 'CUST-1045'),
  ('CON-0096', 'Hans-Christian', 'Schleich', 'sonia93@example.net', '(01725) 135521', 'Programmierer', 'End User', 'FR', 'CUST-1046'),
  ('CON-0097', 'Edelbert', 'Naser', 'gottholdmentzel@example.org', '+49(0)4054115262', 'Ausbaufacharbeiter', 'Decision Maker', 'EN', 'CUST-1047'),
  ('CON-0098', 'Bernadette', 'Davids', 'desiree97@example.net', '+49(0)6296201533', 'Pfleger', 'Decision Maker', 'FR', 'CUST-1047'),
  ('CON-0099', 'Werner', 'Niemeier', 'dino86@example.org', '06527047743', 'Florist', 'Technical Contact', 'EN', 'CUST-1048'),
  ('CON-0100', 'Carmela', 'Bolander', 'katalintextor@example.net', '+49(0)1586 938068', 'Pfleger', 'Decision Maker', 'EN', 'CUST-1048');
INSERT INTO ansprechpartner (ap_id, vorname, nachname, email_adresse, telefonnummer, position, funktion, sprache, kunde) VALUES
  ('CON-0101', 'Hajo', 'Geisel', 'manjagroettner@example.org', '+49(0)6163294511', 'Koreanistiker', 'Decision Maker', 'DE', 'CUST-1049'),
  ('CON-0102', 'Dagmar', 'Säuberlich', 'doeringcarin@example.org', '+49(0)8564 67997', 'Artist', 'Technical Contact', 'EN', 'CUST-1050'),
  ('CON-0103', 'H.-Dieter', 'Hofmann', 'nfechner@example.net', '(06065) 30745', 'Asphaltbauer', 'End User', 'EN', 'CUST-1050'),
  ('CON-0104', 'Miguel', 'Jähn', 'karl-juergen71@example.org', '+49 (0) 4754 691373', 'Pfleger', 'End User', 'FR', 'CUST-1050'),
  ('CON-0105', 'Paul', 'Mitschke', 'hschuster@example.net', '+49(0)3579727985', 'Techniker', 'End User', 'DE', 'CUST-1051'),
  ('CON-0106', 'Gottlieb', 'Heser', 'hoelzenbecherandrzej@example.com', '+49(0)2933334680', 'Altenpfleger', 'End User', 'DE', 'CUST-1051'),
  ('CON-0107', 'Desiree', 'Schlosser', 'kornelius17@example.org', '04544432830', 'Mechaniker', 'Decision Maker', 'DE', 'CUST-1052'),
  ('CON-0108', 'Gertrude', 'Juncken', 'irmtraudbauer@example.net', '04466 609935', 'Elektroniker', 'Technical Contact', 'FR', 'CUST-1052'),
  ('CON-0109', 'Maximilian', 'Köhler', 'cosima47@example.org', '00999 173816', 'Winzer', 'Technical Contact', 'EN', 'CUST-1053'),
  ('CON-0110', 'Toralf', 'Höfig', 'kirstinwohlgemut@example.org', '(02712) 966667', 'Koreanistiker', 'Decision Maker', 'EN', 'CUST-1054'),
  ('CON-0111', 'Adelbert', 'Bender', 'janettekoester@example.org', '08300335421', 'Koreanistiker', 'Decision Maker', 'EN', 'CUST-1054'),
  ('CON-0112', 'Almut', 'Schacht', 'gunar10@example.com', '+49(0)7898 56257', 'Techniker', 'Decision Maker', 'FR', 'CUST-1054'),
  ('CON-0113', 'Philipp', 'Schwital', 'kaethe89@example.org', '(00100) 167618', 'Fleischer', 'Decision Maker', 'EN', 'CUST-1055'),
  ('CON-0114', 'Alena', 'Gumprich', 'leopoldinehesse@example.net', '+49(0) 564208737', 'Programmierer', 'Technical Contact', 'EN', 'CUST-1056'),
  ('CON-0115', 'Horst-Günter', 'Adler', 'steckeldietmar@example.org', '(07218) 114374', 'Fleischer', 'End User', 'FR', 'CUST-1056'),
  ('CON-0116', 'Priska', 'Wagner', 'koehlermargarita@example.com', '+49 (0) 1667 467621', 'Binnenschiffer', 'Technical Contact', 'EN', 'CUST-1057'),
  ('CON-0117', 'Lutz', 'Aumann', 'zofiastaude@example.com', '08916 37562', 'Augenoptiker', 'End User', 'EN', 'CUST-1058'),
  ('CON-0118', 'Aleksandar', 'Seifert', 'amaliamoechlichen@example.com', '+49 (0) 1753 540838', 'Koreanistiker', 'End User', 'FR', 'CUST-1058'),
  ('CON-0119', 'Ron', 'Heinz', 'miestill@example.net', '01775 170166', 'Artist', 'Decision Maker', 'FR', 'CUST-1058'),
  ('CON-0120', 'Michaela', 'Metz', 'bruni99@example.com', '(05711) 30554', 'Winzer', 'End User', 'FR', 'CUST-1059'),
  ('CON-0121', 'Peter-Michael', 'Tintzmann', 'bienrosita@example.org', '02614 933163', 'Arzt', 'Decision Maker', 'EN', 'CUST-1059'),
  ('CON-0122', 'Mariechen', 'Zänker', 'irenekambs@example.org', '0091779827', 'Altenpfleger', 'End User', 'FR', 'CUST-1059'),
  ('CON-0123', 'Robin', 'Karz', 'torsten22@example.com', '(08485) 833394', 'Techniker', 'Technical Contact', 'DE', 'CUST-1060'),
  ('CON-0124', 'Sonia', 'Steinberg', 'ingeborgseip@example.org', '08515 87996', 'Forstwirt', 'Decision Maker', 'DE', 'CUST-1060'),
  ('CON-0125', 'Antonino', 'Klemt', 'ndobes@example.net', '03863 84066', 'Pfleger', 'End User', 'FR', 'CUST-1061'),
  ('CON-0126', 'Valeska', 'Zirme', 'waltraud80@example.org', '+49(0)3973 59893', 'Drogist', 'End User', 'EN', 'CUST-1061'),
  ('CON-0127', 'Klaus-Ulrich', 'Meister', 'haticebruder@example.org', '+49 (0) 8160 648422', 'Fleischer', 'Technical Contact', 'DE', 'CUST-1061'),
  ('CON-0128', 'Anne-Kathrin', 'Börner', 'senolring@example.net', '0153355543', 'Winzer', 'Technical Contact', 'FR', 'CUST-1062'),
  ('CON-0129', 'Roswita', 'Siering', 'marianpieper@example.org', '+49(0)2880 133613', 'Polizist', 'Technical Contact', 'DE', 'CUST-1063'),
  ('CON-0130', 'Frida', 'Boucsein', 'andremies@example.net', '00110248193', 'Fleischer', 'End User', 'FR', 'CUST-1063'),
  ('CON-0131', 'Rupert', 'Kraushaar', 'zschuchhardt@example.com', '00618091901', 'Techniker', 'Technical Contact', 'EN', 'CUST-1063'),
  ('CON-0132', 'Vesna', 'Schulz', 'korbinianstey@example.net', '(05088) 21009', 'Mechaniker', 'Decision Maker', 'EN', 'CUST-1064'),
  ('CON-0133', 'Arzu', 'Rogge', 'jaekelhasso@example.net', '03682223943', 'Beamter', 'Decision Maker', 'EN', 'CUST-1064'),
  ('CON-0134', 'Tomislav', 'Jüttner', 'henny92@example.net', '(05562) 053364', 'Mathematiker', 'Technical Contact', 'EN', 'CUST-1065'),
  ('CON-0135', 'Franz', 'Stiebitz', 'pia77@example.com', '04781291428', 'Drogist', 'Decision Maker', 'DE', 'CUST-1065'),
  ('CON-0136', 'Hellmuth', 'Wirth', 'frank-peter78@example.net', '+49(0)6580 392827', 'Chirurgiemechaniker', 'Technical Contact', 'FR', 'CUST-1066'),
  ('CON-0137', 'Uli', 'Bien', 'seipmarkus@example.org', '04498 92665', 'Ausbaufacharbeiter', 'End User', 'FR', 'CUST-1067'),
  ('CON-0138', 'Anna', 'Hermann', 'hhauffer@example.com', '05779082723', 'Ausbaufacharbeiter', 'End User', 'DE', 'CUST-1067'),
  ('CON-0139', 'Ferenc', 'Ruppersberger', 'franzschuchhardt@example.net', '+49(0)9202428699', 'Asphaltbauer', 'End User', 'FR', 'CUST-1068'),
  ('CON-0140', 'Priska', 'Tschentscher', 'trude13@example.com', '(07723) 692929', 'Schornsteinfeger', 'Technical Contact', 'FR', 'CUST-1068'),
  ('CON-0141', 'Josef', 'Geisel', 'sophia79@example.net', '+49(0)3662 103886', 'Chemikant', 'End User', 'FR', 'CUST-1068'),
  ('CON-0142', 'Ralf', 'Killer', 'loefflerfrank-peter@example.com', '03149 864300', 'Winzer', 'Technical Contact', 'DE', 'CUST-1069'),
  ('CON-0143', 'Erkan', 'Pölitz', 'kohlgeraldine@example.org', '06512694486', 'Mathematiker', 'Decision Maker', 'DE', 'CUST-1069'),
  ('CON-0144', 'Eleonore', 'Hofmann', 'nwende@example.com', '08725 88744', 'Techniker', 'End User', 'EN', 'CUST-1069'),
  ('CON-0145', 'Raphael', 'Kühnert', 'ingetraud90@example.org', '(07703) 84309', 'Schornsteinfeger', 'End User', 'DE', 'CUST-1070'),
  ('CON-0146', 'Ann', 'Thanel', 'elisabetgeisler@example.net', '+49(0)5302146566', 'Drogist', 'End User', 'EN', 'CUST-1070'),
  ('CON-0147', 'Anna-Luise', 'Austermühle', 'conradibetti@example.com', '09554 39376', 'Altenpfleger', 'Technical Contact', 'DE', 'CUST-1070'),
  ('CON-0148', 'Veli', 'Schaaf', 'nergereric@example.com', '+49(0)6335 658804', 'Fachinformatiker', 'Technical Contact', 'EN', 'CUST-1071'),
  ('CON-0149', 'Kenan', 'Davids', 'vsteinberg@example.com', '+49(0)8275 539423', 'Medizininformatiker', 'Decision Maker', 'DE', 'CUST-1071'),
  ('CON-0150', 'Jenny', 'Gute', 'jeanninehendriks@example.com', '+49(0) 333952111', 'Medizininformatiker', 'Technical Contact', 'FR', 'CUST-1071'),
  ('CON-0151', 'Karolin', 'Rust', 'bernwardputz@example.com', '08085 627187', 'Informatiker', 'Technical Contact', 'DE', 'CUST-1072'),
  ('CON-0152', 'Heike', 'Anders', 'steuerheiko@example.com', '(01559) 428434', 'Krankenschwester', 'End User', 'EN', 'CUST-1072'),
  ('CON-0153', 'Jo', 'Fischer', 'landers@example.com', '02885 744890', 'Mechaniker', 'End User', 'DE', 'CUST-1073'),
  ('CON-0154', 'Eckart', 'Stumpf', 'brunohande@example.com', '01754 558845', 'Asphaltbauer', 'Technical Contact', 'EN', 'CUST-1073'),
  ('CON-0155', 'Samir', 'Eberhardt', 'nurten93@example.net', '(08245) 587716', 'Forstwirt', 'End User', 'DE', 'CUST-1073'),
  ('CON-0156', 'Genoveva', 'Hornich', 'edelgard64@example.com', '09876220234', 'Bäcker', 'Decision Maker', 'DE', 'CUST-1074'),
  ('CON-0157', 'Heiko', 'Geisel', 'gdobes@example.org', '08006 811492', 'Bäcker', 'Technical Contact', 'FR', 'CUST-1074'),
  ('CON-0158', 'Gerda', 'Krebs', 'hermann34@example.com', '(02282) 00557', 'Arzt', 'End User', 'EN', 'CUST-1074'),
  ('CON-0159', 'Samuel', 'Heß', 'laurenzatzler@example.org', '02547 80774', 'Altenpfleger', 'End User', 'DE', 'CUST-1075'),
  ('CON-0160', 'Kreszenz', 'Losekann', 'dolores30@example.net', '03686632663', 'Fleischer', 'End User', 'FR', 'CUST-1075'),
  ('CON-0161', 'Hans-H.', 'Jungfer', 'flantzbenno@example.net', '+49(0)2144270312', 'Altenpfleger', 'Technical Contact', 'DE', 'CUST-1076'),
  ('CON-0162', 'Lene', 'Krein', 'ringwalther@example.org', '+49(0) 460136730', 'Drogist', 'Technical Contact', 'DE', 'CUST-1077'),
  ('CON-0163', 'Veli', 'Wähner', 'poelitzgislinde@example.org', '06452 088147', 'Friseur', 'Technical Contact', 'EN', 'CUST-1077'),
  ('CON-0164', 'Heidi', 'Schenk', 'pedrowinkler@example.org', '+49(0) 271950052', 'Bankkaufmann', 'Decision Maker', 'DE', 'CUST-1078'),
  ('CON-0165', 'Fedor', 'Neuschäfer', 'malteroht@example.net', '07306524077', 'Forstwirt', 'Technical Contact', 'FR', 'CUST-1078'),
  ('CON-0166', 'Elsa', 'Henck', 'irmingard18@example.com', '+49(0) 878294565', 'Beamter', 'Technical Contact', 'EN', 'CUST-1079'),
  ('CON-0167', 'Dursun', 'Preiß', 'beyermartina@example.org', '+49 (0) 0317 310967', 'Winzer', 'Decision Maker', 'DE', 'CUST-1079'),
  ('CON-0168', 'Artur', 'Wagner', 'jaehnczeslaw@example.org', '01138 63383', 'Designer', 'Technical Contact', 'FR', 'CUST-1080'),
  ('CON-0169', 'Britt', 'Weiß', 'gweinhold@example.net', '(05761) 228685', 'Chirurgiemechaniker', 'Technical Contact', 'DE', 'CUST-1080'),
  ('CON-0170', 'Philipp', 'Wilms', 'osman77@example.com', '+49(0)0490824043', 'Erzieher', 'End User', 'EN', 'CUST-1081'),
  ('CON-0171', 'Roger', 'Roskoth', 'jasminabuchholz@example.net', '07279194096', 'Bäcker', 'Decision Maker', 'EN', 'CUST-1082'),
  ('CON-0172', 'Lidia', 'Blümel', 'nico66@example.org', '+49(0) 906048058', 'Chemikant', 'Decision Maker', 'FR', 'CUST-1082'),
  ('CON-0173', 'Mato', 'Paffrath', 'gerhardtbinner@example.net', '0799813646', 'Chemikant', 'End User', 'EN', 'CUST-1082'),
  ('CON-0174', 'Hans-Theo', 'Neuschäfer', 'ksiering@example.org', '09833 14659', 'Bäcker', 'Technical Contact', 'FR', 'CUST-1083'),
  ('CON-0175', 'Enno', 'Steckel', 'xloechel@example.com', '+49(0) 559042597', 'Chemikant', 'Technical Contact', 'DE', 'CUST-1083'),
  ('CON-0176', 'Thies', 'Beyer', 'hans-walterstolze@example.com', '+49 (0) 1103 924051', 'Friseur', 'End User', 'DE', 'CUST-1083'),
  ('CON-0177', 'Jens-Peter', 'Geißler', 'hoelzenbecherhans-willi@example.net', '(04070) 164510', 'Forstwirt', 'End User', 'EN', 'CUST-1084'),
  ('CON-0178', 'Nurten', 'Seip', 'yheinrich@example.net', '+49(0)5798 123878', 'Asphaltbauer', 'Technical Contact', 'EN', 'CUST-1084'),
  ('CON-0179', 'Freddy', 'Christoph', 'rpoelitz@example.net', '(03639) 26495', 'Pilot', 'End User', 'DE', 'CUST-1085'),
  ('CON-0180', 'Sami', 'Jähn', 'oweinhage@example.net', '+49(0)2312 20994', 'Elektroniker', 'End User', 'DE', 'CUST-1086'),
  ('CON-0181', 'Stephanie', 'Hiller', 'vhartung@example.net', '+49(0) 312797573', 'Polizist', 'Decision Maker', 'DE', 'CUST-1087'),
  ('CON-0182', 'August', 'Henschel', 'cwaehner@example.net', '0803476447', 'Chirurgiemechaniker', 'Decision Maker', 'FR', 'CUST-1088'),
  ('CON-0183', 'Sigismund', 'Hornig', 'stumpfanna@example.org', '07181 298266', 'Informatiker', 'Decision Maker', 'FR', 'CUST-1088'),
  ('CON-0184', 'Tomas', 'Schulz', 'detlef86@example.net', '09268 60259', 'Chemikant', 'End User', 'DE', 'CUST-1089'),
  ('CON-0185', 'Gotthilf', 'Fiebig', 'krystynatrub@example.org', '0447421230', 'Fleischer', 'Decision Maker', 'FR', 'CUST-1089'),
  ('CON-0186', 'Berthold', 'Söding', 'arndt20@example.net', '(09451) 016224', 'Designer', 'Decision Maker', 'FR', 'CUST-1090'),
  ('CON-0187', 'Waltraud', 'Meyer', 'svetlana01@example.com', '05616814721', 'Florist', 'Technical Contact', 'EN', 'CUST-1090'),
  ('CON-0188', 'Maurice', 'Putz', 'npruschke@example.net', '+49(0) 901981794', 'Polizist', 'Decision Maker', 'DE', 'CUST-1090'),
  ('CON-0189', 'Fanny', 'Hahn', 'schwitalhans-wolfgang@example.net', '+49(0)4144 88501', 'Programmierer', 'Technical Contact', 'FR', 'CUST-1091'),
  ('CON-0190', 'Mirko', 'Kroker', 'gertzhans-karl@example.com', '07702727857', 'Pfleger', 'Decision Maker', 'FR', 'CUST-1091'),
  ('CON-0191', 'Ilka', 'Jopich', 'heydrichsebastian@example.org', '03574 384215', 'Artist', 'End User', 'EN', 'CUST-1092'),
  ('CON-0192', 'Leonore', 'Gutknecht', 'martinamalie@example.org', '08235 784521', 'Winzer', 'Decision Maker', 'FR', 'CUST-1092'),
  ('CON-0193', 'Cilly', 'Werner', 'felicia35@example.org', '+49(0) 448571422', 'Florist', 'End User', 'DE', 'CUST-1093'),
  ('CON-0194', 'Erdal', 'Austermühle', 'haeringbabette@example.com', '05424 93214', 'Programmierer', 'Technical Contact', 'FR', 'CUST-1093'),
  ('CON-0195', 'Francisco', 'Davids', 'ddietz@example.com', '(07733) 29456', 'Designer', 'End User', 'EN', 'CUST-1094'),
  ('CON-0196', 'Victor', 'Kühnert', 'nhenck@example.org', '02761 53966', 'Programmierer', 'Decision Maker', 'EN', 'CUST-1095'),
  ('CON-0197', 'Beatrice', 'Täsche', 'hajospiess@example.net', '+49(0)9719 975817', 'Designer', 'Technical Contact', 'EN', 'CUST-1095'),
  ('CON-0198', 'Leopold', 'Lachmann', 'scheuermannelias@example.net', '(06570) 132902', 'Chemikant', 'Decision Maker', 'FR', 'CUST-1095'),
  ('CON-0199', 'Betina', 'Bloch', 'tlustekbrunhilde@example.com', '+49(0)4036 965666', 'Polizist', 'Technical Contact', 'EN', 'CUST-1096'),
  ('CON-0200', 'Beatrix', 'Hahn', 'williametzold@example.org', '06562 42201', 'Asphaltbauer', 'End User', 'EN', 'CUST-1096');
INSERT INTO ansprechpartner (ap_id, vorname, nachname, email_adresse, telefonnummer, position, funktion, sprache, kunde) VALUES
  ('CON-0201', 'Friedrich', 'Ullmann', 'bsontag@example.org', '+49(0)2679 692786', 'Pilot', 'Decision Maker', 'DE', 'CUST-1096'),
  ('CON-0202', 'Ildiko', 'Koch', 'salzwolfhard@example.net', '+49(0)2847 818913', 'Krankenschwester', 'Decision Maker', 'FR', 'CUST-1097'),
  ('CON-0203', 'Leander', 'Vogt', 'burkard79@example.org', '(00490) 471281', 'Florist', 'Technical Contact', 'DE', 'CUST-1098'),
  ('CON-0204', 'Hans-Albert', 'Rädel', 'karzdennis@example.org', '(02766) 372395', 'Augenoptiker', 'Decision Maker', 'FR', 'CUST-1099'),
  ('CON-0205', 'Franca', 'Hettner', 'birnbaumgundolf@example.com', '0747836674', 'Chemikant', 'Decision Maker', 'FR', 'CUST-1099'),
  ('CON-0206', 'Annette', 'Lübs', 'hoevelsusana@example.com', '0580185694', 'Programmierer', 'Decision Maker', 'EN', 'CUST-1099'),
  ('CON-0207', 'Isolde', 'Hölzenbecher', 'hans-joerg00@example.net', '+49(0)0939 111926', 'Designer', 'Decision Maker', 'EN', 'CUST-1100');

CREATE TABLE assets ( asset_id text PRIMARY KEY, bezeichnung text, seriennr text, garantie_bis text, kd_ref text, projekt_ref text );

INSERT INTO assets (asset_id, bezeichnung, seriennr, garantie_bis, kd_ref, projekt_ref) VALUES
  ('AST-0001', 'Support Package', 'SN-68571795', '2028-08-26', 'CUST-1001', 'PROJ-0001'),
  ('AST-0002', 'Data Connector', 'SN-87388337', '2030-12-14', 'CUST-1001', 'PROJ-0001'),
  ('AST-0003', 'Support Package', 'SN-15957459', '2030-09-08', 'CUST-1001', 'PROJ-0002'),
  ('AST-0004', 'Support Package', 'SN-64009265', '2028-09-05', 'CUST-1002', 'PROJ-0003'),
  ('AST-0005', 'API Bundle', 'SN-35748341', '2029-02-07', 'CUST-1002', 'PROJ-0004'),
  ('AST-0006', 'Data Connector', 'SN-33357554', '2028-01-12', 'CUST-1002', 'PROJ-0005'),
  ('AST-0007', 'Support Package', 'SN-64502486', '2031-04-04', 'CUST-1002', 'PROJ-0005'),
  ('AST-0008', 'CRM Seat', 'SN-48089166', '2028-07-29', 'CUST-1003', 'PROJ-0005'),
  ('AST-0009', 'Support Package', 'SN-22534217', '2031-05-06', 'CUST-1003', 'PROJ-0007'),
  ('AST-0010', 'API Bundle', 'SN-61536717', '2027-12-31', 'CUST-1004', 'PROJ-0008'),
  ('AST-0011', 'Data Connector', 'SN-42747037', '2028-11-26', 'CUST-1004', 'PROJ-0003'),
  ('AST-0012', 'CRM Seat', 'SN-24305904', '2030-08-16', 'CUST-1004', 'PROJ-0007'),
  ('AST-0013', 'API Bundle', 'SN-33607110', '2029-10-29', 'CUST-1004', 'PROJ-0009'),
  ('AST-0014', 'Support Package', 'SN-79967676', '2027-11-07', 'CUST-1005', 'PROJ-0008'),
  ('AST-0015', 'API Bundle', 'SN-46855845', '2029-03-06', 'CUST-1005', 'PROJ-0008'),
  ('AST-0016', 'API Bundle', 'SN-18620650', '2029-10-13', 'CUST-1006', 'PROJ-0007'),
  ('AST-0017', 'Data Connector', 'SN-54410148', '2028-04-27', 'CUST-1006', 'PROJ-0009'),
  ('AST-0018', 'Data Connector', 'SN-75181765', '2028-11-07', 'CUST-1007', 'PROJ-0001'),
  ('AST-0019', 'Data Connector', 'SN-55114543', '2027-12-01', 'CUST-1007', 'PROJ-0011'),
  ('AST-0020', 'Data Connector', 'SN-32151928', '2030-03-08', 'CUST-1007', 'PROJ-0014'),
  ('AST-0021', 'Data Connector', 'SN-47346970', '2029-07-26', 'CUST-1008', 'PROJ-0014'),
  ('AST-0022', 'Support Package', 'SN-20993268', '2029-01-20', 'CUST-1008', 'PROJ-0016'),
  ('AST-0023', 'CRM Seat', 'SN-82399599', '2028-09-17', 'CUST-1008', 'PROJ-0002'),
  ('AST-0024', 'API Bundle', 'SN-26941092', '2027-10-08', 'CUST-1009', 'PROJ-0016'),
  ('AST-0025', 'CRM Seat', 'SN-85694715', '2029-04-26', 'CUST-1009', 'PROJ-0007'),
  ('AST-0026', 'Data Connector', 'SN-63238057', '2029-11-11', 'CUST-1010', 'PROJ-0007'),
  ('AST-0027', 'CRM Seat', 'SN-89470029', '2030-08-18', 'CUST-1010', 'PROJ-0008'),
  ('AST-0028', 'CRM Seat', 'SN-50477742', '2030-01-22', 'CUST-1010', 'PROJ-0004'),
  ('AST-0029', 'API Bundle', 'SN-68450095', '2028-12-05', 'CUST-1011', 'PROJ-0006'),
  ('AST-0030', 'Support Package', 'SN-92666356', '2030-05-08', 'CUST-1011', 'PROJ-0018'),
  ('AST-0031', 'Data Connector', 'SN-72394301', '2031-05-08', 'CUST-1011', 'PROJ-0014'),
  ('AST-0032', 'Support Package', 'SN-53258988', '2029-11-30', 'CUST-1011', 'PROJ-0008'),
  ('AST-0033', 'Support Package', 'SN-55679506', '2028-07-24', 'CUST-1012', 'PROJ-0009'),
  ('AST-0034', 'Support Package', 'SN-84597009', '2031-02-03', 'CUST-1012', 'PROJ-0001'),
  ('AST-0035', 'API Bundle', 'SN-21490777', '2028-01-23', 'CUST-1012', 'PROJ-0008'),
  ('AST-0036', 'Support Package', 'SN-57219209', '2030-12-18', 'CUST-1013', 'PROJ-0023'),
  ('AST-0037', 'Data Connector', 'SN-46361787', '2027-08-24', 'CUST-1013', 'PROJ-0010'),
  ('AST-0038', 'Support Package', 'SN-40942292', '2029-01-07', 'CUST-1013', 'PROJ-0004'),
  ('AST-0039', 'API Bundle', 'SN-52352128', '2028-12-18', 'CUST-1013', 'PROJ-0004'),
  ('AST-0040', 'CRM Seat', 'SN-17318358', '2030-05-05', 'CUST-1014', 'PROJ-0018'),
  ('AST-0041', 'Support Package', 'SN-26948946', '2028-02-20', 'CUST-1014', 'PROJ-0021'),
  ('AST-0042', 'Data Connector', 'SN-23769080', '2029-03-31', 'CUST-1014', 'PROJ-0001'),
  ('AST-0043', 'CRM Seat', 'SN-30364454', '2030-04-23', 'CUST-1015', 'PROJ-0005'),
  ('AST-0044', 'API Bundle', 'SN-45520201', '2027-11-05', 'CUST-1016', 'PROJ-0022'),
  ('AST-0045', 'CRM Seat', 'SN-31079846', '2030-01-13', 'CUST-1016', 'PROJ-0008'),
  ('AST-0046', 'CRM Seat', 'SN-41329612', '2027-10-06', 'CUST-1017', 'PROJ-0030'),
  ('AST-0047', 'Support Package', 'SN-93893865', '2027-09-17', 'CUST-1017', 'PROJ-0019'),
  ('AST-0048', 'API Bundle', 'SN-67061186', '2029-03-25', 'CUST-1017', 'PROJ-0004'),
  ('AST-0049', 'API Bundle', 'SN-96924061', '2029-05-29', 'CUST-1017', 'PROJ-0005'),
  ('AST-0050', 'Support Package', 'SN-91029073', '2029-03-12', 'CUST-1018', 'PROJ-0017'),
  ('AST-0051', 'CRM Seat', 'SN-22257687', '2031-01-01', 'CUST-1018', 'PROJ-0015'),
  ('AST-0052', 'CRM Seat', 'SN-46173157', '2030-05-19', 'CUST-1018', 'PROJ-0003'),
  ('AST-0053', 'API Bundle', 'SN-73149551', '2030-07-11', 'CUST-1018', 'PROJ-0034'),
  ('AST-0054', 'Data Connector', 'SN-21819185', '2027-09-05', 'CUST-1019', 'PROJ-0021'),
  ('AST-0055', 'Data Connector', 'SN-16927215', '2030-03-30', 'CUST-1020', 'PROJ-0014'),
  ('AST-0056', 'Support Package', 'SN-83715012', '2029-11-29', 'CUST-1020', 'PROJ-0009'),
  ('AST-0057', 'Support Package', 'SN-68802946', '2028-03-28', 'CUST-1020', 'PROJ-0032'),
  ('AST-0058', 'CRM Seat', 'SN-13874790', '2028-06-16', 'CUST-1020', 'PROJ-0016'),
  ('AST-0059', 'Data Connector', 'SN-49172995', '2028-08-14', 'CUST-1021', 'PROJ-0033'),
  ('AST-0060', 'Support Package', 'SN-65766169', '2028-08-11', 'CUST-1021', 'PROJ-0031'),
  ('AST-0061', 'API Bundle', 'SN-69934576', '2030-06-27', 'CUST-1022', 'PROJ-0035'),
  ('AST-0062', 'Data Connector', 'SN-56321751', '2031-04-15', 'CUST-1022', 'PROJ-0022'),
  ('AST-0063', 'Data Connector', 'SN-71115319', '2028-09-05', 'CUST-1022', 'PROJ-0021'),
  ('AST-0064', 'API Bundle', 'SN-42051937', '2030-05-13', 'CUST-1022', 'PROJ-0037'),
  ('AST-0065', 'Data Connector', 'SN-97883261', '2029-04-14', 'CUST-1023', 'PROJ-0010'),
  ('AST-0066', 'CRM Seat', 'SN-73013961', '2029-07-10', 'CUST-1023', 'PROJ-0017'),
  ('AST-0067', 'CRM Seat', 'SN-41510328', '2029-08-25', 'CUST-1024', 'PROJ-0041'),
  ('AST-0068', 'Support Package', 'SN-58112135', '2028-12-23', 'CUST-1025', 'PROJ-0024'),
  ('AST-0069', 'API Bundle', 'SN-71894493', '2030-06-28', 'CUST-1026', 'PROJ-0041'),
  ('AST-0070', 'Support Package', 'SN-71682508', '2031-02-16', 'CUST-1026', 'PROJ-0017'),
  ('AST-0071', 'API Bundle', 'SN-61632653', '2029-02-13', 'CUST-1027', 'PROJ-0031'),
  ('AST-0072', 'CRM Seat', 'SN-41837210', '2030-11-03', 'CUST-1027', 'PROJ-0025'),
  ('AST-0073', 'Support Package', 'SN-87149951', '2028-05-25', 'CUST-1027', 'PROJ-0019'),
  ('AST-0074', 'Support Package', 'SN-98473848', '2030-11-26', 'CUST-1028', 'PROJ-0044'),
  ('AST-0075', 'API Bundle', 'SN-94322033', '2027-11-08', 'CUST-1028', 'PROJ-0007'),
  ('AST-0076', 'API Bundle', 'SN-44489940', '2029-01-11', 'CUST-1029', 'PROJ-0053'),
  ('AST-0077', 'Data Connector', 'SN-49613214', '2028-11-29', 'CUST-1029', 'PROJ-0048'),
  ('AST-0078', 'Support Package', 'SN-25457816', '2027-11-02', 'CUST-1029', 'PROJ-0030'),
  ('AST-0079', 'API Bundle', 'SN-96926431', '2029-05-29', 'CUST-1030', 'PROJ-0005'),
  ('AST-0080', 'Data Connector', 'SN-50559278', '2027-10-12', 'CUST-1030', 'PROJ-0042'),
  ('AST-0081', 'Data Connector', 'SN-25659979', '2028-06-23', 'CUST-1030', 'PROJ-0009'),
  ('AST-0082', 'CRM Seat', 'SN-59731689', '2029-09-02', 'CUST-1031', 'PROJ-0014'),
  ('AST-0083', 'Data Connector', 'SN-69686067', '2031-04-14', 'CUST-1031', 'PROJ-0061'),
  ('AST-0084', 'API Bundle', 'SN-58678896', '2029-04-26', 'CUST-1031', 'PROJ-0007'),
  ('AST-0085', 'CRM Seat', 'SN-84384510', '2030-04-04', 'CUST-1032', 'PROJ-0027'),
  ('AST-0086', 'API Bundle', 'SN-41272553', '2028-09-29', 'CUST-1032', 'PROJ-0043'),
  ('AST-0087', 'API Bundle', 'SN-89034501', '2030-06-25', 'CUST-1033', 'PROJ-0042'),
  ('AST-0088', 'CRM Seat', 'SN-33386929', '2030-09-15', 'CUST-1033', 'PROJ-0034'),
  ('AST-0089', 'CRM Seat', 'SN-27013243', '2027-09-21', 'CUST-1033', 'PROJ-0054'),
  ('AST-0090', 'Data Connector', 'SN-63904155', '2030-03-18', 'CUST-1034', 'PROJ-0055'),
  ('AST-0091', 'CRM Seat', 'SN-97874085', '2030-12-08', 'CUST-1035', 'PROJ-0071'),
  ('AST-0092', 'Support Package', 'SN-27463800', '2029-11-05', 'CUST-1036', 'PROJ-0072'),
  ('AST-0093', 'Data Connector', 'SN-40097636', '2027-10-26', 'CUST-1037', 'PROJ-0014'),
  ('AST-0094', 'Support Package', 'SN-84660688', '2027-11-15', 'CUST-1037', 'PROJ-0048'),
  ('AST-0095', 'Support Package', 'SN-57113566', '2029-08-28', 'CUST-1038', 'PROJ-0001'),
  ('AST-0096', 'API Bundle', 'SN-29226889', '2028-02-29', 'CUST-1038', 'PROJ-0073'),
  ('AST-0097', 'Data Connector', 'SN-19339597', '2029-05-10', 'CUST-1038', 'PROJ-0019'),
  ('AST-0098', 'CRM Seat', 'SN-46521025', '2030-11-28', 'CUST-1039', 'PROJ-0057'),
  ('AST-0099', 'Data Connector', 'SN-90440034', '2029-08-21', 'CUST-1040', 'PROJ-0008'),
  ('AST-0100', 'CRM Seat', 'SN-37437207', '2030-01-06', 'CUST-1040', 'PROJ-0039');
INSERT INTO assets (asset_id, bezeichnung, seriennr, garantie_bis, kd_ref, projekt_ref) VALUES
  ('AST-0101', 'Data Connector', 'SN-15677713', '2028-07-23', 'CUST-1041', 'PROJ-0056'),
  ('AST-0102', 'CRM Seat', 'SN-68614462', '2028-07-06', 'CUST-1042', 'PROJ-0014'),
  ('AST-0103', 'API Bundle', 'SN-68475513', '2031-06-08', 'CUST-1042', 'PROJ-0076'),
  ('AST-0104', 'Data Connector', 'SN-80325062', '2027-08-06', 'CUST-1042', 'PROJ-0011'),
  ('AST-0105', 'API Bundle', 'SN-23798190', '2031-01-01', 'CUST-1043', 'PROJ-0019'),
  ('AST-0106', 'Support Package', 'SN-36477373', '2029-05-21', 'CUST-1043', 'PROJ-0023'),
  ('AST-0107', 'Support Package', 'SN-71974027', '2031-02-21', 'CUST-1044', 'PROJ-0058'),
  ('AST-0108', 'Support Package', 'SN-91202508', '2030-07-22', 'CUST-1045', 'PROJ-0061'),
  ('AST-0109', 'API Bundle', 'SN-18304547', '2029-09-28', 'CUST-1045', 'PROJ-0058'),
  ('AST-0110', 'Support Package', 'SN-47969333', '2029-06-11', 'CUST-1046', 'PROJ-0050'),
  ('AST-0111', 'Data Connector', 'SN-55414869', '2028-12-26', 'CUST-1046', 'PROJ-0087'),
  ('AST-0112', 'CRM Seat', 'SN-94676162', '2029-08-27', 'CUST-1046', 'PROJ-0083'),
  ('AST-0113', 'Data Connector', 'SN-96368203', '2029-05-13', 'CUST-1047', 'PROJ-0102'),
  ('AST-0114', 'Support Package', 'SN-27152188', '2027-12-07', 'CUST-1047', 'PROJ-0086'),
  ('AST-0115', 'CRM Seat', 'SN-96707983', '2030-08-11', 'CUST-1047', 'PROJ-0086'),
  ('AST-0116', 'CRM Seat', 'SN-78140959', '2029-12-14', 'CUST-1048', 'PROJ-0099'),
  ('AST-0117', 'CRM Seat', 'SN-98842638', '2027-12-14', 'CUST-1048', 'PROJ-0044'),
  ('AST-0118', 'API Bundle', 'SN-90161060', '2030-07-02', 'CUST-1048', 'PROJ-0049'),
  ('AST-0119', 'Data Connector', 'SN-41407343', '2029-02-24', 'CUST-1049', 'PROJ-0069'),
  ('AST-0120', 'API Bundle', 'SN-51536077', '2029-02-16', 'CUST-1049', 'PROJ-0104'),
  ('AST-0121', 'Data Connector', 'SN-36040410', '2028-01-24', 'CUST-1049', 'PROJ-0048'),
  ('AST-0122', 'CRM Seat', 'SN-31516757', '2027-09-03', 'CUST-1050', 'PROJ-0035'),
  ('AST-0123', 'Data Connector', 'SN-78901038', '2028-11-29', 'CUST-1050', 'PROJ-0019'),
  ('AST-0124', 'Data Connector', 'SN-22309586', '2028-04-07', 'CUST-1050', 'PROJ-0029'),
  ('AST-0125', 'Data Connector', 'SN-70210270', '2030-10-30', 'CUST-1051', 'PROJ-0079'),
  ('AST-0126', 'CRM Seat', 'SN-20633503', '2029-09-19', 'CUST-1051', 'PROJ-0003'),
  ('AST-0127', 'API Bundle', 'SN-49093864', '2028-09-12', 'CUST-1052', 'PROJ-0055'),
  ('AST-0128', 'CRM Seat', 'SN-92518345', '2030-08-16', 'CUST-1052', 'PROJ-0046'),
  ('AST-0129', 'Data Connector', 'SN-60103798', '2027-09-14', 'CUST-1053', 'PROJ-0033'),
  ('AST-0130', 'Data Connector', 'SN-94790150', '2029-06-28', 'CUST-1054', 'PROJ-0024'),
  ('AST-0131', 'API Bundle', 'SN-18469210', '2027-12-18', 'CUST-1054', 'PROJ-0092'),
  ('AST-0132', 'Data Connector', 'SN-14963880', '2030-04-25', 'CUST-1054', 'PROJ-0038'),
  ('AST-0133', 'API Bundle', 'SN-15879578', '2030-08-22', 'CUST-1054', 'PROJ-0102'),
  ('AST-0134', 'CRM Seat', 'SN-59394697', '2029-12-10', 'CUST-1055', 'PROJ-0056'),
  ('AST-0135', 'Data Connector', 'SN-69020451', '2028-08-08', 'CUST-1055', 'PROJ-0115'),
  ('AST-0136', 'Data Connector', 'SN-55504725', '2030-08-11', 'CUST-1055', 'PROJ-0024'),
  ('AST-0137', 'Data Connector', 'SN-90882505', '2028-11-25', 'CUST-1056', 'PROJ-0092'),
  ('AST-0138', 'Data Connector', 'SN-32366682', '2029-03-22', 'CUST-1056', 'PROJ-0089'),
  ('AST-0139', 'Data Connector', 'SN-57183837', '2029-12-16', 'CUST-1056', 'PROJ-0058'),
  ('AST-0140', 'API Bundle', 'SN-19023909', '2028-07-08', 'CUST-1057', 'PROJ-0031'),
  ('AST-0141', 'Data Connector', 'SN-52196099', '2028-10-31', 'CUST-1058', 'PROJ-0084'),
  ('AST-0142', 'Support Package', 'SN-43502308', '2030-10-09', 'CUST-1058', 'PROJ-0015'),
  ('AST-0143', 'CRM Seat', 'SN-34970946', '2030-09-27', 'CUST-1058', 'PROJ-0064'),
  ('AST-0144', 'CRM Seat', 'SN-83819367', '2029-11-27', 'CUST-1059', 'PROJ-0070'),
  ('AST-0145', 'Support Package', 'SN-50259503', '2030-03-29', 'CUST-1059', 'PROJ-0109'),
  ('AST-0146', 'API Bundle', 'SN-95590648', '2028-06-18', 'CUST-1059', 'PROJ-0023'),
  ('AST-0147', 'Support Package', 'SN-63440127', '2030-06-27', 'CUST-1060', 'PROJ-0092'),
  ('AST-0148', 'CRM Seat', 'SN-26664623', '2027-10-06', 'CUST-1061', 'PROJ-0040'),
  ('AST-0149', 'Support Package', 'SN-32099899', '2030-04-20', 'CUST-1061', 'PROJ-0042'),
  ('AST-0150', 'Support Package', 'SN-40262109', '2029-07-28', 'CUST-1061', 'PROJ-0089'),
  ('AST-0151', 'Support Package', 'SN-20584397', '2031-04-20', 'CUST-1061', 'PROJ-0065'),
  ('AST-0152', 'CRM Seat', 'SN-13808225', '2030-09-06', 'CUST-1062', 'PROJ-0021'),
  ('AST-0153', 'CRM Seat', 'SN-96094462', '2029-04-02', 'CUST-1062', 'PROJ-0068'),
  ('AST-0154', 'API Bundle', 'SN-86790955', '2027-08-25', 'CUST-1062', 'PROJ-0107'),
  ('AST-0155', 'Data Connector', 'SN-37383505', '2028-01-07', 'CUST-1063', 'PROJ-0088'),
  ('AST-0156', 'API Bundle', 'SN-51954112', '2029-01-13', 'CUST-1063', 'PROJ-0082'),
  ('AST-0157', 'Support Package', 'SN-63514837', '2030-08-30', 'CUST-1063', 'PROJ-0034'),
  ('AST-0158', 'Support Package', 'SN-79119463', '2029-08-27', 'CUST-1063', 'PROJ-0028'),
  ('AST-0159', 'API Bundle', 'SN-31386576', '2029-12-13', 'CUST-1064', 'PROJ-0128'),
  ('AST-0160', 'Data Connector', 'SN-76942394', '2031-01-27', 'CUST-1064', 'PROJ-0079'),
  ('AST-0161', 'Data Connector', 'SN-13110670', '2028-09-28', 'CUST-1064', 'PROJ-0024'),
  ('AST-0162', 'Support Package', 'SN-59093843', '2030-07-28', 'CUST-1065', 'PROJ-0104'),
  ('AST-0163', 'Support Package', 'SN-16072331', '2028-12-07', 'CUST-1065', 'PROJ-0103'),
  ('AST-0164', 'API Bundle', 'SN-22976369', '2029-05-08', 'CUST-1066', 'PROJ-0101'),
  ('AST-0165', 'Support Package', 'SN-92284610', '2029-02-11', 'CUST-1067', 'PROJ-0082'),
  ('AST-0166', 'API Bundle', 'SN-62741471', '2028-06-12', 'CUST-1067', 'PROJ-0077'),
  ('AST-0167', 'API Bundle', 'SN-16892773', '2028-05-22', 'CUST-1068', 'PROJ-0123'),
  ('AST-0168', 'API Bundle', 'SN-80361272', '2030-09-06', 'CUST-1068', 'PROJ-0098'),
  ('AST-0169', 'API Bundle', 'SN-42507072', '2030-08-18', 'CUST-1068', 'PROJ-0009'),
  ('AST-0170', 'Support Package', 'SN-33244151', '2027-09-23', 'CUST-1069', 'PROJ-0118'),
  ('AST-0171', 'Support Package', 'SN-83319550', '2028-05-11', 'CUST-1069', 'PROJ-0091'),
  ('AST-0172', 'Support Package', 'SN-91883092', '2027-10-16', 'CUST-1069', 'PROJ-0124'),
  ('AST-0173', 'API Bundle', 'SN-43087238', '2027-08-16', 'CUST-1069', 'PROJ-0072'),
  ('AST-0174', 'CRM Seat', 'SN-56488123', '2030-07-02', 'CUST-1070', 'PROJ-0114'),
  ('AST-0175', 'Support Package', 'SN-74300930', '2031-04-26', 'CUST-1070', 'PROJ-0055'),
  ('AST-0176', 'API Bundle', 'SN-82286705', '2029-04-22', 'CUST-1070', 'PROJ-0070'),
  ('AST-0177', 'Data Connector', 'SN-23494908', '2030-07-12', 'CUST-1071', 'PROJ-0036'),
  ('AST-0178', 'CRM Seat', 'SN-83867070', '2029-07-07', 'CUST-1071', 'PROJ-0041'),
  ('AST-0179', 'Data Connector', 'SN-97629787', '2029-01-23', 'CUST-1071', 'PROJ-0122'),
  ('AST-0180', 'API Bundle', 'SN-48851599', '2029-09-10', 'CUST-1072', 'PROJ-0010'),
  ('AST-0181', 'CRM Seat', 'SN-50049524', '2030-11-24', 'CUST-1072', 'PROJ-0146'),
  ('AST-0182', 'CRM Seat', 'SN-54968591', '2028-04-03', 'CUST-1072', 'PROJ-0073'),
  ('AST-0183', 'Data Connector', 'SN-96075494', '2030-09-02', 'CUST-1072', 'PROJ-0140'),
  ('AST-0184', 'Support Package', 'SN-49597485', '2028-09-21', 'CUST-1073', 'PROJ-0146'),
  ('AST-0185', 'API Bundle', 'SN-69959826', '2029-05-25', 'CUST-1074', 'PROJ-0069'),
  ('AST-0186', 'Support Package', 'SN-50526484', '2028-05-18', 'CUST-1074', 'PROJ-0150'),
  ('AST-0187', 'CRM Seat', 'SN-45105069', '2027-10-30', 'CUST-1074', 'PROJ-0093'),
  ('AST-0188', 'API Bundle', 'SN-18338186', '2028-09-13', 'CUST-1074', 'PROJ-0031'),
  ('AST-0189', 'Support Package', 'SN-65813853', '2030-01-07', 'CUST-1075', 'PROJ-0141'),
  ('AST-0190', 'Data Connector', 'SN-82144402', '2029-12-10', 'CUST-1075', 'PROJ-0056'),
  ('AST-0191', 'API Bundle', 'SN-89968863', '2028-07-23', 'CUST-1075', 'PROJ-0021'),
  ('AST-0192', 'Data Connector', 'SN-80890196', '2029-12-17', 'CUST-1075', 'PROJ-0093'),
  ('AST-0193', 'CRM Seat', 'SN-37568520', '2028-10-16', 'CUST-1076', 'PROJ-0150'),
  ('AST-0194', 'Data Connector', 'SN-22205980', '2030-11-05', 'CUST-1076', 'PROJ-0131'),
  ('AST-0195', 'Data Connector', 'SN-17467311', '2031-04-12', 'CUST-1076', 'PROJ-0117'),
  ('AST-0196', 'API Bundle', 'SN-78886959', '2027-09-11', 'CUST-1076', 'PROJ-0107'),
  ('AST-0197', 'Data Connector', 'SN-14259382', '2030-03-27', 'CUST-1077', 'PROJ-0074'),
  ('AST-0198', 'API Bundle', 'SN-10466177', '2029-12-13', 'CUST-1078', 'PROJ-0006'),
  ('AST-0199', 'Support Package', 'SN-72143331', '2028-12-04', 'CUST-1078', 'PROJ-0140'),
  ('AST-0200', 'CRM Seat', 'SN-89717834', '2028-07-14', 'CUST-1079', 'PROJ-0009');
INSERT INTO assets (asset_id, bezeichnung, seriennr, garantie_bis, kd_ref, projekt_ref) VALUES
  ('AST-0201', 'API Bundle', 'SN-87324220', '2028-10-06', 'CUST-1080', 'PROJ-0082'),
  ('AST-0202', 'Support Package', 'SN-41796721', '2028-06-07', 'CUST-1080', 'PROJ-0078'),
  ('AST-0203', 'API Bundle', 'SN-98612211', '2029-08-27', 'CUST-1080', 'PROJ-0134'),
  ('AST-0204', 'Support Package', 'SN-65878146', '2029-10-19', 'CUST-1081', 'PROJ-0105'),
  ('AST-0205', 'API Bundle', 'SN-50250352', '2028-05-27', 'CUST-1081', 'PROJ-0097'),
  ('AST-0206', 'API Bundle', 'SN-82199509', '2030-09-18', 'CUST-1081', 'PROJ-0122'),
  ('AST-0207', 'API Bundle', 'SN-40245233', '2027-11-03', 'CUST-1081', 'PROJ-0077'),
  ('AST-0208', 'CRM Seat', 'SN-81891784', '2030-04-06', 'CUST-1082', 'PROJ-0049'),
  ('AST-0209', 'CRM Seat', 'SN-46032304', '2030-07-09', 'CUST-1082', 'PROJ-0097'),
  ('AST-0210', 'CRM Seat', 'SN-19768947', '2029-05-24', 'CUST-1082', 'PROJ-0049'),
  ('AST-0211', 'API Bundle', 'SN-91121400', '2030-02-22', 'CUST-1083', 'PROJ-0053'),
  ('AST-0212', 'Data Connector', 'SN-42122457', '2028-12-23', 'CUST-1083', 'PROJ-0142'),
  ('AST-0213', 'Support Package', 'SN-47991562', '2031-02-04', 'CUST-1083', 'PROJ-0098'),
  ('AST-0214', 'Data Connector', 'SN-81625307', '2029-07-30', 'CUST-1083', 'PROJ-0092'),
  ('AST-0215', 'API Bundle', 'SN-12176998', '2028-11-02', 'CUST-1084', 'PROJ-0067'),
  ('AST-0216', 'Data Connector', 'SN-49620038', '2029-01-15', 'CUST-1084', 'PROJ-0040'),
  ('AST-0217', 'CRM Seat', 'SN-80322629', '2030-12-28', 'CUST-1085', 'PROJ-0009'),
  ('AST-0218', 'CRM Seat', 'SN-99686372', '2029-02-15', 'CUST-1085', 'PROJ-0013'),
  ('AST-0219', 'Data Connector', 'SN-12111482', '2028-02-16', 'CUST-1086', 'PROJ-0002'),
  ('AST-0220', 'Data Connector', 'SN-11590610', '2028-05-17', 'CUST-1086', 'PROJ-0005'),
  ('AST-0221', 'Support Package', 'SN-81905550', '2029-02-07', 'CUST-1086', 'PROJ-0074'),
  ('AST-0222', 'CRM Seat', 'SN-77406294', '2031-05-07', 'CUST-1086', 'PROJ-0111'),
  ('AST-0223', 'API Bundle', 'SN-40314047', '2030-08-14', 'CUST-1087', 'PROJ-0077'),
  ('AST-0224', 'CRM Seat', 'SN-97742922', '2029-07-21', 'CUST-1087', 'PROJ-0167'),
  ('AST-0225', 'CRM Seat', 'SN-22549425', '2029-04-11', 'CUST-1087', 'PROJ-0104'),
  ('AST-0226', 'Data Connector', 'SN-60622842', '2030-10-12', 'CUST-1087', 'PROJ-0142'),
  ('AST-0227', 'API Bundle', 'SN-38375916', '2027-12-05', 'CUST-1088', 'PROJ-0146'),
  ('AST-0228', 'Data Connector', 'SN-82553061', '2028-04-20', 'CUST-1089', 'PROJ-0085'),
  ('AST-0229', 'Data Connector', 'SN-28783850', '2028-03-18', 'CUST-1089', 'PROJ-0177'),
  ('AST-0230', 'Data Connector', 'SN-34929311', '2031-06-20', 'CUST-1090', 'PROJ-0175'),
  ('AST-0231', 'Data Connector', 'SN-21501669', '2029-02-15', 'CUST-1090', 'PROJ-0159'),
  ('AST-0232', 'Support Package', 'SN-43077929', '2028-10-21', 'CUST-1090', 'PROJ-0019'),
  ('AST-0233', 'CRM Seat', 'SN-45966597', '2029-09-17', 'CUST-1090', 'PROJ-0040'),
  ('AST-0234', 'Data Connector', 'SN-23863742', '2029-01-11', 'CUST-1091', 'PROJ-0007'),
  ('AST-0235', 'CRM Seat', 'SN-57501571', '2029-11-07', 'CUST-1091', 'PROJ-0142'),
  ('AST-0236', 'CRM Seat', 'SN-90117857', '2030-12-06', 'CUST-1091', 'PROJ-0154'),
  ('AST-0237', 'Support Package', 'SN-61705758', '2030-06-24', 'CUST-1091', 'PROJ-0004'),
  ('AST-0238', 'Data Connector', 'SN-47038975', '2030-02-08', 'CUST-1092', 'PROJ-0108'),
  ('AST-0239', 'Support Package', 'SN-74992426', '2028-09-20', 'CUST-1092', 'PROJ-0020'),
  ('AST-0240', 'Support Package', 'SN-53038948', '2030-06-30', 'CUST-1093', 'PROJ-0155'),
  ('AST-0241', 'API Bundle', 'SN-74291599', '2029-05-02', 'CUST-1093', 'PROJ-0081'),
  ('AST-0242', 'CRM Seat', 'SN-71957885', '2027-10-03', 'CUST-1094', 'PROJ-0182'),
  ('AST-0243', 'API Bundle', 'SN-68848427', '2028-09-05', 'CUST-1094', 'PROJ-0075'),
  ('AST-0244', 'CRM Seat', 'SN-24679315', '2027-12-25', 'CUST-1095', 'PROJ-0064'),
  ('AST-0245', 'Support Package', 'SN-32325574', '2028-08-24', 'CUST-1095', 'PROJ-0166'),
  ('AST-0246', 'CRM Seat', 'SN-85594147', '2028-12-12', 'CUST-1095', 'PROJ-0166'),
  ('AST-0247', 'Support Package', 'SN-13296743', '2031-05-21', 'CUST-1096', 'PROJ-0124'),
  ('AST-0248', 'CRM Seat', 'SN-49652241', '2029-09-29', 'CUST-1096', 'PROJ-0107'),
  ('AST-0249', 'CRM Seat', 'SN-50300763', '2028-02-21', 'CUST-1097', 'PROJ-0012'),
  ('AST-0250', 'CRM Seat', 'SN-13031322', '2030-04-02', 'CUST-1097', 'PROJ-0088'),
  ('AST-0251', 'CRM Seat', 'SN-32059232', '2029-11-11', 'CUST-1097', 'PROJ-0190'),
  ('AST-0252', 'CRM Seat', 'SN-92424037', '2028-12-13', 'CUST-1098', 'PROJ-0051'),
  ('AST-0253', 'Data Connector', 'SN-89484162', '2028-03-04', 'CUST-1098', 'PROJ-0110'),
  ('AST-0254', 'Data Connector', 'SN-10597274', '2030-08-08', 'CUST-1098', 'PROJ-0181'),
  ('AST-0255', 'API Bundle', 'SN-37619925', '2028-06-01', 'CUST-1098', 'PROJ-0072'),
  ('AST-0256', 'Support Package', 'SN-71453007', '2029-07-28', 'CUST-1099', 'PROJ-0159'),
  ('AST-0257', 'API Bundle', 'SN-49922369', '2030-03-19', 'CUST-1099', 'PROJ-0158'),
  ('AST-0258', 'CRM Seat', 'SN-27978165', '2028-11-16', 'CUST-1099', 'PROJ-0081'),
  ('AST-0259', 'API Bundle', 'SN-87149161', '2031-06-15', 'CUST-1100', 'PROJ-0099'),
  ('AST-0260', 'Data Connector', 'SN-34931439', '2030-07-20', 'CUST-1100', 'PROJ-0125'),
  ('AST-0261', 'API Bundle', 'SN-84479105', '2030-03-29', 'CUST-1100', 'PROJ-0043'),
  ('AST-0262', 'Data Connector', 'SN-48766747', '2030-02-21', 'CUST-1100', 'PROJ-0036');

CREATE TABLE chancen ( chance_id text PRIMARY KEY, bezeichnung text, phase text, abschlussdatum text, volumen double precision, waehrung text, kd_nr text );

INSERT INTO chancen (chance_id, bezeichnung, phase, abschlussdatum, volumen, waehrung, kd_nr) VALUES
  ('OPP-0001', 'Extend Next-Generation Roi', 'Closed Won', '2025-01-27', 57677.51, 'EUR', 'CUST-1001'),
  ('OPP-0002', 'Disintermediate Back-End Applications', 'Closed Won', '2025-08-12', 132232.73, 'EUR', 'CUST-1002'),
  ('OPP-0003', 'Whiteboard Out-Of-The-Box Platforms', 'Closed Won', '2026-06-30', 188830.85, 'EUR', 'CUST-1002'),
  ('OPP-0004', 'Empower Robust Relationships', 'Closed Lost', '2025-02-14', 236798.85, 'EUR', 'CUST-1003'),
  ('OPP-0005', 'Grow Web-Enabled Relationships', 'Closed Won', '2024-10-07', 142171.52, 'EUR', 'CUST-1003'),
  ('OPP-0006', 'Benchmark Killer E-Services', 'Qualification', '2025-06-16', 48469.42, 'EUR', 'CUST-1004'),
  ('OPP-0007', 'Orchestrate Clicks-And-Mortar Niches', 'Prospecting', '2027-01-17', 77228.55, 'EUR', 'CUST-1004'),
  ('OPP-0008', 'Enable Efficient E-Business', 'Qualification', '2026-05-15', 241417.9, 'EUR', 'CUST-1005'),
  ('OPP-0009', 'Engage World-Class Architectures', 'Closed Won', '2027-06-16', 285261.68, 'EUR', 'CUST-1005'),
  ('OPP-0010', 'Mesh Distributed Bandwidth', 'Closed Lost', '2025-12-27', 185732.44, 'EUR', 'CUST-1005'),
  ('OPP-0011', 'Brand Mission-Critical Initiatives', 'Closed Lost', '2027-01-11', 250017.91, 'EUR', 'CUST-1005'),
  ('OPP-0012', 'Repurpose 24/7 E-Markets', 'Closed Won', '2025-07-13', 104075.02, 'EUR', 'CUST-1006'),
  ('OPP-0013', 'Repurpose Cutting-Edge Markets', 'Prospecting', '2027-05-18', 45820.35, 'EUR', 'CUST-1006'),
  ('OPP-0014', 'Evolve Killer Architectures', 'Prospecting', '2025-09-24', 257735.95, 'EUR', 'CUST-1007'),
  ('OPP-0015', 'Facilitate Granular Relationships', 'Closed Lost', '2025-05-28', 145709.02, 'EUR', 'CUST-1007'),
  ('OPP-0016', 'Harness Strategic Markets', 'Closed Won', '2024-12-08', 93090.73, 'EUR', 'CUST-1007'),
  ('OPP-0017', 'Engineer Scalable Methodologies', 'Closed Lost', '2024-09-18', 256767.15, 'EUR', 'CUST-1007'),
  ('OPP-0018', 'Cultivate Turn-Key Networks', 'Prospecting', '2025-10-04', 29764.5, 'EUR', 'CUST-1008'),
  ('OPP-0019', 'Strategize Next-Generation Technologies', 'Closed Lost', '2024-10-25', 45031.35, 'EUR', 'CUST-1008'),
  ('OPP-0020', 'Utilize World-Class Communities', 'Closed Lost', '2026-11-16', 58610.06, 'EUR', 'CUST-1008'),
  ('OPP-0021', 'Re-Intermediate Ubiquitous Relationships', 'Closed Won', '2024-09-25', 116835.64, 'EUR', 'CUST-1008'),
  ('OPP-0022', 'Grow Innovative Info-Mediaries', 'Prospecting', '2025-10-18', 285135.46, 'EUR', 'CUST-1009'),
  ('OPP-0023', 'Re-Intermediate Granular Relationships', 'Qualification', '2025-08-03', 289592.63, 'EUR', 'CUST-1010'),
  ('OPP-0024', 'Expedite Enterprise Eyeballs', 'Closed Won', '2024-12-15', 8732.38, 'EUR', 'CUST-1011'),
  ('OPP-0025', 'Deploy Granular Solutions', 'Closed Lost', '2026-11-16', 173105.65, 'EUR', 'CUST-1012'),
  ('OPP-0026', 'Enable Dot-Com Markets', 'Closed Lost', '2026-05-24', 104237.0, 'EUR', 'CUST-1012'),
  ('OPP-0027', 'Expedite Vertical Functionalities', 'Closed Lost', '2026-01-06', 238915.2, 'EUR', 'CUST-1013'),
  ('OPP-0028', 'Incentivize B2B Technologies', 'Prospecting', '2025-10-04', 91799.5, 'EUR', 'CUST-1013'),
  ('OPP-0029', 'Re-Intermediate Synergistic Action-Items', 'Closed Lost', '2026-03-08', 209077.21, 'EUR', 'CUST-1013'),
  ('OPP-0030', 'Reinvent Strategic Deliverables', 'Closed Won', '2027-05-25', 200868.21, 'EUR', 'CUST-1013'),
  ('OPP-0031', 'Synthesize Rich Relationships', 'Closed Won', '2027-03-31', 218752.58, 'EUR', 'CUST-1014'),
  ('OPP-0032', 'Mesh Real-Time Infrastructures', 'Closed Won', '2026-08-26', 294250.64, 'EUR', 'CUST-1014'),
  ('OPP-0033', 'Evolve User-Centric Metrics', 'Qualification', '2027-06-16', 92392.71, 'EUR', 'CUST-1014'),
  ('OPP-0034', 'Reinvent Distributed Vortals', 'Closed Won', '2024-10-11', 57935.26, 'EUR', 'CUST-1014'),
  ('OPP-0035', 'Scale Holistic Solutions', 'Closed Won', '2024-11-02', 282613.76, 'EUR', 'CUST-1015'),
  ('OPP-0036', 'Monetize Frictionless Communities', 'Closed Lost', '2025-06-09', 137901.77, 'EUR', 'CUST-1016'),
  ('OPP-0037', 'Unleash Magnetic Convergence', 'Closed Lost', '2027-04-25', 92719.17, 'EUR', 'CUST-1016'),
  ('OPP-0038', 'Re-Intermediate Proactive Models', 'Prospecting', '2027-02-20', 125512.68, 'EUR', 'CUST-1017'),
  ('OPP-0039', 'Incubate Distributed Experiences', 'Closed Lost', '2027-05-05', 90921.49, 'EUR', 'CUST-1017'),
  ('OPP-0040', 'Deliver Plug-And-Play Models', 'Closed Won', '2027-02-09', 134550.27, 'EUR', 'CUST-1018'),
  ('OPP-0041', 'Synthesize Vertical Infrastructures', 'Closed Lost', '2027-04-22', 208160.01, 'EUR', 'CUST-1018'),
  ('OPP-0042', 'Deliver Ubiquitous Action-Items', 'Closed Lost', '2025-02-11', 283089.49, 'EUR', 'CUST-1018'),
  ('OPP-0043', 'Deliver Holistic Networks', 'Prospecting', '2025-05-15', 143653.07, 'EUR', 'CUST-1019'),
  ('OPP-0044', 'Transition Vertical Relationships', 'Closed Lost', '2025-06-19', 103325.98, 'EUR', 'CUST-1019'),
  ('OPP-0045', 'Embrace Next-Generation Applications', 'Prospecting', '2025-05-24', 258031.26, 'EUR', 'CUST-1019'),
  ('OPP-0046', 'Productize Proactive Metrics', 'Closed Won', '2025-11-23', 126435.3, 'EUR', 'CUST-1019'),
  ('OPP-0047', 'Incubate Synergistic Methodologies', 'Closed Lost', '2026-10-15', 126908.03, 'EUR', 'CUST-1020'),
  ('OPP-0048', 'Engage Granular E-Markets', 'Qualification', '2026-06-06', 297715.86, 'EUR', 'CUST-1021'),
  ('OPP-0049', 'Leverage Ubiquitous Experiences', 'Qualification', '2025-03-29', 276951.1, 'EUR', 'CUST-1022'),
  ('OPP-0050', 'Reinvent Value-Added Supply-Chains', 'Qualification', '2026-11-04', 259887.95, 'EUR', 'CUST-1022'),
  ('OPP-0051', 'Maximize Dynamic Roi', 'Closed Won', '2026-04-21', 232939.16, 'EUR', 'CUST-1022'),
  ('OPP-0052', 'Whiteboard Wireless E-Commerce', 'Closed Lost', '2026-01-06', 105263.2, 'EUR', 'CUST-1022'),
  ('OPP-0053', 'Mesh Bricks-And-Clicks Partnerships', 'Closed Lost', '2027-03-23', 118893.23, 'EUR', 'CUST-1023'),
  ('OPP-0054', 'Embrace Leading-Edge Schemas', 'Qualification', '2027-03-07', 151121.95, 'EUR', 'CUST-1023'),
  ('OPP-0055', 'Aggregate B2C Communities', 'Prospecting', '2025-06-15', 42242.65, 'EUR', 'CUST-1023'),
  ('OPP-0056', 'Mesh Visionary Initiatives', 'Closed Won', '2026-07-06', 261561.59, 'EUR', 'CUST-1023'),
  ('OPP-0057', 'Innovate Global Experiences', 'Closed Won', '2027-01-19', 256440.69, 'EUR', 'CUST-1024'),
  ('OPP-0058', 'Whiteboard Cutting-Edge Schemas', 'Closed Lost', '2025-12-16', 54077.61, 'EUR', 'CUST-1025'),
  ('OPP-0059', 'Syndicate Best-Of-Breed Supply-Chains', 'Qualification', '2025-05-19', 56645.46, 'EUR', 'CUST-1026'),
  ('OPP-0060', 'Redefine Value-Added E-Tailers', 'Closed Lost', '2027-04-14', 187814.56, 'EUR', 'CUST-1026'),
  ('OPP-0061', 'Enable Holistic Roi', 'Closed Lost', '2027-03-22', 283844.51, 'EUR', 'CUST-1027'),
  ('OPP-0062', 'Synergize Collaborative Markets', 'Closed Lost', '2026-05-19', 250687.48, 'EUR', 'CUST-1028'),
  ('OPP-0063', 'Brand Viral Methodologies', 'Qualification', '2026-03-25', 31589.35, 'EUR', 'CUST-1029'),
  ('OPP-0064', 'Synergize Strategic E-Business', 'Closed Won', '2025-05-10', 101382.14, 'EUR', 'CUST-1029'),
  ('OPP-0065', 'Incentivize Intuitive Infrastructures', 'Closed Lost', '2025-04-10', 56813.82, 'EUR', 'CUST-1029'),
  ('OPP-0066', 'Evolve Synergistic Schemas', 'Closed Won', '2024-09-30', 31639.35, 'EUR', 'CUST-1030'),
  ('OPP-0067', 'Expedite World-Class Architectures', 'Closed Lost', '2024-07-04', 9106.0, 'EUR', 'CUST-1030'),
  ('OPP-0068', 'Deploy Integrated Infrastructures', 'Prospecting', '2026-08-24', 139161.88, 'EUR', 'CUST-1030'),
  ('OPP-0069', 'Engage Interactive Networks', 'Closed Won', '2026-01-13', 177445.23, 'EUR', 'CUST-1030'),
  ('OPP-0070', 'Brand Global Content', 'Prospecting', '2025-06-07', 33671.64, 'EUR', 'CUST-1031'),
  ('OPP-0071', 'Scale 24/365 Info-Mediaries', 'Qualification', '2025-05-31', 119650.52, 'EUR', 'CUST-1031'),
  ('OPP-0072', 'Strategize Turn-Key Technologies', 'Closed Won', '2026-09-04', 202793.43, 'EUR', 'CUST-1031'),
  ('OPP-0073', 'Whiteboard Holistic Networks', 'Closed Lost', '2026-10-26', 178265.4, 'EUR', 'CUST-1031'),
  ('OPP-0074', 'Engage Magnetic Systems', 'Qualification', '2025-08-05', 290621.03, 'EUR', 'CUST-1032'),
  ('OPP-0075', 'Target B2C Convergence', 'Closed Lost', '2027-06-19', 32043.66, 'EUR', 'CUST-1032'),
  ('OPP-0076', 'Syndicate Sticky Technologies', 'Qualification', '2025-09-19', 194302.82, 'EUR', 'CUST-1032'),
  ('OPP-0077', 'Target Bleeding-Edge Interfaces', 'Qualification', '2026-05-12', 296320.55, 'EUR', 'CUST-1033'),
  ('OPP-0078', 'Reinvent User-Centric Interfaces', 'Closed Won', '2024-07-22', 240561.58, 'EUR', 'CUST-1033'),
  ('OPP-0079', 'Re-Intermediate 24/365 Systems', 'Prospecting', '2026-04-01', 200012.0, 'EUR', 'CUST-1033'),
  ('OPP-0080', 'Envisioneer Global Roi', 'Closed Lost', '2025-05-31', 153632.41, 'EUR', 'CUST-1034'),
  ('OPP-0081', 'Transition Best-Of-Breed Markets', 'Qualification', '2026-03-07', 24376.26, 'EUR', 'CUST-1035'),
  ('OPP-0082', 'Incubate Efficient Metrics', 'Closed Won', '2026-02-01', 189173.66, 'EUR', 'CUST-1035'),
  ('OPP-0083', 'Harness Distributed Technologies', 'Closed Won', '2026-03-10', 117366.8, 'EUR', 'CUST-1035'),
  ('OPP-0084', 'Brand 24/365 Channels', 'Closed Lost', '2027-02-12', 127716.95, 'EUR', 'CUST-1036'),
  ('OPP-0085', 'Monetize Granular Niches', 'Prospecting', '2024-10-01', 97201.76, 'EUR', 'CUST-1036'),
  ('OPP-0086', 'Disintermediate Dot-Com Infrastructures', 'Closed Won', '2025-08-02', 201206.82, 'EUR', 'CUST-1036'),
  ('OPP-0087', 'Productize Frictionless Markets', 'Closed Won', '2025-08-29', 286309.79, 'EUR', 'CUST-1036'),
  ('OPP-0088', 'Disintermediate Seamless Channels', 'Prospecting', '2025-08-14', 126188.55, 'EUR', 'CUST-1037'),
  ('OPP-0089', 'Transition Global Experiences', 'Closed Lost', '2027-06-14', 261087.18, 'EUR', 'CUST-1037'),
  ('OPP-0090', 'Orchestrate Innovative Deliverables', 'Prospecting', '2026-02-28', 290677.59, 'EUR', 'CUST-1037'),
  ('OPP-0091', 'Architect Dynamic Interfaces', 'Closed Lost', '2025-05-10', 254320.77, 'EUR', 'CUST-1038'),
  ('OPP-0092', 'Streamline Web-Enabled Models', 'Prospecting', '2025-08-17', 184653.5, 'EUR', 'CUST-1038'),
  ('OPP-0093', 'Mesh Back-End Communities', 'Closed Lost', '2025-08-02', 138825.51, 'EUR', 'CUST-1039'),
  ('OPP-0094', 'Extend Real-Time Initiatives', 'Qualification', '2026-10-14', 114165.66, 'EUR', 'CUST-1039'),
  ('OPP-0095', 'Utilize Open-Source E-Commerce', 'Closed Won', '2025-04-15', 234166.51, 'EUR', 'CUST-1039'),
  ('OPP-0096', 'Optimize Back-End Networks', 'Prospecting', '2026-05-09', 265585.94, 'EUR', 'CUST-1039'),
  ('OPP-0097', 'Aggregate Distributed Networks', 'Prospecting', '2026-10-28', 106825.99, 'EUR', 'CUST-1040'),
  ('OPP-0098', 'Extend Interactive Bandwidth', 'Prospecting', '2025-07-29', 88557.71, 'EUR', 'CUST-1040'),
  ('OPP-0099', 'Productize Transparent Relationships', 'Closed Won', '2025-11-05', 40395.38, 'EUR', 'CUST-1041'),
  ('OPP-0100', 'Extend Strategic Applications', 'Closed Lost', '2024-10-03', 225369.17, 'EUR', 'CUST-1041');
INSERT INTO chancen (chance_id, bezeichnung, phase, abschlussdatum, volumen, waehrung, kd_nr) VALUES
  ('OPP-0101', 'Enable Impactful Partnerships', 'Qualification', '2026-03-31', 43109.78, 'EUR', 'CUST-1041'),
  ('OPP-0102', 'Grow Extensible Bandwidth', 'Closed Lost', '2025-04-07', 174152.91, 'EUR', 'CUST-1042'),
  ('OPP-0103', 'Embrace E-Business Communities', 'Closed Lost', '2026-11-23', 90406.99, 'EUR', 'CUST-1042'),
  ('OPP-0104', 'Monetize Revolutionary E-Tailers', 'Closed Lost', '2026-12-24', 11152.68, 'EUR', 'CUST-1042'),
  ('OPP-0105', 'Synthesize Proactive Architectures', 'Qualification', '2026-07-09', 27531.92, 'EUR', 'CUST-1043'),
  ('OPP-0106', 'Reinvent Synergistic E-Tailers', 'Prospecting', '2027-03-13', 161528.42, 'EUR', 'CUST-1043'),
  ('OPP-0107', 'Empower Efficient Systems', 'Qualification', '2027-02-14', 272247.21, 'EUR', 'CUST-1043'),
  ('OPP-0108', 'Unleash Synergistic Networks', 'Closed Lost', '2026-02-28', 205934.38, 'EUR', 'CUST-1044'),
  ('OPP-0109', 'Maximize Dynamic Models', 'Closed Won', '2026-02-05', 259952.83, 'EUR', 'CUST-1044'),
  ('OPP-0110', 'Reinvent Holistic Paradigms', 'Closed Won', '2024-09-27', 49532.43, 'EUR', 'CUST-1044'),
  ('OPP-0111', 'Enhance Magnetic Web-Readiness', 'Prospecting', '2026-01-18', 143331.72, 'EUR', 'CUST-1044'),
  ('OPP-0112', 'Visualize Turn-Key Roi', 'Prospecting', '2026-08-05', 195176.61, 'EUR', 'CUST-1045'),
  ('OPP-0113', 'Engage Synergistic E-Services', 'Prospecting', '2026-06-20', 186427.47, 'EUR', 'CUST-1045'),
  ('OPP-0114', 'Transition Virtual Architectures', 'Closed Lost', '2025-05-23', 141499.94, 'EUR', 'CUST-1045'),
  ('OPP-0115', 'Grow Value-Added Portals', 'Qualification', '2025-02-05', 16546.93, 'EUR', 'CUST-1046'),
  ('OPP-0116', 'Scale Back-End Web Services', 'Closed Won', '2025-04-25', 79338.76, 'EUR', 'CUST-1047'),
  ('OPP-0117', 'Incentivize Mission-Critical Markets', 'Qualification', '2025-08-25', 103341.8, 'EUR', 'CUST-1047'),
  ('OPP-0118', 'Engage Holistic Eyeballs', 'Qualification', '2024-08-19', 275440.2, 'EUR', 'CUST-1047'),
  ('OPP-0119', 'Implement Cutting-Edge Infrastructures', 'Closed Won', '2025-05-09', 290470.47, 'EUR', 'CUST-1047'),
  ('OPP-0120', 'Incubate Collaborative Networks', 'Qualification', '2027-02-12', 285594.95, 'EUR', 'CUST-1048'),
  ('OPP-0121', 'Syndicate Seamless Infrastructures', 'Closed Won', '2025-08-27', 284562.14, 'EUR', 'CUST-1048'),
  ('OPP-0122', 'Iterate Robust Mindshare', 'Closed Lost', '2026-03-09', 61641.54, 'EUR', 'CUST-1048'),
  ('OPP-0123', 'Engage Impactful Schemas', 'Closed Lost', '2025-06-13', 17889.27, 'EUR', 'CUST-1049'),
  ('OPP-0124', 'Empower Ubiquitous Synergies', 'Closed Won', '2026-10-31', 204527.06, 'EUR', 'CUST-1049'),
  ('OPP-0125', 'Extend Holistic Deliverables', 'Qualification', '2027-01-27', 245982.92, 'EUR', 'CUST-1050'),
  ('OPP-0126', 'Transition Leading-Edge Mindshare', 'Qualification', '2026-11-05', 262535.57, 'EUR', 'CUST-1050'),
  ('OPP-0127', 'Optimize Extensible Mindshare', 'Prospecting', '2025-09-06', 194147.82, 'EUR', 'CUST-1050'),
  ('OPP-0128', 'Revolutionize Proactive Roi', 'Closed Won', '2025-01-18', 168589.52, 'EUR', 'CUST-1050'),
  ('OPP-0129', 'Syndicate End-To-End Experiences', 'Closed Won', '2024-12-27', 74554.53, 'EUR', 'CUST-1051'),
  ('OPP-0130', 'Exploit Value-Added E-Services', 'Prospecting', '2025-03-24', 115599.24, 'EUR', 'CUST-1051'),
  ('OPP-0131', 'Exploit Extensible Experiences', 'Prospecting', '2025-04-18', 99012.04, 'EUR', 'CUST-1051'),
  ('OPP-0132', 'Productize Enterprise Convergence', 'Prospecting', '2025-11-06', 252557.0, 'EUR', 'CUST-1051'),
  ('OPP-0133', 'Innovate Collaborative Web Services', 'Prospecting', '2025-07-18', 233970.93, 'EUR', 'CUST-1052'),
  ('OPP-0134', 'Monetize Frictionless Web Services', 'Qualification', '2027-02-06', 93839.6, 'EUR', 'CUST-1052'),
  ('OPP-0135', 'Reinvent Distributed Platforms', 'Prospecting', '2025-11-18', 75339.65, 'EUR', 'CUST-1052'),
  ('OPP-0136', 'Extend Back-End Schemas', 'Closed Lost', '2026-10-05', 23528.11, 'EUR', 'CUST-1052'),
  ('OPP-0137', 'Monetize Transparent Markets', 'Prospecting', '2027-01-31', 159427.94, 'EUR', 'CUST-1053'),
  ('OPP-0138', 'Orchestrate Global Solutions', 'Closed Won', '2025-07-01', 24965.4, 'EUR', 'CUST-1053'),
  ('OPP-0139', 'Engineer Dynamic Communities', 'Closed Won', '2027-04-26', 44355.83, 'EUR', 'CUST-1054'),
  ('OPP-0140', 'Syndicate B2C E-Tailers', 'Closed Lost', '2026-07-22', 296791.2, 'EUR', 'CUST-1055'),
  ('OPP-0141', 'Whiteboard Value-Added Content', 'Closed Lost', '2025-09-25', 79727.56, 'EUR', 'CUST-1055'),
  ('OPP-0142', 'Transform Real-Time E-Business', 'Qualification', '2026-04-15', 89402.71, 'EUR', 'CUST-1055'),
  ('OPP-0143', 'Target Scalable Platforms', 'Prospecting', '2026-11-29', 219488.99, 'EUR', 'CUST-1056'),
  ('OPP-0144', 'Cultivate Revolutionary Technologies', 'Prospecting', '2025-07-20', 132029.11, 'EUR', 'CUST-1056'),
  ('OPP-0145', 'Innovate Turn-Key E-Commerce', 'Qualification', '2026-09-08', 165914.95, 'EUR', 'CUST-1056'),
  ('OPP-0146', 'Scale Leading-Edge Communities', 'Closed Won', '2024-10-12', 193643.45, 'EUR', 'CUST-1057'),
  ('OPP-0147', 'Redefine Compelling Networks', 'Prospecting', '2026-07-04', 27137.14, 'EUR', 'CUST-1057'),
  ('OPP-0148', 'Reinvent Enterprise Convergence', 'Closed Lost', '2026-04-22', 112176.78, 'EUR', 'CUST-1057'),
  ('OPP-0149', 'Cultivate End-To-End Info-Mediaries', 'Qualification', '2027-03-26', 286072.87, 'EUR', 'CUST-1057'),
  ('OPP-0150', 'Engage Clicks-And-Mortar Infrastructures', 'Closed Lost', '2026-11-05', 284902.94, 'EUR', 'CUST-1058'),
  ('OPP-0151', 'Re-Intermediate Seamless Mindshare', 'Closed Won', '2026-02-27', 135962.09, 'EUR', 'CUST-1058'),
  ('OPP-0152', 'Mesh Scalable Schemas', 'Qualification', '2027-04-12', 298927.71, 'EUR', 'CUST-1059'),
  ('OPP-0153', 'E-Enable Compelling Mindshare', 'Closed Won', '2026-10-25', 209724.29, 'EUR', 'CUST-1059'),
  ('OPP-0154', 'Redefine Virtual Applications', 'Closed Lost', '2024-12-28', 64052.61, 'EUR', 'CUST-1059'),
  ('OPP-0155', 'Transition End-To-End Platforms', 'Qualification', '2025-08-19', 256583.76, 'EUR', 'CUST-1059'),
  ('OPP-0156', 'Matrix Cutting-Edge Synergies', 'Qualification', '2026-01-14', 238160.05, 'EUR', 'CUST-1060'),
  ('OPP-0157', 'Utilize Enterprise Eyeballs', 'Prospecting', '2024-08-18', 111464.47, 'EUR', 'CUST-1060'),
  ('OPP-0158', 'Implement Open-Source Bandwidth', 'Closed Won', '2026-08-07', 194489.88, 'EUR', 'CUST-1061'),
  ('OPP-0159', 'Orchestrate Revolutionary Eyeballs', 'Closed Lost', '2027-04-04', 142420.79, 'EUR', 'CUST-1061'),
  ('OPP-0160', 'Syndicate Value-Added Initiatives', 'Qualification', '2026-06-24', 189381.6, 'EUR', 'CUST-1062'),
  ('OPP-0161', 'Grow Web-Enabled Experiences', 'Prospecting', '2026-04-24', 153259.08, 'EUR', 'CUST-1062'),
  ('OPP-0162', 'Re-Intermediate Interactive Paradigms', 'Qualification', '2026-07-09', 179583.49, 'EUR', 'CUST-1062'),
  ('OPP-0163', 'Re-Contextualize Sticky Technologies', 'Closed Lost', '2026-10-31', 77238.98, 'EUR', 'CUST-1063'),
  ('OPP-0164', 'Monetize E-Business Technologies', 'Closed Lost', '2026-10-07', 92742.99, 'EUR', 'CUST-1063'),
  ('OPP-0165', 'Grow Enterprise Interfaces', 'Prospecting', '2026-12-09', 208141.0, 'EUR', 'CUST-1063'),
  ('OPP-0166', 'Reinvent Scalable Schemas', 'Qualification', '2025-11-08', 46558.9, 'EUR', 'CUST-1064'),
  ('OPP-0167', 'Engage Intuitive Technologies', 'Prospecting', '2026-06-27', 90612.54, 'EUR', 'CUST-1064'),
  ('OPP-0168', 'Morph Mission-Critical Solutions', 'Closed Lost', '2026-08-25', 259928.34, 'EUR', 'CUST-1064'),
  ('OPP-0169', 'Synthesize Open-Source Convergence', 'Closed Lost', '2024-11-08', 78239.73, 'EUR', 'CUST-1064'),
  ('OPP-0170', 'Morph Intuitive Partnerships', 'Prospecting', '2027-02-23', 19909.42, 'EUR', 'CUST-1065'),
  ('OPP-0171', 'Iterate Proactive Applications', 'Closed Lost', '2026-03-17', 181268.04, 'EUR', 'CUST-1065'),
  ('OPP-0172', 'Revolutionize Killer Paradigms', 'Closed Lost', '2026-02-15', 89295.77, 'EUR', 'CUST-1065'),
  ('OPP-0173', 'Reinvent B2B Info-Mediaries', 'Closed Won', '2027-04-16', 168200.76, 'EUR', 'CUST-1066'),
  ('OPP-0174', 'Integrate Magnetic Models', 'Prospecting', '2025-03-01', 118972.9, 'EUR', 'CUST-1066'),
  ('OPP-0175', 'Deliver Efficient E-Tailers', 'Closed Lost', '2024-12-02', 152522.98, 'EUR', 'CUST-1067'),
  ('OPP-0176', 'Leverage Bricks-And-Clicks Metrics', 'Prospecting', '2026-08-16', 16479.62, 'EUR', 'CUST-1067'),
  ('OPP-0177', 'Expedite Mission-Critical Roi', 'Closed Lost', '2025-11-24', 245645.91, 'EUR', 'CUST-1068'),
  ('OPP-0178', 'Re-Intermediate Robust Users', 'Closed Won', '2025-12-24', 102715.68, 'EUR', 'CUST-1068'),
  ('OPP-0179', 'Embrace E-Business Info-Mediaries', 'Prospecting', '2026-06-13', 294069.92, 'EUR', 'CUST-1068'),
  ('OPP-0180', 'Revolutionize Impactful Channels', 'Qualification', '2027-01-14', 126823.23, 'EUR', 'CUST-1069'),
  ('OPP-0181', 'Repurpose 24/7 E-Services', 'Qualification', '2025-10-23', 126061.34, 'EUR', 'CUST-1069'),
  ('OPP-0182', 'Scale Granular Platforms', 'Closed Lost', '2025-02-11', 262481.22, 'EUR', 'CUST-1069'),
  ('OPP-0183', 'Strategize Cross-Platform Schemas', 'Prospecting', '2026-04-24', 213203.69, 'EUR', 'CUST-1069'),
  ('OPP-0184', 'Morph Virtual E-Markets', 'Closed Won', '2025-12-27', 146542.01, 'EUR', 'CUST-1070'),
  ('OPP-0185', 'Engage Intuitive Mindshare', 'Closed Won', '2025-05-09', 89897.87, 'EUR', 'CUST-1070'),
  ('OPP-0186', 'Embrace Dot-Com Users', 'Closed Lost', '2026-11-29', 269249.34, 'EUR', 'CUST-1070'),
  ('OPP-0187', 'Maximize Dot-Com Systems', 'Closed Lost', '2027-05-15', 246421.35, 'EUR', 'CUST-1070'),
  ('OPP-0188', 'Re-Intermediate Clicks-And-Mortar Users', 'Qualification', '2027-05-06', 19975.8, 'EUR', 'CUST-1071'),
  ('OPP-0189', 'Iterate Compelling Relationships', 'Qualification', '2026-05-02', 193193.65, 'EUR', 'CUST-1071'),
  ('OPP-0190', 'Re-Intermediate Cross-Platform Relationships', 'Prospecting', '2025-01-08', 272841.4, 'EUR', 'CUST-1072'),
  ('OPP-0191', 'Brand Best-Of-Breed E-Markets', 'Prospecting', '2026-07-28', 197428.13, 'EUR', 'CUST-1072'),
  ('OPP-0192', 'Disintermediate Bricks-And-Clicks Interfaces', 'Qualification', '2025-04-23', 162869.92, 'EUR', 'CUST-1072'),
  ('OPP-0193', 'Target B2B Communities', 'Closed Won', '2026-05-24', 52935.81, 'EUR', 'CUST-1073'),
  ('OPP-0194', 'Cultivate Real-Time Schemas', 'Prospecting', '2025-10-21', 123245.81, 'EUR', 'CUST-1074'),
  ('OPP-0195', 'Scale Virtual Applications', 'Prospecting', '2026-04-06', 59510.45, 'EUR', 'CUST-1074'),
  ('OPP-0196', 'Whiteboard User-Centric Deliverables', 'Qualification', '2026-05-23', 145848.96, 'EUR', 'CUST-1074'),
  ('OPP-0197', 'Evolve Cutting-Edge Functionalities', 'Prospecting', '2025-03-10', 193419.84, 'EUR', 'CUST-1075'),
  ('OPP-0198', 'Engineer Real-Time Technologies', 'Closed Won', '2026-06-01', 113425.45, 'EUR', 'CUST-1075'),
  ('OPP-0199', 'Incubate Real-Time E-Markets', 'Qualification', '2025-01-13', 69642.94, 'EUR', 'CUST-1075'),
  ('OPP-0200', 'Synthesize Killer Supply-Chains', 'Qualification', '2025-09-24', 173946.99, 'EUR', 'CUST-1076');
INSERT INTO chancen (chance_id, bezeichnung, phase, abschlussdatum, volumen, waehrung, kd_nr) VALUES
  ('OPP-0201', 'Aggregate Bricks-And-Clicks Markets', 'Prospecting', '2027-01-23', 121804.87, 'EUR', 'CUST-1077'),
  ('OPP-0202', 'Architect One-To-One Action-Items', 'Prospecting', '2026-05-15', 225012.32, 'EUR', 'CUST-1077'),
  ('OPP-0203', 'Harness Value-Added Communities', 'Prospecting', '2026-11-08', 18360.49, 'EUR', 'CUST-1077'),
  ('OPP-0204', 'Incubate Holistic Solutions', 'Closed Won', '2026-03-04', 297892.7, 'EUR', 'CUST-1078'),
  ('OPP-0205', 'Incubate Cross-Media Vortals', 'Closed Lost', '2026-09-01', 137318.45, 'EUR', 'CUST-1078'),
  ('OPP-0206', 'Empower Granular Partnerships', 'Closed Lost', '2026-01-24', 115815.43, 'EUR', 'CUST-1078'),
  ('OPP-0207', 'Grow Distributed Portals', 'Qualification', '2026-02-04', 197792.56, 'EUR', 'CUST-1078'),
  ('OPP-0208', 'Re-Intermediate Dot-Com Markets', 'Closed Won', '2025-07-27', 50760.81, 'EUR', 'CUST-1079'),
  ('OPP-0209', 'Expedite Intuitive Synergies', 'Qualification', '2027-04-06', 281536.06, 'EUR', 'CUST-1079'),
  ('OPP-0210', 'Architect Holistic Infrastructures', 'Prospecting', '2025-11-15', 14504.11, 'EUR', 'CUST-1079'),
  ('OPP-0211', 'Whiteboard Leading-Edge Relationships', 'Closed Lost', '2026-02-22', 186402.35, 'EUR', 'CUST-1079'),
  ('OPP-0212', 'Incubate Visionary Convergence', 'Prospecting', '2027-03-07', 123668.28, 'EUR', 'CUST-1080'),
  ('OPP-0213', 'Engage World-Class Relationships', 'Qualification', '2025-09-15', 164229.14, 'EUR', 'CUST-1080'),
  ('OPP-0214', 'Iterate Turn-Key Web-Readiness', 'Prospecting', '2026-10-14', 169231.84, 'EUR', 'CUST-1081'),
  ('OPP-0215', 'Scale Efficient Schemas', 'Qualification', '2026-01-02', 189667.98, 'EUR', 'CUST-1081'),
  ('OPP-0216', 'Maximize B2C Platforms', 'Closed Lost', '2024-08-01', 168975.95, 'EUR', 'CUST-1081'),
  ('OPP-0217', 'Enable Cross-Platform Infrastructures', 'Closed Lost', '2025-11-24', 76643.26, 'EUR', 'CUST-1082'),
  ('OPP-0218', 'Extend Scalable Schemas', 'Qualification', '2025-09-01', 102427.58, 'EUR', 'CUST-1082'),
  ('OPP-0219', 'Grow Collaborative Web-Readiness', 'Closed Won', '2025-06-19', 287320.83, 'EUR', 'CUST-1083'),
  ('OPP-0220', 'Extend Killer E-Tailers', 'Prospecting', '2026-02-09', 67483.29, 'EUR', 'CUST-1083'),
  ('OPP-0221', 'Engineer Back-End Schemas', 'Qualification', '2025-12-02', 288812.88, 'EUR', 'CUST-1083'),
  ('OPP-0222', 'Integrate Interactive Deliverables', 'Prospecting', '2025-05-21', 241830.9, 'EUR', 'CUST-1084'),
  ('OPP-0223', 'Synthesize Impactful Communities', 'Closed Lost', '2024-07-11', 229680.55, 'EUR', 'CUST-1084'),
  ('OPP-0224', 'Innovate Synergistic Convergence', 'Closed Won', '2026-05-07', 274727.5, 'EUR', 'CUST-1084'),
  ('OPP-0225', 'Incentivize Efficient Markets', 'Closed Won', '2026-05-07', 97312.0, 'EUR', 'CUST-1084'),
  ('OPP-0226', 'Incubate End-To-End E-Tailers', 'Qualification', '2026-06-06', 152293.94, 'EUR', 'CUST-1085'),
  ('OPP-0227', 'Benchmark 24/365 Channels', 'Closed Won', '2025-05-25', 80911.39, 'EUR', 'CUST-1085'),
  ('OPP-0228', 'Unleash Global E-Commerce', 'Closed Lost', '2027-06-17', 290119.94, 'EUR', 'CUST-1085'),
  ('OPP-0229', 'Revolutionize B2B Experiences', 'Closed Lost', '2027-04-09', 140944.55, 'EUR', 'CUST-1085'),
  ('OPP-0230', 'Expedite Bleeding-Edge E-Services', 'Prospecting', '2026-07-14', 213615.02, 'EUR', 'CUST-1086'),
  ('OPP-0231', 'Seize Strategic Info-Mediaries', 'Prospecting', '2024-11-14', 69522.3, 'EUR', 'CUST-1086'),
  ('OPP-0232', 'Strategize Revolutionary Metrics', 'Qualification', '2026-09-04', 61619.96, 'EUR', 'CUST-1087'),
  ('OPP-0233', 'Synergize Turn-Key Interfaces', 'Closed Won', '2026-04-22', 245488.25, 'EUR', 'CUST-1087'),
  ('OPP-0234', 'Grow Proactive Roi', 'Prospecting', '2025-10-31', 152458.23, 'EUR', 'CUST-1088'),
  ('OPP-0235', 'Productize 24/365 Bandwidth', 'Closed Lost', '2024-09-27', 195247.64, 'EUR', 'CUST-1088'),
  ('OPP-0236', 'Implement Ubiquitous Models', 'Prospecting', '2027-01-14', 57909.58, 'EUR', 'CUST-1089'),
  ('OPP-0237', 'Incubate Clicks-And-Mortar Metrics', 'Closed Won', '2027-02-13', 9619.14, 'EUR', 'CUST-1089'),
  ('OPP-0238', 'Incentivize Killer Applications', 'Qualification', '2026-06-13', 178175.65, 'EUR', 'CUST-1089'),
  ('OPP-0239', 'Expedite Turn-Key Portals', 'Qualification', '2026-01-17', 252409.02, 'EUR', 'CUST-1090'),
  ('OPP-0240', 'Re-Intermediate Synergistic Channels', 'Closed Won', '2026-04-25', 183524.78, 'EUR', 'CUST-1090'),
  ('OPP-0241', 'Synthesize Rich Models', 'Closed Lost', '2026-11-23', 290831.56, 'EUR', 'CUST-1090'),
  ('OPP-0242', 'Matrix Bleeding-Edge Technologies', 'Closed Won', '2027-05-30', 13739.57, 'EUR', 'CUST-1090'),
  ('OPP-0243', 'Re-Contextualize Leading-Edge Deliverables', 'Closed Won', '2025-05-15', 111406.57, 'EUR', 'CUST-1091'),
  ('OPP-0244', 'Drive Turn-Key Schemas', 'Prospecting', '2026-01-29', 6532.59, 'EUR', 'CUST-1091'),
  ('OPP-0245', 'Architect Open-Source Convergence', 'Closed Won', '2024-09-01', 136197.08, 'EUR', 'CUST-1091'),
  ('OPP-0246', 'Orchestrate Efficient Web-Readiness', 'Closed Won', '2025-06-27', 35158.27, 'EUR', 'CUST-1091'),
  ('OPP-0247', 'Innovate End-To-End E-Tailers', 'Qualification', '2026-08-24', 207168.22, 'EUR', 'CUST-1092'),
  ('OPP-0248', 'Target Integrated Deliverables', 'Qualification', '2024-10-25', 45957.82, 'EUR', 'CUST-1092'),
  ('OPP-0249', 'Incubate Visionary Markets', 'Qualification', '2024-11-10', 140069.18, 'EUR', 'CUST-1093'),
  ('OPP-0250', 'Syndicate Scalable Platforms', 'Qualification', '2025-08-15', 94874.11, 'EUR', 'CUST-1093'),
  ('OPP-0251', 'Evolve Cutting-Edge Interfaces', 'Closed Lost', '2025-01-03', 103004.08, 'EUR', 'CUST-1093'),
  ('OPP-0252', 'Expedite Customized E-Business', 'Closed Lost', '2025-07-15', 242202.56, 'EUR', 'CUST-1093'),
  ('OPP-0253', 'Scale Open-Source Vortals', 'Closed Lost', '2025-10-30', 290490.11, 'EUR', 'CUST-1094'),
  ('OPP-0254', 'Utilize Innovative Info-Mediaries', 'Qualification', '2024-10-22', 101136.44, 'EUR', 'CUST-1094'),
  ('OPP-0255', 'Syndicate Plug-And-Play Communities', 'Closed Won', '2025-04-26', 245865.88, 'EUR', 'CUST-1094'),
  ('OPP-0256', 'Grow Distributed Architectures', 'Qualification', '2026-04-26', 79541.1, 'EUR', 'CUST-1095'),
  ('OPP-0257', 'Grow 24/365 E-Tailers', 'Qualification', '2026-07-07', 215994.74, 'EUR', 'CUST-1095'),
  ('OPP-0258', 'Harness Seamless Networks', 'Closed Lost', '2026-11-08', 26819.71, 'EUR', 'CUST-1095'),
  ('OPP-0259', 'Synergize Synergistic E-Services', 'Closed Won', '2025-01-10', 70490.32, 'EUR', 'CUST-1096'),
  ('OPP-0260', 'Whiteboard Intuitive Methodologies', 'Closed Won', '2026-05-16', 97007.65, 'EUR', 'CUST-1097'),
  ('OPP-0261', 'Exploit Extensible E-Business', 'Closed Lost', '2024-08-17', 236359.65, 'EUR', 'CUST-1097'),
  ('OPP-0262', 'Morph End-To-End E-Business', 'Closed Won', '2025-04-24', 170155.44, 'EUR', 'CUST-1098'),
  ('OPP-0263', 'Iterate Dot-Com Synergies', 'Closed Lost', '2026-09-11', 73397.39, 'EUR', 'CUST-1098'),
  ('OPP-0264', 'Empower Real-Time Platforms', 'Qualification', '2025-03-27', 139977.37, 'EUR', 'CUST-1099'),
  ('OPP-0265', 'Benchmark Impactful Bandwidth', 'Closed Won', '2026-10-16', 202856.92, 'EUR', 'CUST-1099'),
  ('OPP-0266', 'Extend Web-Enabled Methodologies', 'Closed Lost', '2026-03-28', 160675.93, 'EUR', 'CUST-1099'),
  ('OPP-0267', 'Productize One-To-One Roi', 'Qualification', '2025-03-25', 115125.29, 'EUR', 'CUST-1100');

CREATE TABLE kunden ( kunden_nr text PRIMARY KEY, firmenname text, erp_nummer text, kategorie text, gebiet text, branche text, webseite text, ort text, land text );

INSERT INTO kunden (kunden_nr, firmenname, erp_nummer, kategorie, gebiet, branche, webseite, ort, land) VALUES
  ('CUST-1001', 'Dowerg', 'ERP-93810', 'Gold', 'DACH', 'Healthcare', 'http://hauffer.com/', 'Saarbrücken', 'Kuba'),
  ('CUST-1002', 'Becker AG', 'ERP-42098', 'Silver', 'Nordics', 'Technology', 'http://www.schleich.com/', 'Weimar', 'Portugal'),
  ('CUST-1003', 'Ritter', 'ERP-98696', 'Gold', 'Southern Europe', 'Manufacturing', 'https://www.schacht.com/', 'Vechta', 'Kuba'),
  ('CUST-1004', 'Holsten Förster AG & Co. OHG', 'ERP-14165', 'Gold', 'DACH', 'Finance', 'https://www.kramer.de/', 'Schleiz', 'Griechenland'),
  ('CUST-1005', 'Vollbrecht GmbH & Co. KG', 'ERP-40495', 'Gold', 'Southern Europe', 'Finance', 'http://rohleder.de/', 'Vilsbiburg', 'Bahamas'),
  ('CUST-1006', 'Speer GbR', 'ERP-95181', 'Platinum', 'Nordics', 'Manufacturing', 'https://www.ditschlerin.org/', 'Sigmaringen', 'Thailand'),
  ('CUST-1007', 'Fröhlich Koch II GmbH', 'ERP-87236', 'Bronze', 'DACH', 'Finance', 'http://stoll.com/', 'Pfaffenhofen an der Ilm', 'Simbabwe'),
  ('CUST-1008', 'Fröhlich GmbH & Co. KG', 'ERP-65392', 'Bronze', 'Benelux', 'Finance', 'https://stroh.net/', 'Bautzen', 'Französisch-Guayana'),
  ('CUST-1009', 'Jopich GmbH', 'ERP-38221', 'Bronze', 'DACH', 'Technology', 'https://www.rosenow.de/', 'Starnberg', 'Martinique'),
  ('CUST-1010', 'Seifert Mielcarek AG & Co. KG', 'ERP-59797', 'Gold', 'Benelux', 'Healthcare', 'https://www.weinhage.org/', 'Roth', 'Kiribati'),
  ('CUST-1011', 'Hartmann Etzler GmbH & Co. OHG', 'ERP-89131', 'Bronze', 'DACH', 'Manufacturing', 'https://www.doerschner.com/', 'Sankt Goar', 'Australien'),
  ('CUST-1012', 'Kranz Schenk GmbH & Co. KG', 'ERP-80284', 'Gold', 'UK', 'Technology', 'https://www.ullmann.com/', 'Sondershausen', 'Italien'),
  ('CUST-1013', 'Hornig GmbH & Co. KG', 'ERP-82357', 'Bronze', 'Southern Europe', 'Healthcare', 'http://ullmann.org/', 'Ochsenfurt', 'Vereinigte Arabische Emirate'),
  ('CUST-1014', 'Schomber GmbH', 'ERP-85674', 'Silver', 'DACH', 'Technology', 'http://www.wiek.com/', 'Neustadtner Waldnaab', 'Amerikanisch-Ozeanien'),
  ('CUST-1015', 'Klotz e.V.', 'ERP-96673', 'Silver', 'Benelux', 'Technology', 'https://www.hendriks.com/', 'Wiedenbrück', 'Malta'),
  ('CUST-1016', 'Wesack KG', 'ERP-40512', 'Gold', 'UK', 'Healthcare', 'http://www.muelichen.com/', 'Pegnitz', 'Tuvalu'),
  ('CUST-1017', 'Löchel', 'ERP-69429', 'Bronze', 'Nordics', 'Healthcare', 'http://www.jockel.de/', 'Mayen', 'Vanuatu'),
  ('CUST-1018', 'Mentzel', 'ERP-56566', 'Silver', 'Benelux', 'Technology', 'http://www.bolnbach.com/', 'Rudolstadt', 'Finnland'),
  ('CUST-1019', 'Boucsein Stiftung & Co. KG', 'ERP-89840', 'Silver', 'Southern Europe', 'Finance', 'http://www.beckmann.com/', 'Görlitz', 'Rumänien'),
  ('CUST-1020', 'Hamann Reuter AG & Co. KG', 'ERP-31417', 'Platinum', 'UK', 'Healthcare', 'https://www.ladeck.com/', 'Jülich', 'Kuba'),
  ('CUST-1021', 'Mosemann Vollbrecht AG', 'ERP-93886', 'Silver', 'Benelux', 'Technology', 'http://www.vogt.com/', 'Euskirchen', 'Dschibuti'),
  ('CUST-1022', 'Meister', 'ERP-40021', 'Gold', 'Benelux', 'Manufacturing', 'http://holsten.net/', 'Meißen', 'Syrien'),
  ('CUST-1023', 'Dippel', 'ERP-45093', 'Gold', 'Nordics', 'Healthcare', 'http://www.weller.com/', 'Neuss', 'Mali'),
  ('CUST-1024', 'Kühnert AG', 'ERP-37869', 'Platinum', 'UK', 'Manufacturing', 'http://krebs.de/', 'Lüneburg', 'Saudi-Arabien'),
  ('CUST-1025', 'Ziegert', 'ERP-28726', 'Bronze', 'Nordics', 'Finance', 'https://www.huebel.com/', 'Wolfratshausen', 'Indonesien'),
  ('CUST-1026', 'Binner KG', 'ERP-83579', 'Bronze', 'Southern Europe', 'Manufacturing', 'https://www.pechel.com/', 'Sangerhausen', 'Bahamas'),
  ('CUST-1027', 'Heinz', 'ERP-86484', 'Platinum', 'Benelux', 'Finance', 'https://www.hentschel.com/', 'Lüdenscheid', 'Republik Korea'),
  ('CUST-1028', 'Rosemann', 'ERP-28131', 'Platinum', 'DACH', 'Technology', 'https://staude.de/', 'Grimmen', 'Kirgisistan'),
  ('CUST-1029', 'Steckel KGaA', 'ERP-24371', 'Silver', 'Nordics', 'Manufacturing', 'https://weitzel.de/', 'Bersenbrück', 'Mosambik'),
  ('CUST-1030', 'Patberg GbR', 'ERP-88172', 'Gold', 'UK', 'Manufacturing', 'http://henschel.org/', 'Mayen', 'Thailand'),
  ('CUST-1031', 'Tlustek', 'ERP-88104', 'Platinum', 'Southern Europe', 'Healthcare', 'https://www.roehrdanz.org/', 'Delitzsch', 'Griechenland'),
  ('CUST-1032', 'Döring Stiftung & Co. KGaA', 'ERP-82512', 'Gold', 'DACH', 'Healthcare', 'http://schleich.de/', 'Torgau', 'Peru'),
  ('CUST-1033', 'Pärtzelt Niemeier GbR', 'ERP-94012', 'Bronze', 'DACH', 'Healthcare', 'http://www.loechel.org/', 'Ahaus', 'Isle of Man'),
  ('CUST-1034', 'Schweitzer GbR', 'ERP-66985', 'Silver', 'UK', 'Technology', 'http://trapp.de/', 'Calw', 'Bangladesch'),
  ('CUST-1035', 'Fischer', 'ERP-44522', 'Silver', 'Southern Europe', 'Technology', 'http://rohleder.com/', 'Dachau', 'Antarktis'),
  ('CUST-1036', 'Knappe Benthin GmbH', 'ERP-91959', 'Bronze', 'Southern Europe', 'Finance', 'http://www.dobes.de/', 'Schweinfurt', 'Sonderverwaltungszone Hongkong'),
  ('CUST-1037', 'Hellwig AG & Co. KGaA', 'ERP-30032', 'Bronze', 'Nordics', 'Technology', 'http://giess.de/', 'Strausberg', 'Turkmenistan'),
  ('CUST-1038', 'Hering', 'ERP-88504', 'Bronze', 'UK', 'Technology', 'https://www.doerr.de/', 'München', 'Finnland'),
  ('CUST-1039', 'Mies GmbH', 'ERP-24662', 'Bronze', 'Benelux', 'Finance', 'https://www.barth.net/', 'Hohenmölsen', 'Guatemala'),
  ('CUST-1040', 'Wirth GbR', 'ERP-17592', 'Silver', 'Southern Europe', 'Technology', 'https://reising.de/', 'Chemnitz', 'Türkei'),
  ('CUST-1041', 'Gieß Salz GbR', 'ERP-21226', 'Platinum', 'DACH', 'Finance', 'http://www.luebs.de/', 'Marktheidenfeld', 'Osttimor'),
  ('CUST-1042', 'Drub', 'ERP-26828', 'Platinum', 'Southern Europe', 'Finance', 'https://www.beyer.com/', 'Kassel', 'Laos'),
  ('CUST-1043', 'Stadelmann GmbH', 'ERP-44741', 'Platinum', 'Nordics', 'Finance', 'https://www.jacob.org/', 'Hofgeismar', 'Kokosinseln'),
  ('CUST-1044', 'Hübel', 'ERP-50857', 'Platinum', 'Benelux', 'Manufacturing', 'http://www.stadelmann.com/', 'Luckenwalde', 'Nauru'),
  ('CUST-1045', 'Jähn GmbH', 'ERP-77839', 'Platinum', 'DACH', 'Finance', 'http://auch.de/', 'Meißen', 'Libanon'),
  ('CUST-1046', 'Hamann', 'ERP-39451', 'Gold', 'Benelux', 'Technology', 'https://www.caspar.org/', 'Bremervörde', 'Südgeorgien und die Südlichen Sandwichinseln'),
  ('CUST-1047', 'Steinberg GmbH', 'ERP-87110', 'Silver', 'Southern Europe', 'Finance', 'http://www.barth.net/', 'Schongau', 'Trinidad und Tobago'),
  ('CUST-1048', 'Meyer GmbH & Co. KG', 'ERP-10942', 'Gold', 'DACH', 'Finance', 'http://kuhl.com/', 'Magdeburg', 'Finnland'),
  ('CUST-1049', 'Textor GmbH & Co. OHG', 'ERP-18834', 'Gold', 'Benelux', 'Technology', 'https://www.hering.com/', 'Delitzsch', 'Swasiland'),
  ('CUST-1050', 'Stahr Radisch KG', 'ERP-77391', 'Silver', 'Benelux', 'Manufacturing', 'https://tschentscher.de/', 'Ebern', 'Somalia'),
  ('CUST-1051', 'Mende Heser e.G.', 'ERP-38080', 'Silver', 'Southern Europe', 'Manufacturing', 'http://neureuther.net/', 'Meiningen', 'Bangladesch'),
  ('CUST-1052', 'Hörle', 'ERP-41850', 'Platinum', 'UK', 'Finance', 'http://juncken.com/', 'Gelnhausen', 'Kasachstan'),
  ('CUST-1053', 'Fliegner', 'ERP-22363', 'Gold', 'UK', 'Healthcare', 'http://www.ladeck.de/', 'Beilngries', 'Eritrea'),
  ('CUST-1054', 'Krebs Winkler KG', 'ERP-65519', 'Platinum', 'UK', 'Technology', 'http://albers.de/', 'Pirmasens', 'Sonderverwaltungszone Hongkong'),
  ('CUST-1055', 'Ritter', 'ERP-98259', 'Gold', 'DACH', 'Manufacturing', 'http://heydrich.de/', 'Königs Wusterhausen', 'Israel'),
  ('CUST-1056', 'Stiebitz', 'ERP-54473', 'Gold', 'Nordics', 'Finance', 'https://www.eckbauer.com/', 'Saarlouis', 'Nicaragua'),
  ('CUST-1057', 'Bauer', 'ERP-34931', 'Platinum', 'Nordics', 'Manufacturing', 'http://misicher.com/', 'Konstanz', 'Irland'),
  ('CUST-1058', 'Metz GmbH', 'ERP-34050', 'Bronze', 'UK', 'Finance', 'https://weller.com/', 'Arnstadt', 'Sonderverwaltungszone Hongkong'),
  ('CUST-1059', 'Birnbaum', 'ERP-19880', 'Platinum', 'Southern Europe', 'Technology', 'https://www.bohnbach.com/', 'Gotha', 'El Salvador'),
  ('CUST-1060', 'Scholtz AG & Co. KG', 'ERP-16630', 'Gold', 'DACH', 'Finance', 'http://www.staude.net/', 'Viechtach', 'Gibraltar'),
  ('CUST-1061', 'Geisel auch Schlauchin KG', 'ERP-31798', 'Platinum', 'UK', 'Manufacturing', 'http://www.doerr.org/', 'Lichtenfels', 'Zypern'),
  ('CUST-1062', 'Gumprich', 'ERP-38016', 'Platinum', 'DACH', 'Finance', 'http://www.textor.org/', 'Rehau', 'St. Pierre und Miquelon'),
  ('CUST-1063', 'Kensy KG', 'ERP-59672', 'Gold', 'UK', 'Healthcare', 'https://patberg.de/', 'Lüdinghausen', 'Tadschikistan'),
  ('CUST-1064', 'Döring Löwer GmbH', 'ERP-69638', 'Bronze', 'UK', 'Manufacturing', 'https://www.gierschner.org/', 'Mühldorf am Inn', 'Lesotho'),
  ('CUST-1065', 'Scheel', 'ERP-30289', 'Silver', 'Benelux', 'Finance', 'https://christoph.de/', 'Wolmirstedt', 'Luxemburg'),
  ('CUST-1066', 'Schmidt', 'ERP-17665', 'Gold', 'Benelux', 'Technology', 'https://oderwald.com/', 'Freudenstadt', 'Jemen'),
  ('CUST-1067', 'Karge Holt KG', 'ERP-16572', 'Platinum', 'Southern Europe', 'Finance', 'https://www.grein.com/', 'Weißwasser', 'Kolumbien'),
  ('CUST-1068', 'Röhricht Werner GbR', 'ERP-17455', 'Gold', 'Nordics', 'Technology', 'https://zorbach.org/', 'Luckenwalde', 'San Marino'),
  ('CUST-1069', 'Jäkel OHG mbH', 'ERP-87992', 'Gold', 'Nordics', 'Manufacturing', 'https://radisch.de/', 'Wolfenbüttel', 'Nauru'),
  ('CUST-1070', 'Kitzmann Tintzmann GmbH & Co. KG', 'ERP-25713', 'Silver', 'Southern Europe', 'Technology', 'https://heinrich.net/', 'Coburg', 'Somalia'),
  ('CUST-1071', 'Wiek', 'ERP-91183', 'Gold', 'UK', 'Healthcare', 'http://www.warmer.org/', 'Burgdorf', 'Thailand'),
  ('CUST-1072', 'Hübel GbR', 'ERP-44179', 'Silver', 'Benelux', 'Finance', 'https://www.austermuehle.com/', 'Bad Mergentheim', 'Armenien'),
  ('CUST-1073', 'Hornich', 'ERP-44814', 'Platinum', 'Nordics', 'Healthcare', 'http://aumann.org/', 'Neubrandenburg', 'Lettland'),
  ('CUST-1074', 'Gorlitz Birnbaum GbR', 'ERP-69929', 'Bronze', 'DACH', 'Technology', 'https://www.kuehnert.com/', 'Duderstadt', 'Chile'),
  ('CUST-1075', 'Jähn', 'ERP-70068', 'Gold', 'DACH', 'Finance', 'http://www.roht.de/', 'Parsberg', 'Kap Verde'),
  ('CUST-1076', 'Margraf Huhn KG', 'ERP-76307', 'Bronze', 'Nordics', 'Healthcare', 'https://scholl.com/', 'Zossen', 'Estland'),
  ('CUST-1077', 'Hahn', 'ERP-19016', 'Silver', 'Benelux', 'Healthcare', 'https://www.henck.com/', 'Ahaus', 'Kolumbien'),
  ('CUST-1078', 'Stroh Scheibe GmbH & Co. KGaA', 'ERP-30676', 'Platinum', 'Southern Europe', 'Healthcare', 'https://www.hoevel.org/', 'Bernburg', 'Sambia'),
  ('CUST-1079', 'Hettner e.V.', 'ERP-90173', 'Gold', 'Southern Europe', 'Healthcare', 'http://ring.com/', 'Diepholz', 'Bahrain'),
  ('CUST-1080', 'Gehringer e.V.', 'ERP-96951', 'Gold', 'Nordics', 'Healthcare', 'https://ebert.org/', 'Guben', 'Mauretanien'),
  ('CUST-1081', 'Nohlmans', 'ERP-25129', 'Gold', 'Southern Europe', 'Finance', 'https://www.benthin.de/', 'Schleiz', 'Ghana'),
  ('CUST-1082', 'Conradi GbR', 'ERP-45697', 'Bronze', 'Southern Europe', 'Finance', 'http://benthin.com/', 'Paderborn', 'Portugal'),
  ('CUST-1083', 'Holsten Girschner KG', 'ERP-54942', 'Silver', 'Benelux', 'Manufacturing', 'https://moechlichen.de/', 'Hettstedt', 'Rumänien'),
  ('CUST-1084', 'Fritsch GmbH', 'ERP-42914', 'Gold', 'DACH', 'Manufacturing', 'https://spiess.com/', 'Brandenburg', 'Indonesien'),
  ('CUST-1085', 'Junitz Drub e.G.', 'ERP-46265', 'Gold', 'DACH', 'Healthcare', 'https://www.riehl.de/', 'Bamberg', 'Dschibuti'),
  ('CUST-1086', 'Klotz', 'ERP-27146', 'Bronze', 'Nordics', 'Manufacturing', 'https://haase.com/', 'Mayen', 'Uganda'),
  ('CUST-1087', 'Neureuther', 'ERP-82309', 'Platinum', 'Southern Europe', 'Technology', 'http://www.schlosser.net/', 'Heinsberg', 'Nepal'),
  ('CUST-1088', 'Rohleder GmbH & Co. KG', 'ERP-24663', 'Gold', 'Nordics', 'Technology', 'http://www.misicher.com/', 'Weimar', 'Guinea-Bissau'),
  ('CUST-1089', 'Trapp', 'ERP-58393', 'Silver', 'UK', 'Finance', 'https://mude.com/', 'Erkelenz', 'Vereinigtes Königreich'),
  ('CUST-1090', 'Pechel', 'ERP-15482', 'Bronze', 'Benelux', 'Technology', 'http://www.wirth.de/', 'Ahaus', 'Guernsey'),
  ('CUST-1091', 'Huhn', 'ERP-56898', 'Silver', 'Nordics', 'Technology', 'https://www.renner.de/', 'Miesbach', 'Weihnachtsinsel'),
  ('CUST-1092', 'Graf Thanel GbR', 'ERP-56357', 'Platinum', 'Southern Europe', 'Finance', 'https://www.beyer.de/', 'Kusel', 'Republik Moldau'),
  ('CUST-1093', 'Flantz', 'ERP-41029', 'Silver', 'Nordics', 'Manufacturing', 'https://www.paffrath.de/', 'Meiningen', 'Bermuda'),
  ('CUST-1094', 'Meyer', 'ERP-13248', 'Silver', 'Benelux', 'Manufacturing', 'http://www.soelzer.de/', 'Höxter', 'Panama'),
  ('CUST-1095', 'Kruschwitz', 'ERP-97806', 'Silver', 'Benelux', 'Finance', 'http://reinhardt.de/', 'Schwäbisch Hall', 'Serbien und Montenegro'),
  ('CUST-1096', 'Riehl Beier KG', 'ERP-24168', 'Platinum', 'DACH', 'Manufacturing', 'http://www.stolze.org/', 'Wolfratshausen', 'Belize'),
  ('CUST-1097', 'Dippel Wesack KGaA', 'ERP-39154', 'Silver', 'UK', 'Healthcare', 'http://taesche.com/', 'Hildesheim', 'Suriname'),
  ('CUST-1098', 'Hornig GmbH', 'ERP-50001', 'Silver', 'Nordics', 'Technology', 'https://henschel.de/', 'Eilenburg', 'Demokratische Volksrepublik Korea'),
  ('CUST-1099', 'Schmidt GmbH', 'ERP-96511', 'Silver', 'UK', 'Healthcare', 'http://fechner.net/', 'Soest', 'Gibraltar'),
  ('CUST-1100', 'Hermighausen Stahr AG', 'ERP-46517', 'Gold', 'Benelux', 'Healthcare', 'https://ritter.com/', 'Meißen', 'Zypern');

CREATE TABLE proj ( proj_id text PRIMARY KEY, name text, status text, go_live text, kd text, opp text );

INSERT INTO proj (proj_id, name, status, go_live, kd, opp) VALUES
  ('PROJ-0001', 'Kobelt Project', 'Active', '2027-01-23', 'CUST-1001', 'OPP-0001'),
  ('PROJ-0002', 'Gehringer Hertrampf GmbH & Co. KGaA Project', 'In Planning', '2028-05-16', 'CUST-1001', 'OPP-0001'),
  ('PROJ-0003', 'Barth Scholl KG Project', 'Active', '2026-06-15', 'CUST-1002', 'OPP-0003'),
  ('PROJ-0004', 'Hartung Project', 'Completed', '2027-05-31', 'CUST-1002', 'OPP-0003'),
  ('PROJ-0005', 'Mitschke Project', 'Completed', '2028-03-13', 'CUST-1002', 'OPP-0003'),
  ('PROJ-0006', 'Koch Project', 'In Planning', '2027-02-07', 'CUST-1003', 'OPP-0002'),
  ('PROJ-0007', 'Klemt Project', 'In Planning', '2025-08-26', 'CUST-1003', 'OPP-0004'),
  ('PROJ-0008', 'Ehlert KG Project', 'In Planning', '2026-03-22', 'CUST-1004', 'OPP-0007'),
  ('PROJ-0009', 'Dörschner OHG mbH Project', 'Active', '2028-01-26', 'CUST-1004', 'OPP-0004'),
  ('PROJ-0010', 'Wilmsen Project', 'Completed', '2027-02-15', 'CUST-1005', 'OPP-0003'),
  ('PROJ-0011', 'Losekann GmbH & Co. KG Project', 'In Planning', '2028-02-19', 'CUST-1005', 'OPP-0008'),
  ('PROJ-0012', 'Kambs Metz GmbH Project', 'Completed', '2026-09-19', 'CUST-1005', 'OPP-0005'),
  ('PROJ-0013', 'Jockel Project', 'Completed', '2026-07-11', 'CUST-1006', 'OPP-0012'),
  ('PROJ-0014', 'Speer Löffler GmbH & Co. KGaA Project', 'In Planning', '2027-04-17', 'CUST-1007', 'OPP-0008'),
  ('PROJ-0015', 'Heydrich Hande e.G. Project', 'Completed', '2027-01-03', 'CUST-1007', 'OPP-0008'),
  ('PROJ-0016', 'Henk GmbH & Co. KG Project', 'Completed', '2027-03-28', 'CUST-1008', 'OPP-0011'),
  ('PROJ-0017', 'Höfig Schäfer AG Project', 'Active', '2026-07-11', 'CUST-1009', 'OPP-0020'),
  ('PROJ-0018', 'Kraushaar Lange e.G. Project', 'In Planning', '2026-06-26', 'CUST-1010', 'OPP-0001'),
  ('PROJ-0019', 'Winkler Project', 'Completed', '2027-05-06', 'CUST-1011', 'OPP-0004'),
  ('PROJ-0020', 'Ullmann GmbH & Co. KG Project', 'Completed', '2025-08-07', 'CUST-1011', 'OPP-0012'),
  ('PROJ-0021', 'Röhrdanz Dobes Stiftung & Co. KG Project', 'Completed', '2028-01-04', 'CUST-1012', 'OPP-0006'),
  ('PROJ-0022', 'Hölzenbecher AG Project', 'Completed', '2027-10-05', 'CUST-1012', 'OPP-0007'),
  ('PROJ-0023', 'Putz KG Project', 'Completed', '2026-12-29', 'CUST-1013', 'OPP-0018'),
  ('PROJ-0024', 'Röhrdanz Project', 'In Planning', '2025-07-13', 'CUST-1013', 'OPP-0012'),
  ('PROJ-0025', 'Speer Hübel GmbH Project', 'In Planning', '2026-10-22', 'CUST-1014', 'OPP-0009'),
  ('PROJ-0026', 'Mentzel AG & Co. KGaA Project', 'Active', '2028-03-01', 'CUST-1015', 'OPP-0005'),
  ('PROJ-0027', 'Christoph Stoll GmbH Project', 'Completed', '2027-06-22', 'CUST-1015', 'OPP-0032'),
  ('PROJ-0028', 'Hölzenbecher Project', 'Completed', '2028-01-04', 'CUST-1016', 'OPP-0020'),
  ('PROJ-0029', 'Gunpf Schuster KG Project', 'In Planning', '2026-04-17', 'CUST-1016', 'OPP-0004'),
  ('PROJ-0030', 'Jähn Project', 'In Planning', '2027-04-25', 'CUST-1016', 'OPP-0007'),
  ('PROJ-0031', 'Henschel Stolze GmbH Project', 'Completed', '2026-05-12', 'CUST-1017', 'OPP-0019'),
  ('PROJ-0032', 'Biggen Binner GmbH Project', 'In Planning', '2026-12-15', 'CUST-1018', 'OPP-0032'),
  ('PROJ-0033', 'Steinberg Project', 'Completed', '2026-11-18', 'CUST-1018', 'OPP-0006'),
  ('PROJ-0034', 'Anders Project', 'In Planning', '2028-01-05', 'CUST-1018', 'OPP-0003'),
  ('PROJ-0035', 'Zänker Project', 'Completed', '2028-05-21', 'CUST-1019', 'OPP-0043'),
  ('PROJ-0036', 'Rust Project', 'Completed', '2026-02-25', 'CUST-1019', 'OPP-0036'),
  ('PROJ-0037', 'Stiffel Project', 'In Planning', '2027-05-27', 'CUST-1020', 'OPP-0024'),
  ('PROJ-0038', 'Müller Siering AG & Co. OHG Project', 'Completed', '2027-09-27', 'CUST-1021', 'OPP-0008'),
  ('PROJ-0039', 'Kühnert OHG mbH Project', 'Completed', '2025-10-03', 'CUST-1022', 'OPP-0001'),
  ('PROJ-0040', 'Müller GmbH Project', 'Completed', '2028-04-11', 'CUST-1022', 'OPP-0047'),
  ('PROJ-0041', 'Heß GmbH Project', 'Completed', '2026-03-06', 'CUST-1022', 'OPP-0038'),
  ('PROJ-0042', 'Säuberlich Project', 'Active', '2026-12-08', 'CUST-1023', 'OPP-0034'),
  ('PROJ-0043', 'Matthäi Project', 'Completed', '2027-11-24', 'CUST-1023', 'OPP-0001'),
  ('PROJ-0044', 'Gieß KG Project', 'Completed', '2026-08-25', 'CUST-1024', 'OPP-0021'),
  ('PROJ-0045', 'Vogt GbR Project', 'In Planning', '2027-12-22', 'CUST-1024', 'OPP-0046'),
  ('PROJ-0046', 'Huhn GmbH & Co. KG Project', 'Completed', '2027-06-29', 'CUST-1024', 'OPP-0056'),
  ('PROJ-0047', 'Seifert Steckel GmbH Project', 'Active', '2027-10-30', 'CUST-1025', 'OPP-0003'),
  ('PROJ-0048', 'Textor Lindau GmbH & Co. KG Project', 'Completed', '2025-12-01', 'CUST-1025', 'OPP-0051'),
  ('PROJ-0049', 'Drubin Project', 'Completed', '2027-09-17', 'CUST-1026', 'OPP-0059'),
  ('PROJ-0050', 'Segebahn Project', 'Completed', '2028-05-05', 'CUST-1027', 'OPP-0041'),
  ('PROJ-0051', 'Beer Project', 'Completed', '2027-12-27', 'CUST-1027', 'OPP-0045'),
  ('PROJ-0052', 'Staude AG Project', 'Completed', '2027-10-06', 'CUST-1027', 'OPP-0030'),
  ('PROJ-0053', 'Geißler Project', 'Active', '2025-09-19', 'CUST-1028', 'OPP-0039'),
  ('PROJ-0054', 'Seidel Ziegert GmbH Project', 'Completed', '2027-03-03', 'CUST-1028', 'OPP-0015'),
  ('PROJ-0055', 'Trub Ziegert KGaA Project', 'In Planning', '2025-12-07', 'CUST-1029', 'OPP-0047'),
  ('PROJ-0056', 'Kramer Project', 'Completed', '2025-12-23', 'CUST-1030', 'OPP-0014'),
  ('PROJ-0057', 'Jacobi Jäckel Heuser GmbH & Co. KGaA Project', 'In Planning', '2025-11-27', 'CUST-1030', 'OPP-0030'),
  ('PROJ-0058', 'Lübs GbR Project', 'Completed', '2026-09-25', 'CUST-1030', 'OPP-0004'),
  ('PROJ-0059', 'Kohl Holt e.V. Project', 'Active', '2026-08-25', 'CUST-1031', 'OPP-0054'),
  ('PROJ-0060', 'Rose AG & Co. OHG Project', 'In Planning', '2027-04-01', 'CUST-1031', 'OPP-0013'),
  ('PROJ-0061', 'Girschner Project', 'Completed', '2027-07-08', 'CUST-1031', 'OPP-0053'),
  ('PROJ-0062', 'Drub Stiftung & Co. KGaA Project', 'Active', '2025-11-23', 'CUST-1032', 'OPP-0007'),
  ('PROJ-0063', 'Karz Meyer e.V. Project', 'Completed', '2026-02-02', 'CUST-1032', 'OPP-0032'),
  ('PROJ-0064', 'Keudel Mülichen AG Project', 'Active', '2026-10-14', 'CUST-1032', 'OPP-0073'),
  ('PROJ-0065', 'Adolph Tlustek AG & Co. OHG Project', 'Active', '2026-02-01', 'CUST-1033', 'OPP-0002'),
  ('PROJ-0066', 'Scholl Bloch GmbH Project', 'Active', '2028-04-29', 'CUST-1034', 'OPP-0067'),
  ('PROJ-0067', 'Ernst Gude GmbH Project', 'Completed', '2028-05-12', 'CUST-1034', 'OPP-0059'),
  ('PROJ-0068', 'Söding Project', 'In Planning', '2026-12-15', 'CUST-1034', 'OPP-0004'),
  ('PROJ-0069', 'Stiebitz Project', 'In Planning', '2027-12-01', 'CUST-1035', 'OPP-0038'),
  ('PROJ-0070', 'Weitzel e.V. Project', 'Completed', '2026-09-15', 'CUST-1035', 'OPP-0065'),
  ('PROJ-0071', 'Hofmann KGaA Project', 'In Planning', '2025-11-07', 'CUST-1035', 'OPP-0056'),
  ('PROJ-0072', 'van der Dussen Thies e.G. Project', 'Completed', '2026-03-04', 'CUST-1036', 'OPP-0009'),
  ('PROJ-0073', 'Conradi Project', 'Active', '2027-08-01', 'CUST-1036', 'OPP-0011'),
  ('PROJ-0074', 'Hamann GmbH & Co. KGaA Project', 'Active', '2025-09-14', 'CUST-1036', 'OPP-0056'),
  ('PROJ-0075', 'Seip Project', 'Completed', '2025-12-17', 'CUST-1037', 'OPP-0046'),
  ('PROJ-0076', 'Ullmann Hamann KGaA Project', 'Active', '2027-09-19', 'CUST-1037', 'OPP-0074'),
  ('PROJ-0077', 'Schmiedt Striebitz GmbH & Co. KG Project', 'In Planning', '2028-01-19', 'CUST-1037', 'OPP-0028'),
  ('PROJ-0078', 'Ortmann KGaA Project', 'In Planning', '2027-04-02', 'CUST-1038', 'OPP-0035'),
  ('PROJ-0079', 'Aumann Project', 'Active', '2028-06-06', 'CUST-1038', 'OPP-0024'),
  ('PROJ-0080', 'Eigenwillig Kraushaar KG Project', 'Completed', '2026-09-25', 'CUST-1038', 'OPP-0090'),
  ('PROJ-0081', 'Meyer Pergande GmbH Project', 'Active', '2025-08-20', 'CUST-1039', 'OPP-0080'),
  ('PROJ-0082', 'Wirth Wulf AG & Co. OHG Project', 'In Planning', '2027-09-01', 'CUST-1040', 'OPP-0063'),
  ('PROJ-0083', 'Wesack Project', 'In Planning', '2027-11-10', 'CUST-1040', 'OPP-0086'),
  ('PROJ-0084', 'Albers GmbH & Co. KG Project', 'Completed', '2025-07-17', 'CUST-1040', 'OPP-0006'),
  ('PROJ-0085', 'Lübs OHG mbH Project', 'In Planning', '2028-05-12', 'CUST-1041', 'OPP-0030'),
  ('PROJ-0086', 'Hornich GbR Project', 'In Planning', '2028-01-09', 'CUST-1041', 'OPP-0072'),
  ('PROJ-0087', 'Thies Wähner GmbH Project', 'In Planning', '2026-06-04', 'CUST-1041', 'OPP-0046'),
  ('PROJ-0088', 'Finke Conradi Stiftung & Co. KG Project', 'Active', '2026-03-20', 'CUST-1042', 'OPP-0103'),
  ('PROJ-0089', 'Kroker Peukert AG Project', 'In Planning', '2027-07-03', 'CUST-1042', 'OPP-0059'),
  ('PROJ-0090', 'Schmiedecke KG Project', 'Completed', '2027-04-28', 'CUST-1043', 'OPP-0094'),
  ('PROJ-0091', 'Hübel Project', 'In Planning', '2026-12-19', 'CUST-1043', 'OPP-0105'),
  ('PROJ-0092', 'Kabus KG Project', 'Completed', '2026-01-27', 'CUST-1044', 'OPP-0102'),
  ('PROJ-0093', 'Karge Stiftung & Co. KG Project', 'Completed', '2026-01-01', 'CUST-1044', 'OPP-0076'),
  ('PROJ-0094', 'Bonbach Barkholz AG & Co. KG Project', 'Active', '2027-03-25', 'CUST-1044', 'OPP-0046'),
  ('PROJ-0095', 'Hornig Project', 'In Planning', '2025-11-07', 'CUST-1045', 'OPP-0006'),
  ('PROJ-0096', 'Ackermann Project', 'Completed', '2028-04-25', 'CUST-1045', 'OPP-0104'),
  ('PROJ-0097', 'Krein Project', 'In Planning', '2028-01-09', 'CUST-1045', 'OPP-0084'),
  ('PROJ-0098', 'Börner Project', 'Completed', '2026-07-10', 'CUST-1046', 'OPP-0057'),
  ('PROJ-0099', 'Tschentscher AG Project', 'In Planning', '2025-08-12', 'CUST-1046', 'OPP-0067'),
  ('PROJ-0100', 'Wagner Lindner AG & Co. KGaA Project', 'In Planning', '2028-02-15', 'CUST-1046', 'OPP-0021');
INSERT INTO proj (proj_id, name, status, go_live, kd, opp) VALUES
  ('PROJ-0101', 'Schomber Project', 'In Planning', '2027-04-09', 'CUST-1047', 'OPP-0051'),
  ('PROJ-0102', 'Dietz AG Project', 'Active', '2026-02-02', 'CUST-1047', 'OPP-0077'),
  ('PROJ-0103', 'Hornich Project', 'In Planning', '2028-05-26', 'CUST-1047', 'OPP-0011'),
  ('PROJ-0104', 'Rudolph Project', 'Active', '2027-07-03', 'CUST-1048', 'OPP-0010'),
  ('PROJ-0105', 'Schaaf Project', 'Completed', '2027-01-14', 'CUST-1049', 'OPP-0079'),
  ('PROJ-0106', 'Bohlander GbR Project', 'In Planning', '2025-07-27', 'CUST-1050', 'OPP-0032'),
  ('PROJ-0107', 'Mohaupt GmbH Project', 'Completed', '2027-07-03', 'CUST-1051', 'OPP-0038'),
  ('PROJ-0108', 'Kruschwitz Project', 'Active', '2027-03-23', 'CUST-1051', 'OPP-0010'),
  ('PROJ-0109', 'Pergande OHG mbH Project', 'Completed', '2028-05-15', 'CUST-1051', 'OPP-0121'),
  ('PROJ-0110', 'Stiffel GmbH Project', 'In Planning', '2027-06-08', 'CUST-1052', 'OPP-0005'),
  ('PROJ-0111', 'Klapp GbR Project', 'In Planning', '2027-09-14', 'CUST-1052', 'OPP-0132'),
  ('PROJ-0112', 'Mielcarek Project', 'In Planning', '2025-11-24', 'CUST-1053', 'OPP-0130'),
  ('PROJ-0113', 'Girschner Project', 'In Planning', '2027-10-22', 'CUST-1053', 'OPP-0006'),
  ('PROJ-0114', 'Kade Schüler AG & Co. KGaA Project', 'Completed', '2026-05-30', 'CUST-1053', 'OPP-0121'),
  ('PROJ-0115', 'Bähr Heidrich GbR Project', 'In Planning', '2027-08-26', 'CUST-1054', 'OPP-0087'),
  ('PROJ-0116', 'Hahn Stiftung & Co. KGaA Project', 'In Planning', '2025-07-15', 'CUST-1054', 'OPP-0045'),
  ('PROJ-0117', 'Lindner AG Project', 'In Planning', '2027-01-02', 'CUST-1055', 'OPP-0085'),
  ('PROJ-0118', 'Werner AG Project', 'Active', '2025-07-01', 'CUST-1056', 'OPP-0021'),
  ('PROJ-0119', 'Spieß KGaA Project', 'Completed', '2025-12-24', 'CUST-1056', 'OPP-0076'),
  ('PROJ-0120', 'Langern GmbH & Co. KG Project', 'In Planning', '2025-08-10', 'CUST-1057', 'OPP-0113'),
  ('PROJ-0121', 'Steckel Project', 'In Planning', '2026-11-03', 'CUST-1058', 'OPP-0036'),
  ('PROJ-0122', 'auch Schlauchin Project', 'Active', '2028-02-13', 'CUST-1059', 'OPP-0114'),
  ('PROJ-0123', 'Kraus Project', 'Active', '2026-09-22', 'CUST-1059', 'OPP-0082'),
  ('PROJ-0124', 'Gute GbR Project', 'Completed', '2027-09-21', 'CUST-1060', 'OPP-0120'),
  ('PROJ-0125', 'Hörle OHG mbH Project', 'In Planning', '2026-03-22', 'CUST-1060', 'OPP-0034'),
  ('PROJ-0126', 'Stumpf e.V. Project', 'In Planning', '2026-05-10', 'CUST-1060', 'OPP-0023'),
  ('PROJ-0127', 'Birnbaum Project', 'Completed', '2027-10-16', 'CUST-1061', 'OPP-0033'),
  ('PROJ-0128', 'Schmiedt Project', 'In Planning', '2028-01-01', 'CUST-1061', 'OPP-0151'),
  ('PROJ-0129', 'Noack Zobel KG Project', 'Active', '2027-02-13', 'CUST-1061', 'OPP-0034'),
  ('PROJ-0130', 'Kranz Drewes GmbH Project', 'Active', '2026-03-29', 'CUST-1062', 'OPP-0044'),
  ('PROJ-0131', 'Holzapfel Project', 'In Planning', '2025-07-18', 'CUST-1062', 'OPP-0160'),
  ('PROJ-0132', 'Winkler Project', 'In Planning', '2026-08-05', 'CUST-1062', 'OPP-0155'),
  ('PROJ-0133', 'Mühle AG & Co. KGaA Project', 'Completed', '2027-01-26', 'CUST-1063', 'OPP-0107'),
  ('PROJ-0134', 'Heinz Project', 'Completed', '2025-10-08', 'CUST-1064', 'OPP-0148'),
  ('PROJ-0135', 'Reuter Project', 'Active', '2026-11-20', 'CUST-1065', 'OPP-0111'),
  ('PROJ-0136', 'Koch II Heintze AG Project', 'In Planning', '2027-06-23', 'CUST-1066', 'OPP-0072'),
  ('PROJ-0137', 'Zorbach Project', 'In Planning', '2026-07-21', 'CUST-1066', 'OPP-0157'),
  ('PROJ-0138', 'Speer GbR Project', 'Completed', '2026-09-18', 'CUST-1067', 'OPP-0122'),
  ('PROJ-0139', 'Tschentscher Drewes GmbH & Co. KGaA Project', 'In Planning', '2027-07-01', 'CUST-1067', 'OPP-0117'),
  ('PROJ-0140', 'Häring Schäfer AG & Co. KGaA Project', 'Active', '2027-05-31', 'CUST-1067', 'OPP-0156'),
  ('PROJ-0141', 'Reuter Project', 'Completed', '2027-12-14', 'CUST-1068', 'OPP-0177'),
  ('PROJ-0142', 'Seip Project', 'In Planning', '2026-10-06', 'CUST-1068', 'OPP-0007'),
  ('PROJ-0143', 'Koch II Beyer Stiftung & Co. KG Project', 'In Planning', '2027-01-22', 'CUST-1068', 'OPP-0122'),
  ('PROJ-0144', 'Trapp Project', 'Active', '2025-08-17', 'CUST-1069', 'OPP-0144'),
  ('PROJ-0145', 'Schuster Adolph e.V. Project', 'Completed', '2025-09-28', 'CUST-1069', 'OPP-0170'),
  ('PROJ-0146', 'Mude KG Project', 'Completed', '2026-10-11', 'CUST-1069', 'OPP-0135'),
  ('PROJ-0147', 'Nette Project', 'Completed', '2027-10-12', 'CUST-1070', 'OPP-0011'),
  ('PROJ-0148', 'Ruppert Höfig GmbH & Co. KGaA Project', 'Active', '2026-01-07', 'CUST-1071', 'OPP-0106'),
  ('PROJ-0149', 'Rudolph AG & Co. KG Project', 'Active', '2028-05-29', 'CUST-1072', 'OPP-0045'),
  ('PROJ-0150', 'Hein Project', 'Completed', '2027-11-30', 'CUST-1072', 'OPP-0046'),
  ('PROJ-0151', 'Hiller Project', 'Active', '2027-11-19', 'CUST-1072', 'OPP-0102'),
  ('PROJ-0152', 'Linke Schüler KG Project', 'In Planning', '2027-03-09', 'CUST-1073', 'OPP-0066'),
  ('PROJ-0153', 'Budig AG & Co. KGaA Project', 'In Planning', '2026-07-02', 'CUST-1073', 'OPP-0048'),
  ('PROJ-0154', 'Jessel Project', 'Active', '2028-03-13', 'CUST-1074', 'OPP-0067'),
  ('PROJ-0155', 'Gnatz AG & Co. KG Project', 'Completed', '2026-05-04', 'CUST-1075', 'OPP-0040'),
  ('PROJ-0156', 'Köhler Mitschke Stiftung & Co. KG Project', 'Active', '2027-11-05', 'CUST-1076', 'OPP-0084'),
  ('PROJ-0157', 'Dussen van Project', 'In Planning', '2026-08-28', 'CUST-1077', 'OPP-0017'),
  ('PROJ-0158', 'Anders AG Project', 'In Planning', '2027-03-19', 'CUST-1077', 'OPP-0016'),
  ('PROJ-0159', 'Ackermann Wulf KGaA Project', 'Active', '2026-12-27', 'CUST-1078', 'OPP-0046'),
  ('PROJ-0160', 'Gorlitz Project', 'In Planning', '2028-02-13', 'CUST-1078', 'OPP-0101'),
  ('PROJ-0161', 'Koch Trommler AG Project', 'Active', '2027-12-10', 'CUST-1079', 'OPP-0053'),
  ('PROJ-0162', 'Losekann Project', 'Active', '2027-12-13', 'CUST-1080', 'OPP-0129'),
  ('PROJ-0163', 'Förster Etzler GbR Project', 'Completed', '2026-07-28', 'CUST-1081', 'OPP-0165'),
  ('PROJ-0164', 'Kuhl GmbH & Co. OHG Project', 'Completed', '2026-10-10', 'CUST-1082', 'OPP-0217'),
  ('PROJ-0165', 'Faust Project', 'In Planning', '2027-07-22', 'CUST-1083', 'OPP-0194'),
  ('PROJ-0166', 'Becker Röhricht GbR Project', 'In Planning', '2026-02-23', 'CUST-1084', 'OPP-0222'),
  ('PROJ-0167', 'Junck AG Project', 'Completed', '2027-02-21', 'CUST-1085', 'OPP-0044'),
  ('PROJ-0168', 'Drubin Project', 'Active', '2026-01-08', 'CUST-1085', 'OPP-0185'),
  ('PROJ-0169', 'Vogt AG Project', 'In Planning', '2027-10-07', 'CUST-1085', 'OPP-0126'),
  ('PROJ-0170', 'Möchlichen Project', 'Completed', '2027-08-10', 'CUST-1086', 'OPP-0016'),
  ('PROJ-0171', 'Gorlitz Kraushaar GmbH & Co. KGaA Project', 'In Planning', '2026-11-22', 'CUST-1086', 'OPP-0164'),
  ('PROJ-0172', 'Rudolph Project', 'Completed', '2027-04-02', 'CUST-1087', 'OPP-0021'),
  ('PROJ-0173', 'Segebahn Project', 'Completed', '2028-02-05', 'CUST-1087', 'OPP-0104'),
  ('PROJ-0174', 'Süßebier Seip Stiftung & Co. KG Project', 'In Planning', '2027-11-10', 'CUST-1088', 'OPP-0220'),
  ('PROJ-0175', 'Wagner Project', 'Active', '2025-11-03', 'CUST-1088', 'OPP-0230'),
  ('PROJ-0176', 'Lange Margraf AG Project', 'Completed', '2027-04-10', 'CUST-1089', 'OPP-0238'),
  ('PROJ-0177', 'Henschel KG Project', 'Active', '2026-04-21', 'CUST-1089', 'OPP-0077'),
  ('PROJ-0178', 'Roht Project', 'Active', '2027-12-06', 'CUST-1089', 'OPP-0145'),
  ('PROJ-0179', 'Drubin AG Project', 'Completed', '2026-11-12', 'CUST-1090', 'OPP-0126'),
  ('PROJ-0180', 'Walter AG & Co. OHG Project', 'Active', '2027-11-14', 'CUST-1090', 'OPP-0092'),
  ('PROJ-0181', 'Schomber Reinhardt AG & Co. KGaA Project', 'Active', '2027-03-08', 'CUST-1091', 'OPP-0111'),
  ('PROJ-0182', 'Beyer Striebitz KG Project', 'Completed', '2028-02-01', 'CUST-1092', 'OPP-0127'),
  ('PROJ-0183', 'Mosemann Bien AG Project', 'Active', '2027-01-12', 'CUST-1092', 'OPP-0017'),
  ('PROJ-0184', 'Gumprich Trüb e.G. Project', 'Completed', '2027-06-26', 'CUST-1093', 'OPP-0086'),
  ('PROJ-0185', 'Budig Project', 'Completed', '2028-05-23', 'CUST-1093', 'OPP-0209'),
  ('PROJ-0186', 'Schleich Ruppert AG & Co. KG Project', 'Completed', '2026-12-29', 'CUST-1094', 'OPP-0030'),
  ('PROJ-0187', 'Trüb Döring GmbH Project', 'In Planning', '2027-02-20', 'CUST-1094', 'OPP-0052'),
  ('PROJ-0188', 'Jähn Project', 'Completed', '2028-03-23', 'CUST-1095', 'OPP-0206'),
  ('PROJ-0189', 'Trupp Kaul AG Project', 'In Planning', '2027-03-21', 'CUST-1095', 'OPP-0215'),
  ('PROJ-0190', 'Pergande Project', 'In Planning', '2026-09-07', 'CUST-1095', 'OPP-0019'),
  ('PROJ-0191', 'Albers Project', 'In Planning', '2027-03-16', 'CUST-1096', 'OPP-0114'),
  ('PROJ-0192', 'Hellwig Project', 'Completed', '2027-08-10', 'CUST-1096', 'OPP-0192'),
  ('PROJ-0193', 'Langern Ritter KG Project', 'Completed', '2026-07-28', 'CUST-1096', 'OPP-0238'),
  ('PROJ-0194', 'Reinhardt Wulff AG Project', 'Completed', '2026-11-16', 'CUST-1097', 'OPP-0179'),
  ('PROJ-0195', 'Möchlichen Project', 'Completed', '2027-03-12', 'CUST-1097', 'OPP-0050'),
  ('PROJ-0196', 'Linke Kitzmann e.V. Project', 'Completed', '2026-05-09', 'CUST-1097', 'OPP-0232'),
  ('PROJ-0197', 'Gertz Project', 'In Planning', '2028-03-14', 'CUST-1098', 'OPP-0095'),
  ('PROJ-0198', 'Flantz Project', 'Active', '2027-06-13', 'CUST-1098', 'OPP-0222'),
  ('PROJ-0199', 'Pölitz GmbH Project', 'Completed', '2027-07-03', 'CUST-1099', 'OPP-0199'),
  ('PROJ-0200', 'Johann KG Project', 'In Planning', '2025-07-02', 'CUST-1099', 'OPP-0201');
INSERT INTO proj (proj_id, name, status, go_live, kd, opp) VALUES
  ('PROJ-0201', 'Börner AG Project', 'In Planning', '2026-09-14', 'CUST-1099', 'OPP-0059'),
  ('PROJ-0202', 'Speer Bruder KGaA Project', 'In Planning', '2026-10-30', 'CUST-1100', 'OPP-0199');
