CREATE SCHEMA IF NOT EXISTS fixture_missing_relations_src;
SET search_path TO fixture_missing_relations_src;

CREATE TABLE "Account" ( id text PRIMARY KEY, name text, tier text, region text, industry text );

INSERT INTO "Account" (id, name, tier, region, industry) VALUES
  ('ACC-0001', 'Siering Köster GmbH & Co. KGaA', 'Gold', 'DACH', 'Healthcare'),
  ('ACC-0002', 'Scholtz Becker AG & Co. KGaA', 'Silver', 'Nordics', 'Technology'),
  ('ACC-0003', 'Beyer Hoffmann AG & Co. KG', 'Gold', 'Nordics', 'Finance'),
  ('ACC-0004', 'Bauer', 'Bronze', 'DACH', 'Finance'),
  ('ACC-0005', 'Schlosser AG & Co. OHG', 'Silver', 'DACH', 'Finance'),
  ('ACC-0006', 'Pergande Trubin e.G.', 'Bronze', 'DACH', 'Technology'),
  ('ACC-0007', 'Pechel', 'Bronze', 'DACH', 'Technology'),
  ('ACC-0008', 'Trub', 'Gold', 'DACH', 'Finance'),
  ('ACC-0009', 'Hande Kostolzin KG', 'Silver', 'DACH', 'Finance'),
  ('ACC-0010', 'Sontag Stiftung & Co. KGaA', 'Silver', 'DACH', 'Technology'),
  ('ACC-0011', 'Kranz e.G.', 'Silver', 'Nordics', 'Technology'),
  ('ACC-0012', 'Budig', 'Silver', 'UK', 'Finance'),
  ('ACC-0013', 'Hauffer KG', 'Gold', 'DACH', 'Finance'),
  ('ACC-0014', 'Ruppert', 'Bronze', 'UK', 'Finance'),
  ('ACC-0015', 'Rogge', 'Silver', 'Nordics', 'Technology'),
  ('ACC-0016', 'Lindner', 'Silver', 'UK', 'Technology'),
  ('ACC-0017', 'Wagner', 'Silver', 'DACH', 'Technology'),
  ('ACC-0018', 'Rädel e.V.', 'Silver', 'UK', 'Finance'),
  ('ACC-0019', 'auch Schlauchin GmbH & Co. KGaA', 'Bronze', 'Nordics', 'Technology'),
  ('ACC-0020', 'Pruschke', 'Gold', 'UK', 'Finance'),
  ('ACC-0021', 'Mans', 'Gold', 'Nordics', 'Finance'),
  ('ACC-0022', 'Heuser Gude KG', 'Gold', 'Nordics', 'Healthcare'),
  ('ACC-0023', 'Henk Jüttner GbR', 'Gold', 'Nordics', 'Healthcare'),
  ('ACC-0024', 'Heinrich Meyer GmbH', 'Silver', 'UK', 'Healthcare'),
  ('ACC-0025', 'Drub', 'Silver', 'UK', 'Technology'),
  ('ACC-0026', 'Hendriks', 'Bronze', 'DACH', 'Healthcare'),
  ('ACC-0027', 'Wagner Lange GmbH', 'Silver', 'Nordics', 'Healthcare'),
  ('ACC-0028', 'Kitzmann KG', 'Silver', 'UK', 'Technology'),
  ('ACC-0029', 'Buchholz', 'Silver', 'UK', 'Finance'),
  ('ACC-0030', 'Söding Nette KG', 'Gold', 'DACH', 'Finance'),
  ('ACC-0031', 'Meister e.V.', 'Silver', 'Nordics', 'Technology'),
  ('ACC-0032', 'Hein Roskoth AG & Co. KG', 'Gold', 'Nordics', 'Healthcare'),
  ('ACC-0033', 'Henschel', 'Gold', 'Nordics', 'Healthcare'),
  ('ACC-0034', 'Steuer Sauer OHG mbH', 'Silver', 'Nordics', 'Healthcare'),
  ('ACC-0035', 'auch Schlauchin GbR', 'Silver', 'UK', 'Finance'),
  ('ACC-0036', 'Karge Johann AG', 'Bronze', 'DACH', 'Technology'),
  ('ACC-0037', 'Lange GmbH & Co. KG', 'Silver', 'UK', 'Healthcare'),
  ('ACC-0038', 'Finke', 'Gold', 'UK', 'Healthcare'),
  ('ACC-0039', 'Oderwald', 'Bronze', 'DACH', 'Technology'),
  ('ACC-0040', 'Wirth', 'Silver', 'UK', 'Finance'),
  ('ACC-0041', 'Girschner GmbH & Co. KG', 'Gold', 'Nordics', 'Healthcare'),
  ('ACC-0042', 'Geisel AG', 'Gold', 'Nordics', 'Technology'),
  ('ACC-0043', 'Hesse Wieloch KG', 'Bronze', 'Nordics', 'Technology'),
  ('ACC-0044', 'Möchlichen', 'Bronze', 'Nordics', 'Finance'),
  ('ACC-0045', 'Ditschlerin', 'Bronze', 'UK', 'Finance'),
  ('ACC-0046', 'Beer GmbH & Co. KG', 'Gold', 'Nordics', 'Finance'),
  ('ACC-0047', 'Stumpf AG & Co. KGaA', 'Gold', 'Nordics', 'Healthcare'),
  ('ACC-0048', 'Eigenwillig GmbH & Co. OHG', 'Gold', 'Nordics', 'Technology'),
  ('ACC-0049', 'Kraushaar', 'Silver', 'DACH', 'Technology'),
  ('ACC-0050', 'Klapp Eckbauer GmbH', 'Bronze', 'DACH', 'Finance'),
  ('ACC-0051', 'Roht', 'Silver', 'UK', 'Finance'),
  ('ACC-0052', 'Trub GmbH', 'Bronze', 'DACH', 'Finance'),
  ('ACC-0053', 'Kallert GmbH', 'Silver', 'Nordics', 'Finance'),
  ('ACC-0054', 'Schlosser', 'Bronze', 'UK', 'Technology'),
  ('ACC-0055', 'Dörr', 'Bronze', 'DACH', 'Healthcare'),
  ('ACC-0056', 'Bien', 'Bronze', 'DACH', 'Finance'),
  ('ACC-0057', 'Warmer GmbH', 'Bronze', 'DACH', 'Healthcare'),
  ('ACC-0058', 'Lange Schuchhardt GmbH & Co. KG', 'Gold', 'UK', 'Healthcare'),
  ('ACC-0059', 'Mälzer', 'Silver', 'DACH', 'Finance'),
  ('ACC-0060', 'Wernecke Müller Stiftung & Co. KG', 'Silver', 'UK', 'Technology'),
  ('ACC-0061', 'Wagner AG & Co. KGaA', 'Silver', 'Nordics', 'Technology'),
  ('ACC-0062', 'Wilms', 'Gold', 'Nordics', 'Technology'),
  ('ACC-0063', 'Pechel', 'Gold', 'UK', 'Healthcare'),
  ('ACC-0064', 'Flantz AG', 'Silver', 'DACH', 'Finance'),
  ('ACC-0065', 'Scheel', 'Silver', 'DACH', 'Finance'),
  ('ACC-0066', 'Steuer Seip GmbH & Co. KG', 'Bronze', 'Nordics', 'Healthcare'),
  ('ACC-0067', 'Jungfer Mangold AG & Co. KGaA', 'Gold', 'UK', 'Finance'),
  ('ACC-0068', 'Ullmann', 'Silver', 'DACH', 'Finance'),
  ('ACC-0069', 'Holt', 'Silver', 'Nordics', 'Technology'),
  ('ACC-0070', 'Heinrich GmbH', 'Bronze', 'UK', 'Finance'),
  ('ACC-0071', 'Karge Biggen KG', 'Silver', 'DACH', 'Healthcare'),
  ('ACC-0072', 'Pruschke', 'Gold', 'Nordics', 'Technology'),
  ('ACC-0073', 'Pechel', 'Gold', 'DACH', 'Finance'),
  ('ACC-0074', 'Hörle Junitz GmbH', 'Bronze', 'Nordics', 'Finance'),
  ('ACC-0075', 'Wernecke Gieß AG & Co. KG', 'Gold', 'Nordics', 'Healthcare'),
  ('ACC-0076', 'Wähner Stiftung & Co. KGaA', 'Silver', 'UK', 'Technology'),
  ('ACC-0077', 'Losekann GmbH & Co. OHG', 'Bronze', 'Nordics', 'Healthcare'),
  ('ACC-0078', 'Ruppert Schmiedt GmbH', 'Silver', 'Nordics', 'Technology'),
  ('ACC-0079', 'Kensy GmbH', 'Silver', 'UK', 'Technology'),
  ('ACC-0080', 'Drubin GmbH', 'Bronze', 'Nordics', 'Finance');

CREATE TABLE "Asset" ( id text PRIMARY KEY, name text, serial text, warranty text, client text, project text );

INSERT INTO "Asset" (id, name, serial, warranty, client, project) VALUES
  ('AST-0001', 'API Bundle', 'SN-24565901', '2028-05-15', 'ACC-0005', 'PROJ-0088'),
  ('AST-0002', 'API Bundle', 'SN-24554533', '2027-11-19', 'Kranz e.G.', 'PROJ-0028'),
  ('AST-0003', 'Support Package', 'SN-84490480', '2031-06-18', 'Bien', 'PROJ-0022'),
  ('AST-0004', 'Support Package', 'SN-54298465', '2029-11-19', 'ACC-0068', 'PROJ-0076'),
  ('AST-0005', 'Support Package', 'SN-38935675', '2029-11-13', 'ACC-0058', 'PROJ-0077'),
  ('AST-0006', 'API Bundle', 'SN-47470286', '2028-12-02', 'ACC-0058', 'PROJ-0079'),
  ('AST-0007', 'CRM Seat', 'SN-36342866', '2030-12-13', 'ACC-0041', 'PROJ-0028'),
  ('AST-0008', 'CRM Seat', 'SN-88034525', '2030-02-17', 'ACC-0052', 'PROJ-0099'),
  ('AST-0009', 'CRM Seat', 'SN-81610914', '2030-10-26', 'ACC-0015', 'PROJ-0017'),
  ('AST-0010', 'Support Package', 'SN-28148672', '2031-04-29', 'ACC-0015', 'PROJ-0051'),
  ('AST-0011', 'CRM Seat', 'SN-42277069', '2029-02-27', 'ACC-0007', 'PROJ-0069'),
  ('AST-0012', 'CRM Seat', 'SN-42412874', '2030-01-09', 'ACC-0007', 'PROJ-0078'),
  ('AST-0013', 'CRM Seat', 'SN-44850736', '2030-12-07', 'ACC-0069', 'PROJ-0044'),
  ('AST-0014', 'CRM Seat', 'SN-67407701', '2028-08-04', 'ACC-0034', 'PROJ-0018'),
  ('AST-0015', 'CRM Seat', 'SN-95395947', '2030-05-14', 'Pechel', 'PROJ-0027'),
  ('AST-0016', 'API Bundle', 'SN-95074507', '2028-07-29', 'Budig', 'PROJ-0080'),
  ('AST-0017', 'CRM Seat', 'SN-47085870', '2028-06-23', 'Heinrich GmbH', 'PROJ-9778'),
  ('AST-0018', 'CRM Seat', 'SN-99238969', '2029-07-02', 'Möchlichen', 'PROJ-9783'),
  ('AST-0019', 'API Bundle', 'SN-32135715', '2029-02-24', 'Bauer', 'PROJ-0093'),
  ('AST-0020', 'CRM Seat', 'SN-68918771', '2030-10-25', 'Wernecke Gieß AG & Co. KG', 'PROJ-9704'),
  ('AST-0021', 'Support Package', 'SN-91184381', '2031-05-28', 'ACC-0069', 'PROJ-0008'),
  ('AST-0022', 'Support Package', 'SN-25456185', '2027-10-21', 'Bauer', 'PROJ-0046'),
  ('AST-0023', 'CRM Seat', 'SN-21413934', '2027-11-16', 'Scheel', 'PROJ-0097'),
  ('AST-0024', 'Support Package', 'SN-73992105', '2030-09-11', 'ACC-0070', 'PROJ-0077'),
  ('AST-0025', 'CRM Seat', 'SN-48785862', '2028-06-10', 'Lange GmbH & Co. KG', 'PROJ-0099'),
  ('AST-0026', 'API Bundle', 'SN-15420136', '2029-06-14', 'Scheel', 'PROJ-0006'),
  ('AST-0027', 'CRM Seat', 'SN-10375217', '2029-11-01', 'Scheel', 'PROJ-0004'),
  ('AST-0028', 'API Bundle', 'SN-21903576', '2030-02-18', 'Steuer Sauer OHG mbH', 'PROJ-0049'),
  ('AST-0029', 'API Bundle', 'SN-60696877', '2027-11-20', 'ACC-0047', 'PROJ-0036'),
  ('AST-0030', 'API Bundle', 'SN-78676872', '2030-08-05', 'Pechel', 'PROJ-9422'),
  ('AST-0031', 'API Bundle', 'SN-51624456', '2030-04-22', 'ACC-0030', 'PROJ-0048'),
  ('AST-0032', 'Support Package', 'SN-15284956', '2029-09-18', 'ACC-0022', 'PROJ-0049'),
  ('AST-0033', 'Support Package', 'SN-92437710', '2030-10-27', 'Wagner AG & Co. KGaA', 'PROJ-9212'),
  ('AST-0034', 'CRM Seat', 'SN-93805299', '2028-12-22', 'ACC-0072', 'PROJ-0046'),
  ('AST-0035', 'CRM Seat', 'SN-26429653', '2029-07-19', 'Ullmann', 'PROJ-0009'),
  ('AST-0036', 'Support Package', 'SN-81040051', '2031-03-04', 'Roht', 'PROJ-0068'),
  ('AST-0037', 'Support Package', 'SN-33816274', '2028-12-31', 'Siering Köster GmbH & Co. KGaA', 'PROJ-0094'),
  ('AST-0038', 'CRM Seat', 'SN-79211163', '2029-11-17', 'ACC-0071', 'PROJ-0064'),
  ('AST-0039', 'Support Package', 'SN-18612204', '2029-10-31', 'Drub', 'PROJ-0098'),
  ('AST-0040', 'CRM Seat', 'SN-63698183', '2030-08-24', 'ACC-0052', 'PROJ-0020'),
  ('AST-0041', 'Support Package', 'SN-96595409', '2031-04-15', 'Drubin GmbH', 'PROJ-0093'),
  ('AST-0042', 'API Bundle', 'SN-27516806', '2029-10-09', 'Wirth', 'PROJ-0021'),
  ('AST-0043', 'CRM Seat', 'SN-51551799', '2027-12-10', 'Eigenwillig GmbH & Co. OHG', 'PROJ-0068'),
  ('AST-0044', 'API Bundle', 'SN-49141287', '2030-07-12', 'Henschel', 'PROJ-9894'),
  ('AST-0045', 'API Bundle', 'SN-15679986', '2028-11-29', 'Klapp Eckbauer GmbH', 'PROJ-0097'),
  ('AST-0046', 'API Bundle', 'SN-55624728', '2030-02-28', 'ACC-0024', 'PROJ-0030'),
  ('AST-0047', 'Support Package', 'SN-13122454', '2031-02-01', 'Heinrich GmbH', 'PROJ-0038'),
  ('AST-0048', 'API Bundle', 'SN-49003774', '2029-02-27', 'Kranz e.G.', 'PROJ-0040'),
  ('AST-0049', 'CRM Seat', 'SN-40315274', '2029-01-17', 'ACC-0066', 'PROJ-0068'),
  ('AST-0050', 'Support Package', 'SN-33951774', '2030-06-13', 'ACC-0014', 'PROJ-0072'),
  ('AST-0051', 'Support Package', 'SN-18258427', '2028-11-10', 'Karge Johann AG', 'PROJ-0018'),
  ('AST-0052', 'API Bundle', 'SN-42053489', '2030-08-16', 'ACC-0044', 'PROJ-9703'),
  ('AST-0053', 'API Bundle', 'SN-36082385', '2030-11-18', 'ACC-0027', 'PROJ-0027'),
  ('AST-0054', 'CRM Seat', 'SN-62978421', '2029-10-06', 'ACC-0068', 'PROJ-0041'),
  ('AST-0055', 'Support Package', 'SN-90511200', '2029-07-24', 'Buchholz', 'PROJ-0014'),
  ('AST-0056', 'CRM Seat', 'SN-83065167', '2031-03-26', 'ACC-0059', 'PROJ-0093'),
  ('AST-0057', 'CRM Seat', 'SN-94674420', '2030-09-22', 'Pechel', 'PROJ-0026'),
  ('AST-0058', 'API Bundle', 'SN-40295304', '2029-12-25', 'Hendriks', 'PROJ-0018'),
  ('AST-0059', 'CRM Seat', 'SN-92124494', '2030-08-01', 'ACC-0006', 'PROJ-0005'),
  ('AST-0060', 'CRM Seat', 'SN-71970086', '2030-02-23', 'ACC-0065', 'PROJ-0042'),
  ('AST-0061', 'Support Package', 'SN-11125006', '2027-07-29', 'ACC-0065', 'PROJ-0100'),
  ('AST-0062', 'CRM Seat', 'SN-88663706', '2029-09-27', 'ACC-0002', 'PROJ-0027'),
  ('AST-0063', 'CRM Seat', 'SN-90154379', '2027-07-27', 'Ruppert', 'PROJ-0054'),
  ('AST-0064', 'API Bundle', 'SN-73387410', '2031-04-04', 'ACC-0068', 'PROJ-0032'),
  ('AST-0065', 'Support Package', 'SN-26065988', '2027-11-13', 'ACC-0064', 'PROJ-0037'),
  ('AST-0066', 'API Bundle', 'SN-59379352', '2031-02-26', 'ACC-0054', 'PROJ-0080'),
  ('AST-0067', 'CRM Seat', 'SN-51772295', '2030-09-05', 'ACC-0079', 'PROJ-0018'),
  ('AST-0068', 'Support Package', 'SN-87178979', '2030-05-22', 'ACC-0078', 'PROJ-9126'),
  ('AST-0069', 'API Bundle', 'SN-81120433', '2030-11-14', 'Lange GmbH & Co. KG', 'PROJ-9299'),
  ('AST-0070', 'API Bundle', 'SN-36132987', '2028-06-26', 'ACC-0062', 'PROJ-0004'),
  ('AST-0071', 'Support Package', 'SN-90794318', '2030-09-29', 'ACC-0022', 'PROJ-0021'),
  ('AST-0072', 'API Bundle', 'SN-55324613', '2028-11-05', 'Scheel', 'PROJ-9245'),
  ('AST-0073', 'Support Package', 'SN-49453084', '2031-05-14', 'ACC-0054', 'PROJ-9261'),
  ('AST-0074', 'CRM Seat', 'SN-59235889', '2028-06-19', 'ACC-0017', 'PROJ-0053'),
  ('AST-0075', 'API Bundle', 'SN-67535049', '2029-04-03', 'Beyer Hoffmann AG & Co. KG', 'PROJ-0044'),
  ('AST-0076', 'Support Package', 'SN-22882933', '2027-08-30', 'Bien', 'PROJ-0096'),
  ('AST-0077', 'CRM Seat', 'SN-15658420', '2029-04-21', 'ACC-0015', 'PROJ-0055'),
  ('AST-0078', 'CRM Seat', 'SN-58495831', '2031-06-08', 'ACC-0025', 'PROJ-0008'),
  ('AST-0079', 'CRM Seat', 'SN-61846177', '2028-07-10', 'Klapp Eckbauer GmbH', 'PROJ-0078'),
  ('AST-0080', 'Support Package', 'SN-38568706', '2030-08-24', 'Pruschke', 'PROJ-0010'),
  ('AST-0081', 'API Bundle', 'SN-57754042', '2028-04-22', 'Hauffer KG', 'PROJ-0099'),
  ('AST-0082', 'API Bundle', 'SN-86778111', '2030-07-22', 'ACC-0007', 'PROJ-0066'),
  ('AST-0083', 'Support Package', 'SN-96456474', '2029-08-29', 'Ruppert', 'PROJ-0063'),
  ('AST-0084', 'API Bundle', 'SN-15414590', '2028-10-04', 'ACC-0019', 'PROJ-0068'),
  ('AST-0085', 'Support Package', 'SN-70053039', '2029-01-28', 'Rogge', 'PROJ-0071'),
  ('AST-0086', 'Support Package', 'SN-83858433', '2028-11-12', 'Drub', 'PROJ-0031'),
  ('AST-0087', 'Support Package', 'SN-60238044', '2030-09-25', 'Ullmann', 'PROJ-9047'),
  ('AST-0088', 'API Bundle', 'SN-70603852', '2030-11-07', 'Kensy GmbH', 'PROJ-0007'),
  ('AST-0089', 'Support Package', 'SN-87959511', '2030-11-24', 'ACC-0003', 'PROJ-0007'),
  ('AST-0090', 'CRM Seat', 'SN-70815117', '2028-10-21', 'ACC-0009', 'PROJ-0037'),
  ('AST-0091', 'Support Package', 'SN-86878220', '2029-12-08', 'Henschel', 'PROJ-0022'),
  ('AST-0092', 'Support Package', 'SN-60448148', '2030-06-06', 'ACC-0080', 'PROJ-0054'),
  ('AST-0093', 'Support Package', 'SN-71230430', '2030-10-25', 'ACC-0038', 'PROJ-0083'),
  ('AST-0094', 'API Bundle', 'SN-87749589', '2028-05-19', 'Budig', 'PROJ-0038'),
  ('AST-0095', 'API Bundle', 'SN-85878633', '2030-10-14', 'Klapp Eckbauer GmbH', 'PROJ-0073'),
  ('AST-0096', 'API Bundle', 'SN-86434517', '2027-11-16', 'ACC-0014', 'PROJ-0099'),
  ('AST-0097', 'CRM Seat', 'SN-24543144', '2030-05-11', 'ACC-0080', 'PROJ-0025'),
  ('AST-0098', 'CRM Seat', 'SN-67696791', '2030-01-11', 'Heinrich Meyer GmbH', 'PROJ-0029'),
  ('AST-0099', 'Support Package', 'SN-13081728', '2028-09-21', 'Trub GmbH', 'PROJ-0008'),
  ('AST-0100', 'API Bundle', 'SN-66063235', '2029-06-17', 'ACC-0072', 'PROJ-0051');
INSERT INTO "Asset" (id, name, serial, warranty, client, project) VALUES
  ('AST-0101', 'API Bundle', 'SN-85384682', '2028-03-20', 'ACC-0004', 'PROJ-0023'),
  ('AST-0102', 'Support Package', 'SN-90852772', '2029-01-01', 'Söding Nette KG', 'PROJ-0029'),
  ('AST-0103', 'Support Package', 'SN-12348712', '2028-07-12', 'Stumpf AG & Co. KGaA', 'PROJ-0067'),
  ('AST-0104', 'Support Package', 'SN-25811556', '2030-04-20', 'ACC-0037', 'PROJ-0045'),
  ('AST-0105', 'API Bundle', 'SN-14018464', '2028-11-15', 'ACC-0019', 'PROJ-0073'),
  ('AST-0106', 'API Bundle', 'SN-83081609', '2030-09-11', 'Karge Biggen KG', 'PROJ-0019'),
  ('AST-0107', 'Support Package', 'SN-61329407', '2031-01-20', 'auch Schlauchin GmbH & Co. KGaA', 'PROJ-0035'),
  ('AST-0108', 'CRM Seat', 'SN-12004286', '2030-06-28', 'ACC-0074', 'PROJ-0053'),
  ('AST-0109', 'Support Package', 'SN-29557879', '2031-04-23', 'Pruschke', 'PROJ-0055'),
  ('AST-0110', 'CRM Seat', 'SN-43813544', '2028-10-05', 'ACC-0025', 'PROJ-0041'),
  ('AST-0111', 'CRM Seat', 'SN-88867841', '2027-12-01', 'ACC-0025', 'PROJ-0052'),
  ('AST-0112', 'CRM Seat', 'SN-13953262', '2029-10-19', 'ACC-0040', 'PROJ-0035'),
  ('AST-0113', 'Support Package', 'SN-78974303', '2031-02-08', 'Heuser Gude KG', 'PROJ-0029'),
  ('AST-0114', 'CRM Seat', 'SN-25674475', '2030-04-10', 'Bien', 'PROJ-0050'),
  ('AST-0115', 'CRM Seat', 'SN-92126467', '2029-09-17', 'Klapp Eckbauer GmbH', 'PROJ-0010'),
  ('AST-0116', 'CRM Seat', 'SN-60357342', '2030-07-01', 'Hesse Wieloch KG', 'PROJ-0004'),
  ('AST-0117', 'API Bundle', 'SN-94538649', '2029-08-16', 'Ullmann', 'PROJ-9663'),
  ('AST-0118', 'API Bundle', 'SN-64732787', '2029-01-23', 'Ruppert Schmiedt GmbH', 'PROJ-9755'),
  ('AST-0119', 'Support Package', 'SN-69500546', '2030-04-03', 'Henk Jüttner GbR', 'PROJ-0067'),
  ('AST-0120', 'CRM Seat', 'SN-95564188', '2028-04-07', 'ACC-0053', 'PROJ-0007'),
  ('AST-0121', 'Support Package', 'SN-47782418', '2027-11-01', 'Karge Johann AG', 'PROJ-0064'),
  ('AST-0122', 'CRM Seat', 'SN-64119168', '2029-11-11', 'ACC-0051', 'PROJ-0092'),
  ('AST-0123', 'CRM Seat', 'SN-84553181', '2030-12-24', 'Kallert GmbH', 'PROJ-0077'),
  ('AST-0124', 'API Bundle', 'SN-61603116', '2029-02-02', 'ACC-0012', 'PROJ-0063'),
  ('AST-0125', 'Support Package', 'SN-18964953', '2028-07-10', 'ACC-0007', 'PROJ-0073'),
  ('AST-0126', 'Support Package', 'SN-45272295', '2030-05-02', 'ACC-0034', 'PROJ-9959'),
  ('AST-0127', 'CRM Seat', 'SN-21970455', '2029-08-08', 'Hande Kostolzin KG', 'PROJ-0026'),
  ('AST-0128', 'CRM Seat', 'SN-37195004', '2029-01-21', 'Wagner', 'PROJ-0041'),
  ('AST-0129', 'Support Package', 'SN-20623444', '2031-02-26', 'Ditschlerin', 'PROJ-0052'),
  ('AST-0130', 'CRM Seat', 'SN-23644112', '2027-11-20', 'ACC-0060', 'PROJ-9869'),
  ('AST-0131', 'CRM Seat', 'SN-66626400', '2031-04-18', 'Kranz e.G.', 'PROJ-0001'),
  ('AST-0132', 'API Bundle', 'SN-76538181', '2030-09-24', 'Meister e.V.', 'PROJ-0086'),
  ('AST-0133', 'CRM Seat', 'SN-39293518', '2031-01-08', 'Heinrich GmbH', 'PROJ-0045'),
  ('AST-0134', 'API Bundle', 'SN-45513832', '2028-08-24', 'ACC-0058', 'PROJ-9683'),
  ('AST-0135', 'Support Package', 'SN-53355368', '2029-10-01', 'Wähner Stiftung & Co. KGaA', 'PROJ-9984'),
  ('AST-0136', 'CRM Seat', 'SN-22685755', '2027-10-20', 'Pechel', 'PROJ-9405'),
  ('AST-0137', 'CRM Seat', 'SN-43571334', '2031-06-21', 'Bien', 'PROJ-0007'),
  ('AST-0138', 'CRM Seat', 'SN-72170333', '2029-03-29', 'Ruppert', 'PROJ-0069'),
  ('AST-0139', 'CRM Seat', 'SN-11880862', '2027-08-20', 'ACC-0064', 'PROJ-0022'),
  ('AST-0140', 'Support Package', 'SN-81973450', '2029-08-30', 'ACC-0021', 'PROJ-0063'),
  ('AST-0141', 'API Bundle', 'SN-33034395', '2030-02-21', 'Heinrich Meyer GmbH', 'PROJ-9198'),
  ('AST-0142', 'Support Package', 'SN-91402258', '2028-07-26', 'ACC-0074', 'PROJ-0095'),
  ('AST-0143', 'CRM Seat', 'SN-82391660', '2029-06-13', 'ACC-0057', 'PROJ-0055'),
  ('AST-0144', 'Support Package', 'SN-52740512', '2030-10-21', 'Hein Roskoth AG & Co. KG', 'PROJ-0066'),
  ('AST-0145', 'API Bundle', 'SN-13076093', '2031-05-28', 'ACC-0053', 'PROJ-9234'),
  ('AST-0146', 'Support Package', 'SN-67537690', '2028-06-14', 'ACC-0064', 'PROJ-0076'),
  ('AST-0147', 'Support Package', 'SN-18199219', '2028-05-16', 'Trub GmbH', 'PROJ-0016'),
  ('AST-0148', 'API Bundle', 'SN-79562011', '2030-01-23', 'Trub GmbH', 'PROJ-0064'),
  ('AST-0149', 'CRM Seat', 'SN-60481546', '2028-05-02', 'auch Schlauchin GmbH & Co. KGaA', 'PROJ-0002'),
  ('AST-0150', 'CRM Seat', 'SN-40052451', '2027-07-10', 'ACC-0070', 'PROJ-9674'),
  ('AST-0151', 'API Bundle', 'SN-98523993', '2028-06-12', 'Ditschlerin', 'PROJ-0021'),
  ('AST-0152', 'API Bundle', 'SN-24079562', '2027-07-22', 'ACC-0047', 'PROJ-9343'),
  ('AST-0153', 'Support Package', 'SN-97416232', '2029-12-02', 'ACC-0034', 'PROJ-0020'),
  ('AST-0154', 'Support Package', 'SN-63409319', '2030-10-28', 'Henk Jüttner GbR', 'PROJ-9584'),
  ('AST-0155', 'Support Package', 'SN-46039806', '2029-02-16', 'ACC-0059', 'PROJ-0006'),
  ('AST-0156', 'Support Package', 'SN-12169801', '2029-09-04', 'ACC-0031', 'PROJ-0078'),
  ('AST-0157', 'API Bundle', 'SN-14551461', '2029-09-28', 'Mans', 'PROJ-9940'),
  ('AST-0158', 'Support Package', 'SN-68136525', '2029-02-13', 'ACC-0078', 'PROJ-0030'),
  ('AST-0159', 'API Bundle', 'SN-97022836', '2030-11-11', 'ACC-0077', 'PROJ-0033'),
  ('AST-0160', 'Support Package', 'SN-91836571', '2029-10-17', 'Wagner', 'PROJ-0078'),
  ('AST-0161', 'API Bundle', 'SN-56543939', '2029-12-24', 'ACC-0066', 'PROJ-0009'),
  ('AST-0162', 'CRM Seat', 'SN-97890180', '2031-01-10', 'Lange Schuchhardt GmbH & Co. KG', 'PROJ-0065'),
  ('AST-0163', 'Support Package', 'SN-63908997', '2031-05-22', 'Warmer GmbH', 'PROJ-9945'),
  ('AST-0164', 'Support Package', 'SN-35066642', '2030-06-17', 'ACC-0058', 'PROJ-0026'),
  ('AST-0165', 'CRM Seat', 'SN-92412935', '2030-04-19', 'Bauer', 'PROJ-0058'),
  ('AST-0166', 'API Bundle', 'SN-91930786', '2031-05-26', 'ACC-0009', 'PROJ-0085'),
  ('AST-0167', 'Support Package', 'SN-87120547', '2030-09-07', 'Holt', 'PROJ-0070'),
  ('AST-0168', 'CRM Seat', 'SN-52965279', '2028-07-11', 'ACC-0056', 'PROJ-0092'),
  ('AST-0169', 'CRM Seat', 'SN-96343023', '2028-12-13', 'ACC-0067', 'PROJ-0064'),
  ('AST-0170', 'Support Package', 'SN-34996331', '2031-01-26', 'Holt', 'PROJ-0068'),
  ('AST-0171', 'CRM Seat', 'SN-99062872', '2031-03-21', 'Meister e.V.', 'PROJ-0090'),
  ('AST-0172', 'Support Package', 'SN-54543767', '2028-10-01', 'Stumpf AG & Co. KGaA', 'PROJ-0050'),
  ('AST-0173', 'CRM Seat', 'SN-47526885', '2028-11-24', 'ACC-0059', 'PROJ-0004'),
  ('AST-0174', 'API Bundle', 'SN-46013628', '2031-04-21', 'Heinrich GmbH', 'PROJ-0096'),
  ('AST-0175', 'Support Package', 'SN-62890778', '2028-01-04', 'Henschel', 'PROJ-0068'),
  ('AST-0176', 'API Bundle', 'SN-34922740', '2030-11-29', 'ACC-0026', 'PROJ-9846'),
  ('AST-0177', 'Support Package', 'SN-87316551', '2031-06-01', 'ACC-0032', 'PROJ-0018'),
  ('AST-0178', 'CRM Seat', 'SN-83307318', '2028-06-16', 'ACC-0035', 'PROJ-0029'),
  ('AST-0179', 'API Bundle', 'SN-20684663', '2029-08-16', 'Hörle Junitz GmbH', 'PROJ-0044'),
  ('AST-0180', 'API Bundle', 'SN-33877142', '2027-12-27', 'Geisel AG', 'PROJ-0098'),
  ('AST-0181', 'Support Package', 'SN-39749644', '2031-05-25', 'Möchlichen', 'PROJ-0074'),
  ('AST-0182', 'API Bundle', 'SN-23719833', '2030-08-10', 'ACC-0029', 'PROJ-0078'),
  ('AST-0183', 'Support Package', 'SN-62508567', '2029-07-02', 'Buchholz', 'PROJ-0065'),
  ('AST-0184', 'API Bundle', 'SN-61845501', '2029-05-17', 'Eigenwillig GmbH & Co. OHG', 'PROJ-0083'),
  ('AST-0185', 'API Bundle', 'SN-48561390', '2028-09-22', 'Pruschke', 'PROJ-0079'),
  ('AST-0186', 'Support Package', 'SN-26103144', '2030-09-13', 'Steuer Sauer OHG mbH', 'PROJ-0025'),
  ('AST-0187', 'CRM Seat', 'SN-74587898', '2029-11-20', 'ACC-0066', 'PROJ-0010'),
  ('AST-0188', 'Support Package', 'SN-54777065', '2030-05-09', 'Losekann GmbH & Co. OHG', 'PROJ-0007'),
  ('AST-0189', 'API Bundle', 'SN-38210669', '2030-05-05', 'Wernecke Gieß AG & Co. KG', 'PROJ-0005'),
  ('AST-0190', 'CRM Seat', 'SN-53858035', '2030-01-19', 'Roht', 'PROJ-0042'),
  ('AST-0191', 'API Bundle', 'SN-93131712', '2029-09-08', 'ACC-0042', 'PROJ-0028'),
  ('AST-0192', 'Support Package', 'SN-23069839', '2031-05-31', 'ACC-0028', 'PROJ-0061'),
  ('AST-0193', 'CRM Seat', 'SN-12155101', '2029-05-01', 'ACC-0031', 'PROJ-0058'),
  ('AST-0194', 'Support Package', 'SN-24643784', '2029-10-07', 'ACC-0080', 'PROJ-0020'),
  ('AST-0195', 'API Bundle', 'SN-33800125', '2027-09-07', 'Lange GmbH & Co. KG', 'PROJ-0012'),
  ('AST-0196', 'CRM Seat', 'SN-89421300', '2029-12-12', 'ACC-0059', 'PROJ-0068'),
  ('AST-0197', 'CRM Seat', 'SN-74157929', '2029-06-17', 'ACC-0068', 'PROJ-0008'),
  ('AST-0198', 'Support Package', 'SN-80703629', '2029-03-20', 'Siering Köster GmbH & Co. KGaA', 'PROJ-0017'),
  ('AST-0199', 'CRM Seat', 'SN-54411736', '2031-04-14', 'Pruschke', 'PROJ-0045'),
  ('AST-0200', 'CRM Seat', 'SN-53547635', '2028-02-27', 'Pruschke', 'PROJ-0100');
INSERT INTO "Asset" (id, name, serial, warranty, client, project) VALUES
  ('AST-0201', 'API Bundle', 'SN-47518966', '2029-09-17', 'Wernecke Gieß AG & Co. KG', 'PROJ-0097'),
  ('AST-0202', 'API Bundle', 'SN-78479007', '2029-09-15', 'Oderwald', 'PROJ-0018'),
  ('AST-0203', 'Support Package', 'SN-55571777', '2027-09-14', 'Möchlichen', 'PROJ-0086'),
  ('AST-0204', 'API Bundle', 'SN-92362416', '2028-11-10', 'ACC-0076', 'PROJ-0047'),
  ('AST-0205', 'Support Package', 'SN-25925976', '2030-12-10', 'Lange GmbH & Co. KG', 'PROJ-0017'),
  ('AST-0206', 'CRM Seat', 'SN-28270424', '2028-01-24', 'ACC-0011', 'PROJ-0055'),
  ('AST-0207', 'API Bundle', 'SN-59996586', '2030-03-14', 'Siering Köster GmbH & Co. KGaA', 'PROJ-0006'),
  ('AST-0208', 'CRM Seat', 'SN-27599688', '2027-09-25', 'Söding Nette KG', 'PROJ-0030'),
  ('AST-0209', 'CRM Seat', 'SN-53483402', '2030-05-07', 'Rogge', 'PROJ-0041'),
  ('AST-0210', 'Support Package', 'SN-67134182', '2029-10-01', 'Möchlichen', 'PROJ-0067'),
  ('AST-0211', 'API Bundle', 'SN-48166551', '2031-04-06', 'Pruschke', 'PROJ-0088'),
  ('AST-0212', 'Support Package', 'SN-75851164', '2030-05-20', 'Jungfer Mangold AG & Co. KGaA', 'PROJ-0050'),
  ('AST-0213', 'CRM Seat', 'SN-66783807', '2030-04-29', 'ACC-0019', 'PROJ-0089'),
  ('AST-0214', 'API Bundle', 'SN-96321540', '2029-06-08', 'ACC-0058', 'PROJ-0057'),
  ('AST-0215', 'Support Package', 'SN-32509513', '2030-04-15', 'Kallert GmbH', 'PROJ-9006'),
  ('AST-0216', 'CRM Seat', 'SN-82929177', '2031-03-30', 'ACC-0048', 'PROJ-0009'),
  ('AST-0217', 'CRM Seat', 'SN-36867851', '2031-06-01', 'ACC-0014', 'PROJ-0025'),
  ('AST-0218', 'Support Package', 'SN-50918884', '2028-05-01', 'ACC-0078', 'PROJ-9861'),
  ('AST-0219', 'CRM Seat', 'SN-79738269', '2029-04-12', 'ACC-0080', 'PROJ-9386'),
  ('AST-0220', 'Support Package', 'SN-84188311', '2029-08-16', 'Hein Roskoth AG & Co. KG', 'PROJ-0063'),
  ('AST-0221', 'API Bundle', 'SN-64227365', '2030-03-03', 'Wernecke Müller Stiftung & Co. KG', 'PROJ-0069'),
  ('AST-0222', 'CRM Seat', 'SN-56987976', '2028-10-16', 'Jungfer Mangold AG & Co. KGaA', 'PROJ-0086'),
  ('AST-0223', 'API Bundle', 'SN-85435906', '2029-10-01', 'ACC-0062', 'PROJ-0034'),
  ('AST-0224', 'Support Package', 'SN-14388084', '2030-12-22', 'auch Schlauchin GbR', 'PROJ-0049'),
  ('AST-0225', 'Support Package', 'SN-70877575', '2031-04-04', 'ACC-0042', 'PROJ-9092'),
  ('AST-0226', 'CRM Seat', 'SN-62679863', '2028-01-18', 'Kraushaar', 'PROJ-0071'),
  ('AST-0227', 'CRM Seat', 'SN-96626846', '2029-08-18', 'ACC-0007', 'PROJ-0024'),
  ('AST-0228', 'CRM Seat', 'SN-69444804', '2030-03-13', 'ACC-0061', 'PROJ-0059'),
  ('AST-0229', 'CRM Seat', 'SN-13928091', '2028-09-23', 'ACC-0028', 'PROJ-0084'),
  ('AST-0230', 'Support Package', 'SN-92518294', '2027-07-01', 'ACC-0042', 'PROJ-0020'),
  ('AST-0231', 'Support Package', 'SN-67324398', '2029-11-28', 'ACC-0028', 'PROJ-0022'),
  ('AST-0232', 'API Bundle', 'SN-41711899', '2030-04-27', 'Geisel AG', 'PROJ-0075'),
  ('AST-0233', 'API Bundle', 'SN-97687081', '2028-11-26', 'ACC-0071', 'PROJ-0031'),
  ('AST-0234', 'Support Package', 'SN-37271231', '2027-12-13', 'ACC-0047', 'PROJ-0032'),
  ('AST-0235', 'CRM Seat', 'SN-75646323', '2031-05-19', 'Girschner GmbH & Co. KG', 'PROJ-0040'),
  ('AST-0236', 'API Bundle', 'SN-48902041', '2029-12-04', 'Wernecke Müller Stiftung & Co. KG', 'PROJ-0064'),
  ('AST-0237', 'API Bundle', 'SN-87525357', '2029-08-03', 'Hein Roskoth AG & Co. KG', 'PROJ-0074'),
  ('AST-0238', 'API Bundle', 'SN-91014816', '2030-05-24', 'Flantz AG', 'PROJ-0093'),
  ('AST-0239', 'API Bundle', 'SN-19379467', '2030-05-27', 'ACC-0075', 'PROJ-0024'),
  ('AST-0240', 'Support Package', 'SN-72882483', '2028-06-19', 'ACC-0021', 'PROJ-9252'),
  ('AST-0241', 'API Bundle', 'SN-53872657', '2029-11-16', 'Ullmann', 'PROJ-0093'),
  ('AST-0242', 'Support Package', 'SN-42618558', '2030-07-04', 'ACC-0018', 'PROJ-0072'),
  ('AST-0243', 'CRM Seat', 'SN-28081314', '2028-03-10', 'ACC-0017', 'PROJ-9831'),
  ('AST-0244', 'Support Package', 'SN-35292050', '2028-03-12', 'ACC-0047', 'PROJ-0093'),
  ('AST-0245', 'Support Package', 'SN-75625144', '2030-01-25', 'Henk Jüttner GbR', 'PROJ-9045'),
  ('AST-0246', 'Support Package', 'SN-77573352', '2029-06-14', 'ACC-0078', 'PROJ-0088'),
  ('AST-0247', 'CRM Seat', 'SN-59954883', '2027-12-13', 'Scheel', 'PROJ-0057'),
  ('AST-0248', 'API Bundle', 'SN-18171310', '2027-10-30', 'ACC-0066', 'PROJ-0031'),
  ('AST-0249', 'CRM Seat', 'SN-62056495', '2031-04-04', 'ACC-0006', 'PROJ-0036'),
  ('AST-0250', 'API Bundle', 'SN-18913189', '2029-10-07', 'Kranz e.G.', 'PROJ-0074'),
  ('AST-0251', 'Support Package', 'SN-86573377', '2031-04-08', 'ACC-0045', 'PROJ-0021'),
  ('AST-0252', 'CRM Seat', 'SN-88769634', '2029-01-08', 'ACC-0012', 'PROJ-9152'),
  ('AST-0253', 'API Bundle', 'SN-47203031', '2029-02-06', 'Ditschlerin', 'PROJ-0012'),
  ('AST-0254', 'CRM Seat', 'SN-87383120', '2030-04-04', 'ACC-0066', 'PROJ-0079'),
  ('AST-0255', 'Support Package', 'SN-77090777', '2028-01-10', 'Schlosser', 'PROJ-0011'),
  ('AST-0256', 'CRM Seat', 'SN-94998837', '2028-11-04', 'Budig', 'PROJ-0015'),
  ('AST-0257', 'CRM Seat', 'SN-71786427', '2027-11-09', 'Pruschke', 'PROJ-0015'),
  ('AST-0258', 'CRM Seat', 'SN-91314107', '2028-11-21', 'Kallert GmbH', 'PROJ-0085'),
  ('AST-0259', 'CRM Seat', 'SN-34254080', '2030-04-20', 'Budig', 'PROJ-9391'),
  ('AST-0260', 'CRM Seat', 'SN-56028484', '2030-12-27', 'Pergande Trubin e.G.', 'PROJ-9738'),
  ('AST-0261', 'Support Package', 'SN-38734569', '2029-06-21', 'Ullmann', 'PROJ-0032'),
  ('AST-0262', 'API Bundle', 'SN-37971230', '2028-03-17', 'Schlosser AG & Co. OHG', 'PROJ-0025'),
  ('AST-0263', 'Support Package', 'SN-50461969', '2029-01-28', 'Holt', 'PROJ-9183'),
  ('AST-0264', 'CRM Seat', 'SN-23483335', '2028-05-18', 'ACC-0067', 'PROJ-9782'),
  ('AST-0265', 'Support Package', 'SN-80439662', '2031-06-01', 'ACC-0012', 'PROJ-0072'),
  ('AST-0266', 'API Bundle', 'SN-28070303', '2030-01-01', 'ACC-0018', 'PROJ-0002'),
  ('AST-0267', 'Support Package', 'SN-35991785', '2028-10-30', 'Pruschke', 'PROJ-0049'),
  ('AST-0268', 'CRM Seat', 'SN-97933602', '2030-06-24', 'ACC-0047', 'PROJ-0045'),
  ('AST-0269', 'Support Package', 'SN-90020978', '2029-07-26', 'ACC-0001', 'PROJ-0028'),
  ('AST-0270', 'CRM Seat', 'SN-23041676', '2027-07-21', 'ACC-0045', 'PROJ-9711'),
  ('AST-0271', 'CRM Seat', 'SN-66889810', '2029-11-23', 'Söding Nette KG', 'PROJ-0016'),
  ('AST-0272', 'API Bundle', 'SN-27493080', '2031-05-26', 'Beer GmbH & Co. KG', 'PROJ-0070'),
  ('AST-0273', 'Support Package', 'SN-30960858', '2027-09-16', 'ACC-0028', 'PROJ-0034'),
  ('AST-0274', 'API Bundle', 'SN-26523927', '2028-12-18', 'ACC-0004', 'PROJ-9493'),
  ('AST-0275', 'API Bundle', 'SN-47303237', '2028-02-23', 'Stumpf AG & Co. KGaA', 'PROJ-0062'),
  ('AST-0276', 'Support Package', 'SN-21458649', '2031-04-29', 'Trub', 'PROJ-0080'),
  ('AST-0277', 'CRM Seat', 'SN-27446641', '2029-08-03', 'Bien', 'PROJ-0076'),
  ('AST-0278', 'CRM Seat', 'SN-55954851', '2027-06-28', 'ACC-0017', 'PROJ-0068'),
  ('AST-0279', 'Support Package', 'SN-94790000', '2029-01-04', 'ACC-0041', 'PROJ-0021'),
  ('AST-0280', 'CRM Seat', 'SN-43513823', '2027-08-01', 'ACC-0001', 'PROJ-0091'),
  ('AST-0281', 'API Bundle', 'SN-76623939', '2031-02-03', 'Trub', 'PROJ-9630'),
  ('AST-0282', 'API Bundle', 'SN-51373866', '2029-09-22', 'Pechel', 'PROJ-0082'),
  ('AST-0283', 'API Bundle', 'SN-59924941', '2030-11-28', 'ACC-0080', 'PROJ-9453'),
  ('AST-0284', 'API Bundle', 'SN-74366996', '2031-04-18', 'ACC-0037', 'PROJ-0023'),
  ('AST-0285', 'API Bundle', 'SN-10366686', '2028-03-23', 'Ruppert', 'PROJ-9829'),
  ('AST-0286', 'Support Package', 'SN-26460035', '2029-12-15', 'ACC-0015', 'PROJ-9060'),
  ('AST-0287', 'Support Package', 'SN-40850070', '2028-03-13', 'ACC-0005', 'PROJ-0095'),
  ('AST-0288', 'CRM Seat', 'SN-75630349', '2028-05-06', 'ACC-0013', 'PROJ-0036'),
  ('AST-0289', 'Support Package', 'SN-23076608', '2028-11-07', 'ACC-0021', 'PROJ-0006'),
  ('AST-0290', 'Support Package', 'SN-24519890', '2030-12-17', 'ACC-0047', 'PROJ-0019'),
  ('AST-0291', 'Support Package', 'SN-15697626', '2031-02-14', 'Möchlichen', 'PROJ-0060'),
  ('AST-0292', 'Support Package', 'SN-40761227', '2029-11-14', 'Kallert GmbH', 'PROJ-0032'),
  ('AST-0293', 'API Bundle', 'SN-58468857', '2029-10-07', 'ACC-0043', 'PROJ-9048'),
  ('AST-0294', 'API Bundle', 'SN-33485502', '2031-01-14', 'Ullmann', 'PROJ-0063'),
  ('AST-0295', 'API Bundle', 'SN-34390832', '2030-04-19', 'Rogge', 'PROJ-0004'),
  ('AST-0296', 'API Bundle', 'SN-67164456', '2030-12-28', 'ACC-0045', 'PROJ-0068'),
  ('AST-0297', 'CRM Seat', 'SN-85330755', '2028-03-07', 'Dörr', 'PROJ-0064'),
  ('AST-0298', 'CRM Seat', 'SN-91465153', '2028-01-25', 'ACC-0001', 'PROJ-0086'),
  ('AST-0299', 'API Bundle', 'SN-62831328', '2030-09-30', 'ACC-0052', 'PROJ-0057'),
  ('AST-0300', 'CRM Seat', 'SN-80412756', '2027-08-05', 'Bien', 'PROJ-0011');

CREATE TABLE "Contact" ( id text PRIMARY KEY, full_name text, email text, account_ref text, company_name text );

INSERT INTO "Contact" (id, full_name, email, account_ref, company_name) VALUES
  ('CON-0001', 'Janina Mangold', 'reinhildegeisler@example.com', 'ACC-0066', 'Steuer Seip GmbH & Co. GK'),
  ('CON-0002', 'Lissi Weller', 'heinrichgitta@example.com', 'ACC-0009', 'Hande Kostolzin KG'),
  ('CON-0003', 'Ben Haering-Rohleder', 'andrzejscheuermann@example.org', 'ACC-9167', 'Unknown'),
  ('CON-0004', 'Ada Niemeier B.Sc.', 'hansjuergen49@example.com', 'ACC-0047', 'Stumpf AG & Co. KGaA'),
  ('CON-0005', 'Karina Eberth MBA.', 'sinaida11@example.com', 'ACC-0009', 'Hande Kostolzin KG'),
  ('CON-0006', 'Dipl.-Ing. Elma Christoph', 'karl-heinrichwagenknecht@example.net', 'ACC-0051', 'Roht'),
  ('CON-0007', 'Pero Hartung', 'junkengert@example.net', NULL, 'Klapp e.V.'),
  ('CON-0008', 'Erdmute Metz', 'trappheiderose@example.com', 'ACC-0034', 'Steuer Sauer OHG mbH'),
  ('CON-0009', 'Heinz-Günter Ditschlerin', 'hans-hermann80@example.net', 'ACC-9699', 'Unknown'),
  ('CON-0010', 'Dr. Klaus-Michael Kohl B.A.', 'josipmoechlichen@example.org', NULL, 'Anders'),
  ('CON-0011', 'Dr. Nadeschda Oestrovsky B.Eng.', 'hans-ulrichschuster@example.org', 'ACC-0006', 'PergandeT rubin e.G.'),
  ('CON-0012', 'Abraham Lübs B.Sc.', 'nroht@example.org', 'ACC-0018', 'Rädel e.V.'),
  ('CON-0013', 'Herr Hasan Stroh', 'elfriede69@example.org', 'ACC-0051', 'Roth'),
  ('CON-0014', 'Janett Radisch', 'piajacob@example.org', 'ACC-0054', 'Schlosser'),
  ('CON-0015', 'Marie-Louise Neureuther', 'zschuchhardt@example.net', 'ACC-9603', 'Unknown'),
  ('CON-0016', 'Kira Nerger', 'dursun31@example.com', 'ACC-9235', 'Unknown'),
  ('CON-0017', 'Frau Christl Mitschke', 'gertrude15@example.net', NULL, 'Matthäi Junk GbR'),
  ('CON-0018', 'Melissa Eckbauer-Wohlgemut', 'mniemeier@example.com', 'ACC-0048', 'Eigenwillig GmbH & Co. OHG'),
  ('CON-0019', 'Herr Frithjof Heuser B.A.', 'jbolander@example.com', 'ACC-0020', 'Pruschke'),
  ('CON-0020', 'Marietta Junck', 'zkrein@example.com', 'ACC-0037', 'Lange GmbH & Co. KG'),
  ('CON-0021', 'Dipl.-Ing. Elli Bloch', 'zeki35@example.net', 'ACC-0026', 'Hendriks'),
  ('CON-0022', 'German Meister', 'khartung@example.org', 'ACC-0034', 'Steuer Sauer OHG mbH'),
  ('CON-0023', 'Reinhardt Schomber B.Sc.', 'florian98@example.org', 'ACC-0058', 'Lange Schuchhardt GmbH & Co. KG'),
  ('CON-0024', 'Rolf-Dieter Kramer', 'zahnildiko@example.com', 'ACC-0052', 'Trub GmbH'),
  ('CON-0025', 'Oxana Wilms', 'soelzerbenjamin@example.net', 'ACC-9396', 'Unknown'),
  ('CON-0026', 'Hans-Albert Reising B.A.', 'mechthildreising@example.com', 'ACC-0027', 'Wagner Lange GmbH'),
  ('CON-0027', 'Ing. Rolf Fritsch B.Eng.', 'sandro38@example.net', 'ACC-0028', 'Kitzmann KG'),
  ('CON-0028', 'Herr Alfonso Bärer B.Sc.', 'fzorbach@example.org', 'ACC-0007', 'Pechel'),
  ('CON-0029', 'Ing. Gerard Barth', 'eva-mariawirth@example.net', 'ACC-0033', 'Henschel'),
  ('CON-0030', 'Herr Franz-Peter Weiß B.Sc.', 'zsoelzer@example.org', 'ACC-9012', 'Unknown'),
  ('CON-0031', 'Sofia Caspar', 'briemeralwina@example.net', 'ACC-0043', 'Hesse Wieloch KG'),
  ('CON-0032', 'Frau Agnieszka Weimer', 'draganwaehner@example.net', 'ACC-0042', 'Geisel AG'),
  ('CON-0033', 'Cornelia auch Schlauchin-Jockel', 'silvio80@example.com', 'ACC-0063', 'Pechel'),
  ('CON-0034', 'Iris Gutknecht', 'hettnerwera@example.net', 'ACC-0032', 'HeinR oskoth AG & Co. KG'),
  ('CON-0035', 'Dipl.-Ing. Eveline Lorch B.Sc.', 'waltrudladeck@example.net', 'ACC-0080', 'Durbin GmbH'),
  ('CON-0036', 'Janet Hölzenbecher', 'ralphbachmann@example.com', 'ACC-0039', 'Oderwald'),
  ('CON-0037', 'Waldtraut Köhler-Wiek', 'mentzelhelmar@example.net', 'ACC-0013', 'Haufefr KG'),
  ('CON-0038', 'Hans-Ulrich Winkler', 'timmkoch-ii@example.com', 'ACC-0048', 'Eigenwillig GmHb & Co. OHG'),
  ('CON-0039', 'Mario Jockel', 'friedrich11@example.net', 'ACC-0005', 'Schlosser AG & Co. OHG'),
  ('CON-0040', 'Dr. Steven Niemeier', 'denisfaust@example.com', 'ACC-0027', 'Wagner Lange GmbH'),
  ('CON-0041', 'Prof. Mirja Rosenow B.A.', 'wilmsaenne@example.com', 'ACC-0004', 'Bauer'),
  ('CON-0042', 'Ing. Natali Kallert', 'arndjungfer@example.net', 'ACC-0015', 'Rogge'),
  ('CON-0043', 'Frau Elwira Stumpf', 'katherinaroerricht@example.com', 'ACC-0075', 'Wernecke Gieß AG & Co. KG'),
  ('CON-0044', 'Wencke Siering', 'mariusmisicher@example.net', NULL, 'Ortmann'),
  ('CON-0045', 'Veli Döhn', 'ethies@example.com', NULL, 'Pieper Röhricht Stiftung & Co. KGaA'),
  ('CON-0046', 'Pius Aumann-Fritsch', 'geiselhans-rudolf@example.com', 'ACC-0051', 'Roht'),
  ('CON-0047', 'Ali Löffler', 'ogeissler@example.net', 'ACC-9509', 'Unknown'),
  ('CON-0048', 'Dr. Nelly Rogge MBA.', 'sanders@example.org', 'ACC-0023', 'Henk Jüttner GbR'),
  ('CON-0049', 'Karola Junitz', 'carla22@example.com', NULL, 'Hornig Tschentscher OHG mbH'),
  ('CON-0050', 'Rolf-Peter Schmiedecke B.Eng.', 'wieslaw73@example.com', 'ACC-9788', 'Unknown'),
  ('CON-0051', 'Dariusz Pruschke-Trubin', 'uatzler@example.com', 'ACC-0062', 'Wilms'),
  ('CON-0052', 'Dr. Horst-Peter Börner', 'jockelhilma@example.org', 'ACC-0025', 'Drub'),
  ('CON-0053', 'Georgia Dehmel B.Sc.', 'kscheibe@example.org', NULL, 'Täsche AG'),
  ('CON-0054', 'Maike Römer', 'muharremschottin@example.org', 'ACC-0056', 'Bien'),
  ('CON-0055', 'Freddy Hölzenbecher MBA.', 'patrick96@example.com', 'ACC-0007', 'Pechel'),
  ('CON-0056', 'Arno Scheel B.A.', 'wagenknechtheinz-guenter@example.com', 'ACC-9376', 'Unknown'),
  ('CON-0057', 'Ing. Karl-Peter Dobes', 'luciepreiss@example.net', 'ACC-0021', 'Mans'),
  ('CON-0058', 'Georgia Ruppert-Wirth', 'waltraut97@example.org', 'ACC-0070', 'Heinrich GmbH'),
  ('CON-0059', 'Herr Renato Heinrich', 'dirkschmiedecke@example.org', 'ACC-0023', 'Henk Jüttner GbR'),
  ('CON-0060', 'Dariusz Mülichen-Ackermann', 'czeslaw02@example.net', 'ACC-0038', 'Finke'),
  ('CON-0061', 'Hildegunde Stadelmann MBA.', 'lars81@example.org', 'ACC-0070', 'Heinrich GmbH'),
  ('CON-0062', 'Paulina Krause-Trapp', 'tklapp@example.net', NULL, 'Kreusel'),
  ('CON-0063', 'Katerina Budig', 'valerigeisel@example.net', 'ACC-0046', 'Beer GmbH & Co. KG'),
  ('CON-0064', 'Mia Fechner', 'croemer@example.com', 'ACC-0022', 'Heuser Gude KG'),
  ('CON-0065', 'Marjan Dussen van', 'wsiering@example.org', 'ACC-0019', 'auch Schlauchin GmbH & Co. KGaA'),
  ('CON-0066', 'Stjepan Kobelt', 'qwinkler@example.com', 'ACC-0021', 'Mans'),
  ('CON-0067', 'Dr. Lucia Römer', 'ralphkoester@example.org', 'ACC-0027', 'Wagner Lange GmbH'),
  ('CON-0068', 'Eberhardt Margraf', 'annelie30@example.net', 'ACC-0015', 'Rogge'),
  ('CON-0069', 'Galina Dehmel', 'silvana48@example.org', 'ACC-0074', 'Hörle Junitz GmHb'),
  ('CON-0070', 'Alwine Seifert', 'florentine76@example.org', 'ACC-0030', 'Söding Nette KG'),
  ('CON-0071', 'Emmi Schomber', 'rudolphmarie-theres@example.org', 'ACC-0042', 'Geisel AG'),
  ('CON-0072', 'Prof. Magdalena Metz MBA.', 'wilhelmweiss@example.net', 'ACC-0051', 'Roht'),
  ('CON-0073', 'Ali Koch II', 'schmidtkerosel@example.net', 'ACC-0045', 'Ditschlerin'),
  ('CON-0074', 'Nikolaos Wähner-Gierschner', 'darkolindner@example.org', 'ACC-0029', 'Buchholz'),
  ('CON-0075', 'Helfried Schweitzer', 'johanneberhard@example.net', 'ACC-0025', 'Drub'),
  ('CON-0076', 'Silke Gude', 'kademathilde@example.net', 'ACC-0014', 'Ruppert'),
  ('CON-0077', 'Tania Tröst', 'saskiaschaaf@example.net', 'ACC-0040', 'Wirth'),
  ('CON-0078', 'Justina Austermühle', 'qlindau@example.net', 'ACC-0070', 'Heinrich GmbH'),
  ('CON-0079', 'Antonino Gröttner', 'janahethur@example.org', 'ACC-0003', 'Beye rHoffmann AG & Co. KG'),
  ('CON-0080', 'Dipl.-Ing. Anatol Hofmann', 'heidrunpaertzelt@example.com', 'ACC-0010', 'Sontag Stiftung&  Co. KGaA'),
  ('CON-0081', 'Univ.Prof. Peter Adler', 'kai-uwe85@example.org', 'ACC-0046', 'Beer GmbH & Co. KG'),
  ('CON-0082', 'Irmtraud Rosenow', 'rosemannsvea@example.com', 'ACC-9611', 'Unknown'),
  ('CON-0083', 'Boris Conradi', 'janetchristoph@example.org', 'ACC-0027', 'Wagner Lange GmbH'),
  ('CON-0084', 'Lili Schomber', 'wilmsgunther@example.org', 'ACC-0079', 'Kensy GmbH'),
  ('CON-0085', 'Marco Köster MBA.', 'ullrichtherese@example.org', 'ACC-0064', 'Flantz AG'),
  ('CON-0086', 'Senta Stiffel', 'juttawende@example.net', 'ACC-9717', 'Unknown'),
  ('CON-0087', 'Gero Bloch-Kramer', 'hans-georg42@example.net', 'ACC-0069', 'Holt'),
  ('CON-0088', 'Henrike Hecker', 'joerngute@example.org', 'ACC-0045', 'Ditschlerin'),
  ('CON-0089', 'Ellen Thanel', 'fhettner@example.com', 'ACC-0049', 'Krauhsaar'),
  ('CON-0090', 'Sandra Schüler B.A.', 'sauerraymund@example.org', NULL, 'Sager Knappe GmbH'),
  ('CON-0091', 'Nikola Lübs B.Eng.', 'harry58@example.net', NULL, 'Roskoth'),
  ('CON-0092', 'Antje Peukert', 'jobstharloff@example.com', 'ACC-0013', 'Hauffer KG'),
  ('CON-0093', 'Aloisia Drub', 'willibaldetzold@example.com', 'ACC-0061', 'Wagner AG  &Co. KGaA'),
  ('CON-0094', 'Gundula Rose', 'lsorgatz@example.org', 'ACC-0058', 'Lange Schuchhardt GmbH & Co. KG'),
  ('CON-0095', 'Stefani Anders', 'siegwardmuelichen@example.com', NULL, 'Tintzmann Döhn KGaA'),
  ('CON-0096', 'Marga Ditschlerin', 'sigridklemt@example.com', 'ACC-9883', 'Unknown'),
  ('CON-0097', 'Herr Heinz-Peter Schmiedt', 'kscheel@example.net', NULL, 'Mosemann KG'),
  ('CON-0098', 'Ing. Otfried Köster B.Eng.', 'zstiebitz@example.com', NULL, 'Wagenknecht Kuhl GmbH & Co. KGaA'),
  ('CON-0099', 'Zeki Heintze', 'linkeslavko@example.com', 'ACC-0073', 'Pechel'),
  ('CON-0100', 'Liliana Baum-Fröhlich', 'sophiajacob@example.net', 'ACC-0007', 'Pechel');
INSERT INTO "Contact" (id, full_name, email, account_ref, company_name) VALUES
  ('CON-0101', 'Willibert Rosenow B.A.', 'gildakade@example.org', 'ACC-9529', 'Unknown'),
  ('CON-0102', 'Gernot Zorbach', 'luziekensy@example.com', 'ACC-0038', 'Finke'),
  ('CON-0103', 'Centa Mies-Ackermann', 'hans-wilhelmgerlach@example.com', 'ACC-9615', 'Unknown'),
  ('CON-0104', 'Annemarie Gorlitz', 'nadjahaase@example.com', 'ACC-0020', 'Pruschke'),
  ('CON-0105', 'Othmar Henschel', 'hedyroehricht@example.com', 'ACC-9493', 'Unknown'),
  ('CON-0106', 'Astrid Mude', 'nthanel@example.com', NULL, 'Müller AG & Co. KGaA'),
  ('CON-0107', 'Sara Mitschke-Trapp', 'klaeredietz@example.com', 'ACC-0023', 'Henk Jüttner GbR'),
  ('CON-0108', 'Giovanni Wiek-Eimer', 'uwirth@example.com', 'ACC-9187', 'Unknown'),
  ('CON-0109', 'Prof. Heide Reinhardt', 'kensyadele@example.net', 'ACC-0075', 'Wernecke Gieß AG & Co. KG'),
  ('CON-0110', 'Emmerich Schlosser', 'kristinheinz@example.com', 'ACC-0015', 'Rogge'),
  ('CON-0111', 'Gertraud Otto', 'schmidtdoris@example.com', 'ACC-9758', 'Unknown'),
  ('CON-0112', 'Mark Hein', 'aliciagraf@example.org', 'ACC-0004', 'Bauer'),
  ('CON-0113', 'Gerd Lübs B.Sc.', 'randolf26@example.org', 'ACC-0003', 'Beyer Hoffmann AG & Co. KG'),
  ('CON-0114', 'Franka Kraushaar', 'qbeer@example.com', 'ACC-0070', 'Heinrich GmbH'),
  ('CON-0115', 'Dr. Hans-Uwe Stoll', 'mohauptmaike@example.org', 'ACC-0072', 'Pruschke'),
  ('CON-0116', 'Marleen Wagner', 'soelzernelly@example.com', 'ACC-9089', 'Unknown'),
  ('CON-0117', 'Daniele Juncken', 'christianepatberg@example.com', 'ACC-0046', 'Beer GmbH & Co. KG'),
  ('CON-0118', 'Agata Neureuther MBA.', 'dwinkler@example.com', 'ACC-0018', 'Rädel e.V.'),
  ('CON-0119', 'Ing. Natalia Schulz', 'schleichmaja@example.com', 'ACC-0026', 'Hendriks'),
  ('CON-0120', 'Priska Mühle', 'mia85@example.org', 'ACC-0034', 'Steuer Sauer OHG mbH'),
  ('CON-0121', 'Dipl.-Ing. Jost Werner', 'fsteuer@example.org', 'ACC-0075', 'Wernecke Gieß AG & Co. KG'),
  ('CON-0122', 'Gunter Trommler', 'hans-rudolf89@example.net', 'ACC-0019', 'auch Schlauchin GmbH & Co. KGaA'),
  ('CON-0123', 'Ilona Biggen MBA.', 'arnulf17@example.com', 'ACC-0048', 'Egienwillig GmbH & Co. OHG'),
  ('CON-0124', 'Anika Scheuermann', 'jann65@example.net', 'ACC-9681', 'Unknown'),
  ('CON-0125', 'Oxana Barth', 'hans-joerg45@example.com', 'ACC-0039', 'Oderwald'),
  ('CON-0126', 'Hellmuth Junk', 'ewa09@example.org', 'ACC-9942', 'Unknown'),
  ('CON-0127', 'Myriam Beier', 'lhering@example.org', 'ACC-0028', 'Kitzmann KG'),
  ('CON-0128', 'Carl Vogt', 'evangelianohlmans@example.com', 'ACC-0013', 'Hauffer KG'),
  ('CON-0129', 'Gesa Mielcarek', 'slavicawagner@example.net', 'ACC-0010', 'Sontag Stiftung & Co. KGaA'),
  ('CON-0130', 'Andrea Buchholz B.Eng.', 'arnim29@example.net', 'ACC-9522', 'Unknown'),
  ('CON-0131', 'Hans-J. Peukert', 'kallertsusann@example.net', 'ACC-9778', 'Unknown'),
  ('CON-0132', 'Hildegard Kühnert', 'gorlitzundine@example.net', 'ACC-9525', 'Unknown'),
  ('CON-0133', 'Sergio Löwer', 'groettnercenta@example.com', NULL, 'Ullmann Söding Stiftung & Co. KGaA'),
  ('CON-0134', 'Louise Pieper', 'henribinner@example.com', 'ACC-0053', 'Kallert GmbH'),
  ('CON-0135', 'Dr. Olav Mälzer B.Eng.', 'karl-ernstotto@example.net', 'ACC-0034', 'Steuer Sauer OHG mbH'),
  ('CON-0136', 'Univ.Prof. Friedhelm Heydrich', 'ladeckharry@example.org', NULL, 'Schleich GmbH'),
  ('CON-0137', 'Univ.Prof. Birgitt Höfig', 'vincenzo95@example.org', 'ACC-0025', 'Drub'),
  ('CON-0138', 'Dr. Albert Tröst B.Eng.', 'carl-heinzschmidtke@example.com', 'ACC-0078', 'Ruppert Schmiedt GmbH'),
  ('CON-0139', 'Lieschen Linke B.Eng.', 'jmuelichen@example.org', 'ACC-0062', 'Wilms'),
  ('CON-0140', 'Gertraud Juncken', 'marie-louise72@example.com', 'ACC-0021', 'Mans'),
  ('CON-0141', 'Dr. Katharine Thanel B.A.', 'zhermighausen@example.org', 'ACC-0010', 'Sontag Stiftung & Co. KGaA'),
  ('CON-0142', 'Mahmut Neuschäfer', 'david38@example.com', 'ACC-9067', 'Unknown'),
  ('CON-0143', 'Eveline Weitzel', 'tony70@example.org', 'ACC-0019', 'auch Schlauchin GmbH & Co. KGaA'),
  ('CON-0144', 'Prof. Hanns Rosemann', 'wliebelt@example.org', 'ACC-9284', 'Unknown'),
  ('CON-0145', 'Kriemhild Weimer', 'yheinz@example.net', 'ACC-0044', 'Möchlichen'),
  ('CON-0146', 'Hans-Henning auch Schlauchin-Ebert', 'krokerheinz-juergen@example.org', 'ACC-0040', 'Wirth'),
  ('CON-0147', 'Kaspar Hoffmann', 'norafreudenberger@example.net', 'ACC-0076', 'Wähner Stiftung & Co. KGaA'),
  ('CON-0148', 'Konstanze Lange-Kitzmann', 'sergioscheuermann@example.com', 'ACC-0074', 'Hörle Junitz GmbH'),
  ('CON-0149', 'Pascale Klotz', 'stadelmannreingard@example.net', 'ACC-0044', 'Möchlichen'),
  ('CON-0150', 'Joanna Reising', 'zhecker@example.com', NULL, 'Wiek'),
  ('CON-0151', 'Eva-Maria Mende B.A.', 'rolandhoevel@example.org', 'ACC-0037', 'Lange GmbH & Co. KG'),
  ('CON-0152', 'Olivia Mitschke', 'heddadippel@example.com', 'ACC-0042', 'Geisel AG'),
  ('CON-0153', 'Dipl.-Ing. Henny Graf', 'schoenlandhelmut@example.org', 'ACC-0040', 'Wirth'),
  ('CON-0154', 'Krzysztof Rudolph', 'ubarkholz@example.net', 'ACC-0036', 'Karge Johann AG'),
  ('CON-0155', 'Dr. Karsten Schomber MBA.', 'koch-iianatoli@example.net', 'ACC-0079', 'Kensy GmbH'),
  ('CON-0156', 'Korinna Pergande-Gröttner', 'uwekoch@example.net', 'ACC-9788', 'Unknown'),
  ('CON-0157', 'Dr. Hubertus Trub B.A.', 'franjo41@example.org', 'ACC-0047', 'Stumpf AG & Co. KGaA'),
  ('CON-0158', 'Kilian Misicher MBA.', 'hedischleich@example.com', 'ACC-0060', 'Wernecke Müller Stiftung & Co. KG'),
  ('CON-0159', 'Dr. Zenon Misicher B.Sc.', 'pamela23@example.com', 'ACC-0038', 'Finke'),
  ('CON-0160', 'Adalbert Weiß', 'stollguelsen@example.com', 'ACC-0044', 'Möchlichen'),
  ('CON-0161', 'Dipl.-Ing. Annegrete Zänker MBA.', 'regina81@example.net', 'ACC-0032', 'Hein Roskoth AG & Co. KG'),
  ('CON-0162', 'Heinz-Peter Nerger', 'hornichmaren@example.com', 'ACC-0059', 'Mälzer'),
  ('CON-0163', 'Hans-Christian Kuhl', 'ylorch@example.org', 'ACC-9620', 'Unknown'),
  ('CON-0164', 'Claus Hesse', 'ullmanngunther@example.com', 'ACC-9127', 'Unknown'),
  ('CON-0165', 'Univ.Prof. Gerti Faust', 'lottinette@example.org', 'ACC-0051', 'Rhot'),
  ('CON-0166', 'Ariane Jüttner', 'mielcarekrotraud@example.net', 'ACC-0064', 'Flantz AG'),
  ('CON-0167', 'Dr. Nuray Heß B.Eng.', 'heike75@example.com', 'ACC-0036', 'Karge Johann AG'),
  ('CON-0168', 'Laila Höfig', 'wesackfredy@example.org', 'ACC-0055', 'Dörr'),
  ('CON-0169', 'Alina Hartung', 'carla54@example.com', 'ACC-0056', 'Bien'),
  ('CON-0170', 'Prof. Manfred Jäkel', 'ctrueb@example.net', 'ACC-9185', 'Unknown'),
  ('CON-0171', 'Carola Weimer', 'gabrielschlosser@example.com', 'ACC-9778', 'Unknown'),
  ('CON-0172', 'Simon Hahn', 'geert90@example.com', NULL, 'Hertrampf Schweitzer GbR'),
  ('CON-0173', 'Mirella Pechel', 'nmueller@example.org', 'ACC-0071', 'Karge Biggen KG'),
  ('CON-0174', 'Mareen Förster', 'annegret56@example.com', 'ACC-9098', 'Unknown'),
  ('CON-0175', 'Prof. Ilija Gertz', 'akramer@example.net', 'ACC-0027', 'Wagner Lang eGmbH'),
  ('CON-0176', 'Danuta Hauffer', 'karl-hansschlosser@example.net', NULL, 'Karz GbR'),
  ('CON-0177', 'Martin Gunpf', 'alexandra79@example.net', 'ACC-0036', 'Karge Johann AG'),
  ('CON-0178', 'Sieghard Weinhold', 'jolantagutknecht@example.com', 'ACC-0078', 'Ruppert Schmiedt GmbH'),
  ('CON-0179', 'Hans-Walter Schomber', 'juettnerana@example.org', 'ACC-0031', 'Meister e.V.'),
  ('CON-0180', 'Kornelia Reinhardt', 'bluemeltim@example.net', 'ACC-0029', 'Buchholz'),
  ('CON-0181', 'Dr. Fernando Warmer B.A.', 'herbertstumpf@example.net', 'ACC-0070', 'Heinrich GmbH'),
  ('CON-0182', 'Korinna Holsten', 'weimerhans-hermann@example.net', NULL, 'Gierschner Benthin KG'),
  ('CON-0183', 'Torsten Eigenwillig', 'burghard33@example.org', 'ACC-0035', 'auch Schlauchin GbR'),
  ('CON-0184', 'Dipl.-Ing. Arzu Reising B.Sc.', 'lisbeth13@example.com', 'ACC-9252', 'Unknown'),
  ('CON-0185', 'Heinz-Wilhelm Carsten', 'ggumprich@example.net', 'ACC-0059', 'Mälzer'),
  ('CON-0186', 'Kristian Neuschäfer B.Eng.', 'salzstefano@example.org', 'ACC-0036', 'Karge Johann AG'),
  ('CON-0187', 'Philomena Seifert B.A.', 'qackermann@example.com', 'ACC-0075', 'Wernecke Gieß AG & Co. KG'),
  ('CON-0188', 'Jeanette Schüler', 'mattiaspatberg@example.com', 'ACC-0030', 'Söding Nette KG'),
  ('CON-0189', 'Waldtraut Seidel', 'josef83@example.com', 'ACC-9729', 'Unknown'),
  ('CON-0190', 'Marina Rörricht', 'emmy71@example.org', 'ACC-0050', 'Klapp Eckbauer GmbH'),
  ('CON-0191', 'Dipl.-Ing. Catrin Gieß B.Sc.', 'tsteinberg@example.org', NULL, 'Albers Juncken GmbH & Co. OHG'),
  ('CON-0192', 'Gertraut Schweitzer B.A.', 'leyladoerr@example.org', 'ACC-0063', 'Pechel'),
  ('CON-0193', 'Gerhart Otto B.Eng.', 'kriemhild87@example.org', 'ACC-0003', 'Beyer Hoffmann AG & Co. KG'),
  ('CON-0194', 'Urszula Schmidt', 'centasteinberg@example.org', 'ACC-0078', 'Ruppert Schmiedt GmbH'),
  ('CON-0195', 'Carolina Gröttner', 'kzimmer@example.org', 'ACC-9079', 'Unknown'),
  ('CON-0196', 'Ing. Wojciech Plath', 'msoeding@example.com', 'ACC-0049', 'Kraushaar'),
  ('CON-0197', 'Dragica Hesse', 'xjaehn@example.org', 'ACC-0046', 'Beer GmbH & Co. KG'),
  ('CON-0198', 'Gerda Vogt', 'marit57@example.com', 'ACC-0030', 'Söding Nette KG'),
  ('CON-0199', 'Prof. Hedy Wiek', 'wadolph@example.com', 'ACC-0073', 'Pechel'),
  ('CON-0200', 'Yusuf Lange', 'freia27@example.com', 'ACC-0003', 'Beyer Hoffmann AG & Co. KG');

CREATE TABLE "Opportunity" ( id text PRIMARY KEY, name text, stage text, amount double precision, customer_number text, account_name text );

INSERT INTO "Opportunity" (id, name, stage, amount, customer_number, account_name) VALUES
  ('OPP-0001', 'Utilize 24/365 E-Tailers', 'Prospecting', 100736.71, 'KD-0045', 'Ditschlerin'),
  ('OPP-0002', 'Repurpose Dot-Com Technologies', 'Prospecting', 90285.66, 'KD-0058', 'Lange Schuchhardt GmbH & Co. KG'),
  ('OPP-0003', 'E-Enable Out-Of-The-Box Web-Readiness', 'Closed Won', 182761.74, 'KD-0045', 'Ditschlerin'),
  ('OPP-0004', 'Harness Cutting-Edge Architectures', 'Qualification', 47731.67, 'KD-0034', 'Steuer Sauer OHG mbH'),
  ('OPP-0005', 'Harness 24/365 E-Tailers', 'Qualification', 169951.0, 'KD-0075', 'Wernecke Gieß AG & Co. KG'),
  ('OPP-0006', 'Re-Intermediate Visionary Niches', 'Qualification', 22544.64, 'KD-0049', 'Kraushaar'),
  ('OPP-0007', 'Transform Intuitive Action-Items', 'Closed Won', 20454.8, 'KD-0021', 'Mnas'),
  ('OPP-0008', 'Leverage World-Class Info-Mediaries', 'Closed Won', 32618.64, 'KD-0033', 'Henschel'),
  ('OPP-0009', 'Drive Collaborative Paradigms', 'Qualification', 49672.29, 'KD-0056', 'Bien'),
  ('OPP-0010', 'Revolutionize Integrated Models', 'Prospecting', 50204.05, 'KD-0040', 'Wirth'),
  ('OPP-0011', 'Incentivize Efficient Metrics', 'Qualification', 61207.38, 'KD-0012', 'Budig'),
  ('OPP-0012', 'Benchmark Enterprise Markets', 'Qualification', 51067.82, 'KD-0061', 'Wagner AG & Co. KGaA'),
  ('OPP-0013', 'Transform Leading-Edge Functionalities', 'Prospecting', 18139.51, 'KD-0026', 'Hendriks'),
  ('OPP-0014', 'Facilitate Efficient Users', 'Qualification', 109120.9, 'KD-0013', 'Hauffer KG'),
  ('OPP-0015', 'Disintermediate Visionary Technologies', 'Closed Won', 146025.66, 'KD-0060', 'Wernecke Müller Stiftung & Co. KG'),
  ('OPP-0016', 'Embrace Collaborative Channels', 'Qualification', 52901.08, 'KD-0020', 'Pruschke'),
  ('OPP-0017', 'Matrix Intuitive Vortals', 'Qualification', 154438.18, 'KD-0002', 'Scholtz Becker AG & Co. KGaA'),
  ('OPP-0018', 'Revolutionize Transparent Eyeballs', 'Prospecting', 81792.11, 'KD-0066', 'Steuer Seip GmbH & Co. KG'),
  ('OPP-0019', 'Cultivate B2C Applications', 'Qualification', 52175.49, 'KD-0022', 'Heuesr Gude KG'),
  ('OPP-0020', 'Monetize 24/365 Schemas', 'Closed Won', 95169.02, 'KD-0078', 'Ruppert Schmiedt GmbH'),
  ('OPP-0021', 'Evolve Visionary Action-Items', 'Prospecting', 144118.79, 'KD-0059', 'Mälzer'),
  ('OPP-0022', 'Harness Back-End Schemas', 'Prospecting', 18079.44, 'KD-0021', 'Mans'),
  ('OPP-0023', 'Mesh Distributed Web-Readiness', 'Closed Won', 94850.68, 'KD-0049', 'Kraushaar'),
  ('OPP-0024', 'Enable Innovative Vortals', 'Closed Lost', 112311.57, 'KD-0063', 'Pechel'),
  ('OPP-0025', 'Iterate Bricks-And-Clicks Systems', 'Closed Lost', 192610.46, 'KD-0052', 'Trub GmbH'),
  ('OPP-0026', 'Extend Killer Roi', 'Closed Lost', 151568.1, 'KD-0067', 'Jungfer Mangold AG & Co. KGaA'),
  ('OPP-0027', 'Harness Plug-And-Play E-Services', 'Qualification', 103114.75, 'KD-0068', 'Ullmann'),
  ('OPP-0028', 'Target Bricks-And-Clicks Supply-Chains', 'Prospecting', 45344.14, 'KD-0064', 'Flantz AG'),
  ('OPP-0029', 'Aggregate Back-End Portals', 'Closed Won', 27529.56, 'KD-0077', 'Losekann GmbH & Co. OHG'),
  ('OPP-0030', 'Expedite Vertical Channels', 'Closed Won', 77856.57, 'KD-0053', 'Kallert GmbH'),
  ('OPP-0031', 'Embrace Transparent E-Commerce', 'Prospecting', 47036.23, 'KD-0041', 'Girschner GmbH & Co. KG'),
  ('OPP-0032', 'Strategize Holistic Markets', 'Qualification', 131568.91, 'KD-0019', 'auch Schlauchin GmbH & Co. KGaA'),
  ('OPP-0033', 'E-Enable Leading-Edge Mindshare', 'Qualification', 8193.72, 'KD-0039', 'Oderwald'),
  ('OPP-0034', 'Disintermediate Vertical Networks', 'Closed Won', 99921.29, 'KD-0030', 'Söding Nette KG'),
  ('OPP-0035', 'Brand Robust Mindshare', 'Closed Won', 177064.77, 'KD-0060', 'Wernecke Müller Stiftung & Co. KG'),
  ('OPP-0036', 'Cultivate World-Class Users', 'Prospecting', 52846.37, 'KD-0060', 'Wernecke Müller Stiftung & Co. KG'),
  ('OPP-0037', 'Synthesize Front-End Networks', 'Prospecting', 62606.53, 'KD-0019', 'auch Schlauchin GmbH & Co. KGaA'),
  ('OPP-0038', 'Facilitate Innovative Partnerships', 'Closed Lost', 177974.07, 'KD-0007', 'Pechel'),
  ('OPP-0039', 'Maximize E-Business Schemas', 'Closed Won', 165113.37, 'KD-0056', 'Bine'),
  ('OPP-0040', 'Revolutionize One-To-One Users', 'Closed Lost', 18212.35, 'KD-0071', 'Karge Biggen KG'),
  ('OPP-0041', 'Leverage E-Business Networks', 'Qualification', 7155.96, 'KD-0043', 'Hesse Wieloch KG'),
  ('OPP-0042', 'Re-Contextualize Plug-And-Play E-Business', 'Closed Won', 16677.96, 'KD-0013', 'Hauffer KG'),
  ('OPP-0043', 'Visualize Dynamic Partnerships', 'Closed Won', 9707.27, 'KD-0066', 'Steuer Seip GmbH & Co. KG'),
  ('OPP-0044', 'Revolutionize User-Centric Niches', 'Closed Lost', 72650.52, 'KD-0052', 'Trub GmbH'),
  ('OPP-0045', 'Target Customized Eyeballs', 'Prospecting', 161238.67, 'KD-0042', 'Geisel AG'),
  ('OPP-0046', 'Visualize Open-Source Partnerships', 'Closed Lost', 152906.03, 'KD-0075', 'Wernecke Gieß AG & Co. KG'),
  ('OPP-0047', 'Reinvent Cross-Platform Bandwidth', 'Prospecting', 134932.4, 'KD-0056', 'Bien'),
  ('OPP-0048', 'Mesh User-Centric Web-Readiness', 'Prospecting', 199735.68, 'KD-0071', 'Karge Biggen KG'),
  ('OPP-0049', 'Strategize Distributed Synergies', 'Closed Lost', 69379.65, 'KD-0020', 'Pruschke'),
  ('OPP-0050', 'Re-Intermediate Integrated Web-Readiness', 'Closed Won', 33070.54, 'KD-0057', 'Warmer GmbH'),
  ('OPP-0051', 'Implement Magnetic Vortals', 'Closed Won', 81907.88, 'KD-0026', 'Hendirks'),
  ('OPP-0052', 'Brand B2C Portals', 'Qualification', 42926.22, 'KD-0006', 'Pregande Trubin e.G.'),
  ('OPP-0053', 'Iterate Magnetic Applications', 'Qualification', 88247.74, 'KD-0073', 'Pechel'),
  ('OPP-0054', 'Innovate World-Class Users', 'Qualification', 5110.56, 'KD-0073', 'Pechel'),
  ('OPP-0055', 'Target 24/365 Networks', 'Prospecting', 56774.0, 'KD-0009', 'Hande Kostolzin KG'),
  ('OPP-0056', 'Re-Contextualize Synergistic Networks', 'Qualification', 96319.79, 'KD-0062', 'Wilms'),
  ('OPP-0057', 'Orchestrate Dynamic Eyeballs', 'Closed Lost', 27276.22, 'KD-0022', 'Heuser Gude KG'),
  ('OPP-0058', 'Architect Extensible Roi', 'Closed Won', 125275.68, 'KD-0059', 'Mälzer'),
  ('OPP-0059', 'Transform Proactive Users', 'Closed Won', 117523.47, 'KD-0048', 'Eigenwillig GmbH & Co. OHG'),
  ('OPP-0060', 'Expedite Revolutionary Channels', 'Closed Won', 128147.28, 'KD-0071', 'Karge Biggen KG'),
  ('OPP-0061', 'Incubate Cross-Media Partnerships', 'Closed Won', 162206.85, 'KD-0042', 'Geisel AG'),
  ('OPP-0062', 'Harness Turn-Key E-Services', 'Prospecting', 89605.31, 'KD-0032', 'Hein Roskoth AG & Co. KG'),
  ('OPP-0063', 'Repurpose Best-Of-Breed Solutions', 'Closed Won', 102280.5, 'KD-0035', 'auch Schlauchin GbR'),
  ('OPP-0064', 'Monetize Granular E-Commerce', 'Closed Won', 161326.39, 'KD-0052', 'Trub mGbH'),
  ('OPP-0065', 'Empower Bleeding-Edge E-Tailers', 'Qualification', 113227.75, 'KD-0033', 'Henschel'),
  ('OPP-0066', 'Revolutionize Synergistic Web-Readiness', 'Qualification', 95547.78, 'KD-0029', 'Buchholz'),
  ('OPP-0067', 'Enable Visionary Initiatives', 'Closed Won', 85465.78, 'KD-0020', 'Pruschke'),
  ('OPP-0068', 'E-Enable Enterprise Web-Readiness', 'Closed Won', 63321.48, 'KD-0052', 'Trub GmbH'),
  ('OPP-0069', 'Grow Best-Of-Breed Architectures', 'Closed Lost', 189955.87, 'KD-0032', 'Hein Roskoth AG & Co. KG'),
  ('OPP-0070', 'Streamline Customized Systems', 'Prospecting', 89946.57, 'KD-0009', 'Hande Kostolzin KG'),
  ('OPP-0071', 'Strategize 24/365 E-Tailers', 'Closed Lost', 195779.93, 'KD-0056', 'Bien'),
  ('OPP-0072', 'Revolutionize Enterprise Applications', 'Prospecting', 65061.45, 'KD-0043', 'Hesse Wieloch KG'),
  ('OPP-0073', 'Transition 24/7 Infrastructures', 'Closed Lost', 185927.93, 'KD-0063', 'Pechel'),
  ('OPP-0074', 'Reinvent 24/7 Communities', 'Closed Lost', 88870.6, 'KD-0051', 'Roht'),
  ('OPP-0075', 'Engineer Best-Of-Breed Initiatives', 'Qualification', 70541.7, 'KD-0031', 'Meister e.V.'),
  ('OPP-0076', 'Synthesize Synergistic Vortals', 'Closed Lost', 171373.72, 'KD-0077', 'Losekann GmbH & Co. OHG'),
  ('OPP-0077', 'Deploy Dynamic E-Tailers', 'Qualification', 110372.24, 'KD-0013', 'Huaffer KG'),
  ('OPP-0078', 'Evolve Bricks-And-Clicks Info-Mediaries', 'Qualification', 198408.27, 'KD-0064', 'Flantz AG'),
  ('OPP-0079', 'Morph One-To-One Bandwidth', 'Prospecting', 31029.24, 'KD-0001', 'Siering Köster GmbH & Co. KGaA'),
  ('OPP-0080', 'Utilize Clicks-And-Mortar Architectures', 'Closed Won', 134881.36, 'KD-0047', 'Stumpf AG & Co. KGaA'),
  ('OPP-0081', 'Exploit Next-Generation Interfaces', 'Closed Won', 24494.41, 'KD-0012', 'Buidg'),
  ('OPP-0082', 'Iterate Mission-Critical Convergence', 'Prospecting', 165178.81, 'KD-0075', 'Wenrecke Gieß AG & Co. KG'),
  ('OPP-0083', 'Disintermediate Extensible Partnerships', 'Closed Lost', 165717.23, 'KD-0025', 'Drub'),
  ('OPP-0084', 'Brand Seamless E-Services', 'Closed Won', 125009.84, 'KD-0063', 'Pechel'),
  ('OPP-0085', 'Scale Strategic Experiences', 'Closed Won', 32030.12, 'KD-0068', 'Ullmann'),
  ('OPP-0086', 'Visualize Integrated Info-Mediaries', 'Closed Won', 35691.84, 'KD-0060', 'Wernecke Müller Stiftung & Co. KG'),
  ('OPP-0087', 'Utilize Efficient Experiences', 'Qualification', 139361.25, 'KD-0066', 'Steuer Seip GmbH & C.o KG'),
  ('OPP-0088', 'Productize World-Class Paradigms', 'Closed Won', 134676.67, 'KD-0005', 'Schlosser AG & Co. OHG'),
  ('OPP-0089', 'Orchestrate Interactive Roi', 'Closed Won', 190582.39, 'KD-0061', 'Wagner AG & Co. KGaA'),
  ('OPP-0090', 'Maximize Value-Added Channels', 'Closed Lost', 86504.07, 'KD-0040', 'Wirth'),
  ('OPP-0091', 'Mesh B2C Channels', 'Closed Won', 134919.8, 'KD-0031', 'Meister e.V.'),
  ('OPP-0092', 'Scale Collaborative Paradigms', 'Qualification', 142130.75, 'KD-0027', 'Wagner Lange GmbH'),
  ('OPP-0093', 'Streamline Best-Of-Breed Web Services', 'Prospecting', 33797.59, 'KD-0005', 'Schlosser AG & Co. HOG'),
  ('OPP-0094', 'Envisioneer Out-Of-The-Box E-Business', 'Prospecting', 60082.68, 'KD-0058', 'Lange Schuchhardt GmbH & Co. KG'),
  ('OPP-0095', 'Deploy Granular E-Markets', 'Qualification', 145134.89, 'KD-0043', 'Hesse Wieloch KG'),
  ('OPP-0096', 'Reinvent Virtual Deliverables', 'Closed Won', 187800.06, 'KD-0056', 'Bien'),
  ('OPP-0097', 'Orchestrate Viral Relationships', 'Prospecting', 76020.82, 'KD-0027', 'Wagner Lange GmbH'),
  ('OPP-0098', 'Matrix One-To-One Communities', 'Prospecting', 14537.88, 'KD-0051', 'Roht'),
  ('OPP-0099', 'Utilize Rich E-Tailers', 'Closed Lost', 95383.27, 'KD-0033', 'Henschel'),
  ('OPP-0100', 'Monetize Wireless Functionalities', 'Closed Won', 92674.39, 'KD-0051', 'Roht');
INSERT INTO "Opportunity" (id, name, stage, amount, customer_number, account_name) VALUES
  ('OPP-0101', 'Disintermediate Back-End E-Business', 'Closed Lost', 133388.94, 'KD-0042', 'Geisel AG'),
  ('OPP-0102', 'Harness Proactive Web-Readiness', 'Qualification', 6450.55, 'KD-0073', 'Pechel'),
  ('OPP-0103', 'Facilitate Proactive Info-Mediaries', 'Closed Lost', 23177.19, 'KD-0022', 'Heuser Gude KG'),
  ('OPP-0104', 'Integrate B2B E-Markets', 'Qualification', 51804.56, 'KD-0043', 'Hesse Wieloch KG'),
  ('OPP-0105', 'Integrate Enterprise Metrics', 'Closed Won', 181924.84, 'KD-0078', 'Ruppert Schmiedt GmbH'),
  ('OPP-0106', 'Drive Frictionless Communities', 'Prospecting', 128149.9, 'KD-0024', 'Heinrich Meyer GmbH'),
  ('OPP-0107', 'Transform Value-Added Convergence', 'Closed Won', 70750.06, 'KD-0044', 'Möchlichen'),
  ('OPP-0108', 'Productize Magnetic Infrastructures', 'Qualification', 46157.04, 'KD-0014', 'Ruppert'),
  ('OPP-0109', 'Deploy Innovative Initiatives', 'Closed Won', 108519.47, 'KD-0043', 'Hesse Wieloch KG'),
  ('OPP-0110', 'Syndicate Plug-And-Play E-Markets', 'Qualification', 89812.84, 'KD-0068', 'Ullmann'),
  ('OPP-0111', 'Iterate Visionary Channels', 'Closed Won', 110064.49, 'KD-0006', 'Pergande Trubin e.G.'),
  ('OPP-0112', 'Iterate Clicks-And-Mortar Content', 'Prospecting', 84430.58, 'KD-0059', 'Mälezr'),
  ('OPP-0113', 'Syndicate Collaborative Portals', 'Closed Lost', 186164.44, 'KD-0009', 'Hande Kostolzin KG'),
  ('OPP-0114', 'Enable World-Class Web Services', 'Closed Won', 167786.42, 'KD-0078', 'Ruppert Schmiedt GmbH'),
  ('OPP-0115', 'Incubate Bricks-And-Clicks E-Business', 'Closed Won', 178845.07, 'KD-0029', 'Buchholz'),
  ('OPP-0116', 'Repurpose Mission-Critical Info-Mediaries', 'Closed Won', 81988.45, 'KD-0005', 'Schlosser AG & Co. OHG'),
  ('OPP-0117', 'Synthesize 24/365 Channels', 'Prospecting', 48251.18, 'KD-0001', 'Siering Köster GmbH & Co. KGaA'),
  ('OPP-0118', 'Enhance End-To-End Eyeballs', 'Prospecting', 88852.1, 'KD-0058', 'Lange Schuchhardt GmbH & Co. KG'),
  ('OPP-0119', 'Enhance Strategic Platforms', 'Closed Won', 109375.24, 'KD-0010', 'Sontag Stiftung & Co. KGaA'),
  ('OPP-0120', 'Unleash Wireless Technologies', 'Prospecting', 102841.61, 'KD-0070', 'Heinrich GmbH'),
  ('OPP-0121', 'Matrix Sticky Action-Items', 'Prospecting', 101843.94, 'KD-0040', 'Wirth'),
  ('OPP-0122', 'Enhance Dot-Com Roi', 'Closed Won', 157036.59, 'KD-0075', 'Wernecke Gieß AG & Co. KG'),
  ('OPP-0123', 'Drive Seamless Supply-Chains', 'Closed Lost', 114347.17, 'KD-0031', 'Meister e.V.'),
  ('OPP-0124', 'Unleash Plug-And-Play Web Services', 'Qualification', 7771.21, 'KD-0043', 'Hesse Wieloch KG'),
  ('OPP-0125', 'Benchmark Real-Time Channels', 'Closed Lost', 9034.72, 'KD-0055', 'Drör'),
  ('OPP-0126', 'Harness Cutting-Edge Relationships', 'Closed Won', 37959.41, 'KD-0017', 'Wagner'),
  ('OPP-0127', 'Repurpose B2B Applications', 'Closed Lost', 36562.99, 'KD-0038', 'Finke'),
  ('OPP-0128', 'Extend Robust Architectures', 'Qualification', 75478.78, 'KD-0055', 'Dörr'),
  ('OPP-0129', 'Whiteboard Scalable Solutions', 'Prospecting', 19864.03, 'KD-0037', 'Lange GmbH & Co. KG'),
  ('OPP-0130', 'Reinvent Value-Added Eyeballs', 'Prospecting', 190949.18, 'KD-0020', 'Pruschke'),
  ('OPP-0131', 'Whiteboard Robust Action-Items', 'Closed Won', 193203.02, 'KD-0009', 'Hande Kostolzin KG'),
  ('OPP-0132', 'Leverage Impactful Vortals', 'Closed Won', 28680.61, 'KD-0015', 'Rogge'),
  ('OPP-0133', 'Implement Compelling Info-Mediaries', 'Prospecting', 98842.17, 'KD-0069', 'Holt'),
  ('OPP-0134', 'Iterate Cross-Media Solutions', 'Prospecting', 74470.52, 'KD-0079', 'Kensy GmbH'),
  ('OPP-0135', 'Whiteboard Wireless Systems', 'Closed Lost', 162287.37, 'KD-0012', 'Budig'),
  ('OPP-0136', 'Architect Ubiquitous E-Business', 'Prospecting', 182629.39, 'KD-0070', 'Heinrich GmbH'),
  ('OPP-0137', 'Morph Visionary Initiatives', 'Prospecting', 198463.98, 'KD-0080', 'Drubin GmbH'),
  ('OPP-0138', 'Extend Efficient Experiences', 'Qualification', 106806.91, 'KD-0021', 'Mans'),
  ('OPP-0139', 'Revolutionize Cross-Platform Supply-Chains', 'Closed Won', 10808.88, 'KD-0069', 'Holt'),
  ('OPP-0140', 'Productize Viral Portals', 'Closed Lost', 25196.03, 'KD-0050', 'Klapp Eckbauer GmbH'),
  ('OPP-0141', 'Facilitate Holistic Schemas', 'Closed Lost', 46410.2, 'KD-0066', 'Steuer Seip GmbH & Co. KG'),
  ('OPP-0142', 'Target Mission-Critical Web Services', 'Closed Lost', 155825.36, 'KD-0025', 'Drub'),
  ('OPP-0143', 'Iterate Cross-Platform Deliverables', 'Qualification', 167729.68, 'KD-0009', 'Hande Kostolzin KG'),
  ('OPP-0144', 'Morph Innovative Relationships', 'Closed Lost', 80518.74, 'KD-0064', 'Flantz AG'),
  ('OPP-0145', 'Brand Proactive Users', 'Prospecting', 12094.0, 'KD-0048', 'Eigenwillig GmbH & Co. OHG'),
  ('OPP-0146', 'Enable Mission-Critical E-Services', 'Prospecting', 197594.17, 'KD-0025', 'Drbu'),
  ('OPP-0147', 'Target One-To-One Initiatives', 'Closed Lost', 151197.87, 'KD-0048', 'Eigenwillig GmbH & Co. OHG'),
  ('OPP-0148', 'Engage Distributed Channels', 'Closed Lost', 21618.93, 'KD-0001', 'Siering Köster GmbH & Co. KGaA'),
  ('OPP-0149', 'Cultivate Cross-Media Content', 'Prospecting', 120612.67, 'KD-0013', 'Hauffer KG'),
  ('OPP-0150', 'Grow User-Centric Schemas', 'Closed Won', 28351.84, 'KD-0061', 'Wagner AG & Co. KGaA');

CREATE TABLE "Project" ( id text PRIMARY KEY, name text, status text, go_live text, client_id text, opportunity_ref text );

INSERT INTO "Project" (id, name, status, go_live, client_id, opportunity_ref) VALUES
  ('PROJ-0001', 'Schlosser AG & Co. OHG Impl.', 'Active', '2028-06-03', 'ACC-0005', 'OPP-0082'),
  ('PROJ-0002', 'Wirth Impl.', 'Completed', '2025-09-19', 'ACC-0040', 'OPP-0109'),
  ('PROJ-0003', 'Schlosser AG & Co. OHG Impl.', 'Completed', '2028-01-27', 'ACC-0005', 'OPP-0015'),
  ('PROJ-0004', 'Rädel e.V. Impl.', 'Active', '2026-12-26', 'ACC-0018', 'OPP-0098'),
  ('PROJ-0005', 'Karge Johann AG Impl.', 'Active', '2026-08-30', 'ACC-0036', 'OPP-0106'),
  ('PROJ-0006', 'Ullmann Impl.', 'Completed', '2028-04-17', 'ACC-0068', 'OPP-0128'),
  ('PROJ-0007', 'Oderwald Impl.', 'Completed', '2028-06-19', 'ACC-0039', 'OPP-0007'),
  ('PROJ-0008', 'Geisel AG Impl.', 'Active', '2026-01-20', 'ACC-0042', 'OPP-9095'),
  ('PROJ-0009', 'Ullmann Impl.', 'Completed', '2027-12-28', 'ACC-0068', 'OPP-0026'),
  ('PROJ-0010', 'Rogge Impl.', 'Completed', '2026-02-19', 'ACC-0015', 'OPP-9270'),
  ('PROJ-0011', 'Girschner GmbH & Co. KG Impl.', 'In Planning', '2025-07-09', 'ACC-0041', 'OPP-0047'),
  ('PROJ-0012', 'Kitzmann KG Impl.', 'Active', '2027-09-02', 'ACC-0028', 'OPP-0021'),
  ('PROJ-0013', 'Pechel Impl.', 'In Planning', '2026-07-13', 'ACC-0007', 'OPP-0141'),
  ('PROJ-0014', 'Kranz e.G. Impl.', 'In Planning', '2027-04-10', 'ACC-0011', 'OPP-0141'),
  ('PROJ-0015', 'Heinrich GmbH Impl.', 'In Planning', '2025-12-04', 'ACC-0070', 'OPP-0142'),
  ('PROJ-0016', 'Oderwald Impl.', 'Active', '2028-01-19', 'ACC-0039', 'OPP-9413'),
  ('PROJ-0017', 'Wirth Impl.', 'Active', '2027-01-17', 'ACC-0040', 'OPP-0108'),
  ('PROJ-0018', 'Hesse Wieloch KG Impl.', 'Active', '2027-11-15', 'ACC-0043', 'OPP-0014'),
  ('PROJ-0019', 'Hande Kostolzin KG Impl.', 'In Planning', '2026-07-23', 'ACC-0009', 'OPP-9967'),
  ('PROJ-0020', 'Siering Köster GmbH & Co. KGaA Impl.', 'Active', '2026-02-28', 'ACC-0001', 'OPP-9488'),
  ('PROJ-0021', 'Wagner AG & Co. KGaA Impl.', 'In Planning', '2028-04-24', 'ACC-0061', 'OPP-0104'),
  ('PROJ-0022', 'Ruppert Impl.', 'Active', '2027-01-23', 'ACC-0014', 'OPP-0144'),
  ('PROJ-0023', 'Kranz e.G. Impl.', 'In Planning', '2026-08-05', 'ACC-0011', 'OPP-0048'),
  ('PROJ-0024', 'Pechel Impl.', 'In Planning', '2025-10-08', 'ACC-0073', 'OPP-0027'),
  ('PROJ-0025', 'Beyer Hoffmann AG & Co. KG Impl.', 'Active', '2025-12-19', 'ACC-0003', 'OPP-0033'),
  ('PROJ-0026', 'Steuer Seip GmbH & Co. KG Impl.', 'Active', '2027-05-17', 'ACC-0066', 'OPP-0105'),
  ('PROJ-0027', 'Jungfer Mangold AG & Co. KGaA Impl.', 'In Planning', '2027-04-29', 'ACC-0067', 'OPP-0148'),
  ('PROJ-0028', 'Drub Impl.', 'Active', '2028-01-01', 'ACC-0025', 'OPP-0061'),
  ('PROJ-0029', 'Bien Impl.', 'Active', '2027-09-22', 'ACC-0056', 'OPP-0100'),
  ('PROJ-0030', 'Ullmann Impl.', 'Completed', '2025-12-04', 'ACC-0068', 'OPP-0035'),
  ('PROJ-0031', 'Wähner Stiftung & Co. KGaA Impl.', 'Completed', '2028-04-18', 'ACC-0076', 'OPP-0149'),
  ('PROJ-0032', 'auch Schlauchin GbR Impl.', 'In Planning', '2027-04-20', 'ACC-0035', 'OPP-0032'),
  ('PROJ-0033', 'Schlosser Impl.', 'Active', '2028-01-17', 'ACC-0054', 'OPP-0128'),
  ('PROJ-0034', 'Rogge Impl.', 'In Planning', '2026-04-22', 'ACC-0015', 'OPP-0049'),
  ('PROJ-0035', 'Henschel Impl.', 'Active', '2028-05-07', 'ACC-0033', 'OPP-0148'),
  ('PROJ-0036', 'Wernecke Gieß AG & Co. KG Impl.', 'Active', '2028-04-25', 'ACC-0075', 'OPP-9687'),
  ('PROJ-0037', 'Wagner Impl.', 'Active', '2026-05-11', 'ACC-0017', 'OPP-0060'),
  ('PROJ-0038', 'Pergande Trubin e.G. Impl.', 'Active', '2028-03-04', 'ACC-0006', 'OPP-0102'),
  ('PROJ-0039', 'Kitzmann KG Impl.', 'In Planning', '2028-05-21', 'ACC-0028', 'OPP-0029'),
  ('PROJ-0040', 'Siering Köster GmbH & Co. KGaA Impl.', 'In Planning', '2028-02-25', 'ACC-0001', 'OPP-0029'),
  ('PROJ-0041', 'Scholtz Becker AG & Co. KGaA Impl.', 'Active', '2026-11-15', 'ACC-0002', 'OPP-0088'),
  ('PROJ-0042', 'Lange Schuchhardt GmbH & Co. KG Impl.', 'In Planning', '2025-11-17', 'ACC-0058', 'OPP-9741'),
  ('PROJ-0043', 'Lindner Impl.', 'Completed', '2028-04-14', 'ACC-0016', 'OPP-0084'),
  ('PROJ-0044', 'Kraushaar Impl.', 'Completed', '2025-06-21', 'ACC-0049', 'OPP-0071'),
  ('PROJ-0045', 'Hendriks Impl.', 'Active', '2026-03-23', 'ACC-0026', 'OPP-0038'),
  ('PROJ-0046', 'Klapp Eckbauer GmbH Impl.', 'Completed', '2027-02-20', 'ACC-0050', 'OPP-0063'),
  ('PROJ-0047', 'Pechel Impl.', 'Active', '2026-05-28', 'ACC-0063', 'OPP-0112'),
  ('PROJ-0048', 'Henschel Impl.', 'Active', '2028-03-28', 'ACC-0033', 'OPP-9474'),
  ('PROJ-0049', 'Trub Impl.', 'In Planning', '2027-04-23', 'ACC-0008', 'OPP-0016'),
  ('PROJ-0050', 'Mälzer Impl.', 'Completed', '2028-05-07', 'ACC-0059', 'OPP-0053'),
  ('PROJ-0051', 'Rogge Impl.', 'Completed', '2025-08-24', 'ACC-0015', 'OPP-0037'),
  ('PROJ-0052', 'Karge Johann AG Impl.', 'Active', '2026-09-13', 'ACC-0036', 'OPP-9787'),
  ('PROJ-0053', 'Wagner AG & Co. KGaA Impl.', 'Active', '2025-11-25', 'ACC-0061', 'OPP-0136'),
  ('PROJ-0054', 'Wähner Stiftung & Co. KGaA Impl.', 'In Planning', '2027-12-09', 'ACC-0076', 'OPP-0078'),
  ('PROJ-0055', 'Buchholz Impl.', 'Completed', '2027-10-06', 'ACC-0029', 'OPP-0071'),
  ('PROJ-0056', 'Klapp Eckbauer GmbH Impl.', 'Active', '2027-11-22', 'ACC-0050', 'OPP-0123'),
  ('PROJ-0057', 'Warmer GmbH Impl.', 'Active', '2028-04-28', 'ACC-0057', 'OPP-0005'),
  ('PROJ-0058', 'Pechel Impl.', 'In Planning', '2026-03-13', 'ACC-0063', 'OPP-0142'),
  ('PROJ-0059', 'auch Schlauchin GmbH & Co. KGaA Impl.', 'Completed', '2027-10-30', 'ACC-0019', 'OPP-9738'),
  ('PROJ-0060', 'Jungfer Mangold AG & Co. KGaA Impl.', 'Completed', '2027-05-30', 'ACC-0067', 'OPP-0026'),
  ('PROJ-0061', 'Jungfer Mangold AG & Co. KGaA Impl.', 'Active', '2026-08-23', 'ACC-0067', 'OPP-0104'),
  ('PROJ-0062', 'Hande Kostolzin KG Impl.', 'Active', '2026-01-18', 'ACC-0009', 'OPP-0028'),
  ('PROJ-0063', 'Lange GmbH & Co. KG Impl.', 'In Planning', '2027-12-22', 'ACC-0037', 'OPP-0063'),
  ('PROJ-0064', 'Pruschke Impl.', 'In Planning', '2025-09-06', 'ACC-0072', 'OPP-0148'),
  ('PROJ-0065', 'Heinrich Meyer GmbH Impl.', 'Active', '2028-05-11', 'ACC-0024', 'OPP-0136'),
  ('PROJ-0066', 'Pruschke Impl.', 'In Planning', '2026-04-19', 'ACC-0020', 'OPP-0084'),
  ('PROJ-0067', 'Karge Biggen KG Impl.', 'Active', '2028-02-24', 'ACC-0071', 'OPP-0088'),
  ('PROJ-0068', 'Wilms Impl.', 'In Planning', '2025-11-03', 'ACC-0062', 'OPP-9111'),
  ('PROJ-0069', 'Wirth Impl.', 'Completed', '2027-09-09', 'ACC-0040', 'OPP-0109'),
  ('PROJ-0070', 'auch Schlauchin GbR Impl.', 'In Planning', '2028-04-20', 'ACC-0035', 'OPP-0103'),
  ('PROJ-0071', 'Ruppert Schmiedt GmbH Impl.', 'Active', '2025-12-04', 'ACC-0078', 'OPP-0092'),
  ('PROJ-0072', 'Kraushaar Impl.', 'Active', '2026-10-19', 'ACC-0049', 'OPP-0051'),
  ('PROJ-0073', 'Geisel AG Impl.', 'Completed', '2027-06-27', 'ACC-0042', 'OPP-9344'),
  ('PROJ-0074', 'Wagner AG & Co. KGaA Impl.', 'Completed', '2027-10-02', 'ACC-0061', 'OPP-0137'),
  ('PROJ-0075', 'Flantz AG Impl.', 'Active', '2025-07-02', 'ACC-0064', 'OPP-0144'),
  ('PROJ-0076', 'Sontag Stiftung & Co. KGaA Impl.', 'Active', '2025-10-27', 'ACC-0010', 'OPP-9917'),
  ('PROJ-0077', 'Söding Nette KG Impl.', 'Active', '2026-05-28', 'ACC-0030', 'OPP-0012'),
  ('PROJ-0078', 'Wernecke Müller Stiftung & Co. KG Impl.', 'Active', '2025-10-11', 'ACC-0060', 'OPP-0019'),
  ('PROJ-0079', 'Karge Biggen KG Impl.', 'Active', '2027-05-10', 'ACC-0071', 'OPP-0035'),
  ('PROJ-0080', 'Kitzmann KG Impl.', 'Active', '2026-11-19', 'ACC-0028', 'OPP-0025'),
  ('PROJ-0081', 'Henschel Impl.', 'Completed', '2027-06-14', 'ACC-0033', 'OPP-9601'),
  ('PROJ-0082', 'Lindner Impl.', 'Active', '2026-05-14', 'ACC-0016', 'OPP-0116'),
  ('PROJ-0083', 'Budig Impl.', 'In Planning', '2025-11-04', 'ACC-0012', 'OPP-0061'),
  ('PROJ-0084', 'Lindner Impl.', 'In Planning', '2027-09-13', 'ACC-0016', 'OPP-9256'),
  ('PROJ-0085', 'Holt Impl.', 'Active', '2026-10-31', 'ACC-0069', 'OPP-0062'),
  ('PROJ-0086', 'Wagner AG & Co. KGaA Impl.', 'Active', '2025-09-06', 'ACC-0061', 'OPP-0139'),
  ('PROJ-0087', 'Siering Köster GmbH & Co. KGaA Impl.', 'Active', '2028-05-28', 'ACC-0001', 'OPP-0126'),
  ('PROJ-0088', 'Kallert GmbH Impl.', 'Active', '2028-03-14', 'ACC-0053', 'OPP-0026'),
  ('PROJ-0089', 'Scheel Impl.', 'Completed', '2026-06-30', 'ACC-0065', 'OPP-0148'),
  ('PROJ-0090', 'Siering Köster GmbH & Co. KGaA Impl.', 'Completed', '2026-04-15', 'ACC-0001', 'OPP-0090'),
  ('PROJ-0091', 'Lange Schuchhardt GmbH & Co. KG Impl.', 'Active', '2028-06-07', 'ACC-0058', 'OPP-0043'),
  ('PROJ-0092', 'Hauffer KG Impl.', 'Active', '2026-08-13', 'ACC-0013', 'OPP-0147'),
  ('PROJ-0093', 'Karge Johann AG Impl.', 'Active', '2028-02-22', 'ACC-0036', 'OPP-9842'),
  ('PROJ-0094', 'Söding Nette KG Impl.', 'Active', '2025-10-22', 'ACC-0030', 'OPP-0046'),
  ('PROJ-0095', 'Wagner Lange GmbH Impl.', 'Completed', '2026-11-14', 'ACC-0027', 'OPP-9302'),
  ('PROJ-0096', 'Trub Impl.', 'In Planning', '2027-03-24', 'ACC-0008', 'OPP-0058'),
  ('PROJ-0097', 'Rädel e.V. Impl.', 'In Planning', '2028-02-06', 'ACC-0018', 'OPP-9743'),
  ('PROJ-0098', 'Wagner Lange GmbH Impl.', 'In Planning', '2027-07-18', 'ACC-0027', 'OPP-0077'),
  ('PROJ-0099', 'Bien Impl.', 'Active', '2027-11-08', 'ACC-0056', 'OPP-9064'),
  ('PROJ-0100', 'Wagner AG & Co. KGaA Impl.', 'Completed', '2027-09-30', 'ACC-0061', 'OPP-0044');
