campaign,model,fixture,cell,ctx,sc,rep,materialized,recall,precision,field_acc,f1,recall_strict,cost,secs,tokens_in,tokens_out,status,silent_fail,tables_declared,cols_covered
2026-07-06-yq3v,gemini25flash,master_v2,structured_per_table,metadata_only,False,0,False,0.22876106194690266,0.9810246679316889,0.6680172879524582,0.3710082526013635,0.22876106194690266,0.0527141,36.815761,13172,12090,complete,False,5,0.40350877192982454
2026-07-06-yq3v,gemini25flash,master_v2,write_tools_freeform,metadata_only,False,0,False,0.2668141592920354,0.9836867862969005,0.8243965358393219,0.4197702749738949,0.2668141592920354,0.02243822,60.605229,18570,6306,complete,False,5,0.45614035087719296
2026-07-06-yq3v,gemini25flash,master_v2,structured_per_table,live_query_tool,False,0,False,0.6207964601769912,0.9929228591648974,0.692187347218148,0.7639531717941738,0.6207964601769912,0.07403857999999999,76.157185,52100,15759,complete,False,5,0.631578947368421
2026-07-06-yq3v,gemini25flash,master_v2,write_tools_freeform,metadata_only,True,0,True,1.0,0.9955947136563876,0.6254321453265447,0.9977924944812362,1.0,0.05387050999999998,158.358122,81298,10857,complete,False,5,1.0
2026-07-06-yq3v,gemini25flash,master_v2,structured_per_table,live_query_tool,True,0,True,1.0,0.9955947136563876,0.7145012257212898,0.9977924944812362,1.0,0.11901711000000001,169.110728,82311,24972,complete,False,5,1.0
2026-07-06-yq3v,gemini25flash,master_v2,write_tools_freeform,live_query_tool,False,0,True,1.0,0.9955947136563876,0.7197812558928908,0.9977924944812362,1.0,0.051345430000000004,132.815122,32725,12708,complete,False,5,1.0
2026-07-06-yq3v,gemini25flash,master_v2,write_tools_freeform,live_query_tool,True,0,True,1.0,0.9955947136563876,0.6733295618832108,0.9977924944812362,1.0,0.043429279999999994,148.867035,57117,9493,complete,False,5,1.0
2026-07-06-yq3v,gemini25flash,master_v2,plan_then_execute,metadata_only,False,0,True,1.0,0.9955947136563876,0.6283235904205167,0.9977924944812362,1.0,0.08301587000000002,109.13884,21365,20335,complete,False,5,1.0
2026-07-06-yq3v,gemini25flash,master_v2,structured_per_table,metadata_only,True,0,False,0.7610619469026548,0.9942196531791907,0.6687278423612829,0.8621553884711778,0.7610619469026548,0.18235941,292.281588,58398,41415,partial,False,5,0.8070175438596491
2026-07-06-yq3v,gemini25flash,master_v2,plan_then_execute,live_query_tool,False,0,False,0.22876106194690266,0.9810246679316889,0.7558076715289033,0.3710082526013635,0.22876106194690266,0.07984770000000001,94.243694,24459,18371,complete,False,5,0.40350877192982454
2026-07-06-yq3v,gemini25flash,master_v2,write_tools_freeform_inlinedbt,metadata_only,True,0,True,1.0,0.9955947136563876,0.6503865736375637,0.9977924944812362,1.0,0.04101441,233.174983,61589,7714,complete,False,5,1.0
2026-07-06-yq3v,gemini25flash,master_v2,plan_then_execute,live_query_tool,True,0,True,1.0,0.9955947136563876,0.6534665912376643,0.9977924944812362,1.0,0.09503711000000001,93.81625,52496,22062,complete,False,5,1.0
2026-07-06-yq3v,gemini25flash,master_v2,plan_then_execute,metadata_only,True,0,True,1.0,0.9955947136563876,0.6441636809353196,0.9977924944812362,1.0,0.14809316000000003,212.701294,39365,34431,complete,False,5,1.0
2026-07-06-yq3v,gemini25flash,master_v2,write_then_critique,metadata_only,False,0,False,0.08849557522123894,0.9523809523809523,0.9127777777777778,0.16194331983805668,0.08849557522123894,0.2114469,122.349715,76223,47720,partial,False,5,0.22807017543859648
2026-07-06-yq3v,gemini25flash,master_v2,write_then_critique,live_query_tool,False,0,True,1.0,0.9955947136563876,0.7370042114526368,0.9977924944812362,1.0,0.23637009,150.92663,118407,52457,partial,False,5,1.0
2026-07-06-yq3v,gemini25flash,master_v2,write_then_critique,metadata_only,True,0,False,0.7610619469026548,0.9942196531791907,0.6609778217495259,0.8621553884711778,0.7610619469026548,0.21845147,216.070386,70420,48369,partial,False,5,0.8070175438596491
2026-07-06-yq3v,gemini25flash,master_v2,write_tools_freeform_inlinedbt,live_query_tool,True,0,False,0.0,,,,0.0,0.19033148999999994,364.09316,468893,34455,partial,False,5,0.0
2026-07-06-yq3v,gemini25flash,master_v2,ensemble_vote,metadata_only,False,0,False,0.7610619469026548,0.9942196531791907,0.6731799818616538,0.8621553884711778,0.7610619469026548,0.30746519000000005,64.864008,57036,64766,complete,False,5,0.8070175438596491
2026-07-06-yq3v,gemini25flash,master_v2,plan_write_critique,metadata_only,,0,True,1.0,0.9955947136563876,0.6796781695895405,0.9977924944812362,1.0,0.15048690000000003,158.188324,48723,32315,complete,False,5,1.0
2026-07-06-yq3v,gemini25flash,messy_data_v2,structured_per_table,metadata_only,False,0,False,0.0,,,,0.0,0.04220080000000001,18.837231,13177,9697,complete,True,5,0.0
2026-07-06-yq3v,gemini25flash,master_v2,write_then_critique,live_query_tool,True,0,True,1.0,0.9955947136563876,0.7199069708969765,0.9977924944812362,1.0,0.26979009000000004,190.817414,157985,58883,partial,False,5,1.0
2026-07-06-yq3v,gemini25flash,master_v2,ensemble_vote,live_query_tool,False,0,False,0.0,,,,0.0,0.33565279,57.23526,161248,67917,complete,True,5,0.0
2026-07-06-yq3v,gemini25flash,messy_data_v2,structured_per_table,live_query_tool,False,0,False,0.7733732236350037,0.9942307692307693,0.7439692982456141,0.8700042069835927,0.7733732236350037,0.08612069,55.941061,42578,18897,complete,False,5,0.8070175438596491
2026-07-06-yq3v,gemini25flash,master_v2,ensemble_vote,metadata_only,True,0,True,1.0,0.9955947136563876,0.6209064051794582,0.9977924944812362,1.0,0.35462750000000004,106.580893,61391,75735,complete,False,5,1.0
2026-07-06-yq3v,gemini25flash,messy_data_v2,structured_per_table,live_query_tool,True,0,True,1.0,0.9955323901712584,0.6751619411702241,0.9977611940298508,1.0,0.09540942000000001,99.951081,71919,20008,complete,False,5,1.0
2026-07-06-yq3v,gemini25flash,messy_data_v2,write_tools_freeform,metadata_only,False,0,False,0.7733732236350037,0.9942307692307693,0.6641995614035088,0.8700042069835927,0.7733732236350037,0.08470346000000001,88.259812,95940,14434,complete,False,5,0.8070175438596491
2026-07-06-yq3v,gemini25flash,messy_data_v2,structured_per_table,metadata_only,True,0,True,1.0,0.9955323901712584,0.6115535733248381,0.9977611940298508,1.0,0.14567244000000001,165.922768,46877,32962,complete,False,5,1.0
2026-07-06-yq3v,gemini25flash,messy_data_v2,write_tools_freeform,live_query_tool,False,0,False,0.7733732236350037,0.9942307692307693,0.7312225877192983,0.8700042069835927,0.7733732236350037,0.06364850000000001,53.497691,117920,7029,complete,False,5,0.8070175438596491
2026-07-06-yq3v,gemini25flash,master_v2,ensemble_vote,live_query_tool,True,0,True,1.0,0.9955947136563876,0.7131183606763467,0.9977924944812362,1.0,0.47212773999999996,238.609929,264640,96722,complete,False,5,1.0
2026-07-06-yq3v,gemini25flash,messy_data_v2,write_tools_freeform,metadata_only,True,0,True,1.0,0.9955323901712584,0.6419241796750558,0.9977611940298508,1.0,0.07348009,147.718513,94299,14806,complete,False,5,1.0
2026-07-06-yq3v,gemini25flash,messy_data_v2,write_tools_freeform,live_query_tool,True,0,True,,,,,,0.06627557,88.551179,86086,10550,complete,True,0,
2026-07-06-yq3v,gemini25flash,messy_data_v2,write_tools_freeform_inlinedbt,live_query_tool,True,0,True,1.0,0.9955323901712584,0.7429117553360943,0.9977611940298508,1.0,0.05990227000000001,82.204977,128688,11516,complete,False,5,1.0
2026-07-06-yq3v,gemini25flash,master_v2,plan_write_critique,live_query_tool,,0,False,0.7610619469026548,0.9942196531791907,0.632368703108253,0.8621553884711778,0.7610619469026548,0.38425878,402.104577,212307,79750,partial,False,5,0.8070175438596491
2026-07-06-yq3v,gemini25flash,messy_data_v2,plan_then_execute,metadata_only,False,0,False,0.5415108451757666,1.0,0.6564223798266351,0.7025715672003882,0.5415108451757666,0.0677572,66.533498,21774,16623,complete,False,5,0.40350877192982454
2026-07-06-yq3v,gemini25flash,messy_data_v2,write_tools_freeform_inlinedbt,metadata_only,True,0,True,1.0,0.9955323901712584,0.6662419029414888,0.9977611940298508,1.0,0.07080196000000001,105.707148,136335,11856,complete,False,5,1.0
2026-07-06-yq3v,gemini25flash,messy_data_v2,write_then_critique,metadata_only,False,0,False,0.0,,,,0.0,0.060678300000000004,28.646056,19886,13186,complete,True,5,0.0
2026-07-06-yq3v,gemini25flash,messy_data_v2,plan_then_execute,live_query_tool,False,0,False,0.0,,,,0.0,0.0511566,50.301451,20922,12692,complete,True,5,0.0
2026-07-06-yq3v,gemini25flash,messy_data_v2,plan_then_execute,live_query_tool,True,0,True,1.0,0.9955323901712584,0.6701709673993841,0.9977611940298508,1.0,0.06379117000000001,59.406283,30786,14766,complete,False,5,1.0
2026-07-06-yq3v,gemini25flash,messy_data_v2,write_then_critique,live_query_tool,False,0,True,1.0,0.9955323901712584,0.7153021131995327,0.9977611940298508,1.0,0.18318631000000002,137.875788,128468,39792,partial,False,5,1.0
2026-07-06-yq3v,gemini25flash,messy_data_v2,plan_then_execute,metadata_only,True,0,True,1.0,0.9955323901712584,0.6068811723478815,0.9977611940298508,1.0,0.16807129999999998,214.942172,39321,37492,complete,False,5,1.0
2026-07-06-yq3v,gemini25flash,messy_data_v2,ensemble_vote,metadata_only,False,0,False,0.7733732236350037,0.9942307692307693,0.6506304824561403,0.8700042069835927,0.7733732236350037,0.3081339,84.257833,58029,66874,complete,False,5,0.8070175438596491
2026-07-06-yq3v,gemini25flash,messy_data_v2,write_then_critique,metadata_only,True,0,True,1.0,0.9955323901712584,0.6180312201338005,0.9977611940298508,1.0,0.20649572000000002,227.082816,77736,45834,partial,False,5,1.0
2026-07-06-yq3v,gemini25flash,messy_data_v2,ensemble_vote,live_query_tool,False,0,False,0.7733732236350037,0.9942307692307693,0.7399945175438597,0.8700042069835927,0.7733732236350037,0.26611175,58.358941,141133,55964,complete,False,5,0.8070175438596491
2026-07-06-yq3v,gemini25flash,messy_data_v2,ensemble_vote,metadata_only,True,0,True,1.0,0.9955323901712584,0.6493575448656684,0.9977611940298508,1.0,0.30166523000000006,127.435749,64551,66071,complete,False,5,1.0
2026-07-06-yq3v,gemini25flash,messy_data_v2,write_then_critique,live_query_tool,True,0,False,0.7733732236350037,0.9942307692307693,0.7060032894736842,0.8700042069835927,0.7733732236350037,0.2801415000000001,274.387249,160227,62503,partial,False,5,0.8070175438596491
2026-07-06-yq3v,gemini25flash,missing_relations_v2,structured_per_table,metadata_only,False,0,True,1.0,1.0,0.5641560944274931,1.0,1.0,0.04809560000000001,21.870676,12552,10773,complete,False,5,1.0
2026-07-06-yq3v,gemini25flash,missing_relations_v2,structured_per_table,live_query_tool,False,0,False,0.0,,,,0.0,0.05392395,27.344465,24435,11351,complete,True,5,0.0
2026-07-06-yq3v,gemini25flash,messy_data_v2,ensemble_vote,live_query_tool,True,0,True,1.0,0.9955323901712584,0.7269831156419242,0.9977611940298508,1.0,0.3119680800000001,113.579723,164180,65423,complete,False,5,1.0
2026-07-06-yq3v,gemini25flash,messy_data_v2,plan_write_critique,metadata_only,,0,False,0.7733732236350037,0.9942307692307693,0.6594024122807017,0.8700042069835927,0.7733732236350037,0.2599164500000001,333.403246,55396,59392,gave_up,False,5,0.8070175438596491
2026-07-06-yq3v,gemini25flash,missing_relations_v2,write_tools_freeform,metadata_only,False,0,False,0.0,,,,0.0,0.041886400000000004,41.98482,41038,6987,complete,True,5,0.0
2026-07-06-yq3v,gemini25flash,missing_relations_v2,write_tools_freeform,metadata_only,True,0,True,1.0,1.0,0.5903324233178096,1.0,1.0,0.03545584,52.609155,48241,6825,complete,False,5,1.0
2026-07-06-yq3v,gemini25flash,missing_relations_v2,write_tools_freeform,live_query_tool,False,0,True,1.0,1.0,0.581018146780151,1.0,1.0,0.0411004,46.656988,56168,5671,complete,False,5,1.0
2026-07-06-yq3v,gemini25flash,missing_relations_v2,structured_per_table,live_query_tool,True,0,True,1.0,1.0,0.5961136984101494,1.0,1.0,0.11278880000000002,98.681513,48147,24235,complete,False,5,1.0
2026-07-06-yq3v,gemini25flash,missing_relations_v2,write_tools_freeform,live_query_tool,True,0,True,1.0,1.0,0.5811787377549382,1.0,1.0,0.0330097,45.79762,43024,5245,complete,False,5,1.0
2026-07-06-yq3v,gemini25flash,missing_relations_v2,write_tools_freeform_inlinedbt,metadata_only,True,0,True,1.0,1.0,0.581018146780151,1.0,1.0,0.025419499999999998,44.332372,44140,3335,complete,False,5,1.0
2026-07-06-yq3v,gemini25flash,missing_relations_v2,write_tools_freeform_inlinedbt,live_query_tool,True,0,True,1.0,1.0,0.581018146780151,1.0,1.0,0.03900502999999999,66.77757,85156,7097,complete,False,5,1.0
2026-07-06-yq3v,gemini25flash,missing_relations_v2,plan_then_execute,metadata_only,False,0,True,1.0,1.0,0.5961136984101494,1.0,1.0,0.06539990000000001,60.168043,18683,15290,complete,False,5,1.0
2026-07-06-yq3v,gemini25flash,missing_relations_v2,plan_then_execute,live_query_tool,False,0,True,1.0,1.0,0.581018146780151,1.0,1.0,0.0557382,52.172252,20469,13352,complete,False,5,1.0
2026-07-06-yq3v,gemini25flash,missing_relations_v2,structured_per_table,metadata_only,True,0,False,0.8282485875706215,1.0,0.6414900185223297,0.9060568603213844,0.8282485875706215,0.16213790000000003,209.098187,51968,36222,partial,False,5,0.7719298245614035
2026-07-06-yq3v,gemini25flash,missing_relations_v2,plan_then_execute,live_query_tool,True,0,True,1.0,1.0,0.5941866067127027,1.0,1.0,0.0600264,58.379246,18788,14341,complete,False,5,1.0
2026-07-06-yq3v,gemini25flash,missing_relations_v2,write_then_critique,metadata_only,False,0,False,0.0,,,,0.0,0.19322609000000002,111.07189,69506,43765,partial,False,5,0.0
2026-07-06-yq3v,gemini25flash,missing_relations_v2,plan_then_execute,metadata_only,True,0,True,1.0,1.0,0.5888871045447246,1.0,1.0,0.14363510000000002,178.810288,36992,32366,complete,False,5,1.0
2026-07-06-yq3v,gemini25flash,messy_data_v2,plan_write_critique,live_query_tool,,0,False,0.0,,,,0.0,0.59558996,572.237921,564458,107257,partial,False,5,0.0
2026-07-06-yq3v,gemini25flash,missing_relations_v2,write_then_critique,live_query_tool,False,0,False,0.7502824858757062,1.0,0.5884615384615385,0.8573273079406069,0.7502824858757062,0.23191847000000002,134.055838,130442,48077,partial,False,5,0.8070175438596491
2026-07-06-yq3v,gemini25flash,missing_relations_v2,ensemble_vote,metadata_only,False,0,True,1.0,1.0,0.5961136984101494,1.0,1.0,0.26340559999999996,48.677966,53377,55272,complete,False,5,1.0
2026-07-06-yq3v,gemini25flash,missing_relations_v2,ensemble_vote,metadata_only,True,0,True,1.0,1.0,0.592901878914405,1.0,1.0,0.24465631000000004,52.130229,54140,52365,complete,False,5,1.0
2026-07-06-yq3v,gemini25flash,missing_relations_v2,plan_write_critique,metadata_only,,0,True,1.0,1.0,0.5872811947968524,1.0,1.0,0.17516140000000002,175.998717,51913,37700,complete,False,5,1.0
2026-07-06-yq3v,gemini25flash,missing_relations_v2,write_then_critique,live_query_tool,True,0,True,1.0,1.0,0.5566083186124939,1.0,1.0,0.29477237000000006,233.47671,219268,60354,partial,False,5,1.0
2026-07-06-yq3v,gemini25flash,missing_relations_v2,ensemble_vote,live_query_tool,False,0,True,1.0,1.0,0.6018949735024891,1.0,1.0,0.32102391,89.820825,177033,62838,complete,False,5,1.0
2026-07-06-yq3v,gemini25flash,wrong_field_names_v2,structured_per_table,metadata_only,False,0,False,0.1842346471127406,1.0,0.8888888888888888,0.3111455108359133,0.1842346471127406,0.0487201,22.629908,13092,11116,complete,False,5,0.22807017543859648
2026-07-06-yq3v,gemini25flash,missing_relations_v2,ensemble_vote,live_query_tool,True,0,True,1.0,1.0,0.6051067929982334,1.0,1.0,0.33639608000000004,102.36895,219169,66972,complete,False,5,1.0
2026-07-06-yq3v,gemini25flash,wrong_field_names_v2,structured_per_table,live_query_tool,False,0,True,1.0,1.0,0.7986725663716814,1.0,1.0,0.06762578,33.952231,58437,12787,complete,False,5,1.0
2026-07-06-yq3v,gemini25flash,wrong_field_names_v2,structured_per_table,metadata_only,True,0,True,1.0,1.0,0.7753774076002082,1.0,1.0,0.05818010000000001,36.57932,13092,14440,complete,False,5,1.0
2026-07-06-yq3v,gemini25flash,wrong_field_names_v2,structured_per_table,live_query_tool,True,0,True,1.0,1.0,0.7986725663716814,1.0,1.0,0.06333108,36.566446,36960,13077,complete,False,5,1.0
2026-07-06-yq3v,gemini25flash,wrong_field_names_v2,write_tools_freeform,metadata_only,False,0,True,1.0,1.0,0.6959916710046851,1.0,1.0,0.035879100000000004,39.461446,40497,6089,complete,False,5,1.0
2026-07-06-yq3v,gemini25flash,wrong_field_names_v2,write_tools_freeform,live_query_tool,False,0,True,1.0,1.0,0.7986725663716814,1.0,1.0,0.023944690000000005,33.170861,58627,4567,complete,False,5,1.0
2026-07-06-yq3v,gemini25flash,wrong_field_names_v2,write_tools_freeform,metadata_only,True,0,True,1.0,1.0,0.7988027069234773,1.0,1.0,0.049535920000000004,58.421405,53562,8857,complete,False,5,1.0
2026-07-06-yq3v,gemini25flash,wrong_field_names_v2,write_tools_freeform,live_query_tool,True,0,True,1.0,1.0,0.7988027069234773,1.0,1.0,0.03278306999999999,56.013751,154082,5594,complete,False,5,1.0
2026-07-06-yq3v,gemini25flash,wrong_field_names_v2,write_tools_freeform_inlinedbt,live_query_tool,True,0,True,,,,,,0.029394600000000003,50.435353,44452,5428,complete,True,0,
2026-07-06-yq3v,gemini25flash,missing_relations_v2,write_then_critique,metadata_only,True,0,False,0.0,,,,0.0,0.3620080500000001,392.175759,121257,79925,partial,False,5,0.0
2026-07-06-yq3v,gemini25flash,wrong_field_names_v2,plan_then_execute,metadata_only,False,0,False,0.0,,,,0.0,0.0559716,51.145438,18122,14024,complete,True,5,0.0
2026-07-06-yq3v,gemini25flash,wrong_field_names_v2,plan_then_execute,live_query_tool,False,0,True,1.0,1.0,0.782144716293597,1.0,1.0,0.0664029,51.305096,18668,15227,complete,False,5,1.0
2026-07-06-yq3v,gemini25flash,wrong_field_names_v2,plan_then_execute,metadata_only,True,0,True,1.0,1.0,0.7588495575221239,1.0,1.0,0.0873836,69.212705,20412,19849,complete,False,5,1.0
2026-07-06-yq3v,gemini25flash,wrong_field_names_v2,plan_then_execute,live_query_tool,True,0,True,1.0,1.0,0.7064029151483602,1.0,1.0,0.11610164999999997,111.112114,45695,24816,complete,False,5,1.0
2026-07-06-yq3v,gemini25flash,wrong_field_names_v2,write_then_critique,metadata_only,False,0,True,1.0,1.0,0.7988027069234773,1.0,1.0,0.1979373,117.475731,70816,44484,partial,False,5,1.0
2026-07-06-yq3v,gemini25flash,wrong_field_names_v2,write_then_critique,metadata_only,True,0,True,1.0,1.0,0.7988027069234773,1.0,1.0,0.14544056000000002,107.895839,53610,32131,complete,False,5,1.0
2026-07-06-yq3v,gemini25flash,wrong_field_names_v2,write_tools_freeform_inlinedbt,metadata_only,True,0,False,0.0,,,,0.0,0.15649946,228.902465,203180,28254,partial,False,5,0.0
2026-07-06-yq3v,gemini25flash,missing_relations_v2,plan_write_critique,live_query_tool,,0,False,0.6384180790960452,1.0,0.5572324123519852,0.7793103448275862,0.6384180790960452,0.21763707999999998,482.667137,222914,36864,partial,False,5,0.8245614035087719
2026-07-06-yq3v,gemini25flash,wrong_field_names_v2,write_then_critique,live_query_tool,False,0,True,1.0,1.0,0.7988027069234773,1.0,1.0,0.22888519999999998,159.696618,182264,44295,partial,False,5,1.0
2026-07-06-yq3v,gemini25flash,wrong_field_names_v2,ensemble_vote,metadata_only,False,0,False,0.7846012832263978,1.0,0.7653585030634211,0.879301489470981,0.7846012832263978,0.28176322,51.095946,57497,59672,complete,False,5,0.8070175438596491
2026-07-06-yq3v,gemini25flash,wrong_field_names_v2,ensemble_vote,metadata_only,True,0,True,1.0,1.0,0.7726444560124935,1.0,1.0,0.27772077000000006,66.161995,57481,60274,complete,False,5,1.0
2026-07-06-yq3v,gemini25flash,wrong_field_names_v2,plan_write_critique,metadata_only,,0,True,1.0,1.0,0.6969026548672567,1.0,1.0,0.13010020000000003,126.903545,46809,27901,complete,False,5,1.0
2026-07-06-yq3v,gemini25flash,wrong_field_names_v2,ensemble_vote,live_query_tool,False,0,True,1.0,1.0,0.7988027069234773,1.0,1.0,0.26596988000000005,57.814758,149086,52909,complete,False,5,1.0
2026-07-06-yq3v,gemini25flash,master_v2,structured_per_table,metadata_only,False,1,False,0.7610619469026548,0.9942196531791907,0.6718608294170995,0.8621553884711778,0.7610619469026548,0.05584410000000001,24.656704,13172,12682,complete,False,5,0.8070175438596491
2026-07-06-yq3v,gemini25flash,wrong_field_names_v2,write_then_critique,live_query_tool,True,0,True,1.0,1.0,0.7467464862051015,1.0,1.0,0.19492853,164.492003,124428,41113,partial,False,5,1.0
2026-07-06-yq3v,gemini25flash,wrong_field_names_v2,ensemble_vote,live_query_tool,True,0,True,1.0,1.0,0.7988027069234773,1.0,1.0,0.24972633000000005,78.06432,153831,51867,complete,False,5,1.0
2026-07-06-yq3v,gemini25flash,master_v2,structured_per_table,live_query_tool,False,1,False,0.40707964601769914,0.989247311827957,0.7774594078319007,0.5768025078369907,0.40707964601769914,0.06516730000000001,31.419038,30069,14838,complete,False,5,0.631578947368421
2026-07-06-yq3v,gemini25flash,master_v2,structured_per_table,metadata_only,True,1,True,1.0,0.9955947136563876,0.6725124143566534,0.9977924944812362,1.0,0.08861463,82.508719,24990,21087,complete,False,5,1.0
2026-07-06-yq3v,gemini25flash,master_v2,write_tools_freeform,metadata_only,False,1,True,,,,,,0.034746820000000005,73.267291,49004,7092,complete,True,0,1.0
2026-07-06-yq3v,gemini25flash,master_v2,write_tools_freeform,metadata_only,True,1,True,1.0,0.9955947136563876,0.6283235904205167,0.9977924944812362,1.0,0.03409141,48.902399,48180,6346,complete,False,5,1.0
2026-07-06-yq3v,gemini25flash,master_v2,write_tools_freeform,live_query_tool,False,1,False,0.0,,,,0.0,0.050942890000000005,63.578911,97847,8135,complete,True,5,0.0
2026-07-06-yq3v,gemini25flash,master_v2,plan_then_execute,metadata_only,False,1,False,0.7610619469026548,0.9942196531791907,0.6914007750020612,0.8621553884711778,0.7610619469026548,0.07138527,63.823153,20209,17051,complete,False,5,0.8070175438596491
2026-07-06-yq3v,gemini25flash,master_v2,write_tools_freeform_inlinedbt,metadata_only,True,1,True,1.0,0.9955947136563876,0.6310264630083601,0.9977924944812362,1.0,0.041649229999999995,104.013801,61439,8422,complete,False,5,1.0
2026-07-06-yq3v,gemini25flash,master_v2,write_tools_freeform_inlinedbt,live_query_tool,True,1,True,,,,,,0.08721016000000001,109.217096,241664,12344,complete,True,0,
2026-07-06-yq3v,gemini25flash,wrong_field_names_v2,plan_write_critique,live_query_tool,,0,False,0.8157653528872594,1.0,0.7710638297872341,0.8985360928823827,0.8157653528872594,0.37421153000000007,336.212286,450506,76409,partial,False,5,0.7719298245614035
2026-07-06-yq3v,gemini25flash,master_v2,plan_then_execute,live_query_tool,False,1,False,0.0,,,,0.0,0.09792905,75.019675,33948,21375,complete,True,5,0.0
2026-07-06-yq3v,gemini25flash,master_v2,write_tools_freeform,live_query_tool,True,1,False,0.0,,,,0.0,0.13500221,190.639233,207359,26012,partial,False,5,0.0
2026-07-06-yq3v,gemini25flash,master_v2,write_then_critique,metadata_only,False,1,False,0.6460176991150443,0.9931972789115646,0.6728778467908902,0.7828418230563002,0.6460176991150443,0.19659379999999999,115.229858,72621,44691,partial,False,5,0.8245614035087719
2026-07-06-yq3v,gemini25flash,master_v2,plan_then_execute,live_query_tool,True,1,False,0.6460176991150443,0.9931972789115646,0.7179764155189486,0.7828418230563002,0.6460176991150443,0.16220669000000004,183.419811,67626,35817,partial,False,5,0.8245614035087719
2026-07-06-yq3v,gemini25flash,master_v2,structured_per_table,live_query_tool,True,1,False,0.7610619469026548,0.9942196531791907,0.6905763047242147,0.8621553884711778,0.7610619469026548,0.2464163300000001,379.493191,192154,56910,partial,False,5,0.8070175438596491
2026-07-06-yq3v,gemini25flash,master_v2,write_then_critique,live_query_tool,False,1,False,0.7610619469026548,0.9942196531791907,0.7199274466155495,0.8621553884711778,0.7610619469026548,0.1902207,139.914797,102297,40634,partial,False,5,0.8070175438596491
2026-07-06-yq3v,gemini25flash,master_v2,ensemble_vote,metadata_only,False,1,False,0.7610619469026548,0.9942196531791907,0.6840629895292275,0.8621553884711778,0.7610619469026548,0.33203788,58.474101,57381,71363,complete,False,5,0.8070175438596491
2026-07-06-yq3v,gemini25flash,master_v2,plan_then_execute,metadata_only,True,1,True,1.0,0.9955947136563876,0.6180149600854862,0.9977924944812362,1.0,0.28990000000000005,303.519813,45175,64590,complete,False,5,1.0
2026-07-06-yq3v,gemini25flash,master_v2,write_then_critique,metadata_only,True,1,False,0.7610619469026548,0.9942196531791907,0.6608129276939566,0.8621553884711778,0.7610619469026548,0.21250424,214.204507,75720,47413,partial,False,5,0.8070175438596491
2026-07-06-yq3v,gemini25flash,master_v2,ensemble_vote,metadata_only,True,1,True,1.0,0.9955947136563876,0.6742724244138538,0.9977924944812362,1.0,0.2953038800000001,70.029677,58359,65460,complete,False,5,1.0
2026-07-06-yq3v,gemini25flash,master_v2,ensemble_vote,live_query_tool,False,1,False,0.40707964601769914,0.989247311827957,0.785782507845545,0.5768025078369907,0.40707964601769914,0.34128203,73.588533,140117,69446,complete,False,5,0.631578947368421
2026-07-06-yq3v,gemini25flash,messy_data_v2,structured_per_table,metadata_only,False,1,False,0.0,,,,0.0,0.04146458,32.122586,13177,9974,complete,True,5,0.0
2026-07-06-yq3v,gemini25flash,master_v2,ensemble_vote,live_query_tool,True,1,True,0.9960176991150442,0.9955771782397169,0.7203689663886783,0.9957973899579738,0.9960176991150442,0.36354770999999997,122.010463,171705,74354,complete,False,5,1.0
2026-07-06-yq3v,gemini25flash,master_v2,write_then_critique,live_query_tool,True,1,True,1.0,0.9955947136563876,0.7519642969388397,0.9977924944812362,1.0,0.3423663699999999,276.738243,168449,75649,partial,False,5,1.0
2026-07-06-yq3v,gemini25flash,messy_data_v2,structured_per_table,live_query_tool,False,1,False,0.0,,,,0.0,0.06253374,44.658418,37084,15811,complete,True,5,0.0
2026-07-06-yq3v,gemini25flash,master_v2,plan_write_critique,live_query_tool,,1,False,0.7610619469026548,0.9942196531791907,0.6869486355016902,0.8621553884711778,0.7610619469026548,0.2013683,229.553368,51712,43920,gave_up,False,5,0.8070175438596491
2026-07-06-yq3v,gemini25flash,messy_data_v2,write_tools_freeform,metadata_only,False,1,False,0.7733732236350037,0.9942307692307693,0.6594024122807017,0.8700042069835927,0.7733732236350037,0.053897320000000006,65.430581,65609,9966,complete,False,5,0.8070175438596491
2026-07-06-yq3v,gemini25flash,messy_data_v2,write_tools_freeform,live_query_tool,False,1,False,0.0,,,,0.0,0.06039479000000001,82.407853,136723,10752,complete,True,5,0.0
2026-07-06-yq3v,gemini25flash,messy_data_v2,structured_per_table,metadata_only,True,1,False,0.7733732236350037,0.9942307692307693,0.6377467105263158,0.8700042069835927,0.7733732236350037,0.14665287000000002,165.923826,47621,33171,partial,False,5,0.8070175438596491
2026-07-06-yq3v,gemini25flash,messy_data_v2,write_tools_freeform,metadata_only,True,1,True,1.0,0.9955323901712584,0.6766486142083467,0.9977611940298508,1.0,0.06809351000000001,116.347131,77382,14323,complete,False,5,1.0
2026-07-06-yq3v,gemini25flash,master_v2,plan_write_critique,metadata_only,,1,True,1.0,0.9955947136563876,0.6859639197938274,0.9977924944812362,1.0,0.29491125,360.707386,80977,64529,partial,False,5,1.0
2026-07-06-yq3v,gemini25flash,messy_data_v2,plan_then_execute,metadata_only,True,1,True,1.0,0.9955323901712584,0.6545609004990974,0.9977611940298508,1.0,0.07147005000000001,67.327293,18283,18257,complete,False,5,1.0
2026-07-06-yq3v,gemini25flash,messy_data_v2,write_tools_freeform,live_query_tool,True,1,True,1.0,0.9955323901712584,0.6749495593076351,0.9977611940298508,1.0,0.0598786,126.572583,99550,11531,complete,False,5,1.0
2026-07-06-yq3v,gemini25flash,messy_data_v2,write_tools_freeform_inlinedbt,metadata_only,True,1,True,1.0,0.9955323901712584,0.642667516194117,0.9977611940298508,1.0,0.07154322,154.398111,166872,13815,complete,False,5,1.0
2026-07-06-yq3v,gemini25flash,messy_data_v2,structured_per_table,live_query_tool,True,1,False,0.4143605086013463,0.9892857142857143,0.7780797101449275,0.584080126515551,0.4143605086013463,0.22265021000000004,272.49085,132004,46623,partial,False,5,0.631578947368421
2026-07-06-yq3v,gemini25flash,messy_data_v2,write_tools_freeform_inlinedbt,live_query_tool,True,1,True,1.0,0.9955323901712584,0.738982690878199,0.9977611940298508,1.0,0.13885863,187.565474,358290,22737,complete,False,5,1.0
2026-07-06-yq3v,gemini25flash,messy_data_v2,plan_then_execute,live_query_tool,False,1,False,0.6409872849663426,0.9930475086906141,0.6801284993116108,0.7790909090909091,0.6409872849663426,0.09830711,115.244684,29479,21817,complete,False,5,0.8245614035087719
2026-07-06-yq3v,gemini25flash,messy_data_v2,write_then_critique,metadata_only,False,1,False,0.7733732236350037,0.9942307692307693,0.6437774122807017,0.8700042069835927,0.7733732236350037,0.0994535,134.412736,37070,21706,complete,False,5,0.8070175438596491
2026-07-06-yq3v,gemini25flash,messy_data_v2,plan_then_execute,metadata_only,False,1,False,0.0,,,,0.0,0.08247537,368.476327,21741,19270,complete,True,5,0.0
2026-07-06-yq3v,gemini25flash,messy_data_v2,write_then_critique,live_query_tool,False,1,False,0.631264023934181,0.9929411764705882,0.7006172839506173,0.7718335619570188,0.631264023934181,0.11793228000000001,217.780234,73468,24913,complete,False,5,0.631578947368421
2026-07-06-yq3v,gemini25flash,messy_data_v2,write_then_critique,metadata_only,True,1,True,1.0,0.9955323901712584,0.6325793777211426,0.9977611940298508,1.0,0.15104736000000002,256.146728,58267,34298,partial,False,5,1.0
2026-07-06-yq3v,gemini25flash,messy_data_v2,ensemble_vote,metadata_only,False,1,False,0.0,,,,0.0,0.26268174,101.441545,57261,56979,complete,True,5,0.0
2026-07-06-yq3v,gemini25flash,messy_data_v2,plan_write_critique,metadata_only,,1,True,1.0,0.9955323901712584,0.663799511521716,0.9977611940298508,1.0,0.23347246000000002,278.694984,68444,49913,complete,False,5,1.0
2026-07-06-yq3v,gemini25flash,messy_data_v2,write_then_critique,live_query_tool,True,1,True,1.0,0.9955323901712584,0.7350536264203037,0.9977611940298508,1.0,0.20214650000000003,353.205604,132811,44293,partial,False,5,1.0
2026-07-06-yq3v,gemini25flash,messy_data_v2,ensemble_vote,live_query_tool,False,1,False,0.7733732236350037,0.9942307692307693,0.7375274122807017,0.8700042069835927,0.7733732236350037,0.27102065999999997,59.603036,154561,55388,complete,False,5,0.8070175438596491
2026-07-06-yq3v,gemini25flash,messy_data_v2,ensemble_vote,metadata_only,True,1,True,1.0,0.9955323901712584,0.6154826377827334,0.9977611940298508,1.0,0.28623289,149.957098,64518,63451,complete,False,5,1.0
2026-07-06-yq3v,gemini25flash,messy_data_v2,plan_then_execute,live_query_tool,True,1,False,0.7733732236350037,0.9942307692307693,0.661047149122807,0.8700042069835927,0.7733732236350037,0.28303764000000003,472.148209,70502,62606,partial,False,5,0.8070175438596491
2026-07-06-yq3v,gemini25flash,missing_relations_v2,structured_per_table,metadata_only,False,1,False,0.0,,,,0.0,0.05274310000000001,18.665094,12552,11786,complete,True,5,0.0
2026-07-06-yq3v,gemini25flash,missing_relations_v2,structured_per_table,live_query_tool,True,1,True,1.0,1.0,0.5903324233178096,1.0,1.0,0.0575388,37.225899,37004,12247,complete,False,5,1.0
2026-07-06-yq3v,gemini25flash,missing_relations_v2,structured_per_table,live_query_tool,False,1,False,0.6384180790960452,1.0,0.5667517993963316,0.7793103448275862,0.6384180790960452,0.06883573,45.464944,42969,13977,complete,False,5,0.8245614035087719
2026-07-06-yq3v,gemini25flash,missing_relations_v2,write_tools_freeform,metadata_only,False,1,True,1.0,1.0,0.5811787377549382,1.0,1.0,0.040698580000000005,47.194046,49557,8061,complete,False,5,1.0
2026-07-06-yq3v,gemini25flash,messy_data_v2,plan_write_critique,live_query_tool,,1,False,0.7733732236350037,0.9942307692307693,0.6721491228070176,0.8700042069835927,0.7733732236350037,0.20678909999999998,254.97821,95167,43197,gave_up,False,5,0.8070175438596491
2026-07-06-yq3v,gemini25flash,missing_relations_v2,write_tools_freeform,live_query_tool,False,1,True,1.0,1.0,0.5116428456720732,1.0,1.0,0.037434550000000004,41.705475,48679,6987,complete,False,5,1.0
2026-07-06-yq3v,gemini25flash,missing_relations_v2,write_tools_freeform,metadata_only,True,1,True,1.0,1.0,0.581018146780151,1.0,1.0,0.0386834,54.992909,49953,7628,complete,False,5,1.0
2026-07-06-yq3v,gemini25flash,missing_relations_v2,write_tools_freeform,live_query_tool,True,1,True,1.0,1.0,0.5811787377549382,1.0,1.0,0.040106449999999995,49.007416,94024,5901,complete,False,5,1.0
2026-07-06-yq3v,gemini25flash,missing_relations_v2,write_tools_freeform_inlinedbt,metadata_only,True,1,True,1.0,1.0,0.5116428456720732,1.0,1.0,0.031236940000000008,50.314339,51714,5383,complete,False,5,1.0
2026-07-06-yq3v,gemini25flash,missing_relations_v2,write_tools_freeform_inlinedbt,live_query_tool,True,1,True,1.0,1.0,0.5903324233178096,1.0,1.0,0.04041353,54.729907,53330,6823,complete,False,5,1.0
2026-07-06-yq3v,gemini25flash,missing_relations_v2,plan_then_execute,metadata_only,False,1,True,1.0,1.0,0.5811787377549382,1.0,1.0,0.05490640000000001,48.701481,19738,13278,complete,False,5,1.0
2026-07-06-yq3v,gemini25flash,messy_data_v2,ensemble_vote,live_query_tool,True,1,False,0.7733732236350037,0.9942307692307693,0.7386239035087719,0.8700042069835927,0.7733732236350037,0.36297893999999997,209.781404,192886,87086,partial,False,5,0.8070175438596491
2026-07-06-yq3v,gemini25flash,missing_relations_v2,plan_then_execute,live_query_tool,False,1,True,1.0,1.0,0.5779669182591939,1.0,1.0,0.08162886000000001,83.505221,26965,18453,complete,False,5,1.0
2026-07-06-yq3v,gemini25flash,missing_relations_v2,write_then_critique,metadata_only,False,1,False,0.511864406779661,1.0,0.5427785419532325,0.6771300448430493,0.511864406779661,0.18010490000000004,95.345734,60083,39363,partial,False,5,0.6491228070175439
2026-07-06-yq3v,gemini25flash,missing_relations_v2,plan_then_execute,metadata_only,True,1,True,1.0,1.0,0.5927412879396178,1.0,1.0,0.1537061,176.121619,40137,35261,complete,False,5,1.0
2026-07-06-yq3v,gemini25flash,missing_relations_v2,structured_per_table,metadata_only,True,1,False,0.8282485875706215,1.0,0.6184400082321465,0.9060568603213844,0.8282485875706215,0.24368502000000003,299.53475,75853,54054,partial,False,5,0.7719298245614035
2026-07-06-yq3v,gemini25flash,missing_relations_v2,plan_then_execute,live_query_tool,True,1,True,1.0,1.0,0.595792516460575,1.0,1.0,0.17338697,181.588487,61649,37940,complete,False,5,1.0
2026-07-06-yq3v,gemini25flash,missing_relations_v2,ensemble_vote,metadata_only,False,1,True,1.0,1.0,0.5941866067127027,1.0,1.0,0.2697791,54.722351,53797,56627,complete,False,5,1.0
2026-07-06-yq3v,gemini25flash,missing_relations_v2,plan_write_critique,metadata_only,,1,True,1.0,1.0,0.5961136984101494,1.0,1.0,0.1268235,106.471078,28220,27719,complete,False,5,1.0
2026-07-06-yq3v,gemini25flash,missing_relations_v2,ensemble_vote,metadata_only,True,1,True,1.0,1.0,0.5792516460574916,1.0,1.0,0.24213289000000002,59.741593,54338,53123,complete,False,5,1.0
2026-07-06-yq3v,gemini25flash,missing_relations_v2,ensemble_vote,live_query_tool,False,1,True,1.0,1.0,0.6051067929982334,1.0,1.0,0.3076366900000001,53.079459,177434,62107,complete,False,5,1.0
2026-07-06-yq3v,gemini25flash,missing_relations_v2,write_then_critique,metadata_only,True,1,True,1.0,1.0,0.6051067929982334,1.0,1.0,0.26766779,255.8078,93978,59073,partial,False,5,1.0
2026-07-06-yq3v,gemini25flash,wrong_field_names_v2,structured_per_table,metadata_only,False,1,False,0.8579285059578369,1.0,0.8169973349126444,0.9235323137641835,0.8579285059578369,0.050207600000000005,20.213042,13092,11171,complete,False,5,0.8245614035087719
2026-07-06-yq3v,gemini25flash,wrong_field_names_v2,structured_per_table,metadata_only,True,1,True,1.0,1.0,0.7752472670484123,1.0,1.0,0.05192725000000001,39.337838,13092,12314,complete,False,5,1.0
2026-07-06-yq3v,gemini25flash,missing_relations_v2,write_then_critique,live_query_tool,False,1,False,0.9096045197740112,1.0,0.6079535137098239,0.9526627218934911,0.9096045197740112,0.28224362000000003,319.621151,246512,58081,partial,False,5,0.7719298245614035
2026-07-06-yq3v,gemini25flash,wrong_field_names_v2,structured_per_table,live_query_tool,False,1,True,1.0,1.0,0.7988027069234773,1.0,1.0,0.0576067,73.522795,41116,12325,complete,False,5,1.0
2026-07-06-yq3v,gemini25flash,wrong_field_names_v2,structured_per_table,live_query_tool,True,1,True,1.0,1.0,0.7988027069234773,1.0,1.0,0.05340304000000001,57.731004,42925,11638,complete,False,5,1.0
2026-07-06-yq3v,gemini25flash,missing_relations_v2,ensemble_vote,live_query_tool,True,1,True,1.0,1.0,0.592901878914405,1.0,1.0,0.31616444,133.263828,187428,65805,complete,False,5,1.0
2026-07-06-yq3v,gemini25flash,wrong_field_names_v2,write_tools_freeform,metadata_only,False,1,False,0.0,,,,0.0,0.020516990000000002,57.153116,17942,5923,complete,True,5,0.0
2026-07-06-yq3v,gemini25flash,wrong_field_names_v2,write_tools_freeform,metadata_only,True,1,True,1.0,1.0,0.7988027069234773,1.0,1.0,0.03217392,68.842005,46926,6444,complete,False,5,1.0
2026-07-06-yq3v,gemini25flash,wrong_field_names_v2,write_tools_freeform,live_query_tool,False,1,True,1.0,1.0,0.7988027069234773,1.0,1.0,0.014713610000000002,59.085591,19062,3069,complete,False,5,1.0
2026-07-06-yq3v,gemini25flash,missing_relations_v2,write_then_critique,live_query_tool,True,1,True,1.0,1.0,0.5959531074353621,1.0,1.0,0.23764864,388.802551,144163,50242,partial,False,5,1.0
2026-07-06-yq3v,gemini25flash,wrong_field_names_v2,write_tools_freeform_inlinedbt,metadata_only,True,1,True,1.0,1.0,0.7988027069234773,1.0,1.0,0.01598207,68.074318,9671,3873,complete,False,5,1.0
2026-07-06-yq3v,gemini25flash,wrong_field_names_v2,write_tools_freeform,live_query_tool,True,1,True,1.0,1.0,0.7988027069234773,1.0,1.0,0.03192350000000001,129.33985,42471,6998,complete,False,5,1.0
2026-07-06-yq3v,gemini25flash,wrong_field_names_v2,plan_then_execute,metadata_only,False,1,False,0.7846012832263978,1.0,0.7743003808577579,0.879301489470981,0.7846012832263978,0.08352485000000001,101.617685,18282,19860,complete,False,5,0.8070175438596491
2026-07-06-yq3v,gemini25flash,wrong_field_names_v2,write_tools_freeform_inlinedbt,live_query_tool,True,1,True,0.0,,,,0.0,0.05184489000000001,130.758636,78398,9544,complete,True,5,0.0
2026-07-06-yq3v,gemini25flash,wrong_field_names_v2,plan_then_execute,metadata_only,True,1,True,1.0,1.0,0.7988027069234773,1.0,1.0,0.06732859,113.375037,19959,15992,complete,False,5,1.0
2026-07-06-yq3v,gemini25flash,wrong_field_names_v2,plan_then_execute,live_query_tool,False,1,False,0.0,,,,0.0,0.06475741,144.740955,19094,15394,complete,True,5,0.0
2026-07-06-yq3v,gemini25flash,wrong_field_names_v2,plan_then_execute,live_query_tool,True,1,True,1.0,1.0,0.726444560124935,1.0,1.0,0.09072595000000003,161.892119,31135,20384,complete,False,5,1.0
2026-07-06-yq3v,gemini25flash,missing_relations_v2,plan_write_critique,live_query_tool,,1,True,1.0,1.0,0.5959531074353621,1.0,1.0,0.39469163000000007,667.421821,770602,75900,partial,False,5,1.0
2026-07-06-yq3v,gemini25flash,wrong_field_names_v2,write_then_critique,metadata_only,False,1,False,0.6333638863428047,1.0,0.8588190764572293,0.7755331088664422,0.6333638863428047,0.17901653000000003,258.940564,67455,42455,partial,False,5,0.8245614035087719
2026-07-06-yq3v,gemini25flash,wrong_field_names_v2,write_then_critique,live_query_tool,False,1,False,0.8157653528872594,1.0,0.7710638297872341,0.8985360928823827,0.8157653528872594,0.20073195000000005,280.874767,126426,43195,partial,False,5,0.7719298245614035
2026-07-06-yq3v,gemini25flash,wrong_field_names_v2,ensemble_vote,metadata_only,False,1,False,0.6333638863428047,1.0,0.7827403482210447,0.7755331088664422,0.6333638863428047,0.30403005000000005,124.762887,56801,65793,complete,False,5,0.8245614035087719
2026-07-06-yq3v,gemini25flash,wrong_field_names_v2,ensemble_vote,metadata_only,True,1,True,1.0,1.0,0.7988027069234773,1.0,1.0,0.27574513,136.021811,57871,60981,complete,False,5,1.0
2026-07-06-yq3v,gemini25flash,wrong_field_names_v2,ensemble_vote,live_query_tool,False,1,False,0.0,,,,0.0,0.26547768000000005,121.732145,151096,55048,complete,True,5,0.0
2026-07-06-yq3v,gemini25flash,wrong_field_names_v2,write_then_critique,live_query_tool,True,1,True,1.0,1.0,0.7467464862051015,1.0,1.0,0.18980658000000006,433.471497,158791,42141,partial,False,5,1.0
2026-07-06-yq3v,gemini25flash,master_v2,structured_per_table,metadata_only,False,2,False,0.0,,,,0.0,0.0498616,35.073201,13172,11692,complete,True,5,0.0
2026-07-06-yq3v,gemini25flash,wrong_field_names_v2,write_then_critique,metadata_only,True,1,True,1.0,1.0,0.7492191566892243,1.0,1.0,0.23597374000000002,525.219201,79633,53370,partial,False,5,1.0
2026-07-06-yq3v,gemini25flash,wrong_field_names_v2,plan_write_critique,metadata_only,,1,True,1.0,1.0,0.6998958875585632,1.0,1.0,0.29397448000000004,424.352864,88652,65042,complete,False,5,1.0
2026-07-06-yq3v,gemini25flash,master_v2,write_tools_freeform,metadata_only,False,2,False,0.0,,,,0.0,0.047482390000000006,83.429766,48814,9162,complete,True,5,0.0
2026-07-06-yq3v,gemini25flash,wrong_field_names_v2,plan_write_critique,live_query_tool,,1,True,1.0,1.0,0.7894325871941698,1.0,1.0,0.21338710000000002,441.733812,744003,41447,complete,False,5,1.0
2026-07-06-yq3v,gemini25flash,master_v2,structured_per_table,metadata_only,True,2,True,1.0,0.9955947136563876,0.6449808284618769,0.9977924944812362,1.0,0.14938055000000003,263.553419,45721,35143,complete,False,5,1.0
2026-07-06-yq3v,gemini25flash,wrong_field_names_v2,ensemble_vote,live_query_tool,True,1,True,1.0,1.0,0.7988027069234773,1.0,1.0,0.31863103000000004,426.289147,188412,67200,complete,False,5,1.0
2026-07-06-yq3v,gemini25flash,master_v2,write_tools_freeform,live_query_tool,False,2,True,1.0,0.9955947136563876,0.7569928971022691,0.9977924944812362,1.0,0.05783117,206.469641,191838,10829,complete,False,5,1.0
2026-07-06-yq3v,gemini25flash,master_v2,write_tools_freeform,live_query_tool,True,2,True,1.0,0.9955947136563876,0.7080269030108743,0.9977924944812362,1.0,0.09358215000000002,129.901421,137287,17674,complete,False,5,1.0
2026-07-06-yq3v,gemini25flash,master_v2,write_tools_freeform_inlinedbt,live_query_tool,True,2,True,1.0,0.9955947136563876,0.6190206801181721,0.9977924944812362,1.0,0.03766237000000001,80.063994,55226,9481,complete,False,5,1.0
2026-07-06-yq3v,gemini25flash,master_v2,plan_then_execute,metadata_only,False,2,False,0.7610619469026548,0.9942196531791907,0.663781020694204,0.8621553884711778,0.7610619469026548,0.12386970000000001,99.343911,20799,28163,complete,False,5,0.8070175438596491
2026-07-06-yq3v,gemini25flash,master_v2,write_tools_freeform_inlinedbt,metadata_only,True,2,True,1.0,0.9955947136563876,0.7063926079577597,0.9977924944812362,1.0,0.09633453,144.003213,213034,18590,complete,False,5,1.0
2026-07-06-yq3v,gemini25flash,master_v2,write_tools_freeform,metadata_only,True,2,False,0.0,,,,0.0,0.08862747000000001,362.98278,95347,17956,partial,False,5,0.0
2026-07-06-yq3v,gemini25flash,master_v2,structured_per_table,live_query_tool,True,2,False,0.7610619469026548,0.9942196531791907,0.7333663121444471,0.8621553884711778,0.7610619469026548,0.18549708,510.608123,155686,40123,partial,False,5,0.8070175438596491
2026-07-06-yq3v,gemini25flash,master_v2,structured_per_table,live_query_tool,False,2,False,0.7610619469026548,0.9942196531791907,0.7153104130596092,0.8621553884711778,0.7610619469026548,0.22518344,532.913317,97895,69790,complete,False,5,0.8070175438596491
2026-07-06-yq3v,gemini25flash,master_v2,plan_then_execute,live_query_tool,False,2,False,0.6207964601769912,0.9929228591648974,0.6847560379387895,0.7639531717941738,0.6207964601769912,0.0836461,61.336604,21662,19342,complete,False,5,0.631578947368421
2026-07-06-yq3v,gemini25flash,master_v2,write_then_critique,metadata_only,False,2,False,0.0,,,,0.0,0.10690460000000002,57.420455,38057,23695,complete,True,5,0.0
2026-07-06-yq3v,gemini25flash,master_v2,plan_then_execute,metadata_only,True,2,False,0.7610619469026548,0.9942196531791907,0.6730975348338692,0.8621553884711778,0.7610619469026548,0.14571060000000002,179.134093,35777,32915,partial,False,5,0.8070175438596491
2026-07-06-yq3v,gemini25flash,master_v2,plan_then_execute,live_query_tool,True,2,True,1.0,0.9955947136563876,0.6772895845119115,0.9977924944812362,1.0,0.16671858,193.929997,45937,36537,complete,False,5,1.0
2026-07-06-yq3v,gemini25flash,master_v2,write_then_critique,live_query_tool,False,2,False,0.7610619469026548,0.9942196531791907,0.722400857449089,0.8621553884711778,0.7610619469026548,0.24461515000000003,155.978971,168650,52096,partial,False,5,0.8070175438596491
2026-07-06-yq3v,gemini25flash,master_v2,write_then_critique,metadata_only,True,2,False,0.7610619469026548,0.9942196531791907,0.6697996537224833,0.8621553884711778,0.7610619469026548,0.21078795000000006,186.93203,76286,48259,partial,False,5,0.8070175438596491
2026-07-06-yq3v,gemini25flash,master_v2,ensemble_vote,metadata_only,False,2,True,1.0,0.9955947136563876,0.6417750958576907,0.9977924944812362,1.0,0.39425130999999997,77.41881,59385,83439,complete,False,5,1.0
2026-07-06-yq3v,gemini25flash,master_v2,write_then_critique,live_query_tool,True,2,False,0.6207964601769912,0.9929228591648974,0.7224014862618559,0.7639531717941738,0.6207964601769912,0.3358092199999999,227.03476,188533,70473,partial,False,5,0.631578947368421
2026-07-06-yq3v,gemini25flash,messy_data_v2,structured_per_table,metadata_only,False,2,False,0.631264023934181,0.9929411764705882,0.7006172839506173,0.7718335619570188,0.631264023934181,0.0464581,22.929695,13177,10759,complete,False,5,0.631578947368421
2026-07-06-yq3v,gemini25flash,master_v2,plan_write_critique,live_query_tool,,2,False,0.7610619469026548,0.9942196531791907,0.6883502349740291,0.8621553884711778,0.7610619469026548,0.22761930999999996,192.725104,104559,49138,gave_up,False,5,0.8070175438596491
2026-07-06-yq3v,gemini25flash,master_v2,ensemble_vote,live_query_tool,False,2,False,0.0,,,,0.0,0.3859641700000001,102.566295,198294,78745,complete,True,5,0.0
2026-07-06-yq3v,gemini25flash,messy_data_v2,structured_per_table,live_query_tool,False,2,False,0.7733732236350037,0.9942307692307693,0.7201206140350878,0.8700042069835927,0.7733732236350037,0.09870540000000001,64.252796,65186,19922,complete,False,5,0.8070175438596491
2026-07-06-yq3v,gemini25flash,messy_data_v2,structured_per_table,metadata_only,True,2,False,0.7733732236350037,0.9942307692307693,0.6577576754385965,0.8700042069835927,0.7733732236350037,0.09511811,116.823885,28473,21842,partial,False,5,0.8070175438596491
2026-07-06-yq3v,gemini25flash,messy_data_v2,write_tools_freeform,metadata_only,False,2,True,1.0,0.9955323901712584,0.673569077200807,0.9977611940298508,1.0,0.05021885000000001,55.417513,49395,9302,complete,False,5,1.0
2026-07-06-yq3v,gemini25flash,messy_data_v2,structured_per_table,live_query_tool,True,2,False,0.7733732236350037,0.9942307692307693,0.7309484649122807,0.8700042069835927,0.7733732236350037,0.15060741000000002,144.528762,89817,31124,partial,False,5,0.8070175438596491
2026-07-06-yq3v,gemini25flash,master_v2,ensemble_vote,metadata_only,True,2,True,1.0,0.9955947136563876,0.6754667169526684,0.9977924944812362,1.0,0.55019178,276.920623,74426,117654,complete,False,5,1.0
2026-07-06-yq3v,gemini25flash,messy_data_v2,write_tools_freeform,live_query_tool,False,2,False,0.0,,,,0.0,0.04172715000000002,47.916825,97482,8223,complete,True,5,0.0
2026-07-06-yq3v,gemini25flash,messy_data_v2,write_tools_freeform,metadata_only,True,2,True,1.0,0.9955323901712584,0.6695338218116172,0.9977611940298508,1.0,0.05432197,76.291622,75325,10856,complete,False,5,1.0
2026-07-06-yq3v,gemini25flash,master_v2,plan_write_critique,metadata_only,,2,True,1.0,0.9955947136563876,0.6591237664215224,0.9977924944812362,1.0,0.5760933000000001,455.025815,119061,124138,partial,False,5,1.0
2026-07-06-yq3v,gemini25flash,messy_data_v2,write_tools_freeform,live_query_tool,True,2,True,1.0,0.9955323901712584,0.7616013592439206,0.9977611940298508,1.0,0.05371673000000001,75.326112,139834,10496,complete,False,5,1.0
2026-07-06-yq3v,gemini25flash,master_v2,ensemble_vote,live_query_tool,True,2,False,0.7610619469026548,0.9942196531791907,0.7250391623381978,0.8621553884711778,0.7610619469026548,0.5148440799999999,319.657386,229773,107010,partial,False,5,0.8070175438596491
2026-07-06-yq3v,gemini25flash,messy_data_v2,write_tools_freeform_inlinedbt,live_query_tool,True,2,True,1.0,0.9955323901712584,0.7336731443134756,0.9977611940298508,1.0,0.07772818000000001,111.551625,255700,14550,complete,False,5,1.0
2026-07-06-yq3v,gemini25flash,messy_data_v2,write_tools_freeform_inlinedbt,metadata_only,True,2,True,1.0,0.9955323901712584,0.6499946904534353,0.9977611940298508,1.0,0.08785384000000002,123.574413,216311,16742,complete,False,5,1.0
2026-07-06-yq3v,gemini25flash,messy_data_v2,plan_then_execute,metadata_only,False,2,False,0.0,,,,0.0,0.17399560000000003,115.781625,18802,37726,complete,True,5,0.0
2026-07-06-yq3v,gemini25flash,messy_data_v2,plan_then_execute,live_query_tool,False,2,False,0.0,,,,0.0,0.08178794,65.222005,32386,19137,complete,True,5,0.0
2026-07-06-yq3v,gemini25flash,messy_data_v2,write_then_critique,live_query_tool,True,2,True,1.0,0.9955323901712584,0.7037273016884358,0.9977611940298508,1.0,0.11420707000000001,92.8148,77700,25043,complete,False,5,1.0
2026-07-06-yq3v,gemini25flash,messy_data_v2,write_then_critique,metadata_only,True,2,True,0.7733732236350037,0.9942307692307693,0.6615953947368421,0.8700042069835927,0.7733732236350037,0.14969441000000003,170.554468,57835,33097,partial,False,5,0.8070175438596491
2026-07-06-yq3v,gemini25flash,messy_data_v2,write_then_critique,metadata_only,False,2,False,0.7733732236350037,0.9942307692307693,0.6694078947368421,0.8700042069835927,0.7733732236350037,0.16728496999999998,180.621694,63637,38120,partial,False,5,0.8070175438596491
2026-07-06-yq3v,gemini25flash,messy_data_v2,plan_then_execute,metadata_only,True,2,True,1.0,0.9955323901712584,0.6806838695975364,0.9977611940298508,1.0,0.22160870000000005,284.484095,44654,51395,complete,False,5,1.0
2026-07-06-yq3v,gemini25flash,messy_data_v2,write_then_critique,live_query_tool,False,2,False,0.631264023934181,0.9929411764705882,0.7581221572449642,0.7718335619570188,0.631264023934181,0.18465098000000005,186.531672,116197,40090,partial,False,5,0.631578947368421
2026-07-06-yq3v,gemini25flash,messy_data_v2,plan_then_execute,live_query_tool,True,2,True,1.0,0.9955323901712584,0.6760114686205798,0.9977611940298508,1.0,0.18571904,220.597637,61910,40204,complete,False,5,1.0
2026-07-06-yq3v,gemini25flash,messy_data_v2,ensemble_vote,metadata_only,False,2,True,1.0,0.9955323901712584,0.6794095784220028,0.9977611940298508,1.0,0.29521546,140.410666,57732,64761,complete,False,5,1.0
2026-07-06-yq3v,gemini25flash,messy_data_v2,ensemble_vote,live_query_tool,False,2,False,0.7733732236350037,0.9942307692307693,0.7287554824561403,0.8700042069835927,0.7733732236350037,0.24488405000000008,132.273336,140509,52191,complete,False,5,0.8070175438596491
2026-07-06-yq3v,gemini25flash,messy_data_v2,plan_write_critique,metadata_only,,2,True,1.0,0.9955323901712584,0.6467027715833068,0.9977611940298508,1.0,0.1449694,257.609627,42123,32227,complete,False,5,1.0
2026-07-06-yq3v,gemini25flash,missing_relations_v2,structured_per_table,metadata_only,False,2,False,0.0,,,,0.0,0.044525600000000005,36.381103,12552,10033,complete,True,5,0.0
2026-07-06-yq3v,gemini25flash,messy_data_v2,ensemble_vote,metadata_only,True,2,True,1.0,0.9955323901712584,0.6521185090793247,0.9977611940298508,1.0,0.25420522999999995,191.902689,64516,56878,complete,False,5,1.0
2026-07-06-yq3v,gemini25flash,missing_relations_v2,structured_per_table,live_query_tool,False,2,True,1.0,1.0,0.5888871045447246,1.0,1.0,0.055862780000000015,69.612357,44710,11816,complete,False,5,1.0
2026-07-06-yq3v,gemini25flash,missing_relations_v2,write_tools_freeform,metadata_only,False,2,True,1.0,1.0,0.5118034366468605,1.0,1.0,0.01329006,61.527663,8054,3334,complete,False,5,1.0
2026-07-06-yq3v,gemini25flash,missing_relations_v2,write_tools_freeform,live_query_tool,False,2,True,1.0,1.0,0.5808575558053637,1.0,1.0,0.04058715,88.774426,49933,7943,complete,False,5,1.0
2026-07-06-yq3v,gemini25flash,messy_data_v2,ensemble_vote,live_query_tool,True,2,False,0.7733732236350037,0.9942307692307693,0.7439692982456141,0.8700042069835927,0.7733732236350037,0.3901841,383.315665,187467,82749,partial,False,5,0.8070175438596491
2026-07-06-yq3v,gemini25flash,missing_relations_v2,write_tools_freeform,live_query_tool,True,2,True,1.0,1.0,0.5811787377549382,1.0,1.0,0.03311457,79.00278,62203,6021,complete,False,5,1.0
2026-07-06-yq3v,gemini25flash,missing_relations_v2,write_tools_freeform,metadata_only,True,2,False,0.0,,,,0.0,0.08348512999999999,213.936716,51874,16822,partial,False,5,0.0
2026-07-06-yq3v,gemini25flash,missing_relations_v2,structured_per_table,metadata_only,True,2,True,1.0,1.0,0.6020555644772764,1.0,1.0,0.16638034000000002,330.580463,51395,37487,complete,False,5,1.0
2026-07-06-yq3v,gemini25flash,missing_relations_v2,write_tools_freeform_inlinedbt,metadata_only,True,2,True,1.0,1.0,0.581018146780151,1.0,1.0,0.04046693000000001,100.812725,58846,7592,complete,False,5,1.0
2026-07-06-yq3v,gemini25flash,missing_relations_v2,write_tools_freeform_inlinedbt,live_query_tool,True,2,True,1.0,1.0,0.5920989240404689,1.0,1.0,0.03636539,99.302768,125794,6216,complete,False,5,1.0
2026-07-06-yq3v,gemini25flash,missing_relations_v2,plan_then_execute,metadata_only,False,2,False,0.9096045197740112,1.0,0.594697657526784,0.9526627218934911,0.9096045197740112,0.07127691000000001,88.06677,18727,16290,complete,False,5,0.7719298245614035
2026-07-06-yq3v,gemini25flash,missing_relations_v2,plan_then_execute,live_query_tool,False,2,True,1.0,1.0,0.5920989240404689,1.0,1.0,0.05562946,63.207788,23269,13064,complete,False,5,1.0
2026-07-06-yq3v,gemini25flash,missing_relations_v2,plan_then_execute,live_query_tool,True,2,True,1.0,1.0,0.5961136984101494,1.0,1.0,0.053727300000000006,58.026693,19141,12673,complete,False,5,1.0
2026-07-06-yq3v,gemini25flash,missing_relations_v2,structured_per_table,live_query_tool,True,2,False,0.0,,,,0.0,0.27866222999999996,475.132388,138584,60529,partial,False,5,0.0
2026-07-06-yq3v,gemini25flash,missing_relations_v2,write_then_critique,metadata_only,False,2,False,0.7378531073446327,1.0,0.6223725537569461,0.8491547464239272,0.7378531073446327,0.18158570000000004,107.030638,66619,40677,partial,False,5,0.543859649122807
2026-07-06-yq3v,gemini25flash,missing_relations_v2,plan_then_execute,metadata_only,True,2,True,1.0,1.0,0.5811787377549382,1.0,1.0,0.14445490000000002,189.780479,36383,32460,complete,False,5,1.0
2026-07-06-yq3v,gemini25flash,missing_relations_v2,write_then_critique,live_query_tool,False,2,True,1.0,1.0,0.592901878914405,1.0,1.0,0.17687841999999998,94.991942,134171,35372,complete,False,5,1.0
2026-07-06-yq3v,gemini25flash,missing_relations_v2,write_then_critique,metadata_only,True,2,True,1.0,1.0,0.5967560623092982,1.0,1.0,0.20438319,124.936622,68704,46487,partial,False,5,1.0
2026-07-06-yq3v,gemini25flash,missing_relations_v2,ensemble_vote,metadata_only,True,2,True,1.0,1.0,0.5720250521920668,1.0,1.0,0.2150843500000001,46.555238,53103,47763,complete,False,5,1.0
2026-07-06-yq3v,gemini25flash,messy_data_v2,plan_write_critique,live_query_tool,,2,False,0.5908750934928946,0.992462311557789,0.6835294117647058,0.7407407407407408,0.5908750934928946,0.32075016000000006,745.260407,128465,67037,gave_up,False,5,0.5789473684210527
2026-07-06-yq3v,gemini25flash,missing_relations_v2,ensemble_vote,metadata_only,False,2,True,1.0,1.0,0.6020555644772764,1.0,1.0,0.24226878999999998,61.216704,56155,51506,complete,False,5,1.0
2026-07-06-yq3v,gemini25flash,wrong_field_names_v2,structured_per_table,metadata_only,False,2,False,0.307057745187901,1.0,0.8369351669941061,0.46984572230014027,0.307057745187901,0.054591650000000005,25.876747,13092,13073,complete,False,5,0.42105263157894735
2026-07-06-yq3v,gemini25flash,missing_relations_v2,plan_write_critique,metadata_only,,2,True,1.0,1.0,0.5888871045447246,1.0,1.0,0.134837,140.794765,38815,28478,complete,False,5,1.0
2026-07-06-yq3v,gemini25flash,missing_relations_v2,ensemble_vote,live_query_tool,False,2,False,0.7502824858757062,1.0,0.5997863247863248,0.8573273079406069,0.7502824858757062,0.2847375500000001,63.182477,202943,56752,complete,False,5,0.8070175438596491
2026-07-06-yq3v,gemini25flash,wrong_field_names_v2,structured_per_table,live_query_tool,False,2,True,1.0,1.0,0.7988027069234773,1.0,1.0,0.049387310000000004,26.089431,40640,9933,complete,False,5,1.0
2026-07-06-yq3v,gemini25flash,wrong_field_names_v2,structured_per_table,metadata_only,True,2,True,1.0,1.0,0.7420614263404477,1.0,1.0,0.07333991000000001,55.794083,20061,17418,complete,False,5,1.0
2026-07-06-yq3v,gemini25flash,wrong_field_names_v2,structured_per_table,live_query_tool,True,2,True,1.0,1.0,0.7988027069234773,1.0,1.0,0.06516412,37.075805,47829,12844,complete,False,5,1.0
2026-07-06-yq3v,gemini25flash,missing_relations_v2,write_then_critique,live_query_tool,True,2,True,1.0,1.0,0.6052673839730207,1.0,1.0,0.27349829,190.537426,176789,56615,partial,False,5,1.0
2026-07-06-yq3v,gemini25flash,wrong_field_names_v2,write_tools_freeform,metadata_only,False,2,True,1.0,1.0,0.7988027069234773,1.0,1.0,0.02551705,30.837301,42679,5171,complete,False,5,1.0
2026-07-06-yq3v,gemini25flash,wrong_field_names_v2,write_tools_freeform,live_query_tool,False,2,True,1.0,1.0,0.7986725663716814,1.0,1.0,0.03607602,39.431517,52336,7023,complete,False,5,1.0
2026-07-06-yq3v,gemini25flash,wrong_field_names_v2,write_tools_freeform,metadata_only,True,2,True,1.0,1.0,0.7988027069234773,1.0,1.0,0.04959645,56.178386,57729,10040,complete,False,5,1.0
2026-07-06-yq3v,gemini25flash,wrong_field_names_v2,write_tools_freeform,live_query_tool,True,2,True,1.0,1.0,0.7988027069234773,1.0,1.0,0.04678381,63.954472,75309,8102,complete,False,5,1.0
2026-07-06-yq3v,gemini25flash,wrong_field_names_v2,plan_then_execute,metadata_only,False,2,True,1.0,1.0,0.6829776158250911,1.0,1.0,0.05934893,86.396637,19183,15178,complete,False,5,1.0
2026-07-06-yq3v,gemini25flash,wrong_field_names_v2,write_tools_freeform_inlinedbt,live_query_tool,True,2,True,1.0,1.0,0.7988027069234773,1.0,1.0,0.04002138,105.816983,124336,7241,complete,False,5,1.0
2026-07-06-yq3v,gemini25flash,missing_relations_v2,ensemble_vote,live_query_tool,True,2,True,1.0,1.0,0.6051067929982334,1.0,1.0,0.38499217999999996,292.132019,170518,100143,complete,False,5,1.0
2026-07-06-yq3v,gemini25flash,missing_relations_v2,plan_write_critique,live_query_tool,,2,True,1.0,1.0,0.5959531074353621,1.0,1.0,0.31605155000000007,368.079817,735679,54777,complete,False,5,1.0
2026-07-06-yq3v,gemini25flash,wrong_field_names_v2,plan_then_execute,live_query_tool,False,2,False,0.6003666361136571,1.0,0.708274231678487,0.7502863688430699,0.6003666361136571,0.07071020000000001,101.518912,19691,16394,complete,False,5,0.5789473684210527
2026-07-06-yq3v,gemini25flash,wrong_field_names_v2,plan_then_execute,live_query_tool,True,2,True,1.0,1.0,0.7960697553357626,1.0,1.0,0.0614162,114.205608,28287,14717,complete,False,5,1.0
2026-07-06-yq3v,gemini25flash,wrong_field_names_v2,plan_then_execute,metadata_only,True,2,True,1.0,1.0,0.7958094742321707,1.0,1.0,0.16220894000000002,229.300117,55623,36647,complete,False,5,1.0
2026-07-06-yq3v,gemini25flash,wrong_field_names_v2,write_then_critique,metadata_only,False,2,False,0.0,,,,0.0,0.11672289999999999,124.796692,39193,25618,complete,True,5,0.0
2026-07-06-yq3v,gemini25flash,wrong_field_names_v2,write_tools_freeform_inlinedbt,metadata_only,True,2,False,0.0,,,,0.0,0.11145138000000003,310.173369,124201,22523,partial,False,5,0.0
2026-07-06-yq3v,gemini25flash,wrong_field_names_v2,write_then_critique,live_query_tool,False,2,True,1.0,1.0,0.7988027069234773,1.0,1.0,0.18088257000000008,164.325966,100440,38986,partial,False,5,1.0
2026-07-06-yq3v,gemini25flash,wrong_field_names_v2,ensemble_vote,metadata_only,False,2,False,0.8157653528872594,1.0,0.7710638297872341,0.8985360928823827,0.8157653528872594,0.29009240000000003,101.729443,57147,62867,complete,False,5,0.7719298245614035
2026-07-06-yq3v,gemini25flash,wrong_field_names_v2,write_then_critique,live_query_tool,True,2,True,1.0,1.0,0.7988027069234773,1.0,1.0,0.19890614999999998,175.862734,109800,43310,partial,False,5,1.0
2026-07-06-yq3v,gemini25flash,wrong_field_names_v2,ensemble_vote,metadata_only,True,2,True,1.0,1.0,0.7903435710567412,1.0,1.0,0.30286330000000006,60.969142,55936,63016,complete,False,5,1.0
2026-07-06-yq3v,gemini25flash,wrong_field_names_v2,ensemble_vote,live_query_tool,False,2,True,1.0,1.0,0.7791514836022905,1.0,1.0,0.26027408999999996,52.374212,153324,52769,complete,False,5,1.0
2026-07-06-yq3v,gemini25flash,wrong_field_names_v2,ensemble_vote,live_query_tool,True,2,True,1.0,1.0,0.7786309213951067,1.0,1.0,0.24832936999999997,65.054149,149801,52317,complete,False,5,1.0
2026-07-06-yq3v,gemini25flash,wrong_field_names_v2,plan_write_critique,metadata_only,,2,True,1.0,1.0,0.7497397188964081,1.0,1.0,0.1882951,246.432275,70042,41425,complete,False,5,1.0
2026-07-06-yq3v,gemini25flash,wrong_field_names_v2,plan_write_critique,live_query_tool,,2,True,1.0,1.0,0.7986725663716814,1.0,1.0,0.21383991,231.254892,542009,41117,complete,False,5,1.0
2026-07-06-yq3v,gemini25flash,wrong_field_names_v2,write_then_critique,metadata_only,True,2,True,1.0,1.0,0.7467464862051015,1.0,1.0,0.29863686999999994,367.217884,102491,68898,partial,False,5,1.0
