CREATE SCHEMA IF NOT EXISTS fixture_master_v2_src;
SET search_path TO fixture_master_v2_src;


CREATE TABLE master_kunden (kundennummer text PRIMARY KEY, unternehmensname text, erp_nr text,
    kundenklasse text, vertriebsgebiet text, industrie text, homepage text, stadt text, land_region text);
CREATE TABLE master_kontakte (kontakt_id text PRIMARY KEY, rufname text, familienname text,
    kontakt_email text, tel text, berufsbezeichnung text, rolle text, korrespondenzsprache text, kd_nummer text);
CREATE TABLE master_opportunities (opp_kennung text PRIMARY KEY, titel text, vertriebsphase text,
    zieldatum text, auftragswert text, waehrungscode text, kunden_ref text);
CREATE TABLE master_projekte (projekt_kennung text PRIMARY KEY, projektname text, projektstatus text,
    go_live_datum text, kunden_kennung text, opp_kennung_ref text);
CREATE TABLE master_assets (asset_kennung text PRIMARY KEY, asset_name text, serien_nummer text,
    garantieende text, kunden_kennung text, projekt_kennung text);

INSERT INTO master_kunden (kundennummer, unternehmensname, erp_nr, kundenklasse, vertriebsgebiet, industrie, homepage, stadt, land_region) VALUES
  ('CUST-M1001', NULL, 'ERP-86926', 'Gold', 'Southern Europe', 'Manufacturing', 'http://www.renner.com/', 'Berlin', 'St. Pierre und Miquelon'),
  ('CUST-M1002', 'Schüler Bloch AG', 'ERP-17137', 'Gold', 'Nordics', 'IT', 'http://juettner.com/', 'Vohenstrauß', 'Malediven'),
  ('CUST-M1003', 'Förster Mude GmbH & Co. KG', 'ERP-22179', 'bronze', 'UK', 'Gesundheitswesen', 'http://textor.com/', 'Garmisch-Partenkirchen', 'Israel'),
  ('CUST-M1004', 'Martin', 'ERP-81358', 'SILBER', 'DACH', 'Industrie', 'https://www.scheibe.com/', 'Mittweida', 'Tuvalu'),
  ('CUST-M1005', 'Gorlitz Kraus GmbH', 'ERP-46053', 'Silver', 'DACH', 'Gesundheitswesen', 'https://www.saeuberlich.de/', 'Wurzen', 'Guernsey'),
  ('CUST-M1006', 'Koch KG', 'ERP-60313', 'gold', 'Benelux', 'Healthcare', 'http://weitzel.com/', 'Berchtesgaden', 'Kenia'),
  ('CUST-M1007', 'Weihmann GmbH', 'ERP-98700', 'gold', 'DACH', 'Finanzen', 'http://www.trubin.com/', 'Luckau', 'Niger'),
  ('CUST-M1008', 'Barkholz', 'ERP-96777', 'GOLD', 'Southern Europe', 'Healthcare', 'http://www.kobelt.com/', 'Meiningen', 'Portugal'),
  ('CUST-M1009', 'Ernst e.G.', 'ERP-54198', 'Silver', 'Southern Europe', 'Technology', 'https://speer.de/', 'Vilsbiburg', 'Chile'),
  ('CUST-M1010', 'Sontag Jockel GmbH', 'ERP-13036', 'SILBER', 'DACH', 'Healthcare', 'http://doerr.net/', 'Koblenz', 'Taiwan'),
  ('CUST-M1011', 'Hofmann Sölzer KG', 'ERP-67761', 'SILBER', 'Nordics', 'Healthcare', 'https://www.hentschel.de/', 'Haldensleben', 'Neukaledonien'),
  ('CUST-M1012', 'Hendriks AG', 'ERP-29523', 'Platin', 'Benelux', 'Gesundheitswesen', 'https://weiss.de/', 'Wanzleben', 'Sri Lanka'),
  ('CUST-M1013', NULL, 'ERP-16926', 'Silver', 'DACH', 'Industrie', 'http://www.soeding.net/', 'Kitzingen', 'Vereinigte Arabische Emirate'),
  ('CUST-M1014', 'Geisler Steuer AG', 'ERP-76938', 'bronze', 'DACH', 'Gesundheitswesen', 'http://schlosser.com/', 'Wittstock', 'Puerto Rico'),
  ('CUST-M1015', 'Lange KGaA', 'ERP-82873', 'Silver', 'Nordics', 'Healthcare', 'http://www.karge.com/', 'Greiz', 'Katar'),
  ('CUST-M1016', 'Franke', 'ERP-78820', 'bronze', 'DACH', 'Industrie', 'https://www.juettner.org/', 'Hohenstein-Ernstthal', 'Jersey'),
  ('CUST-M1017', 'Weinhold', 'ERP-11787', 'Bronze', 'Nordics', 'Manufacturing', 'http://muelichen.org/', 'Schwäbisch Gmünd', 'Venezuela'),
  ('CUST-M1018', 'Nerger Zirme KGaA', 'ERP-10184', 'Gold', 'Southern Europe', 'Gesundheitswesen', 'https://trommler.com/', 'Mallersdorf', 'China'),
  ('CUST-M1019', 'Ziegert OHG mbH', 'ERP-58131', 'GOLD', 'DACH', 'Finanzen', 'http://jungfer.com/', 'Schwarzenberg', 'Irland'),
  ('CUST-M1020', 'Pohl AG', 'ERP-75052', 'silver', 'UK', 'Finance', 'http://www.koch.de/', 'Donaueschingen', 'Finnland'),
  ('CUST-M1021', 'Jacob Lindner GmbH', 'ERP-48712', 'bronze', 'Benelux', 'IT', 'https://geisler.com/', 'Torgau', 'St. Kitts und Nevis'),
  ('CUST-M1022', 'Mude', 'ERP-87520', 'Gold', 'Southern Europe', 'Industrie', 'http://www.christoph.com/', 'Gera', 'Amerikanisch-Samoa'),
  ('CUST-M1023', 'Wiek GbR', 'ERP-33586', 'platinum', 'Southern Europe', 'Manufacturing', 'http://www.wilms.de/', 'Ahaus', 'Färöer'),
  ('CUST-M1024', 'Mülichen Herrmann AG & Co. OHG', 'ERP-18326', 'silver', 'DACH', 'Industrie', 'https://schaaf.com/', 'Siegen', 'Kaimaninseln'),
  ('CUST-M1025', 'Hendriks GmbH & Co. KG', 'ERP-77964', 'Gold', 'Nordics', 'Finance', 'http://www.striebitz.net/', 'Wunsiedel', 'Turkmenistan'),
  ('CUST-M1026', 'Hübel', 'ERP-70640', 'Bronze', 'Nordics', 'Gesundheitswesen', 'https://vogt.org/', 'Beeskow', 'Sonderverwaltungszone Hongkong'),
  ('CUST-M1027', 'Kallert GbR', 'ERP-32119', 'bronze', 'DACH', 'Manufacturing', 'https://www.vollbrecht.de/', 'Greifswald', 'Mexiko'),
  ('CUST-M1028', 'Tintzmann Krein GmbH & Co. OHG', 'ERP-21474', 'Platinum', 'Benelux', 'Technology', 'https://scholz.com/', 'Grimmen', 'Anguilla'),
  ('CUST-M1029', NULL, 'ERP-38811', 'Platinum', 'Nordics', 'Finance', 'https://www.jessel.com/', 'Kelheim', 'Laos'),
  ('CUST-M1030', NULL, 'ERP-53166', 'bronze', 'Benelux', 'Technology', 'http://junitz.de/', 'Senftenberg', 'Ruanda'),
  ('CUST-M1031', 'Söding Klingelhöfer GmbH', 'ERP-52561', 'Platinum', 'Benelux', 'Gesundheitswesen', 'http://peukert.com/', 'Wolfach', 'Rumänien'),
  ('CUST-M1032', 'Döring', 'ERP-20618', 'GOLD', 'Nordics', 'Finance', 'https://tschentscher.com/', 'Vilsbiburg', 'Schweiz'),
  ('CUST-M1033', 'Wagenknecht Schmiedt AG & Co. KGaA', 'ERP-47260', 'Gold', 'DACH', 'Healthcare', 'http://killer.de/', 'Eutin', 'Montserrat'),
  ('CUST-M1034', 'Stolez', 'ERP-80196', 'Bronze', 'Benelux', 'Gesundheitswesen', 'http://www.birnbaum.de/', 'Schmölln', 'Westsahara'),
  ('CUST-M1035', 'Kuhl Römer GbR', 'ERP-47437', 'Platin', 'DACH', 'Industrie', 'http://mueller.com/', 'Jüterbog', 'Osttimor'),
  ('CUST-M1036', 'Döring Rudolph GmbH & Co. KG', 'ERP-52086', 'Bronze', 'Nordics', 'Technologie', 'https://www.etzold.net/', 'Nauen', 'Niederlande'),
  ('CUST-M1037', 'Linke', 'ERP-34839', 'BRONZE', 'DACH', 'Technologie', 'http://www.preiss.de/', 'Gadebusch', 'Dominica'),
  ('CUST-M1038', 'Klingelhöfer', 'ERP-97489', 'bronze', 'Benelux', 'Gesundheitswesen', 'http://wirth.com/', 'Calau', 'Neuseeland'),
  ('CUST-M1039', 'Nohlmans', 'ERP-31546', 'SILBER', 'Nordics', 'Healthcare', 'https://gierschner.de/', 'Flöha', 'San Marino'),
  ('CUST-M1040', 'Käster', 'ERP-63262', 'BRONZE', 'Southern Europe', 'Healthcare', 'https://www.hoerle.net/', 'Zeulenroda', 'Trinidad und Tobago'),
  ('CUST-M1041', 'Tröst GmbH & Co. KGaA', 'ERP-56509', 'SILBER', 'Southern Europe', 'Gesundheitswesen', 'https://www.bauer.de/', 'Sulzbach-Rosenberg', 'Kongo'),
  ('CUST-M1042', 'Bauer Karge AG & Co. OHG', 'ERP-99733', 'Platinum', 'Nordics', 'Finance', 'http://www.wilms.de/', 'Ebersberg', 'Sudan'),
  ('CUST-M1043', 'Lindner Jacobi Jäckel AG', 'ERP-62242', 'platinum', 'Benelux', 'Manufacturing', 'https://gude.de/', 'Marienberg', 'Österreich'),
  ('CUST-M1044', 'Wende GmbH', 'ERP-89672', 'bronze', 'DACH', 'Industrie', 'https://www.wagenknecht.de/', 'Hamburg', 'Sonderverwaltungszone Hongkong'),
  ('CUST-M1045', 'Hermann', 'ERP-98580', 'Platin', 'UK', 'IT', 'https://www.oderwald.com/', 'Niesky', 'Uganda'),
  ('CUST-M1046', 'Hahn', 'ERP-32968', 'Platinum', 'Nordics', 'IT', 'https://peukert.com/', 'Cuxhaven', 'Äußeres Ozeanien'),
  ('CUST-M1047', 'Textor GbR', 'ERP-36213', 'bronze', 'Nordics', 'Finanzen', 'http://www.schacht.com/', 'Bad Freienwalde', 'Palästinensische Gebiete'),
  ('CUST-M1048', 'Söding GmbH & Co. KG', 'ERP-33220', 'GOLD', 'UK', 'Industrie', 'http://paertzelt.de/', 'Wolfenbüttel', 'San Marino'),
  ('CUST-M1049', 'Schlosser GmbH', 'ERP-22729', 'Silver', 'Benelux', 'Healthcare', 'http://seifert.com/', 'Arnstadt', 'Gabun'),
  ('CUST-M1050', 'Conradi AG', 'ERP-36528', 'silver', 'DACH', 'Finanzen', 'https://klemt.com/', 'Freudenstadt', 'Andorra'),
  ('CUST-M1051', 'Zänker GmbH & Co. KG', 'ERP-54591', 'Bronze', 'DACH', 'Technology', 'http://www.huebel.com/', 'Düren', 'Kuba'),
  ('CUST-M1052', 'Wieß', 'ERP-71461', 'silver', 'Benelux', 'Manufacturing', 'http://heser.net/', 'Stade', 'Kolumbien'),
  ('CUST-M1053', 'Gertz', 'ERP-61583', 'Bronze', 'UK', 'Manufacturing', 'https://kranz.de/', 'Wanzleben', 'Dominikanische Republik'),
  ('CUST-M1054', 'Sontag Herrmann KGaA', 'ERP-78105', 'BRONZE', 'Benelux', 'Gesundheitswesen', 'http://www.liebelt.com/', 'Calau', 'Kongo'),
  ('CUST-M1055', 'Eimer Pohl AG', 'ERP-27276', 'bronze', 'UK', 'Healthcare', 'https://roht.net/', 'Freising', 'Bermuda'),
  ('CUST-M1056', 'Wulff', 'ERP-61929', 'SILBER', 'Southern Europe', 'Industrie', 'https://kitzmann.com/', 'Erkelenz', 'Grönland'),
  ('CUST-M1057', 'Margraf AG', 'ERP-25079', 'BRONZE', 'Benelux', 'Technology', 'https://www.weinhold.de/', 'Badalzungen', 'Serbien und Montenegro'),
  ('CUST-M1058', 'Hamann', 'ERP-19812', 'Silver', 'DACH', 'Healthcare', 'http://mans.de/', 'Rosenheim', 'St. Martin'),
  ('CUST-M1059', 'Käster Thies AG', 'ERP-93369', 'platinum', 'UK', 'IT', 'https://junck.net/', 'Grevenbroich', 'Malawi'),
  ('CUST-M1060', 'Steckel', 'ERP-40245', 'silver', 'Nordics', 'IT', 'http://www.mueller.de/', 'Bayreuth', 'Norwegen'),
  ('CUST-M1061', 'Karnz', 'ERP-21953', 'Gold', 'Southern Europe', 'Technologie', 'http://www.paertzelt.de/', 'Darmstadt', 'Ukraine'),
  ('CUST-M1062', 'Putz', 'ERP-99271', 'Platin', 'Nordics', 'Finance', 'https://www.foerster.org/', 'Wittmund', 'Guyana'),
  ('CUST-M1063', 'Ullmann', 'ERP-10408', 'silver', 'DACH', 'Industrie', 'https://www.girschner.org/', 'Leipziger Land', 'Namibia'),
  ('CUST-M1064', 'Jessel KG', 'ERP-75958', 'silver', 'Nordics', 'Industrie', 'http://www.peukert.net/', 'Görlitz', 'Aserbaidschan'),
  ('CUST-M1065', 'Reichmann Jungfer GbR', 'ERP-59961', 'Platin', 'Benelux', 'Finance', 'https://www.davids.com/', 'Heiligenstadt', 'Falklandinseln'),
  ('CUST-M1066', 'Mosemann Reuter AG & Co. KG', 'ERP-22761', 'platinum', 'UK', 'Healthcare', 'http://gute.com/', 'Donaueschingen', 'Isle of Man'),
  ('CUST-M1067', 'Rosenow Trüb GbR', 'ERP-77845', 'Silver', 'Benelux', 'IT', 'http://doehn.de/', 'Seelow', 'Estland'),
  ('CUST-M1068', 'Pruschke Ernst GmbH', 'ERP-35685', 'platinum', 'DACH', 'Healthcare', 'http://www.kreusel.com/', 'Klötze', 'Litauen'),
  ('CUST-M1069', 'Johann Hettner GmbH & Co. KGaA', 'ERP-37173', 'Gold', 'Benelux', 'Manufacturing', 'http://www.cichorius.net/', 'Geithain', 'Gibraltar'),
  ('CUST-M1070', 'Wulff GA', 'ERP-76815', 'Platin', 'Benelux', 'IT', 'https://seidel.com/', 'Bremervörde', 'Vereinigte Arabische Emirate'),
  ('CUST-M1071', 'Birnbaum e.V.', 'ERP-29254', 'bronze', 'UK', 'Technologie', 'https://striebitz.com/', 'Altentreptow', 'Guernsey'),
  ('CUST-M1072', 'Wende', 'ERP-75523', 'gold', 'Nordics', 'Industrie', 'https://www.stiffel.org/', 'Tübingen', 'Republik Moldau'),
  ('CUST-M1073', 'Schönland GmbH', 'ERP-94367', 'platinum', 'Nordics', 'Finance', 'https://mude.de/', 'Grimmen', 'Laos'),
  ('CUST-M1074', 'Bohlande rGmbH', 'ERP-50705', 'Bronze', 'Southern Europe', 'Industrie', 'https://www.naser.de/', 'Neustadt am Rübenberge', 'Komoren'),
  ('CUST-M1075', 'Schleich', 'ERP-60602', 'gold', 'Nordics', 'Finanzen', 'https://loos.de/', 'Recklinghausen', 'Gibraltar'),
  ('CUST-M1076', 'Krein Binner AG', 'ERP-32210', 'SILBER', 'Benelux', 'Gesundheitswesen', 'https://hecker.de/', 'Wanzleben', 'Bhutan'),
  ('CUST-M1077', 'Kusch e.G.', 'ERP-33820', 'silver', 'DACH', 'Gesundheitswesen', 'http://www.wagenknecht.com/', 'Eggenfelden', 'Grönland'),
  ('CUST-M1078', 'Lindua GbR', 'ERP-77108', 'Silver', 'UK', 'Gesundheitswesen', 'http://gunpf.de/', 'Saulgau', 'Malediven'),
  ('CUST-M1079', 'Lindau', 'ERP-22797', 'gold', 'DACH', 'Healthcare', 'http://www.heinrich.com/', 'Tübingen', 'Costa Rica'),
  ('CUST-M1080', 'Knappe Stiftung & Co. KGaA', 'ERP-71344', 'BRONZE', 'Nordics', 'IT', 'http://www.doering.de/', 'Jena', 'St. Martin'),
  ('CUST-M1081', 'Hartung KG', 'ERP-11682', 'silver', 'Nordics', 'Industrie', 'https://sauer.org/', 'Sonneberg', 'St. Lucia'),
  ('CUST-M1082', 'Adolph', 'ERP-23675', 'Platin', 'UK', 'Finance', 'http://weihmann.de/', 'Vechta', 'Taiwan'),
  ('CUST-M1083', 'Schomber GmbH & Co. KGaA', 'ERP-81859', 'Silver', 'DACH', 'Industrie', 'http://gerlach.com/', 'Delitzsch', 'Äthiopien'),
  ('CUST-M1084', 'Koch AG', 'ERP-59310', 'gold', 'Benelux', 'Finanzen', 'https://mende.de/', 'Erbisdorf', 'Mauretanien'),
  ('CUST-M1085', 'Hahn Trubin KG', 'ERP-14197', 'Bronze', 'DACH', 'Manufacturing', 'http://www.schmiedecke.de/', 'Haldensleben', 'Wallis und Futuna'),
  ('CUST-M1086', 'Eimer AG', 'ERP-28005', 'Silver', 'Benelux', 'Industrie', 'http://www.fischer.com/', 'Brilon', 'Dschibuti'),
  ('CUST-M1087', 'Klapp Shcmidtke e.G.', 'ERP-16665', 'bronze', 'Benelux', 'IT', 'http://www.peukert.net/', 'Warendorf', 'Sonderverwaltungszone Macao'),
  ('CUST-M1088', NULL, 'ERP-91462', 'gold', 'DACH', 'Industrie', 'http://wende.net/', 'Bad Liebenwerda', 'Alandinseln'),
  ('CUST-M1089', 'Hellwig Stiftung & Co. KG', 'ERP-65027', 'gold', 'UK', 'Finanzen', 'http://www.killer.de/', 'Grevesmühlen', 'Liechtenstein'),
  ('CUST-M1090', 'Otto Otto GmbH', 'ERP-12986', 'Platinum', 'UK', 'Finanzen', 'https://www.hermann.de/', 'Witzenhausen', 'Tansania'),
  ('CUST-M1091', 'Fiebig Rörricht AG', 'ERP-76926', 'GOLD', 'UK', 'Industrie', 'http://www.wernecke.de/', 'Vechta', 'Papua-Neuguinea'),
  ('CUST-M1092', 'Stolze AG', 'ERP-43500', 'Platin', 'UK', 'Manufacturing', 'http://beckmann.net/', 'Hoyerswerda', 'Falklandinseln'),
  ('CUST-M1093', 'Hermighausen Geisel OHG mbH', 'ERP-66021', 'Gold', 'DACH', 'Healthcare', 'https://www.muelichen.de/', 'Suhl', 'Kroatien'),
  ('CUST-M1094', 'Eimer Stumpf GmbH', 'ERP-61154', 'Platinum', 'UK', 'Finance', 'https://kruschwitz.com/', 'Hersbruck', 'Saudi-Arabien'),
  ('CUST-M1095', 'Hornig Hiller AG & Co. KGaA', 'ERP-44754', 'bronze', 'Nordics', 'IT', 'http://tlustek.com/', 'Eggenfelden', 'Russische Föderation'),
  ('CUST-M1096', 'Eigenwillig KG', 'ERP-72699', 'platinum', 'UK', 'Manufacturing', 'https://www.langern.net/', 'Mallersdorf', 'Iran'),
  ('CUST-M1097', 'Börner Ehlert e.V.', 'ERP-34537', 'silver', 'Nordics', 'Technology', 'http://www.muelichen.com/', 'Olpe', 'Grenada'),
  ('CUST-M1098', 'Tintzmann KG', 'ERP-63554', 'bronze', 'Benelux', 'Finance', 'https://www.tschentscher.com/', 'Jülich', 'Samoa'),
  ('CUST-M1099', 'Metz', 'ERP-86689', 'Silver', 'Benelux', 'Industrie', 'http://www.wesack.de/', 'Wesel', 'Fidschi'),
  ('CUST-M1100', 'Römer', 'ERP-91103', 'GOLD', 'Southern Europe', 'Technologie', 'http://www.putz.de/', 'Schwandorf', 'Ungarn'),
  ('CUST-M1101', 'Hande GbR', 'ERP-93450', 'Platin', 'Southern Europe', 'Technology', 'https://www.jacobi.net/', 'Bamberg', 'Swasiland'),
  ('CUST-M1102', 'Berger AG', 'ERP-58236', 'Silver', 'UK', 'Gesundheitswesen', 'http://www.linke.com/', 'Hechingen', 'São Tomé und Príncipe'),
  ('CUST-M1103', 'Klotz Lehmann AG & Co. KG', 'ERP-75924', 'Platin', 'Nordics', 'Healthcare', 'http://girschner.de/', 'Staßfurt', 'Antigua und Barbuda'),
  ('CUST-M1104', 'Hande GmbH', 'ERP-30211', 'Gold', 'DACH', 'Manufacturing', 'https://gotthard.org/', 'Jena', 'Nepal'),
  ('CUST-M1105', 'Mohaupt GmbH', 'ERP-88043', 'SILBER', 'Nordics', 'Technologie', 'http://www.zobel.com/', 'Uffenheim', 'Indonesien'),
  ('CUST-M1106', 'Dörschner Rädel AG', 'ERP-90243', 'Gold', 'Nordics', 'Finanzen', 'https://wiek.com/', 'Koblenz', 'Honduras'),
  ('CUST-M1107', 'Fritsch Wagner GmbH & Co. KGaA', 'ERP-88701', 'bronze', 'DACH', 'Finanzen', 'http://www.haering.com/', 'Sonneberg', 'Lettland'),
  ('CUST-M1108', 'Steinberg KG', 'ERP-15721', 'Platinum', 'Nordics', 'Manufacturing', 'https://www.klemm.net/', 'Bremervörde', 'Französisch-Guayana'),
  ('CUST-M1109', 'Säuberlich GmbH & Co. OHG', 'ERP-62300', 'Gold', 'Benelux', 'Technologie', 'http://rogner.com/', 'Schweinfurt', 'Eritrea'),
  ('CUST-M1110', 'Austermühle Henck KG', 'ERP-42885', 'platinum', 'Benelux', 'Manufacturing', 'https://fliegner.de/', 'Tecklenburg', 'Irland'),
  ('CUST-M1111', 'Mosemann Heinrich AG & Co. KGaA', 'ERP-43233', 'BRONZE', 'DACH', 'Finanzen', 'http://www.kaester.de/', 'Sondershausen', 'Äußeres Ozeanien'),
  ('CUST-M1112', 'Gröttner KG', 'ERP-39567', 'Platin', 'Benelux', 'Finance', 'http://www.adler.de/', 'Bischofswerda', 'Serbien'),
  ('CUST-M1113', 'Hermann Rädel GbR', 'ERP-37768', 'gold', 'Benelux', 'Healthcare', 'https://www.heidrich.com/', 'Roth', 'Schweden'),
  ('CUST-M1114', 'Christoph Vollbrecht e.V.', 'ERP-75182', 'bronze', 'UK', 'Technologie', 'https://www.neureuther.com/', 'Konstanz', 'Irak'),
  ('CUST-M1115', 'Weimer', 'ERP-62150', 'Silver', 'UK', 'Healthcare', 'https://lange.de/', 'Guben', 'Lesotho'),
  ('CUST-M1116', 'Gierschner AG & Co. OHG', 'ERP-45542', 'Bronze', 'Nordics', 'Gesundheitswesen', 'https://www.roht.net/', 'Nördlingen', 'Togo'),
  ('CUST-M1117', 'Wohlgemut AG', 'ERP-39420', 'Platinum', 'Nordics', 'Healthcare', 'http://www.zahn.net/', 'Pegnitz', 'Demokratische Volksrepublik Korea'),
  ('CUST-M1118', NULL, 'ERP-63930', 'platinum', 'Nordics', 'Technologie', 'http://www.ritter.de/', 'Zschopau', 'Sonderverwaltungszone Macao'),
  ('CUST-M1119', 'Liebelt Drub KG', 'ERP-33523', 'platinum', 'DACH', 'Healthcare', 'https://mende.org/', 'Sigmaringen', 'Jordanien'),
  ('CUST-M1120', 'Ullmann Radisch KGaA', 'ERP-19463', 'platinum', 'DACH', 'Gesundheitswesen', 'http://www.hellwig.net/', 'Dessau', 'Mosambik'),
  ('CUST-M1121', 'Riehl', 'ERP-31651', 'silver', 'Benelux', 'Gesundheitswesen', 'http://www.ernst.com/', 'Jena', 'Paraguay'),
  ('CUST-M1122', 'Hövel', 'ERP-54437', 'SILBER', 'DACH', 'Finance', 'https://www.keudel.org/', 'Kusel', 'St. Martin'),
  ('CUST-M1123', 'Bachmann GbR', 'ERP-59860', 'silver', 'Southern Europe', 'Finance', 'http://luebs.com/', 'Ingolstadt', 'Kanada'),
  ('CUST-M1124', 'Schacht GbR', 'ERP-14689', 'silver', 'Benelux', 'Finance', 'https://fechner.de/', 'Artern', 'Palau'),
  ('CUST-M1125', 'Stumpf AG & Co. KGaA', 'ERP-17522', 'Silver', 'Nordics', 'Technology', 'https://maelzer.com/', 'Dessau', 'Myanmar'),
  ('CUST-M1126', 'Schulz Wulff GbR', 'ERP-54785', 'Platin', 'UK', 'Technology', 'https://zobel.net/', 'Aachen', 'Alandinseln'),
  ('CUST-M1127', 'Kitzmann', 'ERP-66115', 'GOLD', 'DACH', 'Manufacturing', 'http://junitz.de/', 'Brand', 'Suriname'),
  ('CUST-M1128', 'Klemt OHG mbH', 'ERP-43731', 'Silver', 'Nordics', 'Gesundheitswesen', 'http://niemeier.com/', 'Roth', 'Pitcairn'),
  ('CUST-M1129', 'Bolzmann Dörr AG', 'ERP-47029', 'SILBER', 'Southern Europe', 'Healthcare', 'https://www.barth.com/', 'Naila', 'Kanada'),
  ('CUST-M1130', 'Binner Preiß GmbH & Co. KGaA', 'ERP-24350', 'SILBER', 'DACH', 'Technologie', 'http://www.auch.de/', 'Soltau', 'Malta'),
  ('CUST-M1131', 'Heinrich GmbH', 'ERP-75194', 'Bronze', 'UK', 'Finance', 'http://www.bluemel.de/', 'Klötze', 'Amerikanisch-Samoa'),
  ('CUST-M1132', 'Neureuther Hermann GbR', 'ERP-67461', 'Silver', 'Southern Europe', 'Finanzen', 'http://www.nette.com/', 'Nauen', 'Kasachstan'),
  ('CUST-M1133', 'Schmiedt', 'ERP-58547', 'Silver', 'Nordics', 'Manufacturing', 'https://stumpf.net/', 'Bad Mergentheim', 'Äthiopien'),
  ('CUST-M1134', 'Bauer AG', 'ERP-27817', 'silver', 'Southern Europe', 'Healthcare', 'https://www.weimer.com/', 'Pritzwalk', 'Indien'),
  ('CUST-M1135', 'Jäkel GmbH', 'ERP-72010', 'BRONZE', 'Benelux', 'Technology', 'https://stiffel.org/', 'Schongau', 'Uganda'),
  ('CUST-M1136', 'Trommler AG', 'ERP-51604', 'silver', 'Nordics', 'Healthcare', 'https://paertzelt.de/', 'Rathenow', 'Estland'),
  ('CUST-M1137', 'Sontag OHG mbH', 'ERP-94192', 'Silver', 'Nordics', 'Finance', 'http://www.holzapfel.com/', 'Geldern', 'Vereinigtes Königreich'),
  ('CUST-M1138', NULL, 'ERP-67195', 'gold', 'DACH', 'Finanzen', 'https://jungfer.com/', 'Bautzen', 'Guinea'),
  ('CUST-M1139', 'Zirme', 'ERP-39832', 'Bronze', 'Nordics', 'Finance', 'https://www.schuchhardt.de/', 'Flöha', 'St. Vincent und die Grenadinen'),
  ('CUST-M1140', 'Scheuermann', 'ERP-59924', 'Platinum', 'Southern Europe', 'Gesundheitswesen', 'http://ebert.com/', 'Bad Brückenau', 'Usbekistan'),
  ('CUST-M1141', 'Wirth Mitschke e.V.', 'ERP-69323', 'gold', 'DACH', 'Finanzen', 'https://anders.com/', 'Grevesmühlen', 'Paraguay'),
  ('CUST-M1142', 'Scehibe', 'ERP-61652', 'Platinum', 'Benelux', 'IT', 'https://www.zirme.net/', 'Ravensburg', 'Vanuatu'),
  ('CUST-M1143', 'Hesse', 'ERP-75667', 'Silver', 'DACH', 'Finance', 'http://stahr.net/', 'Gardelegen', 'Osttimor'),
  ('CUST-M1144', 'Weihmann Eberhardt GmbH', 'ERP-42710', 'gold', 'Southern Europe', 'Finance', 'http://tintzmann.de/', 'Kelheim', 'Kanada'),
  ('CUST-M1145', 'Heinrich', 'ERP-72060', 'GOLD', 'UK', 'Industrie', 'https://franke.com/', 'Passau', 'Bahamas'),
  ('CUST-M1146', 'Flantz', 'ERP-58115', 'silver', 'DACH', 'Gesundheitswesen', 'https://www.haering.de/', 'Havelberg', 'Republik Korea'),
  ('CUST-M1147', 'Vogt e.V.', 'ERP-76444', 'platinum', 'Southern Europe', 'Healthcare', 'http://beckmann.de/', 'Freital', 'Suriname'),
  ('CUST-M1148', 'Zahn', 'ERP-90844', 'Bronze', 'DACH', 'Industrie', 'http://dietz.com/', 'Hohenmölsen', 'Usbekistan'),
  ('CUST-M1149', 'Weihmann Klemt AG', 'ERP-80568', 'SILBER', 'Southern Europe', 'Finance', 'https://dehmel.net/', 'Ingolstadt', 'Irland'),
  ('CUST-M1150', 'Biggen', 'ERP-47215', 'gold', 'Benelux', 'Industrie', 'http://jacobi.com/', 'Bergzabern', 'Niue'),
  ('CUST-M1151', 'Holzapfel', 'ERP-85652', 'silver', 'DACH', 'Finanzen', 'https://www.schuster.com/', 'Altötting', 'Ungarn'),
  ('CUST-M1152', 'Dörr', 'ERP-59664', 'Gold', 'UK', 'Technologie', 'http://drubin.de/', 'Säckingen', 'Deutschland'),
  ('CUST-M1153', 'Hentschel GmbH & Co. KG', 'ERP-87199', 'Silver', 'UK', 'Finanzen', 'http://bien.de/', 'Kehl', 'Jamaika'),
  ('CUST-M1154', 'Segebahn KG', 'ERP-90399', 'Gold', 'Nordics', 'Finanzen', 'http://thies.de/', 'Crailsheim', 'Westsahara'),
  ('CUST-M1155', 'Jockel GmbH & Co. OHG', 'ERP-19630', 'Bronze', 'Nordics', 'Finanzen', 'https://www.grein.de/', 'Gera', 'Finnland'),
  ('CUST-M1156', 'Pruschke Junken GbR', 'ERP-41615', 'BRONZE', 'Benelux', 'Healthcare', 'http://bolander.de/', 'Burglengenfeld', 'Finnland'),
  ('CUST-M1157', 'UllrichA G', 'ERP-58083', 'gold', 'DACH', 'Healthcare', 'https://www.schottin.com/', 'Erbisdorf', 'Botsuana'),
  ('CUST-M1158', 'Kade Eberhardt GmbH & Co. OHG', 'ERP-33090', 'Platin', 'Southern Europe', 'Finance', 'https://www.dietz.org/', 'Bergzabern', 'Amerikanisch-Samoa'),
  ('CUST-M1159', 'Christoph KG', 'ERP-93981', 'bronze', 'DACH', 'Manufacturing', 'https://bruder.org/', 'Forchheim', 'Republik Moldau'),
  ('CUST-M1160', NULL, 'ERP-13137', 'Gold', 'DACH', 'Industrie', 'http://www.jaentsch.de/', 'Rathenow', 'Taiwan'),
  ('CUST-M1161', 'Etzler', 'ERP-37628', 'Platinum', 'Nordics', 'Healthcare', 'http://striebitz.com/', 'Wittstock', 'Ghana'),
  ('CUST-M1162', 'Stiebitz Kabus GmbH', 'ERP-56804', 'Bronze', 'Nordics', 'Manufacturing', 'http://beyer.com/', 'Bad Brückenau', 'Zypern'),
  ('CUST-M1163', 'Trapp Jopich GmbH', 'ERP-59346', 'Gold', 'Benelux', 'Technologie', 'http://freudenberger.com/', 'Sankt Goar', 'Nördliche Marianen'),
  ('CUST-M1164', 'Gieß Geisler AG', 'ERP-42624', 'bronze', 'UK', 'Finanzen', 'http://preiss.com/', 'Crailsheim', 'St. Barthélemy'),
  ('CUST-M1165', 'Hiller Bauer AG', 'ERP-90846', 'gold', 'Benelux', 'Finance', 'https://www.beier.com/', 'Lichtenfels', 'Turkmenistan'),
  ('CUST-M1166', NULL, 'ERP-42266', 'Silver', 'DACH', 'Gesundheitswesen', 'http://fischer.net/', 'Mittweida', 'Britisches Territorium im Indischen Ozean'),
  ('CUST-M1167', 'Jungfer Mühle GmbH & Co. KG', 'ERP-83556', 'silver', 'Southern Europe', 'Industrie', 'https://www.kraushaar.com/', 'Wesel', 'Sonderverwaltungszone Macao'),
  ('CUST-M1168', 'Pruschke Mies GbR', 'ERP-67486', 'SILBER', 'Southern Europe', 'Gesundheitswesen', 'https://www.wernecke.org/', 'Ludwigslust', 'Falklandinseln'),
  ('CUST-M1169', 'Striebitz Bohlander KG', 'ERP-21458', 'bronze', 'UK', 'Gesundheitswesen', 'http://ackermann.de/', 'Höxter', 'Jordanien'),
  ('CUST-M1170', 'Lindner Stiftung & Co. KGaA', 'ERP-27144', 'Silver', 'Nordics', 'Finanzen', 'https://wieloch.org/', 'Anklam', 'Albanien'),
  ('CUST-M1171', 'Schmidtke', 'ERP-19488', 'Gold', 'Southern Europe', 'Finanzen', 'http://www.knappe.org/', 'Jena', 'Irak'),
  ('CUST-M1172', 'Trapp', 'ERP-82353', 'platinum', 'Nordics', 'Technology', 'http://weinhold.de/', 'Parchim', 'Tadschikistan'),
  ('CUST-M1173', 'Steuer Pergande AG', 'ERP-42934', 'BRONZE', 'Southern Europe', 'Industrie', 'http://lehmann.de/', 'Bischofswerda', 'Haiti'),
  ('CUST-M1174', 'Steckel', 'ERP-13542', 'silver', 'Southern Europe', 'Finance', 'https://kallert.org/', 'Coburg', 'Kokosinseln'),
  ('CUST-M1175', 'Weihmann', 'ERP-70918', 'GOLD', 'Benelux', 'Finanzen', 'https://www.hauffer.net/', 'Gera', 'Kroatien'),
  ('CUST-M1176', 'Weiß Koblet AG', 'ERP-43987', 'SILBER', 'Southern Europe', 'IT', 'http://www.bauer.com/', 'Bad Langensalza', 'Papua-Neuguinea'),
  ('CUST-M1177', 'Gertz AG & Co. OHG', 'ERP-70379', 'platinum', 'Benelux', 'Technology', 'http://christoph.com/', 'Forst', 'Amerikanische Jungferninseln'),
  ('CUST-M1178', 'Müller Stahr GbR', 'ERP-18206', 'Bronze', 'Southern Europe', 'Technologie', 'http://metz.org/', 'Fürstenwalde', 'Venezuela'),
  ('CUST-M1179', 'Hartung', 'ERP-53861', 'gold', 'Benelux', 'Gesundheitswesen', 'https://hande.com/', 'Bersenbrück', 'Indonesien'),
  ('CUST-M1180', 'Rust', 'ERP-74700', 'silver', 'Southern Europe', 'Healthcare', 'https://www.siering.com/', 'Duderstadt', 'Haiti'),
  ('CUST-M1181', 'Johann GmbH', 'ERP-29789', 'silver', 'DACH', 'Manufacturing', 'http://thies.de/', 'Perleberg', 'Dänemark'),
  ('CUST-M1182', 'Ritter', 'ERP-96383', 'Silver', 'Southern Europe', 'Manufacturing', 'https://www.dobes.com/', 'Sebnitz', 'Turks- und Caicosinseln'),
  ('CUST-M1183', 'Nerger AG & Co. KG', 'ERP-51970', 'Bronze', 'Nordics', 'Manufacturing', 'http://groettner.de/', 'Ribnitz-Damgarten', 'Slowakei'),
  ('CUST-M1184', 'Sölzer', 'ERP-62810', 'platinum', 'Benelux', 'Technology', 'https://krein.com/', 'Vohenstrauß', 'Papua-Neuguinea'),
  ('CUST-M1185', 'Killer', 'ERP-40731', 'BRONZE', 'Benelux', 'Industrie', 'https://stahr.de/', 'Calw', 'Syrien'),
  ('CUST-M1186', 'Mohaupt', 'ERP-49500', 'BRONZE', 'Southern Europe', 'IT', 'https://www.dussen.com/', 'Halberstadt', 'Griechenland'),
  ('CUST-M1187', 'Gröttner', 'ERP-46892', 'SILBER', 'Benelux', 'Technology', 'https://schoenland.de/', 'Celle', 'Samoa'),
  ('CUST-M1188', 'Nerger Zirme OHG mbH', 'ERP-77250', 'Silver', 'DACH', 'IT', 'http://scholl.de/', 'Eckernförde', 'Tunesien'),
  ('CUST-M1189', 'Stoll', 'ERP-62073', 'Platin', 'Nordics', 'Manufacturing', 'http://www.fischer.net/', 'Neuss', 'Guinea'),
  ('CUST-M1190', 'Eimer GmbH', 'ERP-95926', 'silver', 'Southern Europe', 'Manufacturing', 'http://www.herrmann.com/', 'Griesbach Rottal', 'Mali'),
  ('CUST-M1191', 'Losekann Stiftung &C o. KGaA', 'ERP-29276', 'Platin', 'Benelux', 'IT', 'https://henschel.de/', 'Kelheim', 'Kirgisistan'),
  ('CUST-M1192', 'Wilms Rohleder GmbH', 'ERP-33962', 'Platin', 'Southern Europe', 'Gesundheitswesen', 'http://www.hartung.de/', 'Bad Kissingen', 'Botsuana'),
  ('CUST-M1193', 'Täsche Stiftung & Co. KGaA', 'ERP-65990', 'GOLD', 'Nordics', 'Technology', 'http://tlustek.net/', 'Lüneburg', 'St. Barthélemy'),
  ('CUST-M1194', 'Rohleder Wohlgemut AG', 'ERP-31328', 'silver', 'UK', 'Manufacturing', 'https://heydrich.net/', 'Neu-Ulm', 'Niue'),
  ('CUST-M1195', 'Pruschke', 'ERP-10153', 'SILBER', 'UK', 'Manufacturing', 'https://www.berger.de/', 'Merseburg', 'Mikronesien'),
  ('CUST-M1196', 'Heintze Stiftung & Co. KGaA', 'ERP-34162', 'Platinum', 'Benelux', 'Finanzen', 'https://www.jacob.de/', 'Northeim', 'Tonga'),
  ('CUST-M1197', 'Dobes', 'ERP-50262', 'gold', 'DACH', 'Healthcare', 'http://baehr.de/', 'Magdeburg', 'Guernsey'),
  ('CUST-M1198', 'Dippel', 'ERP-61478', 'GOLD', 'Benelux', 'IT', 'https://www.steinberg.org/', 'Apolda', 'Zypern'),
  ('CUST-M1199', 'Noack', 'ERP-96899', 'GOLD', 'Benelux', 'Healthcare', 'http://www.rosemann.com/', 'Freital', 'Heard- und McDonald-Inseln'),
  ('CUST-M1200', 'Faust e.G.', 'ERP-87140', 'gold', 'Benelux', 'Manufacturing', 'https://www.suessebier.de/', 'Lüdenscheid', 'Ukraine'),
  ('CUST-M1018_DUP', 'Nerger Zirme KGaA', 'ERP-10184', 'Gold', 'Southern Europe', 'Gesundheitswesen', 'https://trommler.com/', 'Mallersdorf', 'China'),
  ('CUST-M1152_DUP', 'Dörr', 'ERP-59664', 'Gold', 'UK', 'Technologie', 'http://drubin.de/', 'Säckingen', 'Deutschland'),
  ('CUST-M1186_DUP', 'Mohaupt', 'ERP-49500', 'BRONZE', 'Southern Europe', 'IT', 'https://www.dussen.com/', 'Halberstadt', 'Griechenland'),
  ('CUST-M1091_DUP', 'Fiebig Rörricht AG', 'ERP-76926', 'GOLD', 'UK', 'Industrie', 'http://www.wernecke.de/', 'Vechta', 'Papua-Neuguinea'),
  ('CUST-M1072_DUP', 'Wende', 'ERP-75523', 'gold', 'Nordics', 'Industrie', 'https://www.stiffel.org/', 'Tübingen', 'Republik Moldau'),
  ('CUST-M1176_DUP', 'Weiß Koblet AG', 'ERP-43987', 'SILBER', 'Southern Europe', 'IT', 'http://www.bauer.com/', 'Bad Langensalza', 'Papua-Neuguinea'),
  ('CUST-M1081_DUP', 'Hartung KG', 'ERP-11682', 'silver', 'Nordics', 'Industrie', 'https://sauer.org/', 'Sonneberg', 'St. Lucia'),
  ('CUST-M1178_DUP', 'Müller Stahr GbR', 'ERP-18206', 'Bronze', 'Southern Europe', 'Technologie', 'http://metz.org/', 'Fürstenwalde', 'Venezuela'),
  ('CUST-M1148_DUP', 'Zahn', 'ERP-90844', 'Bronze', 'DACH', 'Industrie', 'http://dietz.com/', 'Hohenmölsen', 'Usbekistan'),
  ('CUST-M1163_DUP', 'Trapp Jopich GmbH', 'ERP-59346', 'Gold', 'Benelux', 'Technologie', 'http://freudenberger.com/', 'Sankt Goar', 'Nördliche Marianen');

INSERT INTO master_kontakte (kontakt_id, rufname, familienname, kontakt_email, tel, berufsbezeichnung, rolle, korrespondenzsprache, kd_nummer) VALUES
  ('CON-00001', 'Ulrich', 'Trommler', 'katalinzorbach@example.net', '+495405501588', 'Chemikant', 'Technical Contact', 'English', 'CUST-M1001'),
  ('CON-00002', 'Anatolij', 'Austermühle', 'lieschen78@example.net', '+49 9923 997221', 'Pfleger', 'Technischer Ansprechpartner', 'englisch', 'CUST-M1002'),
  ('CON-00003', 'Romuald', 'Warmer', 'holstenantonie@example.org', '+49 1440 061708', 'Chirurgiemechaniker', 'Technischer Ansprechpartner', 'deutsch', 'CUST-M1002'),
  ('CON-00004', 'Vinzenz', 'Gorlitz', 'wiekmalgorzata@example.com', '(2727) 576873', 'Asphaltbauer', 'End User', 'DE', 'CUST-M1003'),
  ('CON-00005', 'Rupert', 'Weimer', 'lbeier@example.net', '+497099406340', 'Beamter', 'Technischer Ansprechpartner', 'French', 'CUST-M1004'),
  ('CON-00006', 'Ron', 'Hethur', 'marliesescholz@example.net', NULL, 'Informatiker', 'end user', 'Englisch', 'CUST-M1004'),
  ('CON-00007', 'Dorothea', 'Pohl', 'genoveva56@example.com', '+49 5842 558260', 'Ausbaufacharbeiter', 'Entscheider', 'Deutsch', 'CUST-M1004'),
  ('CON-00008', 'Erhardt', 'Wirth', 'invalid@mail', '+49 2581 144615', 'Friseur', 'end user', 'englisch', 'CUST-M1005'),
  ('CON-00009', 'Gotthilf', 'Pölitz', 'franz-josefscholl@example.org', NULL, 'Schornsteinfeger', 'Executive Sponsor', 'DE', 'CUST-M1005'),
  ('CON-00010', 'Rouven', 'Stey', 'invalid@mail', '1033057392', 'Forstwirt', 'Endanwender', 'German', 'CUST-M1005'),
  ('CON-00011', 'Ekrem', 'Barth', 'uchristoph@example.org', '+498302159428', 'Polizist', 'End User', 'en', 'CUST-M1006'),
  ('CON-00012', 'Egbert', 'Kusch', 'davidseitel@example.net', 'N/A', 'Beamter', NULL, 'en', 'CUST-M1006'),
  ('CON-00013', 'Jacob', 'Sager', 'xjungfer@example.com', '+499533709679', 'Koreanistiker', 'End User', 'Französisch', 'CUST-M1007'),
  ('CON-00014', 'Adelgunde', 'Hendriks', 'schlosserludmila@example.com', 'N/A', 'Ausbaufacharbeiter', 'Executive Sponsor', 'fr', 'CUST-M1007'),
  ('CON-00015', 'Isolde', 'Trub', 'fredetzold@example.org', NULL, 'Medizininformatiker', 'Techniker', 'de', 'CUST-M1008'),
  ('CON-00016', 'Henni', 'Steuer', 'jlangern@example.com', '', 'Designer', NULL, 'englisch', 'CUST-M1008'),
  ('CON-00017', 'Valeska', 'Seifert', 'zmoechlichen@example.org', '(6484) 016331', 'Ausbaufacharbeiter', '', 'Englisch', 'CUST-M1009'),
  ('CON-00018', 'Aloys', 'Hertrampf', 'jharloff@example.org', '(4193) 167817', 'Pfleger', 'Decision Maker', 'Französisch', 'CUST-M1009'),
  ('CON-00019', 'Simona', 'Stey', 'frederikbaum@example.org', '+499840206907', 'Erzieher', 'decision maker', 'EN', 'CUST-M1009'),
  ('CON-00020', 'Mara', 'Pergande', 'claudiazaenker@example.org', '+49 6712 950875', 'Augenoptiker', 'Executive Sponsor', 'en', 'CUST-M1010'),
  ('CON-00021', 'Cengiz', 'Bauer', 'jaroslav46@example.com', 'N/A', 'Koreanistiker', 'Technischer Ansprechpartner', 'fr', 'CUST-M1010'),
  ('CON-00022', 'Eugenia', 'Wende', 'bergerheinz-willi@example.org', '6906372957', 'Drogist', 'Decision Maker', 'FR', 'CUST-M1011'),
  ('CON-00023', 'Hasan', 'Mühle', 'hertrampfmarius@example.net', '1472086026', 'Ausbaufacharbeiter', 'end user', 'Englisch', 'CUST-M1011'),
  ('CON-00024', 'Frieder', 'Eberhardt', 'hellwigbirte@example.net', '5566981574', 'Techniker', 'Sponsor', 'en', 'CUST-M1011'),
  ('CON-00025', 'Reingard', 'Rogge', 'joernotto@example.org', 'N/A', 'Chemikant', '', 'German', 'CUST-M1012'),
  ('CON-00026', 'Jacek', 'Pergande', 'brosemann@example.org', '7396095739', 'Polizist', 'Decision Maker', 'en', 'CUST-M1013'),
  ('CON-00027', 'Miroslaw', 'Sauer', 'gertrautbolander@example.org', '', 'Elektroniker', 'Sponsor', 'en', 'CUST-M1014'),
  ('CON-00028', 'Ingolf', 'Lindau', 'bkambs@example.net', '0805446410', 'Bankkaufmann', 'End User', 'de', 'CUST-M1015'),
  ('CON-00029', 'Otmar', 'Radisch', NULL, '+493821599248', 'Polizist', 'Endanwender', 'Englisch', 'CUST-M1016'),
  ('CON-00030', 'Flora', 'Kuhl', 'langehilde@example.net', '(3015) 938756', 'Winzer', 'end user', 'French', 'CUST-M1017'),
  ('CON-00031', 'Konstantin', 'Herrmann', 'carinschottin@example.net', '+49 6968 398448', 'Schornsteinfeger', 'Technical Contact', 'Französisch', 'CUST-M1018'),
  ('CON-00032', 'Amanda', 'Davids', 'clara84@example.org', '(9800) 074438', 'Techniker', 'end user', 'deutsch', 'MISSING-9909'),
  ('CON-00033', 'Hans-Herbert', 'Rosemann', 'budigheidrun@example.org', '+492294444158', 'Mechaniker', 'Technischer Ansprechpartner', 'German', 'CUST-M1019'),
  ('CON-00034', 'Ulf', 'Hornich', 'N/A', '+492193060969', 'Fleischer', 'Technischer Ansprechpartner', 'deutsch', 'MISSING-9007'),
  ('CON-00035', 'Babett', 'Jessel', 'annrogner@example.com', '+494416274617', 'Krankenschwester', 'Endanwender', 'fr', 'MISSING-9199'),
  ('CON-00036', 'Gertrud', 'Herrmann', 'leo99@example.net', 'N/A', 'Ausbaufacharbeiter', 'Executive Sponsor', 'German', 'CUST-M1020'),
  ('CON-00037', 'Sibille', 'Holsten', 'jfaust@example.net', '+498444494593', 'Friseur', 'Executive Sponsor', 'French', 'CUST-M1021'),
  ('CON-00038', 'Walli', 'Gieß', 'jochen15@example.net', '+49 4151 094934', 'Techniker', 'Sponsor', 'French', 'CUST-M1022'),
  ('CON-00039', 'Dariusz', 'Kade', 'raisaschomber@example.net', '+491813336063', 'Schornsteinfeger', 'Technischer Ansprechpartner', 'de', 'CUST-M1022'),
  ('CON-00040', 'Dora', 'Rogner', 'N/A', '(9611) 821400', 'Forstwirt', 'Decision Maker', 'Deutsch', 'CUST-M1022'),
  ('CON-00041', 'Traudel', 'Bien', 'clemensschmidtke@example.org', '1962309454', 'Mechaniker', '', 'German', 'CUST-M1023'),
  ('CON-00042', 'Lili', 'Girschner', 'rudolphstanislav@example.net', '3918959226', 'Friseur', 'Technical Contact', 'EN', 'CUST-M1024'),
  ('CON-00043', 'Birthe', 'Käster', 'hkallert@example.org', '', 'Chemikant', 'end user', 'FR', 'CUST-M1024'),
  ('CON-00044', 'Victor', 'Herrmann', 'jaroslav16@example.org', '+492614024362', 'Koreanistiker', 'Sponsor', 'en', 'CUST-M1025'),
  ('CON-00045', 'Laila', 'Löwer', 'mentzelignaz@example.org', 'N/A', 'Drogist', 'Executive Sponsor', 'FR', 'CUST-M1026'),
  ('CON-00046', 'Albrecht', 'Dörschner', 'willi31@example.net', '(9567) 519977', 'Designer', 'Entscheider', 'englisch', 'CUST-M1026'),
  ('CON-00047', 'Luzie', 'Eberth', 'alinakostolzin@example.com', '+491910232781', 'Fachinformatiker', 'End User', 'deutsch', 'CUST-M1027'),
  ('CON-00048', 'Gerta', 'Nerger', 'friedhelm53@example.org', '+49 6991 651938', 'Asphaltbauer', 'Endanwender', 'englisch', 'CUST-M1028'),
  ('CON-00049', 'Amalie', 'Heser', 'kohlgusti@example.net', 'N/A', 'Friseur', NULL, 'English', 'CUST-M1028'),
  ('CON-00050', 'Oskar', 'Schönland', 'marlis49@example.com', '+498758973555', 'Drogist', 'Sponsor', 'DE', 'CUST-M1029'),
  ('CON-00051', 'Raphaela', 'Graf', 'yhoelzenbecher@example.org', '8391024241', 'Ausbaufacharbeiter', 'Endanwender', 'Französisch', 'CUST-M1030'),
  ('CON-00052', 'Irina', 'Sauer', 'uotto@example.net', 'N/A', 'Polizist', 'End User', 'deutsch', 'CUST-M1031'),
  ('CON-00053', 'Christos', 'Junck', 'renatowarmer@example.com', '', 'Bankkaufmann', 'End User', 'Englisch', 'CUST-M1031'),
  ('CON-00054', 'Hinrich', 'Herrmann', 'scholljanos@example.net', '(1669) 529706', 'Drogist', 'Entscheider', 'EN', 'CUST-M1031'),
  ('CON-00055', 'Justine', 'Seifert', 'marten79@example.net', '2440324288', 'Florist', 'Sponsor', 'fr', 'CUST-M1032'),
  ('CON-00056', 'Camilla', 'Davids', 'hoevelgerta@example.org', '+495869001221', 'Elektroniker', 'Decision Maker', 'Französisch', 'CUST-M1032'),
  ('CON-00057', 'Josefine', 'Lindau', 'iliasmaelzer@example.org', 'N/A', 'Erzieher', 'Entscheider', 'English', 'CUST-M1032'),
  ('CON-00058', 'Semra', 'Wähner', 'karl-ernsthentschel@example.org', '+49 9632 190430', 'Schornsteinfeger', 'End User', 'Englisch', 'CUST-M1033'),
  ('CON-00059', 'Jennifer', 'Sager', 'gutknechtansgar@example.com', NULL, 'Informatiker', 'Entscheider', 'EN', 'CUST-M1033'),
  ('CON-00060', 'George', 'Sölzer', 'hdussen-van@example.net', '(3012) 742197', 'Ausbaufacharbeiter', 'end user', 'DE', 'CUST-M1033'),
  ('CON-00061', 'Roswita', 'Margraf', 'frederike00@example.com', '+497491697665', 'Beamter', 'end user', 'DE', 'MISSING-9163'),
  ('CON-00062', 'Aldo', 'Hörle', 'ojessel@example.org', '6503714119', 'Bäcker', 'decision maker', 'fr', 'CUST-M1034'),
  ('CON-00063', 'Hubertus', 'Bähr', 'schlosserreinhart@example.org', '+498433973352', 'Florist', 'End User', 'EN', 'MISSING-9740'),
  ('CON-00064', 'Aleksandar', 'Gumprich', 'janus50@example.net', 'N/A', 'Beamter', 'end user', 'German', 'CUST-M1036'),
  ('CON-00065', 'Claudius', 'Gutknecht', 'gertrud44@example.net', '+49 6961 728588', 'Bankkaufmann', 'Entscheider', 'Französisch', 'CUST-M1036'),
  ('CON-00066', 'Rosalia', 'Atzler', 'dorota22@example.com', '+491560941422', 'Asphaltbauer', 'Sponsor', 'fr', 'CUST-M1037'),
  ('CON-00067', 'Aneta', 'Ruppersberger', 'fechnercosimo@example.org', NULL, 'Drogist', 'Endanwender', 'French', 'CUST-M1037'),
  ('CON-00068', 'Carla', 'Steckel', 'wigbert63@example.net', '', 'Informatiker', 'Endanwender', 'Französisch', 'CUST-M1037'),
  ('CON-00069', 'Heidelore', 'Schüler', 'marleenmentzel@example.net', '+49 3162 456887', 'Techniker', 'N/A', 'fr', 'CUST-M1038'),
  ('CON-00070', 'Miroslawa', 'Salz', 'friedemann65@example.net', '9918098500', 'Winzer', 'Technischer Ansprechpartner', 'French', 'CUST-M1038'),
  ('CON-00071', 'Nevenka', 'Kusch', 'beckertheres@example.org', '9671469798', 'Friseur', 'Sponsor', 'FR', 'CUST-M1038'),
  ('CON-00072', 'Siegmund', 'Dörschner', 'N/A', '(5020) 730395', 'Friseur', 'Executive Sponsor', 'de', 'CUST-M1039'),
  ('CON-00073', 'Philippe', 'Eimer', 'ernstkarl-juergen@example.org', '+490148254579', 'Techniker', 'decision maker', 'de', 'CUST-M1040'),
  ('CON-00074', 'Magnus', 'Thies', 'lorenztrueb@example.org', '(9245) 674811', 'Pilot', 'Executive Sponsor', 'englisch', 'CUST-M1040'),
  ('CON-00075', 'Urban', 'Pergande', 'maritbloch@example.net', '3513321064', 'Programmierer', 'End User', 'Englisch', 'CUST-M1041'),
  ('CON-00076', 'Heinz Dieter', 'Cichorius', 'ubonbach@example.net', 'N/A', 'Artist', 'N/A', 'englisch', 'MISSING-9989'),
  ('CON-00077', 'Ida', 'Bolzmann', 'maryhauffer@example.net', NULL, 'Krankenschwester', 'Entscheider', 'deutsch', 'CUST-M1041'),
  ('CON-00078', 'Kati', 'Rose', 'invalid@mail', NULL, 'Informatiker', NULL, 'French', 'CUST-M1042'),
  ('CON-00079', 'Elsbeth', 'Scheibe', 'xnohlmans@example.org', '1554730535', 'Arzt', 'Technical Contact', 'Englisch', 'CUST-M1042'),
  ('CON-00080', 'Sylvie', 'Gehringer', 'dlinke@example.com', '(5195) 513377', 'Polizist', 'Entscheider', 'FR', 'CUST-M1043'),
  ('CON-00081', 'Anatol', 'Girschner', 'krausmechthild@example.org', '1267342792', 'Ausbaufacharbeiter', NULL, 'Französisch', 'CUST-M1043'),
  ('CON-00082', 'Hasso', 'Geißler', 'benderlea@example.org', '+496612144156', 'Arzt', 'end user', 'French', 'CUST-M1043'),
  ('CON-00083', 'Angelo', 'Salz', 'N/A', '7531542244', 'Krankenschwester', 'Executive Sponsor', 'englisch', 'CUST-M1044'),
  ('CON-00084', 'Vadim', 'Schuster', 'ihentschel@example.org', '+49 2140 187503', 'Koreanistiker', 'Sponsor', 'Englisch', 'CUST-M1044'),
  ('CON-00085', 'Erhard', 'Scheel', 'N/A', 'N/A', 'Fachinformatiker', 'decision maker', 'Deutsch', 'CUST-M1045'),
  ('CON-00086', 'Serge', 'Otto', 'jaroslaw72@example.com', '+49 3941 565351', 'Altenpfleger', 'Endanwender', 'englisch', 'CUST-M1045'),
  ('CON-00087', 'Ottfried', 'Mude', 'freia06@example.com', '+49 3915 068346', 'Friseur', 'End User', 'deutsch', 'CUST-M1045'),
  ('CON-00088', 'Ramazan', 'Cichorius', 'invalid@mail', '5134737062', 'Chemikant', 'Technical Contact', 'deutsch', 'CUST-M1046'),
  ('CON-00089', 'Solveig', 'Rosemann', 'N/A', 'N/A', 'Informatiker', 'Entscheider', 'englisch', 'CUST-M1047'),
  ('CON-00090', 'Annekatrin', 'Schmidtke', 'samiraroehricht@example.net', '(0404) 736145', 'Koreanistiker', 'end user', 'French', 'CUST-M1047'),
  ('CON-00091', 'Zdravko', 'Koch II', 'giuseppefoerster@example.net', '0933388011', 'Winzer', 'Executive Sponsor', 'DE', 'CUST-M1048'),
  ('CON-00092', 'Luzia', 'Junk', 'rhahn@example.com', '(4058) 358468', 'Mathematiker', 'End User', 'de', 'CUST-M1049'),
  ('CON-00093', 'Sylvana', 'Wulff', 'iroemer@example.org', '+49 1706 458316', 'Schornsteinfeger', 'end user', 'French', 'CUST-M1049'),
  ('CON-00094', 'Edmund', 'Spieß', 'N/A', '+499847852887', 'Chirurgiemechaniker', 'Decision Maker', 'Deutsch', 'CUST-M1049'),
  ('CON-00095', 'Gunar', 'Hettner', 'corinabruder@example.org', '1885373351', 'Binnenschiffer', 'decision maker', 'Deutsch', 'CUST-M1050'),
  ('CON-00096', 'Matteo', 'Steinberg', 'eckhart47@example.org', '', 'Florist', 'Sponsor', 'English', 'CUST-M1051'),
  ('CON-00097', 'Ivan', 'Döring', 'pwarmer@example.org', '+49 9570 298235', 'Fachinformatiker', 'Sponsor', 'FR', 'CUST-M1052'),
  ('CON-00098', 'Herbert', 'Kusch', 'wellerhermann-josef@example.net', '2722121685', 'Techniker', 'Technical Contact', 'French', 'CUST-M1053'),
  ('CON-00099', 'Fritz', 'Krein', 'xwarmer@example.com', '1530820139', 'Chemikant', 'Decision Maker', 'fr', 'CUST-M1054'),
  ('CON-00100', 'Wolf-Rüdiger', 'Eberth', 'emmameyer@example.net', 'N/A', 'Elektroniker', 'Decision Maker', 'fr', 'CUST-M1055'),
  ('CON-00101', 'Zehra', 'Anders', 'saskia39@example.org', '+494482637231', 'Bäcker', 'decision maker', 'DE', 'CUST-M1056'),
  ('CON-00102', 'Ludwig', 'Mülichen', 'roman96@example.org', NULL, 'Augenoptiker', 'Sponsor', 'Deutsch', 'CUST-M1056'),
  ('CON-00103', 'Siegrid', 'Christoph', 'vollbrechtheidrun@example.net', '+49 6725 659164', 'Mechaniker', 'Executive Sponsor', 'de', 'CUST-M1057'),
  ('CON-00104', 'Jeanette', 'Wende', 'jan16@example.com', '+490895545578', 'Mathematiker', 'Entscheider', 'EN', 'CUST-M1057'),
  ('CON-00105', 'Bogdan', 'Krebs', 'elizabethnerger@example.net', '+499304952987', 'Erzieher', 'Executive Sponsor', 'English', 'MISSING-9804'),
  ('CON-00106', 'Helene', 'Budig', 'tklingelhoefer@example.com', '+49 4151 270204', 'Techniker', 'Decision Maker', 'en', 'CUST-M1058'),
  ('CON-00107', 'Martina', 'Hövel', 'wolfgang96@example.org', '+496596188642', 'Florist', 'Executive Sponsor', 'English', 'CUST-M1059'),
  ('CON-00108', 'Michelle', 'Fröhlich', 'hamannfranz-peter@example.com', '(6719) 412658', 'Winzer', 'End User', 'Deutsch', 'CUST-M1059'),
  ('CON-00109', 'Claus-Dieter', 'Säuberlich', 'claudiusjockel@example.com', 'N/A', 'Elektroniker', 'end user', 'fr', 'CUST-M1060'),
  ('CON-00110', 'Birte', 'Loos', 'charles65@example.net', '+499671269668', 'Altenpfleger', 'N/A', 'DE', 'CUST-M1060'),
  ('CON-00111', 'Rosmarie', 'Faust', 'wagnerfrederike@example.org', '3387530131', 'Chemikant', 'Endanwender', 'de', 'CUST-M1060'),
  ('CON-00112', 'Ignatz', 'Döring', 'heserhellmuth@example.net', '+491072992987', 'Informatiker', 'Entscheider', 'French', 'CUST-M1061'),
  ('CON-00113', 'Wolfgang', 'Klapp', 'fhermann@example.com', '+49 3924 040974', 'Erzieher', 'Sponsor', 'fr', 'CUST-M1062'),
  ('CON-00114', 'Rosl', 'Tschentscher', 'mreuter@example.com', '(5143) 413954', 'Programmierer', 'end user', 'Deutsch', 'CUST-M1062'),
  ('CON-00115', 'Jasmina', 'Hauffer', 'friedlinde30@example.org', 'N/A', 'Florist', 'Sponsor', 'englisch', 'CUST-M1063'),
  ('CON-00116', 'Friedhelm', 'Kruschwitz', 'klaus-peter98@example.net', '+49 5898 929132', 'Pfleger', 'Sponsor', 'deutsch', 'CUST-M1064'),
  ('CON-00117', 'Caroline', 'Atzler', 'theageissler@example.org', '+49 8267 666719', 'Fleischer', 'End User', 'DE', 'CUST-M1064'),
  ('CON-00118', 'Gerhild', 'Steinberg', 'gundabender@example.com', '+49 5459 415299', 'Programmierer', 'Techniker', 'EN', 'CUST-M1064'),
  ('CON-00119', 'Gebhard', 'Bohlander', '', '+494087119124', 'Mathematiker', 'Endanwender', 'Französisch', 'CUST-M1065'),
  ('CON-00120', 'Lieschen', 'Wähner', 'bayramkade@example.org', '+496423682897', 'Fleischer', 'end user', 'Englisch', 'CUST-M1065'),
  ('CON-00121', 'Abraham', 'Täsche', 'tilly95@example.org', '+490369877100', 'Mathematiker', 'Endanwender', 'DE', 'CUST-M1065'),
  ('CON-00122', 'Ilja', 'Roskoth', 'anto19@example.org', '+493209500724', 'Fachinformatiker', 'Executive Sponsor', 'deutsch', 'CUST-M1066'),
  ('CON-00123', 'Zdravko', 'Ullrich', 'doeringgeert@example.net', '(5594) 008276', 'Forstwirt', 'decision maker', 'en', 'CUST-M1066'),
  ('CON-00124', 'Tillmann', 'Trüb', 'justinedowerg@example.net', '+494771785054', 'Mechaniker', 'Techniker', 'German', 'CUST-M1067'),
  ('CON-00125', 'Hans Jörg', 'Barkholz', 'hoevelcarsten@example.org', 'N/A', 'Informatiker', '', 'en', 'MISSING-9507'),
  ('CON-00126', 'Recep', 'Schmiedecke', 'mjaentsch@example.org', '+49 7329 624216', 'Krankenschwester', 'Technical Contact', 'DE', 'MISSING-9304'),
  ('CON-00127', 'Giovanni', 'Faust', 'vloos@example.net', '4178084473', 'Pilot', 'Technical Contact', 'German', 'CUST-M1069'),
  ('CON-00128', 'Ortrun', 'Ebert', 'cichoriusguenther@example.net', '+49 6637 361247', 'Techniker', 'Techniker', 'English', 'CUST-M1069'),
  ('CON-00129', 'Ivan', 'Schomber', 'xkranz@example.org', '+49 4465 566796', 'Medizininformatiker', 'Technical Contact', 'de', 'CUST-M1069'),
  ('CON-00130', 'Erol', 'Sager', 'taeschejoerg@example.org', NULL, 'Fleischer', 'Sponsor', 'deutsch', 'CUST-M1070'),
  ('CON-00131', 'Margaretha', 'Stahr', 'stadelmanncilli@example.org', '+491070045863', 'Chirurgiemechaniker', 'Executive Sponsor', 'de', 'CUST-M1070'),
  ('CON-00132', 'Heinz-Wilhelm', 'Nohlmans', 'dreweswaltraud@example.net', '', 'Binnenschiffer', 'Sponsor', 'fr', 'CUST-M1071'),
  ('CON-00133', 'Rahel', 'Weitzel', 'therese33@example.net', '(7035) 556530', 'Pilot', 'Entscheider', 'englisch', 'CUST-M1071'),
  ('CON-00134', 'Franjo', 'Renner', 'joannahartung@example.com', '+49 2496 617323', 'Designer', 'Decision Maker', 'en', 'MISSING-9684'),
  ('CON-00135', 'Monika', 'Beier', 'georgiosring@example.net', '', 'Programmierer', 'End User', 'Französisch', 'CUST-M1072'),
  ('CON-00136', 'Mohammad', 'Fischer', 'heikotintzmann@example.net', '', 'Elektroniker', 'Executive Sponsor', 'englisch', 'CUST-M1072'),
  ('CON-00137', 'Manfred', 'Adler', 'wkranz@example.com', '1307575109', 'Altenpfleger', 'End User', 'Englisch', 'MISSING-9948'),
  ('CON-00138', 'Marit', 'Rogge', 'heinerstroh@example.net', '', 'Bäcker', 'Entscheider', 'DE', 'CUST-M1073'),
  ('CON-00139', 'Ellen', 'Zahn', 'wrogner@example.com', '(1063) 057795', 'Mechaniker', 'Entscheider', 'deutsch', 'CUST-M1073'),
  ('CON-00140', 'Lara', 'Römer', 'stumpfwalfried@example.org', '0602015296', 'Programmierer', 'Techniker', 'German', 'CUST-M1074'),
  ('CON-00141', 'Brigitte', 'Kostolzin', 'thaddaeus55@example.net', '+49 7250 157103', 'Medizininformatiker', 'end user', 'fr', 'CUST-M1074'),
  ('CON-00142', 'Attila', 'Schweitzer', NULL, 'N/A', 'Friseur', 'End User', 'en', 'CUST-M1074'),
  ('CON-00143', 'Friedrich', 'Köhler', 'hoefigleonore@example.org', '(1123) 754965', 'Drogist', 'End User', 'German', 'MISSING-9530'),
  ('CON-00144', 'Catrin', 'Gunpf', 'khaase@example.net', '(6728) 690692', 'Chemikant', 'Endanwender', 'Deutsch', 'CUST-M1075'),
  ('CON-00145', 'Silvia', 'Blümel', 'davidsjens-peter@example.com', '2374785958', 'Ausbaufacharbeiter', 'Executive Sponsor', 'French', 'MISSING-9949'),
  ('CON-00146', 'Janette', 'Etzold', 'mariannakabus@example.org', '(9147) 543463', 'Designer', 'Sponsor', 'English', 'CUST-M1077'),
  ('CON-00147', 'Ines', 'Cichorius', 'fkruschwitz@example.com', '(3206) 418290', 'Chirurgiemechaniker', 'Technical Contact', 'Französisch', 'CUST-M1078'),
  ('CON-00148', 'Hinrich', 'Becker', 'invalid@mail', '+496036054620', 'Pfleger', 'Sponsor', 'DE', 'CUST-M1078'),
  ('CON-00149', 'Dieter', 'Drubin', 'sboucsein@example.com', '9527065069', 'Beamter', 'Sponsor', 'French', 'MISSING-9805'),
  ('CON-00150', 'Ottilie', 'Schottin', 'ottmarhornich@example.com', '', 'Florist', 'End User', 'Deutsch', 'CUST-M1079'),
  ('CON-00151', 'Lidwina', 'Heinz', 'ppruschke@example.com', '+49 1717 650904', 'Ausbaufacharbeiter', 'Technischer Ansprechpartner', 'Französisch', 'CUST-M1080'),
  ('CON-00152', 'Stefano', 'Pärtzelt', 'teberth@example.com', 'N/A', 'Arzt', 'end user', 'EN', 'CUST-M1081'),
  ('CON-00153', 'Ilka', 'Davids', 'herrmannbeatrice@example.net', '3063212836', 'Artist', 'Entscheider', 'fr', 'CUST-M1081'),
  ('CON-00154', 'Mechtild', 'Hofmann', 'oderwaldholger@example.net', '(5614) 045074', 'Mathematiker', 'Executive Sponsor', 'FR', 'CUST-M1081'),
  ('CON-00155', 'Filiz', 'Trub', 'patbergbernhard@example.net', '+495086541608', 'Schornsteinfeger', '', 'deutsch', 'CUST-M1082'),
  ('CON-00156', 'Pero', 'Gerlach', 'arno00@example.com', '+496417531591', 'Polizist', 'End User', 'Englisch', 'CUST-M1082'),
  ('CON-00157', 'Melita', 'Nette', 'ralf-dieter96@example.net', '3972941129', 'Bäcker', '', 'Englisch', 'CUST-M1082'),
  ('CON-00158', 'Ekaterina', 'Schuchhardt', 'sigismund97@example.net', '7441381993', 'Schornsteinfeger', 'Techniker', 'Deutsch', 'CUST-M1083'),
  ('CON-00159', 'Alexandros', 'Ernst', 'naserkai-uwe@example.net', '5839281964', 'Asphaltbauer', 'end user', 'deutsch', 'CUST-M1084'),
  ('CON-00160', 'Sofia', 'Heser', 'cbolander@example.net', '(4814) 665008', 'Informatiker', 'Endanwender', 'Französisch', 'CUST-M1085'),
  ('CON-00161', 'Fabienne', 'Gude', 'geiselburkhard@example.com', '3541331953', 'Asphaltbauer', 'Sponsor', 'French', 'CUST-M1085'),
  ('CON-00162', 'Heidelinde', 'Neuschäfer', 'corinakaester@example.com', '0524326630', 'Artist', 'end user', 'FR', 'CUST-M1085'),
  ('CON-00163', 'Hanne-Lore', 'Bachmann', 'konstantinoshornig@example.org', '+495082884660', 'Beamter', 'N/A', 'Deutsch', 'CUST-M1086'),
  ('CON-00164', 'Margaretha', 'Drub', 'seipbekir@example.net', '(1417) 406351', 'Friseur', 'Decision Maker', 'deutsch', 'CUST-M1087'),
  ('CON-00165', 'Wolfhard', 'Scheuermann', 'ottokarhoffmann@example.com', '(4146) 380073', 'Friseur', 'Entscheider', 'fr', 'CUST-M1087'),
  ('CON-00166', 'Lisette', 'Girschner', 'birgittaweinhold@example.net', '(2542) 012860', 'Pfleger', 'End User', 'FR', 'CUST-M1087'),
  ('CON-00167', 'Gunar', 'Hermann', 'hmartin@example.net', '+49 0976 984114', 'Mathematiker', 'Sponsor', 'FR', 'CUST-M1088'),
  ('CON-00168', 'Renata', 'Wirth', 'xmoechlichen@example.com', NULL, 'Schornsteinfeger', 'decision maker', 'de', 'CUST-M1088'),
  ('CON-00169', 'Ulrike', 'Conradi', 'wohlgemutnicole@example.net', '+49 2677 637434', 'Koreanistiker', 'Sponsor', 'Englisch', 'CUST-M1089'),
  ('CON-00170', 'Elisabet', 'Dippel', 'sdrewes@example.com', '+498616918675', 'Chirurgiemechaniker', 'Sponsor', 'deutsch', 'CUST-M1090'),
  ('CON-00171', 'Nikolai', 'Dussen van', 'igorlitz@example.org', '', 'Fachinformatiker', 'Technischer Ansprechpartner', 'fr', 'CUST-M1090'),
  ('CON-00172', 'Richard', 'Jacobi Jäckel', 'hannesdussen-van@example.org', '+49 9185 806721', 'Krankenschwester', 'Technical Contact', 'EN', 'CUST-M1090'),
  ('CON-00173', 'Freia', 'Vollbrecht', 'heintzetraude@example.com', '8200509599', 'Altenpfleger', 'End User', 'FR', 'CUST-M1091'),
  ('CON-00174', 'Hans-Peter', 'Kabus', 'fmude@example.org', '8247868484', 'Friseur', 'Executive Sponsor', 'German', 'CUST-M1091'),
  ('CON-00175', 'Annemarie', 'Löffler', '', '0139656444', 'Binnenschiffer', 'Endanwender', 'French', 'CUST-M1091'),
  ('CON-00176', 'Dursun', 'Gutknecht', 'schenkclaudio@example.org', '3323102099', 'Pfleger', '', 'fr', 'CUST-M1092'),
  ('CON-00177', 'Christoph', 'Gotthard', 'clangern@example.net', '5580139067', 'Koreanistiker', 'Entscheider', 'Englisch', 'CUST-M1092'),
  ('CON-00178', 'Nadeschda', 'Heintze', 'roseneureuther@example.net', NULL, 'Techniker', 'Executive Sponsor', 'en', 'CUST-M1092'),
  ('CON-00179', 'Emmerich', 'Patberg', 'binnerluzie@example.com', '2974894016', 'Mechaniker', 'Endanwender', 'French', 'CUST-M1093'),
  ('CON-00180', 'Wieslaw', 'Zänker', 'ettalindner@example.com', '+49 1396 741889', 'Krankenschwester', 'Technischer Ansprechpartner', 'deutsch', 'MISSING-9846'),
  ('CON-00181', 'Delia', 'Nette', 'loewersandro@example.org', '(5969) 562416', 'Forstwirt', 'Technischer Ansprechpartner', 'FR', 'CUST-M1094'),
  ('CON-00182', 'Stella', 'Kramer', 'polina98@example.com', '+49 2900 221571', 'Chirurgiemechaniker', 'Techniker', 'French', 'CUST-M1094'),
  ('CON-00183', 'Jenny', 'Neuschäfer', 'juettnerester@example.net', '4405794127', 'Altenpfleger', 'Technical Contact', 'Französisch', 'CUST-M1094'),
  ('CON-00184', 'Ira', 'Winkler', 'textorsiegmar@example.org', '+49 2288 320960', 'Friseur', NULL, 'Französisch', 'CUST-M1095'),
  ('CON-00185', 'Marijan', 'Klemt', 'lsalz@example.org', '(5880) 801115', 'Florist', 'end user', 'EN', 'CUST-M1096'),
  ('CON-00186', 'Ottokar', 'Heintze', 'nspiess@example.org', '+491743394330', 'Informatiker', 'Decision Maker', 'fr', 'CUST-M1097'),
  ('CON-00187', 'Arndt', 'Seidel', 'jgertz@example.org', '3297506436', 'Asphaltbauer', 'Sponsor', 'German', 'CUST-M1097'),
  ('CON-00188', 'Marc', 'Stiffel', 'dietmar86@example.org', '+491971150127', 'Beamter', 'End User', 'DE', 'CUST-M1098'),
  ('CON-00189', 'Helmut', 'Nerger', 'lydia51@example.org', '(4712) 992697', 'Medizininformatiker', 'Endanwender', 'DE', 'MISSING-9034'),
  ('CON-00190', 'Sabina', 'Mangold', 'hspeer@example.net', '(3961) 637565', 'Medizininformatiker', NULL, 'fr', 'CUST-M1099'),
  ('CON-00191', 'Betina', 'Pergande', 'roemergeza@example.com', '(8518) 013920', 'Bäcker', 'End User', 'fr', 'CUST-M1100'),
  ('CON-00192', 'Jonas', 'Förster', 'recepmetz@example.org', 'N/A', 'Medizininformatiker', 'decision maker', 'deutsch', 'CUST-M1100'),
  ('CON-00193', 'Marianne', 'Wesack', 'kathrinscholz@example.org', '+497354216146', 'Mechaniker', 'Technischer Ansprechpartner', 'englisch', 'CUST-M1101'),
  ('CON-00194', 'Klaudia', 'Johann', 'lindauleopoldine@example.net', NULL, 'Artist', 'decision maker', 'Deutsch', 'CUST-M1102'),
  ('CON-00195', 'Jacqueline', 'Kohl', 'beritcaspar@example.com', '', 'Ausbaufacharbeiter', 'N/A', 'EN', 'CUST-M1102'),
  ('CON-00196', 'Heiderose', 'Hofmann', 'ernst-dieterwerner@example.com', '+498240410542', 'Ausbaufacharbeiter', 'decision maker', 'English', 'CUST-M1102'),
  ('CON-00197', 'Gerald', 'Barth', 'invalid@mail', '(0219) 663964', 'Pfleger', 'Endanwender', 'French', 'CUST-M1103'),
  ('CON-00198', 'Thomas', 'Becker', 'khoefig@example.com', '+49 4025 240605', 'Florist', 'Technischer Ansprechpartner', 'de', 'CUST-M1103'),
  ('CON-00199', 'Ehrenfried', 'Jüttner', 'mkoester@example.net', '+495467133758', 'Forstwirt', 'Technischer Ansprechpartner', 'German', 'CUST-M1103'),
  ('CON-00200', 'Magdalena', 'Bauer', 'invalid@mail', '', 'Beamter', 'Executive Sponsor', 'Englisch', 'MISSING-9142'),
  ('CON-00201', 'Raymond', 'Wohlgemut', 'mmangold@example.org', '', 'Arzt', 'Decision Maker', 'EN', 'CUST-M1104'),
  ('CON-00202', 'Sophia', 'Christoph', 'gerard14@example.org', '+496692374396', 'Arzt', 'Sponsor', 'EN', 'CUST-M1104'),
  ('CON-00203', 'Eveline', 'Klemm', 'bela39@example.org', '4685913608', 'Mathematiker', 'Entscheider', 'de', 'CUST-M1105'),
  ('CON-00204', 'Heidemarie', 'Schmidt', 'ogotthard@example.net', '+49 7898 551131', 'Elektroniker', NULL, 'German', 'CUST-M1105'),
  ('CON-00205', 'Heiderose', 'Koch II', NULL, '+499510318295', 'Ausbaufacharbeiter', '', 'fr', 'CUST-M1106'),
  ('CON-00206', 'Kornelia', 'Hendriks', 'N/A', '1737004448', 'Programmierer', 'Entscheider', 'englisch', 'CUST-M1107'),
  ('CON-00207', 'Hans-Friedrich', 'Bolander', 'anastasiosgeisel@example.net', '+494907589116', 'Florist', 'decision maker', 'fr', 'CUST-M1107'),
  ('CON-00208', 'Karolina', 'Steuer', 'theodoros83@example.com', '6997050237', 'Fachinformatiker', 'Techniker', 'Französisch', 'CUST-M1108'),
  ('CON-00209', 'Malte', 'Staude', 'henni15@example.com', '(5429) 903247', 'Drogist', 'Technischer Ansprechpartner', 'deutsch', 'CUST-M1108'),
  ('CON-00210', 'Wilhelmine', 'Rogner', 'rosina17@example.net', '2991765095', 'Programmierer', 'Technischer Ansprechpartner', 'FR', 'MISSING-9735'),
  ('CON-00211', 'Claudia', 'Stumpf', 'erdal07@example.org', NULL, 'Erzieher', 'Sponsor', 'French', 'CUST-M1109'),
  ('CON-00212', 'Etta', 'Schmidtke', '', 'N/A', 'Ausbaufacharbeiter', 'Technical Contact', 'FR', 'CUST-M1109'),
  ('CON-00213', 'Lidwina', 'Schüler', 'sandra06@example.net', '(7274) 926257', 'Winzer', 'Executive Sponsor', 'fr', 'CUST-M1110'),
  ('CON-00214', 'Volkmar', 'Hermighausen', 'invalid@mail', '+49 6521 274293', 'Altenpfleger', 'Entscheider', 'FR', 'CUST-M1111'),
  ('CON-00215', 'Kathrin', 'Mende', 'mariettaloos@example.org', NULL, 'Florist', 'end user', 'Deutsch', 'CUST-M1111'),
  ('CON-00216', 'Luigi', 'Dippel', 'beckerella@example.com', '', 'Fachinformatiker', 'Endanwender', 'FR', 'CUST-M1112'),
  ('CON-00217', 'Katharina', 'Ackermann', 'telse73@example.com', '3727645270', 'Polizist', 'end user', 'fr', 'CUST-M1112'),
  ('CON-00218', 'Waltraut', 'Ebert', 'evangeliascholl@example.org', '+494777020438', 'Chemikant', 'End User', 'en', 'CUST-M1113'),
  ('CON-00219', 'Christian', 'Hethur', 'imans@example.net', '+49 2108 322155', 'Augenoptiker', '', 'EN', 'MISSING-9650'),
  ('CON-00220', 'Saban', 'Renner', 'antonie33@example.com', '+498255671478', 'Forstwirt', 'Sponsor', 'Deutsch', 'CUST-M1114'),
  ('CON-00221', 'Ehrhard', 'Hermighausen', 'reinhardthanno@example.net', '+49 6653 099910', 'Programmierer', 'decision maker', 'German', 'CUST-M1114'),
  ('CON-00222', 'Rosita', 'Täsche', 'fjaekel@example.org', '+490970252938', 'Asphaltbauer', 'Endanwender', 'Englisch', 'CUST-M1115'),
  ('CON-00223', 'Erdmute', 'Heinrich', 'uschi04@example.com', '+49 2102 269226', 'Polizist', 'Techniker', 'German', 'CUST-M1115'),
  ('CON-00224', 'Andrei', 'Niemeier', 'hoevelottomar@example.com', '(0119) 761384', 'Beamter', 'Sponsor', 'Französisch', 'CUST-M1115'),
  ('CON-00225', 'Ines', 'Nerger', 'khecker@example.net', '+491106318777', 'Bäcker', 'End User', 'EN', 'CUST-M1116'),
  ('CON-00226', 'Liesel', 'Gute', 'idabaerer@example.net', 'N/A', 'Elektroniker', 'Endanwender', 'Deutsch', 'MISSING-9824'),
  ('CON-00227', 'Anastasios', 'Carsten', 'annikavogt@example.net', '+49 8474 518552', 'Bäcker', 'Executive Sponsor', 'en', 'CUST-M1117'),
  ('CON-00228', 'Christiane', 'Schlosser', 'giuseppina03@example.org', '0242291369', 'Fachinformatiker', 'Sponsor', 'de', 'CUST-M1118'),
  ('CON-00229', 'Bogdan', 'Junck', 'zbigniewsoelzer@example.com', '+495177006392', 'Schornsteinfeger', 'Sponsor', 'en', 'CUST-M1118'),
  ('CON-00230', 'Selim', 'Seidel', 'ottomarpaertzelt@example.com', '(5103) 531287', 'Forstwirt', 'End User', 'DE', 'MISSING-9384'),
  ('CON-00231', 'Luis', 'Schweitzer', 'paertzeltthorben@example.org', '+490546973650', 'Chemikant', 'Techniker', 'French', 'CUST-M1120'),
  ('CON-00232', 'Irina', 'Schuchhardt', 'friedrichstaude@example.org', '+49 1060 642843', 'Medizininformatiker', 'Entscheider', 'EN', 'CUST-M1120'),
  ('CON-00233', 'Meinolf', 'Reuter', 'liebeltmia@example.com', '+499719695363', 'Drogist', 'Entscheider', 'englisch', 'CUST-M1120'),
  ('CON-00234', 'Kunibert', 'Römer', 'lorchcatherine@example.com', '2845811315', 'Informatiker', 'End User', 'englisch', 'CUST-M1121'),
  ('CON-00235', 'Christian', 'Gertz', 'yotto@example.net', '2563288754', 'Artist', 'Technischer Ansprechpartner', 'English', 'CUST-M1121'),
  ('CON-00236', 'Birgitt', 'Koch II', 'cindy84@example.com', '+492406322476', 'Designer', 'Decision Maker', 'englisch', 'CUST-M1121'),
  ('CON-00237', 'Kathy', 'Hartung', 'shesse@example.org', 'N/A', 'Arzt', 'Endanwender', 'de', 'CUST-M1122'),
  ('CON-00238', 'Eckhardt', 'Harloff', 'fredi56@example.org', '+494589182492', 'Techniker', 'decision maker', 'DE', 'CUST-M1123'),
  ('CON-00239', 'Heinz-Jürgen', 'Mentzel', 'roemerantonietta@example.com', '+494747113421', 'Elektroniker', 'Decision Maker', 'Französisch', 'CUST-M1123'),
  ('CON-00240', 'Marisa', 'Gehringer', 'sofiakoch-ii@example.org', '+49 4261 487887', 'Ausbaufacharbeiter', 'Decision Maker', 'DE', 'CUST-M1123'),
  ('CON-00241', 'Katarzyna', 'Neuschäfer', 'monique02@example.net', '(8835) 326612', 'Fleischer', 'Endanwender', 'FR', 'CUST-M1124'),
  ('CON-00242', 'Gabriel', 'Koch II', 'ghaering@example.net', '(1083) 096316', 'Koreanistiker', 'Endanwender', 'englisch', 'CUST-M1124'),
  ('CON-00243', 'Eckhard', 'Gertz', 'trommlersilke@example.org', '(5611) 589908', 'Mechaniker', 'Endanwender', 'DE', 'CUST-M1124'),
  ('CON-00244', 'Nancy', 'Junck', 'nkambs@example.com', '+497148826485', 'Drogist', 'Technical Contact', 'Französisch', 'MISSING-9433'),
  ('CON-00245', 'Danny', 'Tlustek', 'bklotz@example.net', '+496383927134', 'Informatiker', 'Technical Contact', 'EN', 'MISSING-9926'),
  ('CON-00246', 'Dorit', 'Reising', 'lbeier@example.net', '+490550490195', 'Binnenschiffer', 'Executive Sponsor', 'Deutsch', 'MISSING-9616'),
  ('CON-00247', 'Walter', 'Zorbach', 'magretwiek@example.com', NULL, 'Winzer', 'Executive Sponsor', 'fr', 'CUST-M1126'),
  ('CON-00248', 'Anthony', 'Junitz', 'juri50@example.org', 'N/A', 'Polizist', 'decision maker', 'englisch', 'CUST-M1126'),
  ('CON-00249', 'Francesco', 'Ullrich', 'frauke23@example.net', '+49 7190 730151', 'Arzt', 'decision maker', 'en', 'CUST-M1126'),
  ('CON-00250', 'Claudio', 'Geißler', 'swantjestey@example.org', '6615861214', 'Beamter', 'Techniker', 'DE', 'CUST-M1127'),
  ('CON-00251', 'Beatrix', 'Bähr', NULL, '(1148) 040805', 'Designer', 'Endanwender', 'FR', 'CUST-M1128'),
  ('CON-00252', 'Hasso', 'Wilms', 'liebeltfriedrich@example.com', '+494174813993', 'Altenpfleger', 'Executive Sponsor', 'fr', 'CUST-M1129'),
  ('CON-00253', 'Ivo', 'Anders', 'hbruder@example.com', '+496157239814', 'Schornsteinfeger', 'Endanwender', 'French', 'CUST-M1129'),
  ('CON-00254', 'Raphaela', 'Warmer', 'katrinbeer@example.org', '6241043768', 'Elektroniker', 'Technical Contact', 'DE', 'CUST-M1129'),
  ('CON-00255', 'Igor', 'Bärer', 'doehnjustus@example.org', '+49 9318 555587', 'Augenoptiker', 'N/A', 'Französisch', 'CUST-M1130'),
  ('CON-00256', 'Benita', 'Dippel', '', '+49 1205 636654', 'Bäcker', 'Technical Contact', 'DE', 'CUST-M1130'),
  ('CON-00257', 'Cäcilie', 'Drubin', 'scheuermannrobby@example.com', '+49 3549 727025', 'Drogist', 'decision maker', 'German', 'CUST-M1131'),
  ('CON-00258', 'Rene', 'Warmer', 'eckbauertilly@example.org', '+49 9353 939567', 'Erzieher', 'Sponsor', 'French', 'CUST-M1132'),
  ('CON-00259', 'Helge', 'Hölzenbecher', 'rgroettner@example.org', '(2895) 295495', 'Forstwirt', 'Entscheider', 'en', 'CUST-M1132'),
  ('CON-00260', 'Hans Peter', 'Hentschel', 'raikhaase@example.com', '(6502) 214270', 'Ausbaufacharbeiter', 'Executive Sponsor', 'FR', 'CUST-M1133'),
  ('CON-00261', 'Michaela', 'Carsten', 'anneliesehauffer@example.net', '9922725433', 'Pilot', 'Executive Sponsor', 'englisch', 'CUST-M1133'),
  ('CON-00262', 'Elias', 'Wernecke', 'sergebuchholz@example.net', '', 'Winzer', '', 'English', 'CUST-M1134'),
  ('CON-00263', 'Rudolph', 'Stoll', 'liloweinhold@example.com', '(3335) 417787', 'Asphaltbauer', 'Decision Maker', 'EN', 'CUST-M1134'),
  ('CON-00264', 'Utz', 'Trub', 'gretchenhuebel@example.org', '+49 6469 133535', 'Krankenschwester', 'End User', 'Englisch', 'CUST-M1135'),
  ('CON-00265', 'Notburga', 'Niemeier', 'shuhn@example.com', '(8078) 714800', 'Altenpfleger', 'end user', 'DE', 'MISSING-9197'),
  ('CON-00266', 'Gerwin', 'Zahn', 'smude@example.net', '(1811) 120383', 'Informatiker', 'Sponsor', 'English', 'CUST-M1136'),
  ('CON-00267', 'Rolf', 'Wernecke', 'kjungfer@example.org', '(1230) 511489', 'Florist', 'Technical Contact', 'Französisch', 'CUST-M1137'),
  ('CON-00268', 'Mechtild', 'Hauffer', 'ruben51@example.org', '0740016463', 'Koreanistiker', 'Technischer Ansprechpartner', 'en', 'CUST-M1137'),
  ('CON-00269', 'Mina', 'Pruschke', 'maelzerjoerg-peter@example.org', '1567989873', 'Programmierer', 'decision maker', 'Deutsch', 'MISSING-9755'),
  ('CON-00270', 'Raissa', 'Misicher', 'gerda45@example.com', '(3615) 556463', 'Erzieher', 'Entscheider', 'Französisch', 'CUST-M1138'),
  ('CON-00271', 'Solveig', 'Mies', 'tobias70@example.org', '+49 5512 295630', 'Techniker', 'Endanwender', 'French', 'CUST-M1138'),
  ('CON-00272', 'Ivonne', 'Hande', 'sveavan-der-dussen@example.net', '(6831) 573147', 'Augenoptiker', 'Entscheider', 'de', 'CUST-M1138'),
  ('CON-00273', 'Nadine', 'Röhrdanz', 'edit52@example.net', '+49 3158 934283', 'Medizininformatiker', 'Technical Contact', 'Deutsch', 'CUST-M1139'),
  ('CON-00274', 'Agnes', 'Vollbrecht', 'katharinarudolph@example.org', '+49 1852 087190', 'Florist', 'Entscheider', 'French', 'CUST-M1139'),
  ('CON-00275', 'Karlheinz', 'Oderwald', '', '+492713920841', 'Forstwirt', 'N/A', 'DE', 'CUST-M1139'),
  ('CON-00276', 'Yilmaz', 'Bauer', 'kaestereduard@example.org', '+49 0712 304859', 'Chemikant', 'Techniker', 'Deutsch', 'CUST-M1140'),
  ('CON-00277', 'Karl-Dieter', 'Fritsch', 'wesackklaus-ulrich@example.org', NULL, 'Elektroniker', 'Executive Sponsor', 'French', 'CUST-M1140'),
  ('CON-00278', 'Ulf', 'Schönland', 'wiltrudjunken@example.com', '5343454177', 'Polizist', 'Executive Sponsor', 'French', 'MISSING-9238'),
  ('CON-00279', 'Betina', 'Rohleder', 'tanja96@example.org', '(7057) 110734', 'Polizist', 'Executive Sponsor', 'French', 'MISSING-9832'),
  ('CON-00280', 'Magdalena', 'Täsche', 'gerhart42@example.net', '(0406) 156734', 'Altenpfleger', 'Executive Sponsor', 'DE', 'CUST-M1141'),
  ('CON-00281', 'Helmar', 'Werner', 'jockelgoetz@example.org', '+49 0233 343580', 'Bäcker', 'decision maker', 'DE', 'CUST-M1142'),
  ('CON-00282', 'Vincent', 'Carsten', 'miriammaelzer@example.net', '(2882) 959856', 'Forstwirt', 'Sponsor', 'en', 'CUST-M1143'),
  ('CON-00283', 'Siegward', 'Junitz', 'striebitznelly@example.org', '+493159809058', 'Techniker', 'Techniker', 'deutsch', 'CUST-M1144'),
  ('CON-00284', 'Nikolaos', 'Trub', 'kfischer@example.org', NULL, 'Drogist', 'Entscheider', 'German', 'CUST-M1144'),
  ('CON-00285', 'Claire', 'Cichorius', 'elmahoffmann@example.com', '+49 9194 616531', 'Artist', 'Decision Maker', 'de', 'CUST-M1145'),
  ('CON-00286', 'Bela', 'Möchlichen', 'christl25@example.com', '(5486) 155684', 'Chemikant', 'End User', 'DE', 'CUST-M1145'),
  ('CON-00287', 'Tony', 'Gieß', 'amaliaehlert@example.net', NULL, 'Drogist', 'End User', 'Französisch', 'CUST-M1145'),
  ('CON-00288', 'Gotthard', 'Werner', 'emans@example.net', '+495720320940', 'Pfleger', 'Executive Sponsor', 'Französisch', 'CUST-M1146'),
  ('CON-00289', 'Anika', 'Säuberlich', 'ztrapp@example.net', '+49 9964 763517', 'Fachinformatiker', 'Decision Maker', 'DE', 'CUST-M1146'),
  ('CON-00290', 'Drago', 'Höfig', 'ebudig@example.com', '+497483856665', 'Programmierer', 'Sponsor', 'Englisch', 'CUST-M1147'),
  ('CON-00291', 'Herrmann', 'Gröttner', 'erdoganotto@example.com', '5112958189', 'Arzt', 'Decision Maker', 'de', 'MISSING-9823'),
  ('CON-00292', 'Ernst-August', 'Seifert', 'ingolf01@example.org', 'N/A', 'Winzer', NULL, 'Französisch', 'CUST-M1148'),
  ('CON-00293', 'Gerard', 'Becker', NULL, NULL, 'Bäcker', 'Executive Sponsor', 'EN', 'CUST-M1148'),
  ('CON-00294', 'Jutta', 'Baum', 'zdravkosuessebier@example.org', '3087052191', 'Pilot', 'Endanwender', 'German', 'CUST-M1149'),
  ('CON-00295', 'Dietlind', 'Schuchhardt', 'elisabethschoenland@example.org', '9698111431', 'Medizininformatiker', 'Entscheider', 'de', 'CUST-M1150'),
  ('CON-00296', 'Hedi', 'Wohlgemut', 'jdoerschner@example.com', '+49 5543 588887', 'Krankenschwester', 'Technical Contact', 'fr', 'CUST-M1150'),
  ('CON-00297', 'Stefania', 'Baum', 'jessika07@example.net', NULL, 'Fachinformatiker', '', 'English', 'MISSING-9512'),
  ('CON-00298', 'Laszlo', 'Adler', 'kunigundeholsten@example.org', '(5666) 694907', 'Medizininformatiker', 'N/A', 'FR', 'CUST-M1151'),
  ('CON-00299', 'Nadine', 'Trommler', 'caroline04@example.com', '(0424) 440829', 'Erzieher', 'decision maker', 'EN', 'CUST-M1152'),
  ('CON-00300', 'Augusta', 'Wagner', 'pseifert@example.net', '+496344752952', 'Chemikant', 'Endanwender', 'de', 'CUST-M1152'),
  ('CON-00301', 'Eduard', 'Holt', 'lukasscheibe@example.com', '+499636037357', 'Elektroniker', 'End User', 'Englisch', 'CUST-M1153'),
  ('CON-00302', 'Lilian', 'Kade', 'ingetraut13@example.net', '+499077242092', 'Forstwirt', 'Executive Sponsor', 'de', 'CUST-M1153'),
  ('CON-00303', 'Malgorzata', 'Hövel', 'kunigunda78@example.com', '+492467214798', 'Altenpfleger', 'Technischer Ansprechpartner', 'EN', 'MISSING-9595'),
  ('CON-00304', 'Frederik', 'Hentschel', 'sladeck@example.com', NULL, 'Drogist', '', 'Englisch', 'CUST-M1154'),
  ('CON-00305', 'Thea', 'Losekann', 'holtheiderose@example.net', '(8134) 451239', 'Winzer', 'Executive Sponsor', 'English', 'CUST-M1155'),
  ('CON-00306', 'Salih', 'Ruppersberger', 'invalid@mail', '', 'Medizininformatiker', 'decision maker', 'English', 'MISSING-9135'),
  ('CON-00307', 'Heide-Marie', 'Gnatz', 'hedy96@example.org', 'N/A', 'Programmierer', 'Entscheider', 'DE', 'CUST-M1156'),
  ('CON-00308', 'Jenny', 'Häring', 'donatazirme@example.org', '(4584) 805735', 'Binnenschiffer', 'Technischer Ansprechpartner', 'DE', 'CUST-M1157'),
  ('CON-00309', 'Klaus-Michael', 'Gumprich', 'wagenknechtjens-peter@example.net', '+49 2218 916626', 'Polizist', 'Techniker', 'English', 'CUST-M1158'),
  ('CON-00310', 'Teresa', 'Ehlert', '', '+490986195680', 'Polizist', 'Decision Maker', 'Französisch', 'CUST-M1158'),
  ('CON-00311', 'Till', 'Caspar', 'blinke@example.com', '(1903) 148531', 'Pfleger', 'Technical Contact', 'DE', 'MISSING-9595'),
  ('CON-00312', 'Gunter', 'Christoph', 'paulbeer@example.com', 'N/A', 'Programmierer', 'Technischer Ansprechpartner', 'deutsch', 'CUST-M1159'),
  ('CON-00313', 'Ludger', 'Wähner', 'ramona65@example.com', '6035429916', 'Informatiker', 'Technical Contact', 'fr', 'CUST-M1159'),
  ('CON-00314', 'Natalja', 'Schmiedt', 'carl52@example.net', NULL, 'Fleischer', 'Executive Sponsor', 'German', 'CUST-M1160'),
  ('CON-00315', 'Mattias', 'Junken', 'lilianabonbach@example.net', '9758248023', 'Elektroniker', 'end user', 'de', 'CUST-M1161'),
  ('CON-00316', 'Franka', 'Hermighausen', 'beckeraneta@example.org', '+499775294151', 'Asphaltbauer', 'End User', 'Englisch', 'CUST-M1162'),
  ('CON-00317', 'Franka', 'Butte', 'fboucsein@example.net', '(3789) 727052', 'Binnenschiffer', 'Techniker', 'en', 'CUST-M1162'),
  ('CON-00318', 'Violetta', 'Hellwig', 'mathilde83@example.com', '6828215844', 'Informatiker', 'Technischer Ansprechpartner', 'Englisch', 'CUST-M1163'),
  ('CON-00319', 'Emma', 'Pergande', 'lvan-der-dussen@example.com', '(8898) 855938', 'Koreanistiker', 'N/A', 'DE', 'CUST-M1163'),
  ('CON-00320', 'Birgitt', 'Fliegner', 'natalja23@example.com', 'N/A', 'Medizininformatiker', 'Decision Maker', 'FR', 'CUST-M1164'),
  ('CON-00321', 'Freia', 'Warmer', 'joergenetzler@example.net', '8092262438', 'Mechaniker', 'Endanwender', 'Französisch', 'CUST-M1164'),
  ('CON-00322', 'Ralph', 'Schlosser', 'domenicobinner@example.org', '(3765) 934393', 'Winzer', 'Technical Contact', 'englisch', 'CUST-M1165'),
  ('CON-00323', 'Iris', 'Atzler', 'hmeister@example.org', '3766013517', 'Erzieher', 'End User', 'fr', 'MISSING-9337'),
  ('CON-00324', 'Wanda', 'Dowerg', 'lgertz@example.net', '6099166274', 'Polizist', 'decision maker', 'fr', 'MISSING-9804'),
  ('CON-00325', 'Birgid', 'Henschel', 'rebecca73@example.net', '6874593970', 'Chemikant', NULL, 'DE', 'CUST-M1166'),
  ('CON-00326', 'Marija', 'Winkler', 'invalid@mail', '+49 9659 143182', 'Informatiker', 'Endanwender', 'DE', 'CUST-M1167'),
  ('CON-00327', 'Galina', 'Hornig', 'bluemeladriana@example.org', '(4989) 972072', 'Forstwirt', 'Technischer Ansprechpartner', 'Deutsch', 'CUST-M1167'),
  ('CON-00328', 'Holger', 'Schüler', 'francoisecarsten@example.net', '(8760) 181797', 'Arzt', 'Sponsor', 'deutsch', 'CUST-M1167'),
  ('CON-00329', 'Theresia', 'Gutknecht', 'invalid@mail', '+497751593110', 'Techniker', 'decision maker', 'Deutsch', 'CUST-M1168'),
  ('CON-00330', 'Jane', 'Birnbaum', 'rahel94@example.org', '+491266844601', 'Chirurgiemechaniker', 'Sponsor', 'deutsch', 'CUST-M1168'),
  ('CON-00331', 'Till', 'Trommler', 'tlachmann@example.net', 'N/A', 'Krankenschwester', 'Sponsor', 'French', 'CUST-M1169'),
  ('CON-00332', 'Jonas', 'Reising', 'trudimentzel@example.org', '+49 9523 993402', 'Forstwirt', 'Decision Maker', 'German', 'CUST-M1169'),
  ('CON-00333', 'Walter', 'Mühle', 'doerschnerfrithjof@example.com', '3091762711', 'Ausbaufacharbeiter', 'Sponsor', 'French', 'CUST-M1170'),
  ('CON-00334', 'Patrik', 'Atzler', 'pwirth@example.net', '+492508698026', 'Techniker', NULL, 'en', 'CUST-M1170'),
  ('CON-00335', 'Janett', 'Seidel', 'kay-uwe13@example.net', '2571449470', 'Asphaltbauer', 'End User', 'EN', 'CUST-M1171'),
  ('CON-00336', 'Conrad', 'Heuser', 'matteo97@example.net', '+496873606331', 'Schornsteinfeger', 'Entscheider', 'English', 'CUST-M1171'),
  ('CON-00337', 'Eggert', 'Flantz', 'hornigcaroline@example.net', '+495417201068', 'Chemikant', 'Technical Contact', 'Französisch', 'CUST-M1172'),
  ('CON-00338', 'Hans-Eberhard', 'Förster', 'aziz80@example.net', '4060789856', 'Augenoptiker', 'Techniker', 'FR', 'CUST-M1172'),
  ('CON-00339', 'Frida', 'Freudenberger', 'erkan47@example.org', '+491771751469', 'Polizist', 'End User', 'Englisch', 'CUST-M1173'),
  ('CON-00340', 'Etta', 'Schottin', 'invalid@mail', '(9757) 464349', 'Designer', '', 'FR', 'MISSING-9779'),
  ('CON-00341', 'Karl-Jürgen', 'Zänker', 'kreinvioletta@example.com', '3641418443', 'Augenoptiker', 'Sponsor', 'fr', 'CUST-M1174'),
  ('CON-00342', 'Jörg-Peter', 'Gerlach', 'ritterrolf-dieter@example.com', '+49 0984 643331', 'Fleischer', 'Endanwender', 'de', 'CUST-M1175'),
  ('CON-00343', 'Margarete', 'Berger', 'mitschkekarin@example.net', '+496060311666', 'Friseur', 'End User', 'de', 'CUST-M1176'),
  ('CON-00344', 'Benedikt', 'Biggen', 'zeki39@example.org', '(1822) 542154', 'Schornsteinfeger', 'N/A', 'fr', 'MISSING-9335'),
  ('CON-00345', 'Matthias', 'Kraus', 'whess@example.org', NULL, 'Polizist', NULL, 'French', 'CUST-M1176'),
  ('CON-00346', 'Enver', 'Geisel', 'wolfganggunpf@example.com', '6607934660', 'Fleischer', 'Decision Maker', 'deutsch', 'MISSING-9027'),
  ('CON-00347', 'Hildegart', 'Fliegner', 'qrogner@example.com', '7411219305', 'Programmierer', NULL, 'englisch', 'CUST-M1177'),
  ('CON-00348', 'Nathalie', 'Jähn', 'manuel31@example.com', '+498291069697', 'Fleischer', 'Sponsor', 'deutsch', 'CUST-M1178'),
  ('CON-00349', 'Ruthild', 'Lindner', 'utrub@example.com', '+494023778584', 'Pfleger', '', 'German', 'CUST-M1179'),
  ('CON-00350', 'Karl-Jürgen', 'Koch', 'invalid@mail', '', 'Drogist', 'End User', 'DE', 'CUST-M1179'),
  ('CON-00351', 'Dorit', 'Löffler', 'invalid@mail', '+49 0872 300062', 'Artist', 'Decision Maker', 'englisch', 'CUST-M1179'),
  ('CON-00352', 'Tatjana', 'Kranz', 'riehldenise@example.org', '(1549) 823434', 'Polizist', 'Decision Maker', 'de', 'CUST-M1180'),
  ('CON-00353', 'Anna-Marie', 'Bien', 'N/A', '+49 6944 511358', 'Beamter', 'End User', 'FR', 'CUST-M1181'),
  ('CON-00354', 'Willibald', 'Haering', 'florentine67@example.net', NULL, 'Krankenschwester', 'Executive Sponsor', 'englisch', 'CUST-M1181'),
  ('CON-00355', 'Liliana', 'Blümel', 'steykarl-friedrich@example.org', '+496509160645', 'Pilot', 'Entscheider', 'Französisch', 'CUST-M1182'),
  ('CON-00356', 'Konstantin', 'Karz', 'baererfelicitas@example.net', '+49 7341 718967', 'Winzer', 'End User', 'French', 'CUST-M1182'),
  ('CON-00357', 'Milena', 'Holzapfel', 'qzahn@example.org', '+499938543473', 'Drogist', 'Techniker', 'en', 'CUST-M1183'),
  ('CON-00358', 'Elwira', 'Nohlmans', 'gordanaholzapfel@example.org', '(5171) 542923', 'Friseur', 'Executive Sponsor', 'German', 'CUST-M1183'),
  ('CON-00359', 'Henriette', 'Gutknecht', 'vpeukert@example.org', '(3521) 089207', 'Forstwirt', 'Entscheider', 'en', 'CUST-M1184'),
  ('CON-00360', 'Justina', 'Wulff', 'phahn@example.com', 'N/A', 'Drogist', 'Techniker', 'DE', 'CUST-M1184'),
  ('CON-00361', 'Nicolas', 'Krebs', 'margita92@example.org', '1140700894', 'Informatiker', 'Executive Sponsor', 'en', 'CUST-M1185'),
  ('CON-00362', 'Ulrike', 'Pechel', 'kschomber@example.org', '', 'Ausbaufacharbeiter', 'Technical Contact', 'Englisch', 'MISSING-9869'),
  ('CON-00363', 'Regine', 'Hecker', 'laura47@example.org', '+492420106817', 'Programmierer', 'Decision Maker', 'Deutsch', 'CUST-M1185'),
  ('CON-00364', 'Arne', 'Heser', 'manuel65@example.org', '+492535581913', 'Medizininformatiker', 'Endanwender', 'Englisch', 'CUST-M1186'),
  ('CON-00365', 'Patric', 'Oderwald', 'fwulf@example.net', '+494450982154', 'Ausbaufacharbeiter', 'Sponsor', 'DE', 'CUST-M1187'),
  ('CON-00366', 'Gino', 'Hölzenbecher', 'invalid@mail', '3944309396', 'Koreanistiker', 'Technischer Ansprechpartner', 'EN', 'CUST-M1188'),
  ('CON-00367', 'Mirjana', 'Nohlmans', 'gzimmer@example.net', '+49 8629 127503', 'Elektroniker', 'End User', 'de', 'MISSING-9207'),
  ('CON-00368', 'Eberhard', 'Schmiedt', 'ilhanhaering@example.com', '(9972) 158662', 'Designer', '', 'fr', 'CUST-M1189'),
  ('CON-00369', 'Barbara', 'Schmidt', 'mtschentscher@example.net', '3793091138', 'Asphaltbauer', 'Techniker', 'en', 'CUST-M1190'),
  ('CON-00370', 'Hella', 'Ziegert', 'wagnerfriedl@example.org', '(5708) 303935', 'Programmierer', 'End User', 'Englisch', 'CUST-M1191'),
  ('CON-00371', 'Elsa', 'Gorlitz', 'annedorekambs@example.net', 'N/A', 'Bankkaufmann', 'Technical Contact', 'French', 'CUST-M1192'),
  ('CON-00372', 'Rose', 'Hiller', 'holtattila@example.com', '+49 1239 203803', 'Bäcker', 'Entscheider', 'German', 'CUST-M1192'),
  ('CON-00373', 'Dorothee', 'Mosemann', 'ckohl@example.com', '7894451105', 'Polizist', 'N/A', 'englisch', 'CUST-M1192'),
  ('CON-00374', 'Carmela', 'Döring', 'gesa82@example.org', '+499936662720', 'Programmierer', 'Entscheider', 'de', 'CUST-M1193'),
  ('CON-00375', 'Arne', 'Jacob', 'harlofframazan@example.com', '(0900) 879480', 'Chirurgiemechaniker', 'Techniker', 'en', 'CUST-M1194'),
  ('CON-00376', 'Ludmilla', 'Beyer', 'paul91@example.org', '+49 4663 219828', 'Medizininformatiker', 'Technical Contact', 'German', 'CUST-M1195'),
  ('CON-00377', 'Ante', 'Weinhold', 'lina75@example.org', '5957801096', 'Arzt', 'Sponsor', 'englisch', 'MISSING-9664'),
  ('CON-00378', 'Ljubica', 'Roht', 'alfredobaerer@example.net', NULL, 'Mechaniker', 'Executive Sponsor', 'EN', 'CUST-M1196'),
  ('CON-00379', 'Heinz-Werner', 'Trubin', 'heckbauer@example.org', '', 'Mathematiker', 'Endanwender', 'EN', 'MISSING-9318'),
  ('CON-00380', 'Michael', 'Drubin', 'willi70@example.org', '+49 9258 624484', 'Fleischer', 'Executive Sponsor', 'Englisch', 'MISSING-9810'),
  ('CON-00381', 'Pamela', 'Wieloch', 'johannviola@example.com', '8085481615', 'Florist', 'Techniker', 'Englisch', 'CUST-M1197'),
  ('CON-00382', 'Katja', 'Albers', 'strohgreta@example.org', '+49 5596 019663', 'Krankenschwester', 'Executive Sponsor', 'French', 'CUST-M1198'),
  ('CON-00383', 'Ismet', 'Stey', 'wesackbekir@example.com', '(0731) 195040', 'Asphaltbauer', 'N/A', 'Deutsch', 'CUST-M1198'),
  ('CON-00384', 'Gretl', 'Eimer', 'xaver79@example.com', '(5183) 714029', 'Pfleger', '', 'EN', 'CUST-M1199'),
  ('CON-00385', 'Catharina', 'Pieper', 'meral79@example.net', '4194595908', 'Friseur', 'Decision Maker', 'German', 'CUST-M1199'),
  ('CON-00386', 'Sergei', 'Zänker', 'inkakreusel@example.org', NULL, 'Asphaltbauer', 'decision maker', 'FR', 'CUST-M1200'),
  ('CON-00387', 'Eckart', 'Juncken', 'kaetheaumann@example.net', '+49 9308 201968', 'Chirurgiemechaniker', NULL, 'englisch', 'CUST-M1018_DUP'),
  ('CON-00388', 'Anna-Maria', 'Schäfer', '', '5890237379', 'Binnenschiffer', 'Technical Contact', 'EN', 'CUST-M1018_DUP'),
  ('CON-00389', 'Gunhild', 'Karge', 'unohlmans@example.org', NULL, 'Artist', 'Sponsor', 'FR', 'CUST-M1018_DUP'),
  ('CON-00390', 'Marko', 'Mende', 'wirthhalina@example.net', '(8904) 072962', 'Beamter', 'Entscheider', 'English', 'CUST-M1152_DUP'),
  ('CON-00391', 'Krystyna', 'Hövel', 'heinrichrobin@example.com', '+49 4158 221226', 'Winzer', 'End User', 'English', 'CUST-M1152_DUP'),
  ('CON-00392', 'Abram', 'Bohnbach', 'mahmoudgnatz@example.com', '(1207) 133560', 'Augenoptiker', 'End User', 'englisch', 'CUST-M1186_DUP'),
  ('CON-00393', 'Herta', 'Steckel', '', 'N/A', 'Pilot', 'End User', 'fr', 'CUST-M1091_DUP'),
  ('CON-00394', 'Ansgar', 'Tlustek', 'noackflorian@example.com', '+496560922422', 'Elektroniker', 'end user', 'fr', 'CUST-M1072_DUP'),
  ('CON-00395', 'Reinhold', 'Bauer', 'kochekrem@example.org', NULL, 'Chirurgiemechaniker', 'Techniker', 'deutsch', 'CUST-M1176_DUP'),
  ('CON-00396', 'Emil', 'Franke', 'invalid@mail', '9983485352', 'Erzieher', 'Sponsor', 'English', 'CUST-M1176_DUP'),
  ('CON-00397', 'Minna', 'Lindner', 'qkoch@example.net', '', 'Techniker', 'Techniker', 'en', 'CUST-M1081_DUP'),
  ('CON-00398', 'Ryszard', 'Dowerg', 'N/A', '+49 1808 582029', 'Schornsteinfeger', 'Sponsor', 'DE', 'CUST-M1178_DUP'),
  ('CON-00399', 'Heinz-Willi', 'Tröst', 'heikofiebig@example.net', '', 'Pfleger', 'Technischer Ansprechpartner', 'fr', 'CUST-M1178_DUP'),
  ('CON-00400', 'Jacqueline', 'Römer', 'ystiebitz@example.org', NULL, 'Koreanistiker', 'Sponsor', 'Französisch', 'CUST-M1178_DUP'),
  ('CON-00401', 'Siegfried', 'Paffrath', 'maelzerchantal@example.org', '+49 0301 883282', 'Krankenschwester', 'Executive Sponsor', 'englisch', 'CUST-M1148_DUP'),
  ('CON-00402', 'Solveig', 'Tlustek', 'janos52@example.org', '+49 3402 403657', 'Schornsteinfeger', 'Techniker', 'Französisch', 'CUST-M1163_DUP'),
  ('CON-00403', 'Eugenia', 'Fechner', 'qpreiss@example.com', NULL, 'Fachinformatiker', '', 'DE', 'CUST-M1163_DUP');

INSERT INTO master_opportunities (opp_kennung, titel, vertriebsphase, zieldatum, auftragswert, waehrungscode, kunden_ref) VALUES
  ('OPP-00001', 'Cultivate Visionary Schemas', 'In Kontakt', '2025-11-13', '116121.28', 'chf', 'KD-M1001'),
  ('OPP-00002', 'Revolutionize Bricks-And-Clicks Users', 'qualification', '16.10.2026', 'EUR 144893.69', 'EUR', 'KD-M1001'),
  ('OPP-00003', 'Transform Granular Methodologies', 'closed won', '4/25/2025', 'EUR 368803.66', 'USD', 'KD-M1001'),
  ('OPP-00004', 'Enhance Visionary Portals', 'Quali', '20260129', 'None', 'chf', 'KD-M1002'),
  ('OPP-00005', 'Re-Intermediate One-To-One Content', 'Abgeschlossen (Verloren)', '20260217', 'EUR 90815.52', '$', 'KD-M1002'),
  ('OPP-00006', 'Empower Magnetic Portals', 'In Kontakt', '2025-11-12', 'EUR 51651.12', 'Euro', 'KD-M1002'),
  ('OPP-00007', 'Brand Web-Enabled Initiatives', 'Abgeschlossen (Gewonnen)', '20270129', '-27539.24', 'CHF', 'KD-M1003'),
  ('OPP-00008', 'Revolutionize World-Class Content', 'Closed Won', '2027-06-02', 'EUR 433002.16', 'gbp', 'KD-M1004'),
  ('OPP-00009', 'Redefine Seamless Interfaces', 'LOST', '2/13/2027', '-39128.57', 'Dollar', 'KD-M1004'),
  ('OPP-00010', 'Expedite Value-Added Web Services', 'qualification', '2025-05-26', '-185487.88', '€', 'KD-M9724'),
  ('OPP-00011', 'Matrix Clicks-And-Mortar Architectures', 'prospecting', '2025-02-06', 'EUR 59866.61', 'GBP', 'KD-M1005'),
  ('OPP-00012', 'Transform B2B Metrics', 'Quali', '14.04.2025', '400.902,63', 'gbp', 'KD-M1005'),
  ('OPP-00013', 'Syndicate Holistic Communities', 'closed won', '01.08.2024', '-193824.73', 'GBP', 'KD-M1006'),
  ('OPP-00014', 'Disintermediate Compelling Mindshare', 'Closed Lost', '2025-02-16', '-414355.17', 'CHF', 'KD-M1006'),
  ('OPP-00015', 'Target Mission-Critical Paradigms', 'LOST', '2/16/2027', '484.747,49', 'chf', 'KD-M1006'),
  ('OPP-00016', 'Re-Contextualize Integrated Web-Readiness', 'Qualifikation', '20270223', '-225109.45', 'CHF', 'KD-M1006'),
  ('OPP-00017', 'Deploy Leading-Edge Relationships', 'LOST', '23.05.2027', '10442.41', 'chf', 'KD-M1007'),
  ('OPP-00018', 'Leverage Robust Technologies', 'PROSPECTING', '4/6/2025', '0', '$', 'KD-M1007'),
  ('OPP-00019', 'Reinvent Real-Time Paradigms', 'Abgeschlossen (Verloren)', '16.08.2026', '149.120,32', 'CHF', 'KD-M1007'),
  ('OPP-00020', 'Brand Cross-Media Communities', 'Closed Lost', '16.07.2024', '446594.21', 'Euro', 'KD-M1008'),
  ('OPP-00021', 'Utilize Impactful Convergence', 'Abgeschlossen (Gewonnen)', '29.09.2026', '118.790,82', 'Euro', 'KD-M1008'),
  ('OPP-00022', 'Synergize Strategic Applications', 'In Kontakt', '2027-05-17', '-198950.94', 'USD', 'KD-M9082'),
  ('OPP-00023', 'Evolve Rich Infrastructures', 'prospecting', '7/6/2025', '-157957.06', 'GBP', 'KD-M1009'),
  ('OPP-00024', 'Architect Scalable Synergies', 'Gewonnen', '2025-10-20', 'EUR 376638.17', 'CHF', 'KD-M1009'),
  ('OPP-00025', 'Extend Out-Of-The-Box E-Business', 'In Prüfung', '05.11.2024', '138962.65', 'Euro', 'KD-M1010'),
  ('OPP-00026', 'Scale End-To-End Methodologies', 'In Prüfung', '20270625', '-96124.06', 'EUR', 'KD-M9205'),
  ('OPP-00027', 'Deliver Front-End E-Business', 'PROSPECTING', '1/9/2025', 'None', 'chf', 'KD-M9870'),
  ('OPP-00028', 'Monetize Intuitive Eyeballs', 'prospecting', '20241005', '362.000,55', '$', 'KD-M1011'),
  ('OPP-00029', 'Morph E-Business Deliverables', 'lost', '29.09.2024', '226.498,44', 'CHF', 'KD-M1012'),
  ('OPP-00030', 'Mesh Killer Convergence', 'Closed Won', '08.03.2026', '-314982.37', 'CHF', 'KD-M1012'),
  ('OPP-00031', 'Evolve Collaborative Experiences', 'In Prüfung', '09.11.2024', '-147396.22', 'Euro', 'KD-M1012'),
  ('OPP-00032', 'Matrix Cross-Media Synergies', 'LOST', '9/28/2025', '-166254.12', 'CHF', 'KD-M1012'),
  ('OPP-00033', 'Iterate Efficient Markets', 'Quali', '20260415', '0', '$', 'KD-M1013'),
  ('OPP-00034', 'Engineer Seamless Deliverables', 'In Kontakt', '20250806', 'None', 'chf', 'KD-M1013'),
  ('OPP-00035', 'Empower Dynamic Eyeballs', 'Abgeschlossen (Verloren)', '20261128', '-72558.41', '$', 'KD-M1014'),
  ('OPP-00036', 'Syndicate Strategic Info-Mediaries', 'Closed Lost', '3/20/2027', '-252007.6', 'USD', 'KD-M1014'),
  ('OPP-00037', 'Drive Best-Of-Breed E-Markets', 'Verloren', '2027-02-18', '101457.02', 'Euro', 'KD-M1014'),
  ('OPP-00038', 'Streamline Dot-Com Relationships', 'Closed Won', '2027-05-23', '350894.16', 'Dollar', 'KD-M1015'),
  ('OPP-00039', 'Enable Viral Deliverables', 'Gewonnen', '2027-04-28', '176310.19', 'Euro', 'KD-M1015'),
  ('OPP-00040', 'Integrate Next-Generation Technologies', 'Closed Won', '20260417', '379340.1', 'GBP', 'KD-M1015'),
  ('OPP-00041', 'Repurpose Killer Markets', 'PROSPECTING', '2026-03-16', 'EUR 342477.24', '$', 'KD-M1016'),
  ('OPP-00042', 'Engineer Integrated E-Tailers', 'Won', '3/28/2027', '320.357,52', '£', 'KD-M1016'),
  ('OPP-00043', 'Exploit B2B Mindshare', 'Closed Lost', '20241123', '20757.6', 'gbp', 'KD-M1016'),
  ('OPP-00044', 'Architect Next-Generation Convergence', 'Won', '20260531', '442585.76', '$', 'KD-M1016'),
  ('OPP-00045', 'Deploy B2B Functionalities', 'In Kontakt', '10/20/2025', '459629.12', '£', 'KD-M1017'),
  ('OPP-00046', 'Generate Next-Generation E-Business', 'qualification', '29.11.2024', '50177.7', 'CHF', 'KD-M1017'),
  ('OPP-00047', 'Disintermediate Cutting-Edge Partnerships', 'In Kontakt', '4/14/2025', '-221911.13', 'CHF', 'KD-M1017'),
  ('OPP-00048', 'Implement Front-End Supply-Chains', 'qualification', '2025-04-10', '-401949.09', 'GBP', 'KD-M1018'),
  ('OPP-00049', 'Syndicate Front-End Models', 'prospecting', '2027-03-31', 'EUR 232974.85', 'CHF', 'KD-M1018'),
  ('OPP-00050', 'Visualize Cutting-Edge Metrics', 'Prospect', '20260722', '162.667,56', 'GBP', 'KD-M1018'),
  ('OPP-00051', 'Whiteboard Global Info-Mediaries', 'Qualification', '2/9/2027', '410.245,68', 'usd', 'KD-M1018'),
  ('OPP-00052', 'Repurpose Rich Technologies', 'Closed Lost', '20250302', '453.944,11', 'Dollar', 'KD-M1019'),
  ('OPP-00053', 'Embrace Cross-Media Web-Readiness', 'Abgeschlossen (Gewonnen)', '30.12.2024', '288273.0', 'CHF', 'KD-M1019'),
  ('OPP-00054', 'Incubate Impactful Convergence', 'Closed Lost', '5/30/2027', '220500.63', 'GBP', 'KD-M1019'),
  ('OPP-00055', 'Empower 24/7 Methodologies', 'PROSPECTING', '2026-10-19', '-164284.32', 'EUR', 'KD-M1020'),
  ('OPP-00056', 'Integrate Frictionless Communities', 'PROSPECTING', '20270628', '325.296,67', 'chf', 'KD-M1021'),
  ('OPP-00057', 'Streamline Global Synergies', 'Abgeschlossen (Gewonnen)', '2027-05-07', '165754.56', '$', 'KD-M9302'),
  ('OPP-00058', 'Generate Holistic Vortals', 'Closed Lost', '20270119', 'EUR 410491.41', 'Dollar', 'KD-M9921'),
  ('OPP-00059', 'Synthesize Next-Generation Synergies', 'LOST', '20251201', '422.733,59', 'usd', 'KD-M1022'),
  ('OPP-00060', 'Envisioneer Innovative Info-Mediaries', 'Closed Won', '26.09.2026', 'None', '€', 'KD-M1023'),
  ('OPP-00061', 'Optimize World-Class Networks', 'Gewonnen', '23.06.2025', '5.012,58', '€', 'KD-M1023'),
  ('OPP-00062', 'Deliver Global Paradigms', 'qualification', '10/17/2024', '286.691,75', 'gbp', 'KD-M1023'),
  ('OPP-00063', 'Expedite Wireless E-Services', 'Closed Lost', '26.08.2026', '427.474,50', 'Dollar', 'KD-M1024'),
  ('OPP-00064', 'Innovate Best-Of-Breed Networks', 'qualification', '20250523', '-38868.35', 'usd', 'KD-M1024'),
  ('OPP-00065', 'Leverage Seamless Platforms', 'Won', '20251105', '0', 'gbp', 'KD-M1025'),
  ('OPP-00066', 'Optimize Global Applications', 'LOST', '2027-01-31', 'EUR 141675.27', 'CHF', 'KD-M1025'),
  ('OPP-00067', 'Implement Robust Infrastructures', 'Abgeschlossen (Verloren)', '2025-09-08', '198748.62', 'chf', 'KD-M1026'),
  ('OPP-00068', 'Re-Intermediate Leading-Edge Technologies', 'In Prüfung', '8/18/2026', '-196916.26', '€', 'KD-M1026'),
  ('OPP-00069', 'Empower 24/365 Systems', 'Qualification', '20261214', '90.496,86', 'GBP', 'KD-M9919'),
  ('OPP-00070', 'Envisioneer Front-End Partnerships', 'Qualifikation', '20250626', '184019.52', 'gbp', 'KD-M1026'),
  ('OPP-00071', 'Extend Innovative E-Business', 'Verloren', '20250328', '262.309,80', 'CHF', 'KD-M1027'),
  ('OPP-00072', 'Innovate Web-Enabled Schemas', 'Verloren', '10/9/2026', '1.435,65', 'gbp', 'KD-M1027'),
  ('OPP-00073', 'Visualize E-Business Portals', 'Prospect', '2026-10-15', 'EUR 29297.83', 'USD', 'KD-M1027'),
  ('OPP-00074', 'Redefine Frictionless Partnerships', 'LOST', '2/5/2025', 'EUR 394781.69', '£', 'KD-M1027'),
  ('OPP-00075', 'Redefine Out-Of-The-Box Users', 'Gewonnen', '7/2/2026', '236.026,93', 'GBP', 'KD-M1028'),
  ('OPP-00076', 'Enhance Frictionless Schemas', 'lost', '2027-06-19', '171.444,62', 'gbp', 'KD-M1028'),
  ('OPP-00077', 'Deploy Efficient Paradigms', 'Gewonnen', '11/12/2024', 'None', 'chf', 'KD-M1029'),
  ('OPP-00078', 'Drive Transparent Users', 'Gewonnen', '20240829', '96520.99', 'gbp', 'KD-M1029'),
  ('OPP-00079', 'Aggregate Wireless Synergies', 'In Kontakt', '26.07.2026', 'None', 'chf', 'KD-M1030'),
  ('OPP-00080', 'Empower Mission-Critical Technologies', 'In Kontakt', '2026-09-16', '269272.77', 'GBP', 'KD-M1030'),
  ('OPP-00081', 'Matrix Transparent Vortals', 'LOST', '10/21/2025', '-134010.16', 'GBP', 'KD-M1030'),
  ('OPP-00082', 'Engineer Robust Deliverables', 'PROSPECTING', '20260912', 'EUR 277691.82', '$', 'KD-M9101'),
  ('OPP-00083', 'Deliver Integrated Bandwidth', 'Verloren', '6/7/2026', 'EUR 374538.36', 'Euro', 'KD-M1032'),
  ('OPP-00084', 'Repurpose Cross-Platform Systems', 'Abgeschlossen (Verloren)', '11.06.2025', 'EUR 231265.0', 'GBP', 'KD-M1032'),
  ('OPP-00085', 'Reinvent Magnetic Convergence', 'Abgeschlossen (Verloren)', '20260325', 'EUR 212273.41', 'USD', 'KD-M1032'),
  ('OPP-00086', 'Empower Sticky E-Tailers', 'Prospect', '2027-05-29', '359.157,62', 'CHF', 'KD-M1032'),
  ('OPP-00087', 'Drive One-To-One Metrics', 'Gewonnen', '20250212', '-400876.16', 'gbp', 'KD-M1033'),
  ('OPP-00088', 'Optimize Clicks-And-Mortar Metrics', 'Qualification', '2025-07-19', '134.062,82', 'GBP', 'KD-M1033'),
  ('OPP-00089', 'Scale Impactful Architectures', 'LOST', '07.08.2025', 'EUR 191435.4', 'GBP', 'KD-M1034'),
  ('OPP-00090', 'Incubate Distributed Roi', 'Verloren', '3/5/2025', 'EUR 71315.23', '£', 'KD-M1034'),
  ('OPP-00091', 'Enable Extensible E-Tailers', 'Verloren', '7/12/2024', '126.041,16', 'Dollar', 'KD-M1034'),
  ('OPP-00092', 'Strategize 24/365 Web-Readiness', 'Quali', '2024-12-15', 'EUR 211785.1', 'USD', 'KD-M9917'),
  ('OPP-00093', 'Embrace Back-End Infrastructures', 'lost', '20270205', 'EUR 271545.03', 'gbp', 'KD-M1035'),
  ('OPP-00094', 'Drive Open-Source Web-Readiness', 'Gewonnen', '26.11.2024', 'EUR 464755.82', 'gbp', 'KD-M1035'),
  ('OPP-00095', 'Scale Out-Of-The-Box Synergies', 'Qualifikation', '2025-03-06', '383202.31', 'GBP', 'KD-M1035'),
  ('OPP-00096', 'Reinvent Front-End E-Commerce', 'Abgeschlossen (Gewonnen)', '20260130', '383900.21', 'EUR', 'KD-M1036'),
  ('OPP-00097', 'Integrate Cross-Platform E-Commerce', 'Gewonnen', '10/3/2025', '198614.96', 'Euro', 'KD-M1036'),
  ('OPP-00098', 'Integrate Strategic Bandwidth', 'lost', '11.02.2025', '-10306.21', 'chf', 'KD-M1037'),
  ('OPP-00099', 'Visualize Distributed Deliverables', 'closed won', '5/2/2025', '-5371.59', 'chf', 'KD-M1037'),
  ('OPP-00100', 'Extend One-To-One E-Tailers', 'Won', '4/6/2026', 'EUR 47329.15', 'eur', 'KD-M1037'),
  ('OPP-00101', 'Whiteboard Intuitive Content', 'Abgeschlossen (Verloren)', '2024-12-17', '-410314.87', '€', 'KD-M1038'),
  ('OPP-00102', 'Generate Extensible Markets', 'prospecting', '11/8/2024', 'EUR 4408.92', '£', 'KD-M1038'),
  ('OPP-00103', 'Disintermediate Intuitive E-Business', 'In Prüfung', '2025-08-15', 'EUR 37026.13', 'EUR', 'KD-M1038'),
  ('OPP-00104', 'Revolutionize 24/7 Architectures', 'Closed Lost', '2/25/2025', '-112540.7', 'gbp', 'KD-M1039'),
  ('OPP-00105', 'Iterate Customized Synergies', 'Gewonnen', '20270614', 'EUR 463664.69', '€', 'KD-M1039'),
  ('OPP-00106', 'Engage Bleeding-Edge Portals', 'Qualifikation', '20261119', 'EUR 338848.07', 'chf', 'KD-M1039'),
  ('OPP-00107', 'Transform Real-Time E-Commerce', 'Gewonnen', '2027-05-29', '284.405,38', 'usd', 'KD-M1040'),
  ('OPP-00108', 'Generate Scalable Markets', 'Closed Lost', '2/2/2025', '444.808,10', 'CHF', 'KD-M1040'),
  ('OPP-00109', 'Facilitate Holistic Vortals', 'lost', '12/7/2025', 'EUR 23156.74', 'USD', 'KD-M1040'),
  ('OPP-00110', 'Matrix Global Web Services', 'LOST', '21.01.2027', '341.542,78', 'GBP', 'KD-M1041'),
  ('OPP-00111', 'Incentivize Enterprise Communities', 'qualification', '20270212', '125832.24', 'usd', 'KD-M1041'),
  ('OPP-00112', 'Orchestrate Clicks-And-Mortar Infrastructures', 'Qualification', '20250701', 'EUR 448794.27', 'Euro', 'KD-M1042'),
  ('OPP-00113', 'Iterate Next-Generation Web-Readiness', 'Qualification', '12/3/2024', '166.800,68', 'chf', 'KD-M1042'),
  ('OPP-00114', 'Brand Strategic Metrics', 'Abgeschlossen (Verloren)', '20251219', '157578.66', 'Euro', 'KD-M1042'),
  ('OPP-00115', 'Aggregate Impactful Info-Mediaries', 'Qualification', '2024-07-04', '109.353,11', 'gbp', 'KD-M1043'),
  ('OPP-00116', 'Generate Clicks-And-Mortar E-Business', 'Qualifikation', '07.08.2026', 'EUR 179230.55', 'USD', 'KD-M1043'),
  ('OPP-00117', 'Expedite Seamless Infrastructures', 'Abgeschlossen (Gewonnen)', '11/6/2025', '-321194.15', '£', 'KD-M1044'),
  ('OPP-00118', 'Unleash Synergistic Deliverables', 'PROSPECTING', '16.10.2024', '98460.51', 'eur', 'KD-M1044'),
  ('OPP-00119', 'Reinvent Clicks-And-Mortar Technologies', 'PROSPECTING', '2027-06-26', '273.454,65', 'chf', 'KD-M1045'),
  ('OPP-00120', 'Evolve Visionary E-Markets', 'LOST', '22.10.2025', '-181791.26', 'gbp', 'KD-M1045'),
  ('OPP-00121', 'Harness Next-Generation Models', 'closed won', '2025-02-15', '372.806,00', 'Dollar', 'KD-M1046'),
  ('OPP-00122', 'Unleash Efficient Relationships', 'Qualifikation', '9/6/2025', 'EUR 297801.35', 'Dollar', 'KD-M1046'),
  ('OPP-00123', 'Re-Intermediate Web-Enabled E-Services', 'Abgeschlossen (Gewonnen)', '04.10.2024', 'EUR 150378.85', 'Dollar', 'KD-M1046'),
  ('OPP-00124', 'Reinvent Collaborative Vortals', 'In Kontakt', '12/10/2024', '9695.11', 'Dollar', 'KD-M1047'),
  ('OPP-00125', 'Reinvent Wireless Info-Mediaries', 'Abgeschlossen (Verloren)', '20250206', '441617.5', 'CHF', 'KD-M1047'),
  ('OPP-00126', 'Revolutionize Killer Models', 'qualification', '06.11.2025', '469.541,62', 'chf', 'KD-M1047'),
  ('OPP-00127', 'Incentivize Extensible Deliverables', 'Closed Lost', '20250601', '-328626.84', 'eur', 'KD-M1047'),
  ('OPP-00128', 'Seize Distributed Solutions', 'Gewonnen', '20250926', 'EUR 261521.08', 'gbp', 'KD-M1048'),
  ('OPP-00129', 'Re-Intermediate Impactful Experiences', 'qualification', '2027-04-14', '245799.37', 'gbp', 'KD-M1048'),
  ('OPP-00130', 'Transform Impactful Initiatives', 'lost', '23.06.2026', '236.352,08', 'Euro', 'KD-M1048'),
  ('OPP-00131', 'Embrace Next-Generation Info-Mediaries', 'Prospect', '2025-08-31', '147.945,57', 'chf', 'KD-M9278'),
  ('OPP-00132', 'Disintermediate Best-Of-Breed Convergence', 'In Prüfung', '2025-07-03', '-85712.86', 'GBP', 'KD-M1049'),
  ('OPP-00133', 'Brand Bleeding-Edge Convergence', 'Prospecting', '12/16/2024', '379628.97', '$', 'KD-M1049'),
  ('OPP-00134', 'Whiteboard Open-Source Vortals', 'Closed Lost', '2/3/2026', '0', 'chf', 'KD-M1049'),
  ('OPP-00135', 'Re-Contextualize Seamless Convergence', 'Quali', '2/21/2027', 'EUR 85737.49', 'GBP', 'KD-M1050'),
  ('OPP-00136', 'Harness Virtual Networks', 'qualification', '26.06.2025', '-303153.18', 'Dollar', 'KD-M1050'),
  ('OPP-00137', 'Morph Out-Of-The-Box Interfaces', 'Qualification', '2024-09-22', '0', 'chf', 'KD-M1051'),
  ('OPP-00138', 'Expedite Viral Convergence', 'Qualifikation', '4/29/2025', '-199681.32', '$', 'KD-M1052'),
  ('OPP-00139', 'Exploit Synergistic Vortals', 'lost', '7/29/2026', 'EUR 137044.22', 'Dollar', 'KD-M1053'),
  ('OPP-00140', 'Iterate E-Business Schemas', 'prospecting', '4/6/2026', '0', '€', 'KD-M1053'),
  ('OPP-00141', 'Cultivate Value-Added E-Markets', 'Closed Won', '2025-07-23', '225844.78', 'CHF', 'KD-M1053'),
  ('OPP-00142', 'Exploit 24/7 Deliverables', 'Abgeschlossen (Gewonnen)', '2025-12-01', '-445131.36', 'Dollar', 'KD-M1053'),
  ('OPP-00143', 'Reinvent Cutting-Edge Initiatives', 'lost', '7/29/2024', 'EUR 141315.4', 'USD', 'KD-M1054'),
  ('OPP-00144', 'Reinvent Viral Networks', 'In Prüfung', '3/30/2026', '350633.33', 'USD', 'KD-M1055'),
  ('OPP-00145', 'Engage Granular Markets', 'Prospecting', '2027-02-26', '229.379,12', 'CHF', 'KD-M1055'),
  ('OPP-00146', 'Productize Proactive E-Business', 'Abgeschlossen (Verloren)', '8/21/2024', '372355.27', '$', 'KD-M9526'),
  ('OPP-00147', 'Innovate Robust Solutions', 'Won', '20250720', 'EUR 350653.63', '$', 'KD-M1055'),
  ('OPP-00148', 'Embrace Turn-Key Convergence', 'Gewonnen', '20.05.2026', '328401.22', 'Euro', 'KD-M1056'),
  ('OPP-00149', 'Exploit 24/7 Supply-Chains', 'Prospecting', '9/12/2025', '111.276,87', 'chf', 'KD-M1056'),
  ('OPP-00150', 'Iterate Global Technologies', 'Qualifikation', '11/30/2025', '-253782.78', 'usd', 'KD-M1056'),
  ('OPP-00151', 'Deliver Integrated Mindshare', 'Qualifikation', '20251201', '-206237.41', 'usd', 'KD-M1056'),
  ('OPP-00152', 'Cultivate Back-End Convergence', 'Qualification', '2025-05-10', '291.850,96', 'Dollar', 'KD-M1057'),
  ('OPP-00153', 'Utilize E-Business Technologies', 'prospecting', '09.01.2026', 'EUR 268513.91', 'Euro', 'KD-M1057'),
  ('OPP-00154', 'Syndicate Value-Added Functionalities', 'closed won', '20261128', '159697.95', 'gbp', 'KD-M1058'),
  ('OPP-00155', 'Benchmark Leading-Edge Action-Items', 'PROSPECTING', '6/24/2027', '346059.92', 'GBP', 'KD-M1059'),
  ('OPP-00156', 'Iterate Frictionless Synergies', 'LOST', '2027-02-02', '338.420,01', 'chf', 'KD-M1060'),
  ('OPP-00157', 'Architect User-Centric Relationships', 'Prospecting', '23.03.2027', '290109.46', 'chf', 'KD-M1060'),
  ('OPP-00158', 'Envisioneer Seamless Convergence', 'Verloren', '05.09.2025', '201.298,23', 'CHF', 'KD-M1061'),
  ('OPP-00159', 'Repurpose Mission-Critical Supply-Chains', 'LOST', '1/5/2025', 'None', 'Dollar', 'KD-M1061'),
  ('OPP-00160', 'Deploy Real-Time Relationships', 'Closed Lost', '2025-11-11', '177.789,06', 'chf', 'KD-M9941'),
  ('OPP-00161', 'Generate B2B Web Services', 'Qualifikation', '3/12/2026', '91.834,85', 'chf', 'KD-M1062'),
  ('OPP-00162', 'Enhance Dynamic Roi', 'In Kontakt', '08.01.2025', '-214364.63', 'GBP', 'KD-M9228'),
  ('OPP-00163', 'Embrace Vertical Eyeballs', 'qualification', '20250225', 'EUR 122121.32', 'usd', 'KD-M1063'),
  ('OPP-00164', 'Re-Intermediate Transparent Communities', 'Verloren', '9/6/2024', '218.437,27', 'eur', 'KD-M1063'),
  ('OPP-00165', 'Maximize Leading-Edge Initiatives', 'In Prüfung', '06.06.2026', '307.552,34', 'CHF', 'KD-M1064'),
  ('OPP-00166', 'Extend Robust Relationships', 'Closed Lost', '2025-02-14', '220.372,86', '£', 'KD-M1064'),
  ('OPP-00167', 'Disintermediate World-Class Users', 'Prospecting', '30.04.2027', '165.722,06', 'chf', 'KD-M1064'),
  ('OPP-00168', 'Incentivize Vertical E-Markets', 'lost', '20240829', 'None', 'CHF', 'KD-M1065'),
  ('OPP-00169', 'Brand Cross-Media E-Business', 'qualification', '16.09.2026', '51.637,98', 'eur', 'KD-M1065'),
  ('OPP-00170', 'Synthesize Interactive Web-Readiness', 'Abgeschlossen (Gewonnen)', '20260407', '-103447.89', 'Euro', 'KD-M1065'),
  ('OPP-00171', 'Innovate Visionary Models', 'Prospect', '1/16/2026', '270.300,70', 'Dollar', 'KD-M1066'),
  ('OPP-00172', 'Syndicate B2C Solutions', 'LOST', '20260127', '237738.95', 'CHF', 'KD-M9301'),
  ('OPP-00173', 'Re-Contextualize Cross-Platform Action-Items', 'Closed Lost', '20270625', '-162930.65', 'chf', 'KD-M1067'),
  ('OPP-00174', 'Generate Impactful Models', 'Abgeschlossen (Verloren)', '2027-04-11', 'EUR 160209.01', '€', 'KD-M1067'),
  ('OPP-00175', 'Engage Mission-Critical Info-Mediaries', 'Prospecting', '2026-08-31', 'EUR 267643.87', '£', 'KD-M1068'),
  ('OPP-00176', 'Integrate Innovative Channels', 'Prospect', '2026-06-23', '176135.56', 'eur', 'KD-M1069'),
  ('OPP-00177', 'Engage 24/365 Deliverables', 'Quali', '05.12.2025', '379.052,46', '£', 'KD-M1069'),
  ('OPP-00178', 'Enable Holistic Niches', 'prospecting', '11/2/2025', '78650.69', 'chf', 'KD-M9151'),
  ('OPP-00179', 'Expedite Front-End Markets', 'In Kontakt', '2026-10-29', '340.651,96', 'Euro', 'KD-M1070'),
  ('OPP-00180', 'Brand Web-Enabled Platforms', 'Gewonnen', '28.10.2024', '88712.55', '€', 'KD-M1070'),
  ('OPP-00181', 'Facilitate 24/7 E-Commerce', 'closed won', '20261225', 'EUR 231317.08', 'USD', 'KD-M1070'),
  ('OPP-00182', 'Monetize E-Business Channels', 'Qualifikation', '7/18/2024', '70.661,76', 'CHF', 'KD-M1071'),
  ('OPP-00183', 'Incentivize User-Centric Systems', 'Prospecting', '20260928', '-195290.54', 'chf', 'KD-M1071'),
  ('OPP-00184', 'Envisioneer Mission-Critical Users', 'LOST', '2027-06-27', '277362.25', 'chf', 'KD-M1072'),
  ('OPP-00185', 'Engineer Enterprise Web Services', 'Qualification', '2/16/2026', '79.714,33', 'CHF', 'KD-M1072'),
  ('OPP-00186', 'Grow Holistic Experiences', 'PROSPECTING', '20270413', 'EUR 287689.87', 'gbp', 'KD-M1073'),
  ('OPP-00187', 'Morph Bricks-And-Clicks Info-Mediaries', 'Closed Lost', '16.05.2027', '382.762,66', '$', 'KD-M1073'),
  ('OPP-00188', 'Synergize Bricks-And-Clicks E-Markets', 'qualification', '20250630', '0', 'chf', 'KD-M1073'),
  ('OPP-00189', 'Scale Front-End Experiences', 'Prospecting', '2024-12-21', '121859.34', '£', 'KD-M1074'),
  ('OPP-00190', 'Synergize Best-Of-Breed Interfaces', 'prospecting', '2026-07-02', '232197.58', 'CHF', 'KD-M1074'),
  ('OPP-00191', 'Transition Holistic Systems', 'Prospecting', '20261017', '-238899.79', 'usd', 'KD-M1075'),
  ('OPP-00192', 'Extend Vertical E-Services', 'In Kontakt', '2026-12-07', '397.146,58', 'Euro', 'KD-M1075'),
  ('OPP-00193', 'Repurpose Turn-Key Web Services', 'Closed Lost', '2026-04-01', '-111017.87', 'CHF', 'KD-M1075'),
  ('OPP-00194', 'Drive Frictionless Applications', 'Qualifikation', '9/26/2026', 'EUR 252102.18', 'Dollar', 'KD-M1075'),
  ('OPP-00195', 'Integrate Global Communities', 'Quali', '1/30/2027', '155.665,32', 'CHF', 'KD-M1076'),
  ('OPP-00196', 'Generate Cross-Platform Bandwidth', 'In Prüfung', '20241024', '166.896,28', '€', 'KD-M9514'),
  ('OPP-00197', 'Benchmark Seamless Methodologies', 'Abgeschlossen (Verloren)', '20240910', '-56492.19', 'CHF', 'KD-M1077'),
  ('OPP-00198', 'Target Bricks-And-Clicks Content', 'Gewonnen', '2025-11-13', 'EUR 310660.44', '$', 'KD-M1077'),
  ('OPP-00199', 'Optimize Back-End Content', 'Gewonnen', '13.01.2026', 'EUR 184491.75', 'gbp', 'KD-M1077'),
  ('OPP-00200', 'Disintermediate Holistic Methodologies', 'lost', '20240816', 'EUR 372570.9', 'USD', 'KD-M1078'),
  ('OPP-00201', 'Transform B2B Models', 'PROSPECTING', '4/29/2026', '-150065.52', 'GBP', 'KD-M1078'),
  ('OPP-00202', 'Implement Interactive Networks', 'PROSPECTING', '20260917', '247.919,17', 'Dollar', 'KD-M1078'),
  ('OPP-00203', 'Seize Magnetic Markets', 'Qualification', '4/22/2027', '-414993.67', 'USD', 'KD-M9919'),
  ('OPP-00204', 'Visualize Distributed Channels', 'Closed Won', '08.08.2024', '0', 'Euro', 'KD-M1079'),
  ('OPP-00205', 'Engage Best-Of-Breed Eyeballs', 'Abgeschlossen (Gewonnen)', '20260529', '241.032,99', 'chf', 'KD-M1080'),
  ('OPP-00206', 'Benchmark Enterprise Markets', 'Qualification', '20240730', '432.524,33', '€', 'KD-M1080'),
  ('OPP-00207', 'Empower 24/365 Infrastructures', 'Qualification', '2025-07-18', 'EUR 289170.56', 'GBP', 'KD-M1080'),
  ('OPP-00208', 'Maximize Cross-Platform Web-Readiness', 'qualification', '10.12.2024', '458181.67', 'chf', 'KD-M1080'),
  ('OPP-00209', 'Generate Viral Convergence', 'Prospect', '26.01.2025', 'EUR 253085.25', 'CHF', 'KD-M1081'),
  ('OPP-00210', 'Exploit Cross-Media Schemas', 'qualification', '20260609', '-155728.79', 'chf', 'KD-M1081'),
  ('OPP-00211', 'Incubate Revolutionary Platforms', 'qualification', '2026-02-26', '-304057.08', 'gbp', 'KD-M1081'),
  ('OPP-00212', 'Embrace Sticky Relationships', 'Abgeschlossen (Verloren)', '2026-09-26', '-462299.37', 'usd', 'KD-M1082'),
  ('OPP-00213', 'Target Enterprise Deliverables', 'LOST', '20260408', '0', 'GBP', 'KD-M1083'),
  ('OPP-00214', 'Morph B2B Deliverables', 'Abgeschlossen (Verloren)', '08.08.2026', '-162776.09', 'GBP', 'KD-M1083'),
  ('OPP-00215', 'Repurpose 24/7 Models', 'prospecting', '20240709', 'None', 'CHF', 'KD-M1083'),
  ('OPP-00216', 'Aggregate Back-End E-Services', 'Qualification', '02.06.2025', 'EUR 78893.31', 'usd', 'KD-M1083'),
  ('OPP-00217', 'Redefine Synergistic Communities', 'closed won', '2/8/2025', '499.426,95', '£', 'KD-M1084'),
  ('OPP-00218', 'Grow B2C Methodologies', 'Won', '19.01.2025', '317316.08', '£', 'KD-M1084'),
  ('OPP-00219', 'Leverage Ubiquitous Communities', 'In Kontakt', '20250729', '26188.33', 'USD', 'KD-M1085'),
  ('OPP-00220', 'Matrix Visionary Convergence', 'PROSPECTING', '2025-03-21', '0', 'chf', 'KD-M1085'),
  ('OPP-00221', 'Morph Killer E-Markets', 'Closed Won', '8/17/2024', '-171933.5', 'gbp', 'KD-M1086'),
  ('OPP-00222', 'Extend E-Business Info-Mediaries', 'closed won', '2/13/2026', '420092.3', 'Dollar', 'KD-M1086'),
  ('OPP-00223', 'Re-Intermediate Plug-And-Play Supply-Chains', 'Abgeschlossen (Gewonnen)', '9/26/2026', '-14590.37', '€', 'KD-M1086'),
  ('OPP-00224', 'Visualize Best-Of-Breed E-Tailers', 'Closed Lost', '12/10/2024', 'None', 'EUR', 'KD-M1087'),
  ('OPP-00225', 'Evolve Holistic Partnerships', 'closed won', '20260407', 'EUR 331681.71', '$', 'KD-M1088'),
  ('OPP-00226', 'Seize Revolutionary Initiatives', 'Won', '07.10.2024', '-380953.81', 'eur', 'KD-M1088'),
  ('OPP-00227', 'Synthesize Bricks-And-Clicks E-Services', 'Qualification', '20261125', '-102605.51', 'eur', 'KD-M1088'),
  ('OPP-00228', 'Aggregate Strategic Web-Readiness', 'lost', '10/12/2024', '-236416.17', 'Euro', 'KD-M1088'),
  ('OPP-00229', 'Cultivate Leading-Edge Metrics', 'Closed Won', '6/25/2026', 'EUR 494129.54', 'CHF', 'KD-M1089'),
  ('OPP-00230', 'Visualize Rich Partnerships', 'In Prüfung', '20250406', '-385629.47', 'Dollar', 'KD-M1089'),
  ('OPP-00231', 'Expedite Global E-Markets', 'lost', '2025-01-01', '326.496,97', 'chf', 'KD-M9729'),
  ('OPP-00232', 'Benchmark Plug-And-Play Systems', 'prospecting', '2026-11-14', '-362253.81', '£', 'KD-M1090'),
  ('OPP-00233', 'Deploy 24/7 Interfaces', 'closed won', '9/20/2025', '41.936,67', 'Dollar', 'KD-M1090'),
  ('OPP-00234', 'Whiteboard Transparent Systems', 'Prospecting', '10/2/2024', '-459087.73', 'USD', 'KD-M1091'),
  ('OPP-00235', 'Leverage Interactive E-Business', 'Abgeschlossen (Gewonnen)', '2026-08-27', 'EUR 223567.58', 'eur', 'KD-M1091'),
  ('OPP-00236', 'Re-Contextualize Mission-Critical Interfaces', 'Abgeschlossen (Gewonnen)', '2025-09-02', '80220.25', '£', 'KD-M1092'),
  ('OPP-00237', 'Scale Open-Source Interfaces', 'Prospect', '19.03.2025', '259747.93', '£', 'KD-M1093'),
  ('OPP-00238', 'Grow Wireless Mindshare', 'lost', '20250712', '290529.14', '£', 'KD-M1093'),
  ('OPP-00239', 'Repurpose Killer Portals', 'Closed Won', '2025-09-04', '418745.86', 'chf', 'KD-M1093'),
  ('OPP-00240', 'Revolutionize Viral Metrics', 'PROSPECTING', '24.04.2026', '-63808.74', 'chf', 'KD-M1094'),
  ('OPP-00241', 'Deliver Out-Of-The-Box Infrastructures', 'PROSPECTING', '2027-06-17', '376.837,67', 'GBP', 'KD-M9513'),
  ('OPP-00242', 'Optimize Interactive Networks', 'Won', '2026-02-15', 'EUR 26550.56', '€', 'KD-M1094'),
  ('OPP-00243', 'Enable Robust Functionalities', 'Gewonnen', '12/4/2026', '422.400,09', '£', 'KD-M1095'),
  ('OPP-00244', 'Aggregate Granular Experiences', 'Qualification', '15.04.2026', '389028.73', 'GBP', 'KD-M1096'),
  ('OPP-00245', 'Redefine Proactive Paradigms', 'prospecting', '15.01.2027', '-41849.78', 'usd', 'KD-M1096'),
  ('OPP-00246', 'Visualize Viral Synergies', 'closed won', '1/9/2027', '114552.8', 'CHF', 'KD-M1096'),
  ('OPP-00247', 'Extend Value-Added Initiatives', 'Closed Lost', '20251106', 'EUR 267662.99', 'chf', 'KD-M1096'),
  ('OPP-00248', 'Utilize Value-Added Content', 'In Prüfung', '20250430', '358.456,37', 'GBP', 'KD-M9277'),
  ('OPP-00249', 'Productize One-To-One Experiences', 'Won', '2024-12-26', 'EUR 220053.93', '€', 'KD-M9572'),
  ('OPP-00250', 'Generate Customized Roi', 'Closed Won', '10.05.2027', 'EUR 421852.06', 'chf', 'KD-M1097'),
  ('OPP-00251', 'Harness Collaborative Info-Mediaries', 'Gewonnen', '07.02.2026', '11922.23', 'EUR', 'KD-M1098'),
  ('OPP-00252', 'Cultivate Killer Relationships', 'In Kontakt', '2027-01-03', '291176.13', 'Euro', 'KD-M1098'),
  ('OPP-00253', 'Re-Contextualize Front-End Communities', 'Abgeschlossen (Verloren)', '20260722', 'EUR 344806.33', 'CHF', 'KD-M1098'),
  ('OPP-00254', 'Deploy Mission-Critical Technologies', 'closed won', '25.09.2024', '-185764.63', 'EUR', 'KD-M1098'),
  ('OPP-00255', 'Monetize Sticky Channels', 'In Prüfung', '20260628', 'EUR 227667.42', 'USD', 'KD-M1099'),
  ('OPP-00256', 'Optimize Compelling Channels', 'Abgeschlossen (Verloren)', '16.12.2025', '61.263,41', '£', 'KD-M1099'),
  ('OPP-00257', 'Integrate Interactive Niches', 'Qualification', '20240715', '376541.31', 'Euro', 'KD-M1100'),
  ('OPP-00258', 'Synergize Distributed Deliverables', 'LOST', '2026-04-15', 'EUR 109448.2', 'EUR', 'KD-M1100'),
  ('OPP-00259', 'Drive Leading-Edge Markets', 'PROSPECTING', '2025-04-04', '430690.0', '£', 'KD-M1100'),
  ('OPP-00260', 'Repurpose Robust Content', 'Prospecting', '20240723', '110.114,82', 'chf', 'KD-M1100'),
  ('OPP-00261', 'Reinvent Real-Time Web Services', 'Qualification', '03.07.2025', 'None', 'chf', 'KD-M1101'),
  ('OPP-00262', 'Leverage 24/7 E-Markets', 'Prospect', '2/20/2026', 'EUR 201332.55', 'Euro', 'KD-M1101'),
  ('OPP-00263', 'Drive Collaborative Bandwidth', 'Quali', '2024-09-21', 'EUR 451621.07', '€', 'KD-M9902'),
  ('OPP-00264', 'E-Enable Killer Roi', 'Qualification', '8/30/2026', '0', 'gbp', 'KD-M1102'),
  ('OPP-00265', 'Streamline Vertical Supply-Chains', 'Prospecting', '30.09.2024', '409288.28', 'chf', 'KD-M1103'),
  ('OPP-00266', 'Morph Innovative E-Markets', 'Abgeschlossen (Verloren)', '20.10.2024', '381.581,23', 'EUR', 'KD-M1103'),
  ('OPP-00267', 'Innovate End-To-End Portals', 'Prospecting', '5/10/2026', '-418699.63', 'gbp', 'KD-M1103'),
  ('OPP-00268', 'Evolve Value-Added Vortals', 'Verloren', '11.08.2024', 'EUR 217730.03', 'chf', 'KD-M1103'),
  ('OPP-00269', 'Morph World-Class Roi', 'Abgeschlossen (Gewonnen)', '14.04.2025', '41.544,93', 'CHF', 'KD-M1104'),
  ('OPP-00270', 'Reinvent Synergistic E-Markets', 'Abgeschlossen (Gewonnen)', '5/31/2026', '430.989,26', 'USD', 'KD-M1105'),
  ('OPP-00271', 'Re-Intermediate Intuitive Methodologies', 'In Prüfung', '23.03.2026', 'EUR 99389.07', 'chf', 'KD-M9986'),
  ('OPP-00272', 'Streamline B2C Infrastructures', 'Qualification', '2026-12-29', '461920.27', 'chf', 'KD-M1105'),
  ('OPP-00273', 'Brand Impactful Action-Items', 'Closed Lost', '20260309', '339081.58', 'chf', 'KD-M1105'),
  ('OPP-00274', 'Monetize Holistic Architectures', 'closed won', '17.04.2026', '-448391.51', 'GBP', 'KD-M1106'),
  ('OPP-00275', 'Drive Rich Portals', 'Won', '20260128', '-267943.59', 'Euro', 'KD-M1106'),
  ('OPP-00276', 'Reinvent Dot-Com Markets', 'LOST', '2024-09-05', '211776.6', '€', 'KD-M1106'),
  ('OPP-00277', 'Harness End-To-End Niches', 'PROSPECTING', '06.04.2027', 'EUR 105274.35', 'Euro', 'KD-M1106'),
  ('OPP-00278', 'Deploy Proactive Relationships', 'In Prüfung', '2026-09-12', '138842.98', 'gbp', 'KD-M1107'),
  ('OPP-00279', 'Harness Real-Time Solutions', 'Qualification', '17.01.2027', '-369046.83', 'usd', 'KD-M1107'),
  ('OPP-00280', 'Incubate Synergistic Synergies', 'qualification', '20250304', '-415822.25', '€', 'KD-M1108'),
  ('OPP-00281', 'Visualize World-Class Technologies', 'Gewonnen', '20241119', '0', '£', 'KD-M1109'),
  ('OPP-00282', 'E-Enable Strategic Action-Items', 'Prospecting', '2025-08-29', '117.127,91', 'Euro', 'KD-M1110'),
  ('OPP-00283', 'Seize B2B Models', 'closed won', '2/12/2025', '0', 'gbp', 'KD-M1111'),
  ('OPP-00284', 'Re-Intermediate One-To-One Interfaces', 'Qualification', '11.04.2026', '-95929.94', 'USD', 'KD-M1111'),
  ('OPP-00285', 'Morph Compelling Supply-Chains', 'Closed Lost', '7/23/2025', 'EUR 485542.63', 'EUR', 'KD-M1111'),
  ('OPP-00286', 'Repurpose Best-Of-Breed Synergies', 'PROSPECTING', '2025-08-25', '84140.32', '£', 'KD-M1111'),
  ('OPP-00287', 'Monetize Granular E-Markets', 'Qualifikation', '20260109', 'None', 'EUR', 'KD-M1112'),
  ('OPP-00288', 'Expedite Real-Time Communities', 'lost', '20250603', '209251.85', '$', 'KD-M9579'),
  ('OPP-00289', 'Benchmark Front-End Supply-Chains', 'Won', '11.02.2025', '-437308.36', 'chf', 'KD-M1112'),
  ('OPP-00290', 'Disintermediate Interactive Web-Readiness', 'LOST', '20240813', 'None', 'gbp', 'KD-M1112'),
  ('OPP-00291', 'Revolutionize Vertical Functionalities', 'In Prüfung', '2026-12-02', '-372716.43', 'CHF', 'KD-M1113'),
  ('OPP-00292', 'Visualize Granular E-Services', 'prospecting', '10/16/2024', '47325.17', 'CHF', 'KD-M1114'),
  ('OPP-00293', 'Grow Robust Technologies', 'Qualifikation', '30.04.2026', '0', 'eur', 'KD-M1115'),
  ('OPP-00294', 'Revolutionize Clicks-And-Mortar Systems', 'Closed Won', '2024-12-29', 'EUR 121944.65', 'chf', 'KD-M1115'),
  ('OPP-00295', 'Unleash Visionary Architectures', 'prospecting', '20.01.2027', '2099.28', '€', 'KD-M1115'),
  ('OPP-00296', 'Brand Impactful Networks', 'Closed Lost', '22.11.2024', '0', '£', 'KD-M1115'),
  ('OPP-00297', 'Cultivate Dynamic Models', 'Closed Lost', '11/9/2026', '366173.52', 'CHF', 'KD-M1116'),
  ('OPP-00298', 'Maximize Cutting-Edge Experiences', 'Abgeschlossen (Gewonnen)', '2025-05-24', '454.671,26', 'chf', 'KD-M1116'),
  ('OPP-00299', 'Enhance Front-End E-Markets', 'closed won', '11.02.2025', '2455.26', 'Euro', 'KD-M1116'),
  ('OPP-00300', 'Transition Synergistic Bandwidth', 'lost', '1/5/2026', '495.263,01', 'CHF', 'KD-M9388'),
  ('OPP-00301', 'Drive Sticky Roi', 'Won', '12/29/2024', 'EUR 242168.2', '£', 'KD-M1117'),
  ('OPP-00302', 'E-Enable Real-Time Interfaces', 'Quali', '20250527', '489622.06', '£', 'KD-M1117'),
  ('OPP-00303', 'Productize Innovative Methodologies', 'Won', '2026-01-24', '153.185,67', 'Dollar', 'KD-M1117'),
  ('OPP-00304', 'Aggregate Transparent Synergies', 'In Prüfung', '20261215', '342445.13', 'gbp', 'KD-M1117'),
  ('OPP-00305', 'Iterate Vertical Info-Mediaries', 'LOST', '28.01.2027', 'EUR 446561.31', 'gbp', 'KD-M1118'),
  ('OPP-00306', 'Redefine End-To-End Content', 'Closed Lost', '20260906', 'EUR 199757.77', 'CHF', 'KD-M1118'),
  ('OPP-00307', 'Benchmark Plug-And-Play Deliverables', 'Won', '20240806', '177841.44', '£', 'KD-M1119'),
  ('OPP-00308', 'Scale Bricks-And-Clicks Relationships', 'PROSPECTING', '20270519', '-13845.76', 'usd', 'KD-M1119'),
  ('OPP-00309', 'Aggregate Innovative Networks', 'In Prüfung', '20240924', '434.653,19', 'USD', 'KD-M1119'),
  ('OPP-00310', 'Strategize Value-Added Schemas', 'In Prüfung', '1/15/2025', '486898.02', 'Euro', 'KD-M1119'),
  ('OPP-00311', 'Maximize Proactive Functionalities', 'Quali', '11/4/2026', '345.424,72', 'CHF', 'KD-M1120'),
  ('OPP-00312', 'Engage Leading-Edge Markets', 'LOST', '27.06.2026', '429079.04', 'gbp', 'KD-M1121'),
  ('OPP-00313', 'Embrace Open-Source Initiatives', 'PROSPECTING', '27.10.2026', 'None', 'EUR', 'KD-M1121'),
  ('OPP-00314', 'Embrace B2B Applications', 'prospecting', '7/20/2024', 'EUR 232608.11', 'gbp', 'KD-M1122'),
  ('OPP-00315', 'Reinvent B2B Interfaces', 'LOST', '6/11/2027', '228.968,44', 'EUR', 'KD-M1122'),
  ('OPP-00316', 'Embrace B2B Portals', 'lost', '12.10.2024', '10110.16', 'chf', 'KD-M1123'),
  ('OPP-00317', 'Expedite E-Business Convergence', 'In Kontakt', '2026-05-28', '-31800.19', '$', 'KD-M1123'),
  ('OPP-00318', 'Transition Synergistic Infrastructures', 'In Kontakt', '2024-08-21', 'EUR 378744.93', 'Euro', 'KD-M9469'),
  ('OPP-00319', 'Incentivize Compelling Web-Readiness', 'LOST', '2027-06-15', '-350666.37', 'gbp', 'KD-M1125'),
  ('OPP-00320', 'Envisioneer Back-End Users', 'Closed Won', '20240902', 'EUR 137285.41', '€', 'KD-M1125'),
  ('OPP-00321', 'Exploit 24/7 Convergence', 'Closed Won', '20261030', 'EUR 416696.89', 'EUR', 'KD-M1126'),
  ('OPP-00322', 'Drive Wireless Methodologies', 'lost', '13.01.2026', '134.032,39', 'eur', 'KD-M1126'),
  ('OPP-00323', 'Transform Front-End Niches', 'qualification', '20250619', '51638.05', 'usd', 'KD-M1126'),
  ('OPP-00324', 'Syndicate World-Class Mindshare', 'LOST', '20260508', '0', 'CHF', 'KD-M1127'),
  ('OPP-00325', 'Optimize Enterprise Solutions', 'Qualification', '20260406', '-379014.58', '£', 'KD-M1128'),
  ('OPP-00326', 'Engage Frictionless Functionalities', 'closed won', '2026-05-21', '423.491,70', 'chf', 'KD-M1128'),
  ('OPP-00327', 'Envisioneer Dynamic E-Markets', 'Abgeschlossen (Gewonnen)', '2026-06-10', '-177611.37', 'usd', 'KD-M1129'),
  ('OPP-00328', 'Benchmark Customized Synergies', 'Quali', '4/9/2027', '-188055.45', 'gbp', 'KD-M1129'),
  ('OPP-00329', 'Orchestrate Interactive Bandwidth', 'Won', '8/2/2025', '241045.95', 'CHF', 'KD-M1129'),
  ('OPP-00330', 'Iterate 24/7 Initiatives', 'Verloren', '2027-06-03', 'EUR 15447.58', 'USD', 'KD-M9938'),
  ('OPP-00331', 'Seize Web-Enabled Technologies', 'Closed Lost', '4/8/2026', 'EUR 69119.07', 'GBP', 'KD-M9613'),
  ('OPP-00332', 'Monetize Bricks-And-Clicks Technologies', 'Qualifikation', '20241013', '377722.36', 'CHF', 'KD-M1131'),
  ('OPP-00333', 'Benchmark Vertical Action-Items', 'Closed Lost', '2024-12-02', '369.417,92', 'chf', 'KD-M1131'),
  ('OPP-00334', 'Orchestrate Seamless Bandwidth', 'Verloren', '20260716', '325293.87', 'gbp', 'KD-M1131'),
  ('OPP-00335', 'Strategize Holistic Deliverables', 'Won', '2026-04-29', '-249905.79', 'gbp', 'KD-M1132'),
  ('OPP-00336', 'Generate Synergistic Methodologies', 'Verloren', '20.09.2025', '-68690.97', '£', 'KD-M1132'),
  ('OPP-00337', 'Enable Innovative Models', 'Closed Lost', '22.02.2027', 'EUR 315069.79', 'GBP', 'KD-M1133'),
  ('OPP-00338', 'Matrix Synergistic Paradigms', 'qualification', '20261115', '104.608,50', 'chf', 'KD-M9505'),
  ('OPP-00339', 'Disintermediate Interactive Schemas', 'Won', '5/12/2026', '0', '$', 'KD-M1134'),
  ('OPP-00340', 'Cultivate Vertical Systems', 'Abgeschlossen (Verloren)', '20241006', '-486109.46', 'USD', 'KD-M9412'),
  ('OPP-00341', 'Mesh Wireless Web Services', 'Closed Lost', '3/6/2025', '292672.67', 'chf', 'KD-M1135'),
  ('OPP-00342', 'Productize Transparent Models', 'closed won', '2025-05-01', 'EUR 164477.77', 'CHF', 'KD-M1136'),
  ('OPP-00343', 'Transform Cross-Media Markets', 'closed won', '2025-09-18', '82.853,53', 'GBP', 'KD-M1136'),
  ('OPP-00344', 'Integrate Intuitive Mindshare', 'qualification', '3/31/2026', '292238.11', '£', 'KD-M1136'),
  ('OPP-00345', 'Orchestrate Transparent Web Services', 'Prospect', '2025-08-11', '138.783,17', '€', 'KD-M1136'),
  ('OPP-00346', 'Repurpose Intuitive Portals', 'Verloren', '20240713', 'EUR 36800.5', '£', 'KD-M1137'),
  ('OPP-00347', 'Incentivize Innovative Niches', 'Qualifikation', '10.07.2026', 'None', 'gbp', 'KD-M1137'),
  ('OPP-00348', 'Synergize Web-Enabled Systems', 'Prospect', '20250714', '45.348,49', '$', 'KD-M1137'),
  ('OPP-00349', 'Harness Wireless Markets', 'Closed Lost', '16.08.2024', '390.611,65', 'chf', 'KD-M1137'),
  ('OPP-00350', 'Incentivize Revolutionary Synergies', 'lost', '20250106', '432746.16', 'CHF', 'KD-M1138'),
  ('OPP-00351', 'Benchmark Cutting-Edge Networks', 'In Kontakt', '20241204', '252616.86', 'usd', 'KD-M1139'),
  ('OPP-00352', 'Productize Ubiquitous Eyeballs', 'closed won', '1/6/2025', '-211780.33', 'CHF', 'KD-M1139'),
  ('OPP-00353', 'Innovate Frictionless Functionalities', 'closed won', '06.11.2025', 'None', 'USD', 'KD-M1139'),
  ('OPP-00354', 'Engineer Turn-Key Models', 'Abgeschlossen (Verloren)', '30.09.2025', '5.114,15', '$', 'KD-M1139'),
  ('OPP-00355', 'Drive Visionary Partnerships', 'In Prüfung', '05.10.2026', 'EUR 487517.22', '€', 'KD-M1140'),
  ('OPP-00356', 'Incubate End-To-End Systems', 'Verloren', '11.05.2026', 'EUR 349423.99', 'CHF', 'KD-M1140'),
  ('OPP-00357', 'Integrate Innovative Web-Readiness', 'Prospecting', '20241121', '-15604.57', '£', 'KD-M1140'),
  ('OPP-00358', 'Strategize Next-Generation Convergence', 'PROSPECTING', '04.03.2027', '290.679,97', 'CHF', 'KD-M1140'),
  ('OPP-00359', 'Evolve Frictionless Systems', 'Prospecting', '2/9/2027', 'EUR 317531.61', 'Euro', 'KD-M1141'),
  ('OPP-00360', 'Benchmark Best-Of-Breed Convergence', 'Closed Won', '2025-04-09', 'EUR 255336.7', 'chf', 'KD-M1141'),
  ('OPP-00361', 'Grow B2B Initiatives', 'Prospect', '27.02.2027', 'None', 'GBP', 'KD-M1141'),
  ('OPP-00362', 'Engineer Viral E-Tailers', 'Prospect', '1/2/2025', '233.866,59', '£', 'KD-M1142'),
  ('OPP-00363', 'Redefine Visionary Web Services', 'LOST', '20260127', '315844.35', '€', 'KD-M1143'),
  ('OPP-00364', 'Disintermediate Dynamic Methodologies', 'In Prüfung', '20250804', '-487813.51', 'eur', 'KD-M1144'),
  ('OPP-00365', 'Engineer Extensible Content', 'Gewonnen', '4/29/2025', '87.859,20', 'USD', 'KD-M1144'),
  ('OPP-00366', 'Leverage User-Centric Web-Readiness', 'Closed Won', '20250611', '494530.78', '$', 'KD-M1144'),
  ('OPP-00367', 'Matrix Granular Interfaces', 'Qualifikation', '20250716', '57321.96', 'gbp', 'KD-M1144'),
  ('OPP-00368', 'Target Visionary Relationships', 'Quali', '18.09.2025', '-293320.11', 'chf', 'KD-M1145'),
  ('OPP-00369', 'Synthesize Visionary Applications', 'Qualification', '22.05.2025', '468440.7', 'chf', 'KD-M1145'),
  ('OPP-00370', 'Evolve Mission-Critical Technologies', 'PROSPECTING', '20260903', 'EUR 274416.5', 'CHF', 'KD-M1146'),
  ('OPP-00371', 'Synthesize Innovative E-Commerce', 'Gewonnen', '14.12.2025', '274824.23', 'gbp', 'KD-M1146'),
  ('OPP-00372', 'Reinvent Best-Of-Breed Models', 'qualification', '2024-11-26', '452.714,60', '£', 'KD-M1146'),
  ('OPP-00373', 'Brand Distributed Relationships', 'Gewonnen', '20.11.2024', 'None', 'Euro', 'KD-M1146'),
  ('OPP-00374', 'Integrate World-Class Roi', 'lost', '2024-11-15', '-148031.32', '€', 'KD-M1147'),
  ('OPP-00375', 'Benchmark Customized Schemas', 'Closed Won', '20260504', '-360824.11', 'usd', 'KD-M1147'),
  ('OPP-00376', 'Grow Global Vortals', 'Abgeschlossen (Verloren)', '2025-02-16', '39.475,91', 'CHF', 'KD-M1147'),
  ('OPP-00377', 'Morph Rich Info-Mediaries', 'In Kontakt', '2027-03-19', '473305.69', 'gbp', 'KD-M1148'),
  ('OPP-00378', 'Drive B2B Web-Readiness', 'lost', '2025-11-01', '80.298,01', 'EUR', 'KD-M1148'),
  ('OPP-00379', 'Enhance Killer Communities', 'Closed Lost', '2025-04-27', 'EUR 304081.88', 'chf', 'KD-M9995'),
  ('OPP-00380', 'Transition Dynamic Paradigms', 'Prospecting', '3/17/2026', '327.899,63', '£', 'KD-M1148'),
  ('OPP-00381', 'Brand Plug-And-Play Experiences', 'In Prüfung', '6/1/2025', '308450.22', '€', 'KD-M9643'),
  ('OPP-00382', 'Unleash Frictionless Partnerships', 'Gewonnen', '8/28/2025', '-419404.28', 'GBP', 'KD-M1149'),
  ('OPP-00383', 'Architect Global Roi', 'In Prüfung', '7/23/2024', '409.596,14', 'CHF', 'KD-M1149'),
  ('OPP-00384', 'Redefine Out-Of-The-Box Web Services', 'In Prüfung', '01.11.2024', 'None', '$', 'KD-M1150'),
  ('OPP-00385', 'Seize Enterprise Paradigms', 'lost', '19.12.2026', '16.327,52', 'EUR', 'KD-M1150'),
  ('OPP-00386', 'Drive Value-Added Paradigms', 'prospecting', '20270413', '0', 'EUR', 'KD-M1151'),
  ('OPP-00387', 'Engineer 24/7 Convergence', 'LOST', '2024-12-17', '-389465.14', 'CHF', 'KD-M1151'),
  ('OPP-00388', 'Matrix Visionary E-Services', 'LOST', '20260615', '474658.69', 'chf', 'KD-M1152'),
  ('OPP-00389', 'Mesh Global Vortals', 'Won', '02.06.2025', '90.524,87', '$', 'KD-M1152'),
  ('OPP-00390', 'Syndicate One-To-One Niches', 'LOST', '2025-07-30', '-103318.15', 'chf', 'KD-M1152'),
  ('OPP-00391', 'Matrix Visionary Schemas', 'Verloren', '20260522', '289744.17', 'Euro', 'KD-M1153'),
  ('OPP-00392', 'Mesh Web-Enabled E-Business', 'Prospect', '06.10.2026', '-423029.03', '€', 'KD-M1154'),
  ('OPP-00393', 'Redefine Turn-Key Users', 'Prospecting', '2026-05-25', '0', 'usd', 'KD-M1155'),
  ('OPP-00394', 'Harness Robust Communities', 'PROSPECTING', '21.11.2026', '167.132,17', 'CHF', 'KD-M1155'),
  ('OPP-00395', 'Brand User-Centric Vortals', 'Verloren', '2025-08-21', '247290.58', 'chf', 'KD-M1155'),
  ('OPP-00396', 'Redefine Robust Networks', 'Qualifikation', '12.06.2026', '400611.61', 'USD', 'KD-M1156'),
  ('OPP-00397', 'Iterate E-Business Functionalities', 'Prospect', '25.08.2026', '407264.66', '$', 'KD-M9211'),
  ('OPP-00398', 'Drive Seamless Schemas', 'LOST', '3/18/2027', 'EUR 456651.35', 'GBP', 'KD-M1157'),
  ('OPP-00399', 'Productize Open-Source Action-Items', 'Closed Lost', '10/31/2024', '431.373,67', '£', 'KD-M1157'),
  ('OPP-00400', 'Empower Vertical Metrics', 'In Prüfung', '5/16/2025', '-184826.72', 'eur', 'KD-M1158'),
  ('OPP-00401', 'Utilize Frictionless Relationships', 'Closed Won', '19.12.2026', '0', 'chf', 'KD-M1158'),
  ('OPP-00402', 'Revolutionize Killer Users', 'Prospecting', '18.11.2024', 'EUR 63886.76', 'CHF', 'KD-M9844'),
  ('OPP-00403', 'Orchestrate Visionary Metrics', 'Abgeschlossen (Verloren)', '2025-04-17', '345.997,45', '£', 'KD-M1158'),
  ('OPP-00404', 'Disintermediate Seamless Communities', 'Abgeschlossen (Gewonnen)', '12/31/2026', '-394246.67', 'Euro', 'KD-M1159'),
  ('OPP-00405', 'Enable Mission-Critical Paradigms', 'Closed Lost', '2026-05-30', '226.734,71', 'EUR', 'KD-M1160'),
  ('OPP-00406', 'Orchestrate Virtual Functionalities', 'Abgeschlossen (Verloren)', '1/24/2027', 'None', '$', 'KD-M9558'),
  ('OPP-00407', 'Innovate Granular Roi', 'In Prüfung', '9/1/2025', '-499753.42', 'gbp', 'KD-M1160'),
  ('OPP-00408', 'Implement Real-Time Experiences', 'Won', '2025-09-19', '427.185,28', 'GBP', 'KD-M1160'),
  ('OPP-00409', 'Maximize Best-Of-Breed E-Markets', 'Closed Won', '11.10.2025', '-216114.15', 'CHF', 'KD-M1161'),
  ('OPP-00410', 'Envisioneer Revolutionary Infrastructures', 'In Prüfung', '23.08.2026', 'EUR 250618.69', 'EUR', 'KD-M1161'),
  ('OPP-00411', 'Syndicate Next-Generation Partnerships', 'Prospecting', '26.10.2024', '433.668,67', '£', 'KD-M9363'),
  ('OPP-00412', 'Empower Integrated Technologies', 'Closed Won', '2025-02-13', '154.362,95', '$', 'KD-M9002'),
  ('OPP-00413', 'Extend World-Class Communities', 'In Prüfung', '2025-06-02', '-56946.08', 'Euro', 'KD-M1162'),
  ('OPP-00414', 'Aggregate Real-Time E-Business', 'Prospecting', '2026-07-26', '-225119.33', 'usd', 'KD-M1163'),
  ('OPP-00415', 'Extend One-To-One Methodologies', 'Gewonnen', '07.10.2024', '-307057.29', 'USD', 'KD-M1163'),
  ('OPP-00416', 'Brand Interactive Partnerships', 'Verloren', '2024-08-21', '-21109.37', 'chf', 'KD-M1164'),
  ('OPP-00417', 'Synthesize Visionary Relationships', 'closed won', '20260214', '464904.55', 'GBP', 'KD-M1164'),
  ('OPP-00418', 'Leverage Magnetic Paradigms', 'Quali', '6/9/2026', '440141.73', 'CHF', 'KD-M1164'),
  ('OPP-00419', 'Orchestrate B2B Roi', 'Closed Lost', '30.11.2025', '-240120.23', 'chf', 'KD-M1164'),
  ('OPP-00420', 'Utilize Front-End Vortals', 'prospecting', '10/5/2025', '-114665.88', '$', 'KD-M1165'),
  ('OPP-00421', 'Embrace Interactive Mindshare', 'prospecting', '12.11.2025', '0', 'CHF', 'KD-M1166'),
  ('OPP-00422', 'Reinvent Transparent Channels', 'Abgeschlossen (Gewonnen)', '9/22/2025', '-296506.29', 'USD', 'KD-M1166'),
  ('OPP-00423', 'Iterate Distributed Communities', 'Abgeschlossen (Verloren)', '20261229', '330.164,06', 'chf', 'KD-M1166'),
  ('OPP-00424', 'Re-Contextualize Seamless Bandwidth', 'Quali', '07.10.2025', '-336110.06', '£', 'KD-M1167'),
  ('OPP-00425', 'Seize Mission-Critical Mindshare', 'Abgeschlossen (Verloren)', '19.04.2025', '85.588,71', 'eur', 'KD-M1167'),
  ('OPP-00426', 'Visualize Cross-Media Supply-Chains', 'Closed Won', '08.09.2026', '479.122,56', 'CHF', 'KD-M1167'),
  ('OPP-00427', 'Transform Real-Time Initiatives', 'Gewonnen', '16.11.2024', '414.678,27', 'CHF', 'KD-M1167'),
  ('OPP-00428', 'Visualize Best-Of-Breed Niches', 'lost', '2025-01-03', 'None', '£', 'KD-M1168'),
  ('OPP-00429', 'Brand One-To-One Paradigms', 'In Kontakt', '2027-02-27', '-92503.71', 'EUR', 'KD-M1168'),
  ('OPP-00430', 'Morph End-To-End Eyeballs', 'Closed Won', '20241222', '308.145,43', '£', 'KD-M1168'),
  ('OPP-00431', 'Re-Intermediate 24/7 Solutions', 'LOST', '5/31/2026', '-113405.82', 'Euro', 'KD-M1169'),
  ('OPP-00432', 'Revolutionize Integrated Metrics', 'Quali', '8/5/2026', '0', 'CHF', 'KD-M9447'),
  ('OPP-00433', 'Streamline Distributed Relationships', 'lost', '11/14/2025', '-351491.44', 'eur', 'KD-M1169'),
  ('OPP-00434', 'Repurpose User-Centric Niches', 'lost', '29.01.2026', '72598.13', 'Dollar', 'KD-M1170'),
  ('OPP-00435', 'Unleash Bricks-And-Clicks Platforms', 'Closed Lost', '3/18/2026', '387.537,96', 'CHF', 'KD-M1170'),
  ('OPP-00436', 'Integrate Value-Added E-Markets', 'Qualification', '11/19/2025', '-78127.51', 'CHF', 'KD-M1170'),
  ('OPP-00437', 'Benchmark Frictionless E-Business', 'Closed Lost', '2/13/2025', '-419826.56', 'EUR', 'KD-M1170'),
  ('OPP-00438', 'Synthesize Magnetic Communities', 'Prospecting', '12/29/2024', '434912.35', 'EUR', 'KD-M1171'),
  ('OPP-00439', 'Aggregate B2C Infrastructures', 'In Kontakt', '20240907', '-42051.86', 'Euro', 'KD-M9682'),
  ('OPP-00440', 'Transform Leading-Edge Action-Items', 'Verloren', '2025-07-12', '308378.22', '$', 'KD-M1171'),
  ('OPP-00441', 'Aggregate E-Business Experiences', 'lost', '20260717', 'EUR 205707.68', 'USD', 'KD-M1172'),
  ('OPP-00442', 'Syndicate Extensible Synergies', 'Gewonnen', '28.12.2024', 'EUR 274763.99', 'gbp', 'KD-M1172'),
  ('OPP-00443', 'Synthesize B2B Initiatives', 'In Prüfung', '15.06.2027', 'None', 'USD', 'KD-M1172'),
  ('OPP-00444', 'Utilize Distributed Deliverables', 'Closed Lost', '03.06.2026', 'EUR 282025.26', 'USD', 'KD-M1172'),
  ('OPP-00445', 'Utilize World-Class Technologies', 'lost', '2025-12-19', '273889.4', '$', 'KD-M1173'),
  ('OPP-00446', 'Maximize Ubiquitous Action-Items', 'prospecting', '20260606', '0', 'Euro', 'KD-M1173'),
  ('OPP-00447', 'Seize Leading-Edge Relationships', 'Closed Lost', '2026-08-12', '-466328.03', 'USD', 'KD-M1173'),
  ('OPP-00448', 'Extend Next-Generation Initiatives', 'Prospect', '20240829', '-438828.91', 'chf', 'KD-M9911'),
  ('OPP-00449', 'Revolutionize Back-End Vortals', 'closed won', '20261118', 'EUR 82113.37', 'GBP', 'KD-M1174'),
  ('OPP-00450', 'Evolve Leading-Edge E-Markets', 'LOST', '2025-09-20', '0', 'gbp', 'KD-M1175'),
  ('OPP-00451', 'Deploy Back-End Channels', 'Closed Lost', '3/21/2027', '221237.38', 'CHF', 'KD-M1175'),
  ('OPP-00452', 'Iterate Dot-Com Action-Items', 'In Prüfung', '2/6/2026', '-229027.5', 'GBP', 'KD-M1175'),
  ('OPP-00453', 'Productize Efficient Systems', 'LOST', '12.01.2026', '25.600,02', '$', 'KD-M1176'),
  ('OPP-00454', 'Transform Turn-Key Relationships', 'qualification', '2025-08-14', '40.912,28', 'Dollar', 'KD-M1176'),
  ('OPP-00455', 'Integrate Seamless Vortals', 'In Prüfung', '4/25/2026', '420.010,47', 'EUR', 'KD-M1177'),
  ('OPP-00456', 'Grow 24/7 Metrics', 'Qualification', '20270111', '441889.31', 'GBP', 'KD-M1177'),
  ('OPP-00457', 'Re-Intermediate Synergistic Solutions', 'Prospect', '20260906', 'EUR 417829.32', 'GBP', 'KD-M1178'),
  ('OPP-00458', 'Grow 24/365 Communities', 'Abgeschlossen (Gewonnen)', '19.09.2025', 'EUR 479563.08', 'chf', 'KD-M1178'),
  ('OPP-00459', 'Utilize Transparent Mindshare', 'prospecting', '2025-07-31', 'EUR 49523.0', '$', 'KD-M1178'),
  ('OPP-00460', 'Mesh Viral Vortals', 'Qualifikation', '5/16/2026', '-183187.53', '£', 'KD-M1179'),
  ('OPP-00461', 'Enable Dot-Com Relationships', 'LOST', '09.06.2025', '122.358,62', 'chf', 'KD-M1179'),
  ('OPP-00462', 'Embrace Interactive Infrastructures', 'Gewonnen', '20260126', 'EUR 403702.11', 'gbp', 'KD-M1179'),
  ('OPP-00463', 'Deploy Visionary Users', 'closed won', '4/22/2027', '25836.89', '$', 'KD-M1180'),
  ('OPP-00464', 'Repurpose Bleeding-Edge Models', 'lost', '20241005', 'EUR 45867.86', '$', 'KD-M1180'),
  ('OPP-00465', 'Drive Distributed Vortals', 'Closed Lost', '12/23/2024', '160362.04', 'GBP', 'KD-M1180'),
  ('OPP-00466', 'Orchestrate Out-Of-The-Box E-Markets', 'PROSPECTING', '2026-03-08', '184.759,52', 'CHF', 'KD-M1180'),
  ('OPP-00467', 'Transition Bleeding-Edge Eyeballs', 'Abgeschlossen (Gewonnen)', '01.04.2027', '57.145,38', '€', 'KD-M1181'),
  ('OPP-00468', 'Extend Ubiquitous Vortals', 'qualification', '11/29/2026', '-309731.88', 'CHF', 'KD-M1182'),
  ('OPP-00469', 'Unleash E-Business Convergence', 'Won', '2025-05-09', '61.789,38', '£', 'KD-M1183'),
  ('OPP-00470', 'Harness World-Class Mindshare', 'Gewonnen', '2025-02-28', '-338327.49', 'chf', 'KD-M9358'),
  ('OPP-00471', 'Revolutionize Rich Models', 'Quali', '2024-08-25', '0', 'CHF', 'KD-M9607'),
  ('OPP-00472', 'Reinvent Efficient Paradigms', 'Qualification', '01.07.2024', '408946.27', '£', 'KD-M1185'),
  ('OPP-00473', 'Aggregate B2C Roi', 'qualification', '20250923', '0', 'eur', 'KD-M1185'),
  ('OPP-00474', 'Synthesize Cutting-Edge E-Tailers', 'Qualifikation', '2025-05-11', 'EUR 478006.81', 'usd', 'KD-M1185'),
  ('OPP-00475', 'Enable Integrated Bandwidth', 'Closed Lost', '2025-03-05', 'EUR 239748.52', 'chf', 'KD-M9106'),
  ('OPP-00476', 'Scale B2B Channels', 'Abgeschlossen (Gewonnen)', '20270119', '-340521.93', 'gbp', 'KD-M1186'),
  ('OPP-00477', 'Expedite World-Class Networks', 'In Prüfung', '31.07.2026', '383.396,36', 'USD', 'KD-M1186'),
  ('OPP-00478', 'Seize Turn-Key E-Services', 'Prospect', '20240928', '-97495.3', 'CHF', 'KD-M9871'),
  ('OPP-00479', 'Optimize Value-Added Supply-Chains', 'Abgeschlossen (Verloren)', '20260113', 'EUR 189112.19', '£', 'KD-M1187'),
  ('OPP-00480', 'Enhance Clicks-And-Mortar E-Services', 'In Prüfung', '2026-04-21', '-159615.18', 'usd', 'KD-M9465'),
  ('OPP-00481', 'Monetize World-Class Deliverables', 'In Prüfung', '20260522', '322.635,27', 'CHF', 'KD-M1188'),
  ('OPP-00482', 'Innovate One-To-One Mindshare', 'In Prüfung', '20260407', '159.961,05', 'gbp', 'KD-M1188'),
  ('OPP-00483', 'Maximize B2B Channels', 'Gewonnen', '2025-01-09', '145.207,80', 'Euro', 'KD-M1188'),
  ('OPP-00484', 'Reinvent One-To-One Initiatives', 'Quali', '3/24/2026', 'EUR 403377.93', 'gbp', 'KD-M1189'),
  ('OPP-00485', 'Incubate Value-Added Portals', 'prospecting', '24.11.2025', 'None', 'Euro', 'KD-M1189'),
  ('OPP-00486', 'Cultivate Plug-And-Play Platforms', 'Prospect', '02.12.2025', '79.259,82', 'gbp', 'KD-M1189'),
  ('OPP-00487', 'E-Enable Dot-Com Communities', 'Prospect', '06.09.2024', '-28240.04', 'eur', 'KD-M1189'),
  ('OPP-00488', 'Facilitate Frictionless Synergies', 'Prospect', '20241005', '174010.28', 'chf', 'KD-M1190'),
  ('OPP-00489', 'Seize Best-Of-Breed Platforms', 'PROSPECTING', '2025-12-31', 'EUR 332803.08', 'usd', 'KD-M1190'),
  ('OPP-00490', 'Evolve Best-Of-Breed Niches', 'In Prüfung', '16.12.2026', '-347251.06', 'usd', 'KD-M1190'),
  ('OPP-00491', 'Deploy Mission-Critical Technologies', 'Won', '20261209', '-66264.12', 'CHF', 'KD-M1190'),
  ('OPP-00492', 'Grow Rich Action-Items', 'Gewonnen', '2/13/2026', '-495897.22', 'USD', 'KD-M1191'),
  ('OPP-00493', 'Seize Proactive Experiences', 'lost', '20250601', '476.702,65', 'chf', 'KD-M1192'),
  ('OPP-00494', 'Incubate Dynamic Initiatives', 'In Prüfung', '20250331', '134.624,40', 'chf', 'KD-M1192'),
  ('OPP-00495', 'Redefine Interactive Supply-Chains', 'Gewonnen', '18.02.2026', '107401.14', 'CHF', 'KD-M1193'),
  ('OPP-00496', 'Productize Integrated E-Commerce', 'Abgeschlossen (Verloren)', '22.02.2025', 'EUR 385368.11', 'USD', 'KD-M1194'),
  ('OPP-00497', 'Enable Dynamic Roi', 'Quali', '21.06.2026', '236.177,63', 'chf', 'KD-M1194'),
  ('OPP-00498', 'Harness Sticky Niches', 'Abgeschlossen (Verloren)', '20250906', '319.201,23', 'Dollar', 'KD-M1194'),
  ('OPP-00499', 'Grow 24/7 Paradigms', 'lost', '04.12.2024', '181062.0', '£', 'KD-M1195'),
  ('OPP-00500', 'Engineer Revolutionary E-Business', 'In Kontakt', '20260219', '181.773,88', 'gbp', 'KD-M1195'),
  ('OPP-00501', 'Transform Next-Generation Web Services', 'Closed Won', '20250815', '373.603,11', 'Euro', 'KD-M1195'),
  ('OPP-00502', 'Maximize User-Centric Architectures', 'Closed Lost', '20260609', '-363157.04', 'chf', 'KD-M1195'),
  ('OPP-00503', 'Synthesize 24/365 E-Tailers', 'PROSPECTING', '25.10.2025', '-17554.11', 'usd', 'KD-M1196'),
  ('OPP-00504', 'Seize Next-Generation Initiatives', 'Won', '1/3/2026', 'EUR 423229.95', 'GBP', 'KD-M1196'),
  ('OPP-00505', 'Iterate Leading-Edge Users', 'Closed Lost', '9/20/2024', 'EUR 309114.67', 'CHF', 'KD-M1197'),
  ('OPP-00506', 'Brand Collaborative Content', 'Qualification', '20260207', 'EUR 132609.67', 'eur', 'KD-M1198'),
  ('OPP-00507', 'Re-Contextualize Strategic Content', 'Prospect', '2025-03-07', '18.867,62', '£', 'KD-M1198'),
  ('OPP-00508', 'Envisioneer Interactive Info-Mediaries', 'Prospect', '2025-05-02', '-400631.53', 'GBP', 'KD-M1198'),
  ('OPP-00509', 'Iterate Front-End Users', 'Won', '17.09.2024', 'None', 'gbp', 'KD-M1199'),
  ('OPP-00510', 'Enable Integrated Portals', 'Quali', '20260202', '-11549.49', '€', 'KD-M1199'),
  ('OPP-00511', 'Whiteboard Open-Source E-Services', 'closed won', '5/2/2027', 'EUR 29986.66', 'Dollar', 'KD-M1199'),
  ('OPP-00512', 'Utilize Efficient Networks', 'Qualifikation', '03.02.2025', '356.744,36', 'Dollar', 'KD-M1199'),
  ('OPP-00513', 'Syndicate Extensible Models', 'Prospect', '20250603', '419436.03', 'GBP', 'KD-M1200'),
  ('OPP-00514', 'Synergize Magnetic Users', 'Closed Lost', '20270321', 'EUR 316593.36', 'Dollar', 'KD-M1200'),
  ('OPP-00515', 'Maximize B2C Models', 'Abgeschlossen (Verloren)', '21.03.2025', '397364.07', 'chf', 'KD-M1200'),
  ('OPP-00516', 'Extend 24/365 Portals', 'closed won', '20240924', '299937.63', '$', 'KD-M1200'),
  ('OPP-00517', 'Enable Proactive Web-Readiness', 'Qualifikation', '20250612', '213.697,13', '$', 'KD-M1018_DUP'),
  ('OPP-00518', 'Mesh Customized Roi', 'Prospect', '18.10.2024', 'EUR 409218.34', '€', 'KD-M1018_DUP'),
  ('OPP-00519', 'Utilize World-Class Relationships', 'Closed Won', '20250801', '379.549,59', 'USD', 'KD-M1018_DUP'),
  ('OPP-00520', 'Empower Clicks-And-Mortar Initiatives', 'In Prüfung', '20260524', '-41044.84', 'EUR', 'KD-M1152_DUP'),
  ('OPP-00521', 'Matrix Cross-Platform Roi', 'Won', '20260322', '-222624.7', '£', 'KD-M1152_DUP'),
  ('OPP-00522', 'Reinvent Cross-Media Methodologies', 'In Kontakt', '2027-05-25', 'EUR 292408.49', 'gbp', 'KD-M1152_DUP'),
  ('OPP-00523', 'Synthesize Front-End Web Services', 'LOST', '20261021', '276.114,38', 'usd', 'KD-M1186_DUP'),
  ('OPP-00524', 'Strategize Dynamic Platforms', 'prospecting', '20260218', '-427127.88', '€', 'KD-M1186_DUP'),
  ('OPP-00525', 'Disintermediate Front-End Eyeballs', 'lost', '31.07.2025', '-199654.09', '$', 'KD-M1186_DUP'),
  ('OPP-00526', 'Benchmark Virtual Relationships', 'prospecting', '20240707', '0', 'chf', 'KD-M1186_DUP'),
  ('OPP-00527', 'Enable Collaborative Infrastructures', 'Qualification', '7/24/2026', '167.415,65', 'chf', 'KD-M1091_DUP'),
  ('OPP-00528', 'Disintermediate Turn-Key Methodologies', 'Quali', '5/31/2027', '57891.06', '€', 'KD-M1091_DUP'),
  ('OPP-00529', 'Whiteboard Cross-Media Eyeballs', 'closed won', '2026-06-29', '5.809,25', 'eur', 'KD-M1091_DUP'),
  ('OPP-00530', 'Iterate Value-Added E-Markets', 'PROSPECTING', '2027-04-07', '299732.16', '£', 'KD-M9329'),
  ('OPP-00531', 'Morph Customized Web-Readiness', 'Quali', '20240823', '-46440.0', 'gbp', 'KD-M9185'),
  ('OPP-00532', 'Visualize Plug-And-Play Experiences', 'In Kontakt', '20250323', '276878.48', 'CHF', 'KD-M1176_DUP'),
  ('OPP-00533', 'Monetize Collaborative Methodologies', 'Abgeschlossen (Verloren)', '20240630', '-394358.9', 'GBP', 'KD-M1081_DUP'),
  ('OPP-00534', 'Exploit Robust Systems', 'Qualification', '2026-06-30', '-350159.26', 'USD', 'KD-M1178_DUP'),
  ('OPP-00535', 'Streamline Intuitive Convergence', 'Won', '2/7/2025', '295770.24', 'chf', 'KD-M1148_DUP'),
  ('OPP-00536', 'Seize Vertical Content', 'In Kontakt', '20261212', '0', 'Euro', 'KD-M1148_DUP'),
  ('OPP-00537', 'Optimize Viral Communities', 'Qualification', '20260702', '245092.97', '€', 'KD-M1148_DUP'),
  ('OPP-00538', 'Incubate Distributed Markets', 'Gewonnen', '2027-03-27', '247419.12', 'eur', 'KD-M1163_DUP'),
  ('OPP-00539', 'Extend Integrated E-Commerce', 'qualification', '2026-01-05', '453624.57', 'usd', 'KD-M1163_DUP'),
  ('OPP-00540', 'Optimize Bricks-And-Clicks Mindshare', 'Prospect', '2026-06-13', '496.521,95', 'chf', 'KD-M1163_DUP');

INSERT INTO master_projekte (projekt_kennung, projektname, projektstatus, go_live_datum, kunden_kennung, opp_kennung_ref) VALUES
  ('PROJ-00001', 'Christoph GmbH Impl.', 'On Hold', '0000-00-00', 'CUST-M1001', 'OPP-M-99332'),
  ('PROJ-00002', 'van der Dussen Stiftung & Co. KG Impl.', 'Abgeschlossen', '2026-04-04', 'CUST-M1001', 'OPP-00539'),
  ('PROJ-00003', 'Winkler Stiftung & Co. KGaA Impl.', 'active', '6/2/2028', 'CUST-M1001', 'OPP-00430'),
  ('PROJ-00004', 'Baum Impl.', 'In Planung', '12/31/2025', 'MISSING-9196', 'OPP-00190'),
  ('PROJ-00005', 'Döhn GbR Impl.', 'active', '2026-06-04', 'CUST-M1005', 'OPP-00308'),
  ('PROJ-00006', 'Bonbach Impl.', 'Cancelled', '2027-01-08', 'MISSING-9357', 'OPP-00323'),
  ('PROJ-00007', 'Stolze Impl.', 'On Hold', '2026-05-16', 'CUST-M1006', 'OPP-00514'),
  ('PROJ-00008', 'Barth Impl.', 'Abgeschlossen', '20280331', 'CUST-M1006', 'OPP-00189'),
  ('PROJ-00009', 'Scheel GmbH Impl.', 'In Planning', '7/10/2026', 'CUST-M1011', 'OPP-00363'),
  ('PROJ-00010', 'Drub Impl.', 'Planung', '4/9/2026', 'MISSING-9331', 'OPP-M-99982'),
  ('PROJ-00011', 'Gröttner Impl.', 'Planung', '6/7/2028', 'CUST-M1011', 'OPP-M-99770'),
  ('PROJ-00012', 'Kroker Impl.', 'completed', '20280219', 'CUST-M1013', 'OPP-00357'),
  ('PROJ-00013', 'Jacobi Jäckel Impl.', 'Completed', '20.03.2027', 'MISSING-9792', 'OPP-00157'),
  ('PROJ-00014', 'Zobel Impl.', 'Cancelled', '0000-00-00', 'CUST-M1014', 'OPP-00216'),
  ('PROJ-00015', 'Hornich Impl.', 'Planung', '2027-05-19', 'CUST-M1017', 'OPP-00037'),
  ('PROJ-00016', 'Thies KGaA Impl.', 'Planung', '20270712', 'CUST-M1017', 'OPP-00151'),
  ('PROJ-00017', 'Schmiedt Impl.', 'Storniert', '2/5/2026', 'CUST-M1017', 'OPP-00401'),
  ('PROJ-00018', 'Jacob Heintze AG & Co. KG Impl.', 'cancelled', '6/21/2027', 'MISSING-9387', 'OPP-00242'),
  ('PROJ-00019', 'Kostolzin e.G. Impl.', 'Pausiert', '18.12.2027', 'CUST-M1018', 'OPP-00493'),
  ('PROJ-00020', 'Trommler GbR Impl.', 'on hold', '20271013', 'CUST-M1018', 'OPP-00066'),
  ('PROJ-00021', 'Eberhardt Käster GmbH & Co. KGaA Impl.', 'on hold', '10/26/2026', 'CUST-M1019', 'OPP-00054'),
  ('PROJ-00022', 'Ring Impl.', 'Abgeschlossen', '11/29/2025', 'CUST-M1019', 'OPP-00535'),
  ('PROJ-00023', 'Jäntsch Impl.', 'On Hold', '2/7/2028', 'CUST-M1019', 'OPP-00140'),
  ('PROJ-00024', 'Loos Stiftung & Co. KGaA Impl.', 'Storniert', '20260403', 'CUST-M1021', 'OPP-M-99832'),
  ('PROJ-00025', 'Lange Impl.', 'In Planung', '12/21/2026', 'CUST-M1021', 'OPP-00474'),
  ('PROJ-00026', 'Stolze GmbH Impl.', 'In Planung', '04.06.2026', 'CUST-M1022', 'OPP-00157'),
  ('PROJ-00027', 'Holsten Impl.', 'Abgeschlossen', '05.01.2026', 'CUST-M1022', 'OPP-00374'),
  ('PROJ-00028', 'Hölzenbecher KGaA Impl.', 'Completed', '0000-00-00', 'CUST-M1023', 'OPP-00131'),
  ('PROJ-00029', 'Henschel Impl.', 'Active', '20271015', 'MISSING-9830', 'OPP-00387'),
  ('PROJ-00030', 'Kohl Impl.', 'Completed', '15.11.2026', 'CUST-M1024', 'OPP-00365'),
  ('PROJ-00031', 'Blümel GmbH Impl.', 'active', '1/8/2027', 'CUST-M1027', 'OPP-00010'),
  ('PROJ-00032', 'Ritter Börner GmbH & Co. KGaA Impl.', 'Pausiert', '03.04.2026', 'CUST-M1027', 'OPP-00019'),
  ('PROJ-00033', 'Schönland Impl.', 'cancelled', '20270323', 'CUST-M1027', 'OPP-M-99063'),
  ('PROJ-00034', 'Kabus Impl.', 'On Hold', NULL, 'CUST-M1028', 'OPP-M-99983'),
  ('PROJ-00035', 'Riehl Neuschäfer GmbH & Co. KG Impl.', 'Pausiert', NULL, 'CUST-M1028', 'OPP-00154'),
  ('PROJ-00036', 'Werner GmbH Impl.', 'Storniert', '17.04.2026', 'CUST-M1029', 'OPP-M-99524'),
  ('PROJ-00037', 'Henschel Noack GmbH Impl.', 'Pausiert', '2028-06-01', 'CUST-M1029', 'OPP-00077'),
  ('PROJ-00038', 'Fechner AG Impl.', 'Pausiert', '2025-08-08', 'CUST-M1030', 'OPP-00384'),
  ('PROJ-00039', 'Kade GmbH Impl.', 'completed', NULL, 'CUST-M1030', 'OPP-M-99224'),
  ('PROJ-00040', 'Junk Hethur KG Impl.', 'In Planning', '20260205', 'CUST-M1031', 'OPP-00124'),
  ('PROJ-00041', 'Gunpf Pärtzelt GmbH Impl.', 'On Hold', '07.10.2025', 'CUST-M1031', 'OPP-00140'),
  ('PROJ-00042', 'Ritter KG Impl.', 'Planung', '7/20/2025', 'CUST-M1031', 'OPP-M-99397'),
  ('PROJ-00043', 'Ehlert Impl.', 'cancelled', 'N/A', 'CUST-M1034', 'OPP-00189'),
  ('PROJ-00044', 'Hofmann Sager OHG mbH Impl.', 'Cancelled', '10/27/2027', 'CUST-M1034', 'OPP-00459'),
  ('PROJ-00045', 'Finke Impl.', 'cancelled', '11/29/2026', 'CUST-M1034', 'OPP-M-99603'),
  ('PROJ-00046', 'Faust GmbH Impl.', 'Planung', '21.05.2027', 'CUST-M1035', 'OPP-00436'),
  ('PROJ-00047', 'Trommler Dörr KG Impl.', 'cancelled', '20280323', 'CUST-M1035', 'OPP-00286'),
  ('PROJ-00048', 'Siering Impl.', 'Completed', '21.02.2027', 'CUST-M1036', 'OPP-00313'),
  ('PROJ-00049', 'Nerger Impl.', 'In Planning', '2027-06-30', 'CUST-M1038', 'OPP-00084'),
  ('PROJ-00050', 'Schinke Impl.', 'active', '2027-01-21', 'MISSING-9031', 'OPP-00384'),
  ('PROJ-00051', 'Hecker Rust GbR Impl.', 'In Planning', '20280406', 'CUST-M1038', 'OPP-00353'),
  ('PROJ-00052', 'Lachmann Margraf GmbH Impl.', 'cancelled', '08.04.2027', 'CUST-M1039', 'OPP-M-99881'),
  ('PROJ-00053', 'Jäntsch Impl.', 'active', '7/25/2025', 'CUST-M1039', 'OPP-M-99241'),
  ('PROJ-00054', 'Schwital Stahr GmbH & Co. KG Impl.', 'Completed', '20260924', 'CUST-M1040', 'OPP-00359'),
  ('PROJ-00055', 'Schulz Impl.', 'cancelled', NULL, 'CUST-M1041', 'OPP-00025'),
  ('PROJ-00056', 'Pölitz Hesse AG & Co. KGaA Impl.', 'Active', NULL, 'CUST-M1041', 'OPP-00247'),
  ('PROJ-00057', 'Geisler Ziegert KG Impl.', 'Aktiv', '20.01.2027', 'CUST-M1042', 'OPP-00406'),
  ('PROJ-00058', 'van der Dussen Sauer GmbH Impl.', 'Storniert', '26.07.2026', 'CUST-M1044', 'OPP-00512'),
  ('PROJ-00059', 'Nette Meister KGaA Impl.', 'Abgeschlossen', '2027-04-05', 'CUST-M1044', 'OPP-00109'),
  ('PROJ-00060', 'Hermighausen Impl.', 'Active', '2025-12-10', 'CUST-M1045', 'OPP-M-99393'),
  ('PROJ-00061', 'Sager GmbH & Co. KG Impl.', 'on hold', '28.12.2026', 'CUST-M1045', 'OPP-00226'),
  ('PROJ-00062', 'Förster AG Impl.', 'Active', '20260725', 'CUST-M1045', 'OPP-00466'),
  ('PROJ-00063', 'Fechner Impl.', 'on hold', '14.05.2026', 'CUST-M1046', 'OPP-00395'),
  ('PROJ-00064', 'Aumann Impl.', 'on hold', '0000-00-00', 'CUST-M1046', 'OPP-00106'),
  ('PROJ-00065', 'Zirme Dobes e.G. Impl.', 'Abgeschlossen', '2028-04-18', 'CUST-M1047', 'OPP-M-99913'),
  ('PROJ-00066', 'Jopich KG Impl.', 'In Planning', '0000-00-00', 'CUST-M1047', 'OPP-M-99617'),
  ('PROJ-00067', 'Hofmann Schinke KG Impl.', 'Abgeschlossen', '20261018', 'CUST-M1048', 'OPP-M-99163'),
  ('PROJ-00068', 'Mühle AG & Co. KG Impl.', 'In Planung', '2025-12-15', 'CUST-M1048', 'OPP-00164'),
  ('PROJ-00069', 'Haase Heidrich Stiftung & Co. KG Impl.', 'In Planung', '5/31/2027', 'CUST-M1048', 'OPP-00470'),
  ('PROJ-00070', 'Roht Stiftung & Co. KG Impl.', 'In Planung', 'N/A', 'CUST-M1049', 'OPP-00534'),
  ('PROJ-00071', 'Mohaupt Lehmann GmbH & Co. OHG Impl.', 'In Planning', '20280401', 'CUST-M1049', 'OPP-00398'),
  ('PROJ-00072', 'Staude Schmidtke AG Impl.', 'Completed', '24.09.2026', 'CUST-M1049', 'OPP-00300'),
  ('PROJ-00073', 'Bien Impl.', 'On Hold', '11/18/2026', 'CUST-M1050', 'OPP-00366'),
  ('PROJ-00074', 'Hahn KG Impl.', 'Storniert', 'N/A', 'CUST-M1050', 'OPP-00137'),
  ('PROJ-00075', 'Johann GmbH Impl.', 'In Planung', 'N/A', 'CUST-M1050', 'OPP-00021'),
  ('PROJ-00076', 'Wesack GmbH Impl.', 'active', '20250927', 'CUST-M1052', 'OPP-00353'),
  ('PROJ-00077', 'Ebert Impl.', 'Aktiv', '06.05.2027', 'CUST-M1052', 'OPP-M-99021'),
  ('PROJ-00078', 'Käster Klingelhöfer GbR Impl.', 'Pausiert', '2/7/2028', 'CUST-M1053', 'OPP-00497'),
  ('PROJ-00079', 'Kallert GmbH Impl.', 'In Planung', NULL, 'CUST-M1054', 'OPP-00121'),
  ('PROJ-00080', 'Mangold Ritter GmbH & Co. KG Impl.', 'Aktiv', '20270928', 'CUST-M1054', 'OPP-00080'),
  ('PROJ-00081', 'Liebelt Impl.', 'Aktiv', '2/22/2027', 'CUST-M1056', 'OPP-00341'),
  ('PROJ-00082', 'Cichorius GmbH Impl.', 'Storniert', '10/5/2025', 'CUST-M1056', 'OPP-M-99627'),
  ('PROJ-00083', 'Kaul AG Impl.', 'In Planung', '25.05.2027', 'CUST-M1056', 'OPP-00108'),
  ('PROJ-00084', 'Weinhage Löffler KGaA Impl.', 'cancelled', '8/15/2027', 'CUST-M1057', 'OPP-00515'),
  ('PROJ-00085', 'Striebitz GbR Impl.', 'active', '12.04.2027', 'MISSING-9522', 'OPP-00356'),
  ('PROJ-00086', 'Gnatz Rogge GmbH Impl.', 'Completed', '8/4/2026', 'CUST-M1058', 'OPP-00137'),
  ('PROJ-00087', 'Ring Impl.', 'Cancelled', '9/30/2025', 'CUST-M1059', 'OPP-00521'),
  ('PROJ-00088', 'Heinz Impl.', 'Completed', '21.07.2025', 'MISSING-9651', 'OPP-00277'),
  ('PROJ-00089', 'Reuter AG Impl.', 'Storniert', '2025-11-14', 'CUST-M1059', 'OPP-00126'),
  ('PROJ-00090', 'Pruschke Mies AG Impl.', 'On Hold', '08.06.2027', 'CUST-M1060', 'OPP-M-99163'),
  ('PROJ-00091', 'Albers Impl.', 'Pausiert', '25.04.2028', 'MISSING-9029', 'OPP-00267'),
  ('PROJ-00092', 'Losekann KG Impl.', 'on hold', '23.08.2025', 'CUST-M1060', 'OPP-00027'),
  ('PROJ-00093', 'Bähr GmbH & Co. KG Impl.', 'Completed', '20280306', 'CUST-M1061', 'OPP-00063'),
  ('PROJ-00094', 'Etzler Hauffer AG Impl.', 'Active', '11/30/2027', 'CUST-M1061', 'OPP-00359'),
  ('PROJ-00095', 'Drub Impl.', 'Abgeschlossen', NULL, 'CUST-M1061', 'OPP-00428'),
  ('PROJ-00096', 'Bolander AG & Co. OHG Impl.', 'completed', '2025-09-18', 'CUST-M1062', 'OPP-00447'),
  ('PROJ-00097', 'Scholtz Krebs GmbH & Co. KG Impl.', 'Aktiv', '2027-03-01', 'CUST-M1063', 'OPP-00155'),
  ('PROJ-00098', 'Scheibe Tlustek GmbH Impl.', 'Abgeschlossen', '20280302', 'CUST-M1067', 'OPP-00068'),
  ('PROJ-00099', 'Rosemann Dietz GmbH & Co. KG Impl.', 'Cancelled', '0000-00-00', 'CUST-M1069', 'OPP-00428'),
  ('PROJ-00100', 'Ullrich AG Impl.', 'Active', '9/16/2025', 'CUST-M1069', 'OPP-00291'),
  ('PROJ-00101', 'Vollbrecht AG Impl.', 'In Planung', '20260704', 'CUST-M1069', 'OPP-00531'),
  ('PROJ-00102', 'Rosenow Impl.', 'In Planning', '4/29/2026', 'CUST-M1070', 'OPP-00191'),
  ('PROJ-00103', 'Bachmann Ernst GmbH Impl.', 'Completed', '6/2/2026', 'CUST-M1070', 'OPP-00349'),
  ('PROJ-00104', 'Peukert GmbH Impl.', 'Cancelled', '5/7/2026', 'CUST-M1070', 'OPP-00057'),
  ('PROJ-00105', 'Barkholz Oestrovsky GbR Impl.', 'Completed', '7/10/2026', 'CUST-M1071', 'OPP-00418'),
  ('PROJ-00106', 'Eberhardt GmbH Impl.', 'Aktiv', '9/8/2027', 'CUST-M1071', 'OPP-00365'),
  ('PROJ-00107', 'Hein Impl.', 'on hold', '20260505', 'CUST-M1072', 'OPP-M-99408'),
  ('PROJ-00108', 'Schacht Impl.', 'Pausiert', '12/30/2027', 'CUST-M1072', 'OPP-M-99341'),
  ('PROJ-00109', 'Hendriks Drewes Stiftung & Co. KGaA Impl.', 'Active', '7/24/2025', 'MISSING-9807', 'OPP-M-99589'),
  ('PROJ-00110', 'Dussen van Impl.', 'In Planung', 'N/A', 'CUST-M1074', 'OPP-00369'),
  ('PROJ-00111', 'Ruppersberger Pergande e.G. Impl.', 'In Planning', '10.06.2026', 'CUST-M1074', 'OPP-00379'),
  ('PROJ-00112', 'Hecker Schönland GmbH & Co. KG Impl.', 'on hold', '3/14/2027', 'CUST-M1075', 'OPP-00014'),
  ('PROJ-00113', 'Beier Höfig OHG mbH Impl.', 'Cancelled', '2025-10-08', 'CUST-M1075', 'OPP-00057'),
  ('PROJ-00114', 'Rogner GmbH & Co. KGaA Impl.', 'completed', '20270610', 'CUST-M1077', 'OPP-00423'),
  ('PROJ-00115', 'Kreusel AG Impl.', 'In Planung', '12/24/2026', 'CUST-M1078', 'OPP-M-99901'),
  ('PROJ-00116', 'Karz Impl.', 'Planung', '28.06.2027', 'CUST-M1078', 'OPP-00484'),
  ('PROJ-00117', 'Krebs Werner Stiftung & Co. KGaA Impl.', 'Abgeschlossen', '2026-07-01', 'CUST-M1078', 'OPP-M-99992'),
  ('PROJ-00118', 'Löwer Impl.', 'Completed', NULL, 'CUST-M1079', 'OPP-00159'),
  ('PROJ-00119', 'Käster Klingelhöfer KG Impl.', 'In Planung', '14.09.2026', 'CUST-M1079', 'OPP-00179'),
  ('PROJ-00120', 'Roht Impl.', 'active', '08.06.2027', 'CUST-M1083', 'OPP-00351'),
  ('PROJ-00121', 'Karz Drub e.G. Impl.', 'Active', '1/26/2028', 'CUST-M1083', 'OPP-00319'),
  ('PROJ-00122', 'auch Schlauchin GmbH Impl.', 'on hold', '3/27/2028', 'CUST-M1084', 'OPP-00035'),
  ('PROJ-00123', 'Pruschke GmbH Impl.', 'Abgeschlossen', 'N/A', 'CUST-M1084', 'OPP-00012'),
  ('PROJ-00124', 'Schwital Mühle KG Impl.', 'Cancelled', '20260825', 'CUST-M1085', 'OPP-00099'),
  ('PROJ-00125', 'Becker GmbH & Co. OHG Impl.', 'Pausiert', '20280515', 'CUST-M1087', 'OPP-00179'),
  ('PROJ-00126', 'Stadelmann Impl.', 'Planung', '2/17/2028', 'CUST-M1087', 'OPP-00063'),
  ('PROJ-00127', 'Junk GmbH & Co. KGaA Impl.', 'Abgeschlossen', NULL, 'CUST-M1089', 'OPP-00351'),
  ('PROJ-00128', 'Oderwald Jockel GmbH Impl.', 'Completed', '02.02.2026', 'CUST-M1090', 'OPP-00119'),
  ('PROJ-00129', 'Barkholz Förster KG Impl.', 'cancelled', '0000-00-00', 'CUST-M1091', 'OPP-00213'),
  ('PROJ-00130', 'Dowerg Kensy e.G. Impl.', 'In Planung', '9/10/2027', 'CUST-M1091', 'OPP-00249'),
  ('PROJ-00131', 'Zirme Radisch KG Impl.', 'Active', '3/24/2026', 'CUST-M1092', 'OPP-00153'),
  ('PROJ-00132', 'Steuer GmbH & Co. OHG Impl.', 'In Planning', NULL, 'CUST-M1092', 'OPP-00398'),
  ('PROJ-00133', 'Klotz Impl.', 'In Planning', '20260210', 'CUST-M1093', 'OPP-00440'),
  ('PROJ-00134', 'Kabus Impl.', 'active', '2025-10-13', 'CUST-M1093', 'OPP-00313'),
  ('PROJ-00135', 'Tintzmann AG & Co. KGaA Impl.', 'cancelled', '8/26/2026', 'CUST-M1093', 'OPP-00444'),
  ('PROJ-00136', 'Karge Impl.', 'active', '20270524', 'CUST-M1094', 'OPP-00200'),
  ('PROJ-00137', 'Nohlmans Impl.', 'Pausiert', '2025-11-22', 'CUST-M1094', 'OPP-M-99194'),
  ('PROJ-00138', 'Scholtz GbR Impl.', 'Planung', '20250918', 'CUST-M1094', 'OPP-00192'),
  ('PROJ-00139', 'Wesack Flantz GmbH Impl.', 'Storniert', NULL, 'CUST-M1095', 'OPP-00431'),
  ('PROJ-00140', 'Gehringer AG Impl.', 'Aktiv', '2028-03-18', 'MISSING-9228', 'OPP-00095'),
  ('PROJ-00141', 'Mielcarek e.V. Impl.', 'Pausiert', 'N/A', 'CUST-M1096', 'OPP-00452'),
  ('PROJ-00142', 'Hentschel Stiftung & Co. KGaA Impl.', 'Cancelled', 'N/A', 'MISSING-9223', 'OPP-00056'),
  ('PROJ-00143', 'Sorgatz e.V. Impl.', 'Planung', 'N/A', 'CUST-M1097', 'OPP-M-99718'),
  ('PROJ-00144', 'Buchholz Junck GbR Impl.', 'On Hold', '24.07.2025', 'CUST-M1100', 'OPP-00481'),
  ('PROJ-00145', 'Karge e.V. Impl.', 'Storniert', '5/22/2028', 'CUST-M1100', 'OPP-00001'),
  ('PROJ-00146', 'Kroker GmbH Impl.', 'Planung', '7/31/2026', 'CUST-M1101', 'OPP-M-99079'),
  ('PROJ-00147', 'Kraus GmbH & Co. KG Impl.', 'Cancelled', '0000-00-00', 'CUST-M1101', 'OPP-00138'),
  ('PROJ-00148', 'Mende Impl.', 'In Planning', '17.05.2028', 'CUST-M1101', 'OPP-M-99150'),
  ('PROJ-00149', 'Steinberg AG Impl.', 'active', '0000-00-00', 'CUST-M1102', 'OPP-00012'),
  ('PROJ-00150', 'Schuchhardt Impl.', 'Abgeschlossen', '27.05.2026', 'CUST-M1102', 'OPP-00365'),
  ('PROJ-00151', 'Ritter Impl.', 'active', '7/22/2026', 'MISSING-9715', 'OPP-00009'),
  ('PROJ-00152', 'Sauer Impl.', 'Planung', '2027-03-20', 'CUST-M1103', 'OPP-00070'),
  ('PROJ-00153', 'auch Schlauchin Meister KG Impl.', 'On Hold', '0000-00-00', 'CUST-M1103', 'OPP-00073'),
  ('PROJ-00154', 'Blümel Scholl GmbH Impl.', 'Pausiert', '2027-09-08', 'MISSING-9629', 'OPP-00033'),
  ('PROJ-00155', 'Schottin Impl.', 'Storniert', '2027-12-18', 'MISSING-9314', 'OPP-00538'),
  ('PROJ-00156', 'Gunpf Impl.', 'Abgeschlossen', '09.11.2025', 'CUST-M1104', 'OPP-00298'),
  ('PROJ-00157', 'Sager Impl.', 'Abgeschlossen', '10/21/2025', 'CUST-M1106', 'OPP-00082'),
  ('PROJ-00158', 'Boucsein Thanel GmbH Impl.', 'Active', '27.01.2027', 'CUST-M1107', 'OPP-00371'),
  ('PROJ-00159', 'Loos Stiftung & Co. KG Impl.', 'In Planning', '2027-01-09', 'CUST-M1108', 'OPP-00123'),
  ('PROJ-00160', 'Gunpf Hörle AG & Co. OHG Impl.', 'completed', '11.07.2027', 'CUST-M1108', 'OPP-00525'),
  ('PROJ-00161', 'Hornich Ebert GmbH & Co. KG Impl.', 'Aktiv', '2027-06-09', 'CUST-M1109', 'OPP-00131'),
  ('PROJ-00162', 'Walter Schäfer e.G. Impl.', 'on hold', 'N/A', 'CUST-M1110', 'OPP-00099'),
  ('PROJ-00163', 'Bolzmann Ullmann e.V. Impl.', 'on hold', '04.08.2025', 'CUST-M1110', 'OPP-00339'),
  ('PROJ-00164', 'Scheibe Heinz GmbH & Co. KGaA Impl.', 'In Planung', '20280621', 'CUST-M1112', 'OPP-00535'),
  ('PROJ-00165', 'Christoph Eberhardt AG Impl.', 'Cancelled', '2025-08-03', 'CUST-M1112', 'OPP-00372'),
  ('PROJ-00166', 'Hein Hornig GbR Impl.', 'active', '01.08.2027', 'CUST-M1112', 'OPP-00186'),
  ('PROJ-00167', 'Briemer Impl.', 'completed', '20261221', 'CUST-M1114', 'OPP-00043'),
  ('PROJ-00168', 'Löffler Impl.', 'On Hold', '2026-07-01', 'CUST-M1114', 'OPP-00162'),
  ('PROJ-00169', 'Mude Impl.', 'on hold', '20271231', 'CUST-M1114', 'OPP-00150'),
  ('PROJ-00170', 'Beier GmbH Impl.', 'active', 'N/A', 'CUST-M1116', 'OPP-00325'),
  ('PROJ-00171', 'Seidel Impl.', 'on hold', '2027-09-23', 'CUST-M1117', 'OPP-00100'),
  ('PROJ-00172', 'Mälzer e.V. Impl.', 'Cancelled', '2028-01-24', 'CUST-M1119', 'OPP-00396'),
  ('PROJ-00173', 'Kobelt e.G. Impl.', 'Abgeschlossen', '20280322', 'CUST-M1120', 'OPP-M-99872'),
  ('PROJ-00174', 'Gunpf Impl.', 'Storniert', NULL, 'CUST-M1122', 'OPP-00441'),
  ('PROJ-00175', 'Mülichen GmbH & Co. OHG Impl.', 'Active', '5/18/2026', 'CUST-M1122', 'OPP-M-99834'),
  ('PROJ-00176', 'Wilms Impl.', 'Storniert', '23.08.2027', 'CUST-M1122', 'OPP-00122'),
  ('PROJ-00177', 'Killer AG Impl.', 'Storniert', '20280129', 'CUST-M1123', 'OPP-M-99649'),
  ('PROJ-00178', 'Beier Baum AG & Co. KG Impl.', 'active', '9/18/2025', 'CUST-M1123', 'OPP-00498'),
  ('PROJ-00179', 'Gotthard AG & Co. OHG Impl.', 'active', '05.04.2027', 'CUST-M1123', 'OPP-00423'),
  ('PROJ-00180', 'Wagenknecht Heintze GmbH Impl.', 'Active', '20260319', 'MISSING-9091', 'OPP-M-99254'),
  ('PROJ-00181', 'Wagner Impl.', 'In Planung', '2027-07-10', 'CUST-M1125', 'OPP-00061'),
  ('PROJ-00182', 'Beer Impl.', 'Completed', '2028-03-10', 'CUST-M1125', 'OPP-M-99985'),
  ('PROJ-00183', 'Schleich Pärtzelt GmbH Impl.', 'on hold', '13.09.2027', 'CUST-M1126', 'OPP-00138'),
  ('PROJ-00184', 'Vollbrecht Lange GmbH & Co. KGaA Impl.', 'Abgeschlossen', '09.09.2025', 'CUST-M1127', 'OPP-M-99179'),
  ('PROJ-00185', 'Röhricht GmbH & Co. OHG Impl.', 'cancelled', '2027-07-31', 'CUST-M1128', 'OPP-00425'),
  ('PROJ-00186', 'Schmiedt Steinberg KGaA Impl.', 'Active', '20251202', 'CUST-M1130', 'OPP-00198'),
  ('PROJ-00187', 'Kreusel Jacobi Jäckel GmbH & Co. KG Impl.', 'on hold', '20270201', 'CUST-M1132', 'OPP-00261'),
  ('PROJ-00188', 'Hein Impl.', 'Abgeschlossen', '2028-01-10', 'CUST-M1132', 'OPP-00129'),
  ('PROJ-00189', 'Kitzmann GmbH Impl.', 'In Planning', '2028-02-24', 'MISSING-9491', 'OPP-00182'),
  ('PROJ-00190', 'Heß Impl.', 'on hold', '23.01.2028', 'CUST-M1133', 'OPP-M-99126'),
  ('PROJ-00191', 'Schmiedt Reuter AG Impl.', 'On Hold', '2026-03-12', 'CUST-M1133', 'OPP-M-99620'),
  ('PROJ-00192', 'Blümel Impl.', 'Planung', '2027-08-12', 'CUST-M1135', 'OPP-00160'),
  ('PROJ-00193', 'Schweitzer Impl.', 'completed', '8/2/2026', 'CUST-M1135', 'OPP-M-99371'),
  ('PROJ-00194', 'Sauer Impl.', 'Planung', '2026-11-23', 'CUST-M1137', 'OPP-00035'),
  ('PROJ-00195', 'Jopich Mosemann AG Impl.', 'Storniert', '7/13/2027', 'CUST-M1137', 'OPP-00521'),
  ('PROJ-00196', 'Bruder Impl.', 'Active', '28.07.2025', 'CUST-M1137', 'OPP-00267'),
  ('PROJ-00197', 'Kensy GmbH Impl.', 'On Hold', '2026-04-19', 'CUST-M1138', 'OPP-M-99019'),
  ('PROJ-00198', 'Franke Impl.', 'Pausiert', '2026-05-11', 'CUST-M1138', 'OPP-M-99749'),
  ('PROJ-00199', 'Dörr AG & Co. KG Impl.', 'Active', '2028-02-02', 'CUST-M1138', 'OPP-M-99793'),
  ('PROJ-00200', 'Jessel KG Impl.', 'Cancelled', '20270312', 'CUST-M1139', 'OPP-00439'),
  ('PROJ-00201', 'Sager AG Impl.', 'Storniert', '1/25/2027', 'MISSING-9622', 'OPP-M-99063'),
  ('PROJ-00202', 'Sager Impl.', 'Active', '2025-10-13', 'CUST-M1140', 'OPP-00169'),
  ('PROJ-00203', 'Hesse Impl.', 'Cancelled', '20270620', 'CUST-M1140', 'OPP-00089'),
  ('PROJ-00204', 'Juncken Hauffer AG Impl.', 'Active', '8/16/2026', 'CUST-M1141', 'OPP-00283'),
  ('PROJ-00205', 'Etzler Sorgatz AG Impl.', 'Planung', '8/10/2027', 'CUST-M1141', 'OPP-00253'),
  ('PROJ-00206', 'Hamann Förster KG Impl.', 'Cancelled', '20260304', 'CUST-M1141', 'OPP-00264'),
  ('PROJ-00207', 'Patberg Vogt GmbH & Co. KG Impl.', 'active', '20270427', 'CUST-M1142', 'OPP-00229'),
  ('PROJ-00208', 'Jüttner Kraus KG Impl.', 'Active', '25.10.2025', 'MISSING-9692', 'OPP-00538'),
  ('PROJ-00209', 'Reuter Impl.', 'Pausiert', '21.04.2026', 'CUST-M1142', 'OPP-00332'),
  ('PROJ-00210', 'Kramer Impl.', 'Abgeschlossen', '2027-05-03', 'CUST-M1143', 'OPP-00453'),
  ('PROJ-00211', 'Bender Impl.', 'completed', '2025-10-24', 'CUST-M1143', 'OPP-00258'),
  ('PROJ-00212', 'Pruschke GmbH Impl.', 'Planung', '28.08.2026', 'CUST-M1144', 'OPP-00313'),
  ('PROJ-00213', 'Bruder AG & Co. OHG Impl.', 'In Planung', '06.07.2027', 'CUST-M1144', 'OPP-00066'),
  ('PROJ-00214', 'Hiller Impl.', 'Active', '20251229', 'CUST-M1145', 'OPP-00030'),
  ('PROJ-00215', 'Hübel KG Impl.', 'completed', '6/4/2026', 'CUST-M1146', 'OPP-00301'),
  ('PROJ-00216', 'Zänker Impl.', 'completed', '05.11.2025', 'CUST-M1148', 'OPP-M-99228'),
  ('PROJ-00217', 'Ullmann Impl.', 'Aktiv', '17.09.2025', 'CUST-M1148', 'OPP-00162'),
  ('PROJ-00218', 'Junck Impl.', 'Completed', '2026-07-23', 'CUST-M1150', 'OPP-00317'),
  ('PROJ-00219', 'Hahn Impl.', 'Completed', '20261007', 'CUST-M1150', 'OPP-00382'),
  ('PROJ-00220', 'Geißler Adler AG & Co. OHG Impl.', 'Storniert', '2027-09-07', 'CUST-M1150', 'OPP-00104'),
  ('PROJ-00221', 'Scholz Impl.', 'active', '21.12.2025', 'CUST-M1152', 'OPP-M-99928'),
  ('PROJ-00222', 'Albers Stadelmann AG Impl.', 'In Planung', '2028-03-01', 'CUST-M1153', 'OPP-00369'),
  ('PROJ-00223', 'Vollbrecht e.V. Impl.', 'Planung', '2027-05-05', 'CUST-M1153', 'OPP-00176'),
  ('PROJ-00224', 'Knappe Impl.', 'On Hold', '6/24/2027', 'CUST-M1153', 'OPP-00129'),
  ('PROJ-00225', 'Kuhl GmbH Impl.', 'Cancelled', '3/25/2028', 'CUST-M1154', 'OPP-00198'),
  ('PROJ-00226', 'Heuser Neureuther GmbH & Co. KG Impl.', 'cancelled', '2027-05-12', 'CUST-M1155', 'OPP-M-99338'),
  ('PROJ-00227', 'Naser e.G. Impl.', 'cancelled', '20260206', 'CUST-M1155', 'OPP-00507'),
  ('PROJ-00228', 'Möchlichen AG Impl.', 'Aktiv', '2025-08-21', 'CUST-M1155', 'OPP-00055'),
  ('PROJ-00229', 'Wirth Ortmann KG Impl.', 'completed', '2026-10-06', 'CUST-M1156', 'OPP-M-99377'),
  ('PROJ-00230', 'Reichmann Wesack GbR Impl.', 'In Planning', '20270122', 'CUST-M1156', 'OPP-00386'),
  ('PROJ-00231', 'Lehmann Langern KGaA Impl.', 'Pausiert', '2028-01-22', 'CUST-M1157', 'OPP-00296'),
  ('PROJ-00232', 'Bolzmann Impl.', 'Pausiert', '20260919', 'CUST-M1157', 'OPP-00153'),
  ('PROJ-00233', 'Trubin Fröhlich KG Impl.', 'On Hold', 'N/A', 'CUST-M1158', 'OPP-00093'),
  ('PROJ-00234', 'Dobes Impl.', 'active', '17.09.2025', 'CUST-M1159', 'OPP-00458'),
  ('PROJ-00235', 'Kensy AG Impl.', 'Planung', '12/20/2025', 'CUST-M1160', 'OPP-00067'),
  ('PROJ-00236', 'Schaaf Impl.', 'active', '10/6/2025', 'CUST-M1160', 'OPP-00468'),
  ('PROJ-00237', 'Pohl Caspar KG Impl.', 'On Hold', '28.04.2028', 'CUST-M1161', 'OPP-M-99133'),
  ('PROJ-00238', 'Steckel AG Impl.', 'active', '20270315', 'CUST-M1161', 'OPP-00321'),
  ('PROJ-00239', 'Geisel Impl.', 'Aktiv', '2026-03-24', 'CUST-M1163', 'OPP-00299'),
  ('PROJ-00240', 'Loos KG Impl.', 'Pausiert', NULL, 'CUST-M1163', 'OPP-00248'),
  ('PROJ-00241', 'Binner AG & Co. OHG Impl.', 'In Planning', '28.02.2026', 'CUST-M1163', 'OPP-00027'),
  ('PROJ-00242', 'Eigenwillig Impl.', 'Active', '2028-05-01', 'CUST-M1165', 'OPP-M-99445'),
  ('PROJ-00243', 'Geisler Impl.', 'Storniert', '2027-02-22', 'CUST-M1165', 'OPP-00187'),
  ('PROJ-00244', 'Albers Impl.', 'In Planung', '2027-12-18', 'CUST-M1166', 'OPP-00122'),
  ('PROJ-00245', 'Langern Impl.', 'Aktiv', '1/29/2028', 'CUST-M1166', 'OPP-00126'),
  ('PROJ-00246', 'Hiller Impl.', 'Cancelled', '2025-10-11', 'CUST-M1166', 'OPP-00299'),
  ('PROJ-00247', 'Krein Impl.', 'Planung', '31.12.2025', 'CUST-M1167', 'OPP-M-99440'),
  ('PROJ-00248', 'Döring KG Impl.', 'In Planning', '20260811', 'CUST-M1167', 'OPP-00267'),
  ('PROJ-00249', 'Mitschke GmbH & Co. KGaA Impl.', 'active', '06.05.2028', 'CUST-M1167', 'OPP-M-99833'),
  ('PROJ-00250', 'Wesack GmbH & Co. KG Impl.', 'Pausiert', '20250924', 'CUST-M1169', 'OPP-00058'),
  ('PROJ-00251', 'Roskoth e.V. Impl.', 'Active', '2026-12-13', 'CUST-M1169', 'OPP-M-99515'),
  ('PROJ-00252', 'Dussen van Impl.', 'Completed', '2028-06-10', 'CUST-M1171', 'OPP-00419'),
  ('PROJ-00253', 'Christoph GbR Impl.', 'cancelled', '1/8/2026', 'CUST-M1171', 'OPP-00334'),
  ('PROJ-00254', 'Henk GmbH & Co. KG Impl.', 'active', '2026-01-11', 'CUST-M1171', 'OPP-00252'),
  ('PROJ-00255', 'Pärtzelt GmbH & Co. KGaA Impl.', 'on hold', '2025-09-03', 'CUST-M1172', 'OPP-00454'),
  ('PROJ-00256', 'Ebert KG Impl.', 'Aktiv', '9/4/2025', 'CUST-M1172', 'OPP-00015'),
  ('PROJ-00257', 'Austermühle GbR Impl.', 'Pausiert', '20251101', 'CUST-M1173', 'OPP-00175'),
  ('PROJ-00258', 'Heydrich Impl.', 'Aktiv', '20270828', 'CUST-M1173', 'OPP-00352'),
  ('PROJ-00259', 'Dörr e.V. Impl.', 'cancelled', '2027-11-18', 'CUST-M1173', 'OPP-M-99179'),
  ('PROJ-00260', 'Ruppert Pärtzelt AG Impl.', 'completed', '26.01.2027', 'CUST-M1174', 'OPP-M-99636'),
  ('PROJ-00261', 'Herrmann GbR Impl.', 'In Planung', '10/19/2025', 'CUST-M1174', 'OPP-00050'),
  ('PROJ-00262', 'Rörricht Impl.', 'completed', '20251018', 'CUST-M1178', 'OPP-00464'),
  ('PROJ-00263', 'Birnbaum Impl.', 'cancelled', '20250919', 'CUST-M1179', 'OPP-00190'),
  ('PROJ-00264', 'Wohlgemut AG Impl.', 'Completed', '5/24/2027', 'CUST-M1179', 'OPP-00441'),
  ('PROJ-00265', 'Etzler Impl.', 'completed', NULL, 'CUST-M1179', 'OPP-00317'),
  ('PROJ-00266', 'Hertrampf Heidrich KGaA Impl.', 'On Hold', '06.08.2026', 'CUST-M1180', 'OPP-M-99438'),
  ('PROJ-00267', 'Steinberg Impl.', 'Active', '29.06.2026', 'CUST-M1180', 'OPP-00337'),
  ('PROJ-00268', 'Pärtzelt Impl.', 'Aktiv', '2028-01-01', 'CUST-M1181', 'OPP-00178'),
  ('PROJ-00269', 'Metz Jopich KG Impl.', 'Cancelled', '2028-02-04', 'CUST-M1181', 'OPP-00238'),
  ('PROJ-00270', 'Rust Impl.', 'Aktiv', '14.10.2027', 'CUST-M1181', 'OPP-00067'),
  ('PROJ-00271', 'Seip Rädel Stiftung & Co. KG Impl.', 'completed', '10.05.2026', 'CUST-M1183', 'OPP-00221'),
  ('PROJ-00272', 'Harloff Impl.', 'On Hold', '20270307', 'CUST-M1183', 'OPP-00534'),
  ('PROJ-00273', 'Bender Keudel GbR Impl.', 'Pausiert', '22.02.2028', 'CUST-M1184', 'OPP-00261'),
  ('PROJ-00274', 'Albers GmbH & Co. KG Impl.', 'active', '20260929', 'CUST-M1184', 'OPP-00391'),
  ('PROJ-00275', 'Jacob AG & Co. KGaA Impl.', 'cancelled', '20270218', 'CUST-M1184', 'OPP-00089'),
  ('PROJ-00276', 'Sontag Impl.', 'completed', '2028-02-04', 'CUST-M1186', 'OPP-00253'),
  ('PROJ-00277', 'Drub Stiftung & Co. KGaA Impl.', 'Pausiert', '20271114', 'CUST-M1187', 'OPP-M-99159'),
  ('PROJ-00278', 'Koch II GmbH Impl.', 'Aktiv', '0000-00-00', 'CUST-M1187', 'OPP-M-99331'),
  ('PROJ-00279', 'Harloff Impl.', 'Active', '7/28/2025', 'CUST-M1187', 'OPP-00029'),
  ('PROJ-00280', 'Kranz Lübs GmbH & Co. KG Impl.', 'Abgeschlossen', 'N/A', 'CUST-M1189', 'OPP-00257'),
  ('PROJ-00281', 'Roskoth Hornich KG Impl.', 'active', '01.09.2027', 'CUST-M1190', 'OPP-00324'),
  ('PROJ-00282', 'Meister Mielcarek GmbH & Co. OHG Impl.', 'Completed', '18.07.2025', 'CUST-M1191', 'OPP-00113'),
  ('PROJ-00283', 'Bloch Noack GmbH Impl.', 'Active', '20250812', 'CUST-M1192', 'OPP-M-99694'),
  ('PROJ-00284', 'Becker Impl.', 'In Planung', '03.09.2026', 'MISSING-9741', 'OPP-00003'),
  ('PROJ-00285', 'Wulff Impl.', 'Active', '20260728', 'CUST-M1193', 'OPP-00278'),
  ('PROJ-00286', 'Hertrampf GbR Impl.', 'Abgeschlossen', '29.07.2025', 'CUST-M1193', 'OPP-00231'),
  ('PROJ-00287', 'Trupp GmbH & Co. OHG Impl.', 'on hold', '20280610', 'CUST-M1193', 'OPP-00218'),
  ('PROJ-00288', 'Möchlichen Impl.', 'Pausiert', '17.11.2025', 'CUST-M1194', 'OPP-00534'),
  ('PROJ-00289', 'Zirme Impl.', 'completed', '10/9/2027', 'CUST-M1194', 'OPP-00304'),
  ('PROJ-00290', 'Heintze Impl.', 'Aktiv', NULL, 'CUST-M1194', 'OPP-00224'),
  ('PROJ-00291', 'Hentschel Holt GmbH Impl.', 'In Planning', '2026-03-28', 'CUST-M1195', 'OPP-00291'),
  ('PROJ-00292', 'Salz GmbH Impl.', 'cancelled', '11/7/2026', 'CUST-M1195', 'OPP-00098'),
  ('PROJ-00293', 'Heinrich GmbH Impl.', 'In Planning', '12/9/2025', 'CUST-M1196', 'OPP-M-99683'),
  ('PROJ-00294', 'Matthäi GmbH Impl.', 'Aktiv', '2027-02-24', 'CUST-M1197', 'OPP-00365'),
  ('PROJ-00295', 'Holt KG Impl.', 'Planung', '16.06.2027', 'CUST-M1198', 'OPP-M-99034'),
  ('PROJ-00296', 'Hecker Krause AG Impl.', 'In Planning', '20280229', 'CUST-M1198', 'OPP-M-99084'),
  ('PROJ-00297', 'Trommler Haering GmbH Impl.', 'completed', '20260307', 'CUST-M1198', 'OPP-00129'),
  ('PROJ-00298', 'Wähner Impl.', 'completed', '30.06.2027', 'MISSING-9085', 'OPP-00165'),
  ('PROJ-00299', 'Seip GbR Impl.', 'In Planning', '2027-03-03', 'CUST-M1200', 'OPP-00297'),
  ('PROJ-00300', 'Vollbrecht Impl.', 'Abgeschlossen', '27.06.2028', 'CUST-M1152_DUP', 'OPP-00432'),
  ('PROJ-00301', 'Oderwald AG & Co. OHG Impl.', 'Abgeschlossen', '20270607', 'CUST-M1186_DUP', 'OPP-00147'),
  ('PROJ-00302', 'Neureuther GmbH & Co. KGaA Impl.', 'On Hold', '0000-00-00', 'CUST-M1186_DUP', 'OPP-00225'),
  ('PROJ-00303', 'Jessel Impl.', 'Storniert', '2027-07-26', 'CUST-M1186_DUP', 'OPP-00235'),
  ('PROJ-00304', 'Sager Impl.', 'On Hold', '2026-01-01', 'CUST-M1091_DUP', 'OPP-00041'),
  ('PROJ-00305', 'Fechner Impl.', 'On Hold', '2025-12-22', 'CUST-M1091_DUP', 'OPP-00074'),
  ('PROJ-00306', 'Kostolzin GbR Impl.', 'Abgeschlossen', '04.02.2027', 'CUST-M1091_DUP', 'OPP-00327'),
  ('PROJ-00307', 'Jessel AG Impl.', 'Active', '21.01.2028', 'CUST-M1072_DUP', 'OPP-00165'),
  ('PROJ-00308', 'Matthäi Loos GbR Impl.', 'active', '20280404', 'CUST-M1072_DUP', 'OPP-00029'),
  ('PROJ-00309', 'Textor Kraus GmbH & Co. KGaA Impl.', 'active', '20280110', 'CUST-M1072_DUP', 'OPP-00195'),
  ('PROJ-00310', 'Oderwald Stadelmann OHG mbH Impl.', 'completed', '2025-12-08', 'CUST-M1176_DUP', 'OPP-M-99289'),
  ('PROJ-00311', 'Heinz GmbH Impl.', 'In Planning', '29.03.2027', 'CUST-M1081_DUP', 'OPP-00249'),
  ('PROJ-00312', 'Niemeier OHG mbH Impl.', 'Storniert', '20260620', 'CUST-M1081_DUP', 'OPP-00237'),
  ('PROJ-00313', 'Jungfer Stey GbR Impl.', 'Abgeschlossen', NULL, 'CUST-M1081_DUP', 'OPP-00526'),
  ('PROJ-00314', 'Zänker Eigenwillig Stiftung & Co. KGaA Impl.', 'On Hold', '1/16/2027', 'CUST-M1178_DUP', 'OPP-M-99804'),
  ('PROJ-00315', 'Weinhage Impl.', 'cancelled', '8/10/2027', 'CUST-M1178_DUP', 'OPP-00444'),
  ('PROJ-00316', 'Rose Impl.', 'In Planung', '20260821', 'CUST-M1148_DUP', 'OPP-M-99300'),
  ('PROJ-00317', 'Warmer Impl.', 'Pausiert', '2025-08-04', 'CUST-M1148_DUP', 'OPP-00472');

INSERT INTO master_assets (asset_kennung, asset_name, serien_nummer, garantieende, kunden_kennung, projekt_kennung) VALUES
  ('AST-00001', 'API Bundle', 'SN-36631243', '2027-09-17', 'CUST-M1127', 'PROJ-M-99946'),
  ('AST-00002', 'Analytics Add-on', 'SN-31281245', '2027-09-24', 'CUST-M1177', 'PROJ-M-99410'),
  ('AST-00003', 'Analytics Add-on', 'SN-16837752', '18.10.2029', 'CUST-M1105', 'PROJ-00207'),
  ('AST-00004', 'API Bundle', 'SN-84745298', '12/12/2030', 'CUST-M1006', 'PROJ-M-99349'),
  ('AST-00005', 'Data Connector', 'SN-66854471', '5/19/2029', 'CUST-M1061', 'PROJ-00310'),
  ('AST-00006', 'Analytics Add-on', 'SN-79619693', '04.07.2028', 'CUST-M1118', 'PROJ-00091'),
  ('AST-00007', 'Mobile App', 'SN-92716412', NULL, 'CUST-M1039', 'PROJ-00120'),
  ('AST-00008', 'API Bundle', 'SN-52405866', '10/22/2027', 'CUST-M1058', 'PROJ-00029'),
  ('AST-00009', 'Data Connector', 'SN-26710764', '15.06.2030', 'CUST-M1148', 'PROJ-M-99839'),
  ('AST-00010', 'API Bundle', 'SN-34372839', 'N/A', 'CUST-M1051', 'PROJ-00072'),
  ('AST-00011', 'Mobile App', 'SN-49232666', NULL, 'CUST-M1153', 'PROJ-00297'),
  ('AST-00012', 'API Bundle', 'SN-34126092', '12.03.2028', 'CUST-M1018', 'PROJ-M-99406'),
  ('AST-00013', 'Data Connector', 'SN-37760280', '14.10.2029', 'CUST-M1037', 'PROJ-00133'),
  ('AST-00014', 'Analytics Add-on', 'SN-33710891', '5/29/2028', 'CUST-M1070', 'PROJ-M-99540'),
  ('AST-00015', 'Analytics Add-on', 'SN-15549886', '20280529', 'CUST-M1083', 'PROJ-00305'),
  ('AST-00016', 'Data Connector', 'SN-73116957', '31.08.2029', 'CUST-M1100', 'PROJ-00085'),
  ('AST-00017', 'API Bundle', 'SN-44022623', '20281224', 'CUST-M1055', 'PROJ-00304'),
  ('AST-00018', 'Data Connector', 'SN-73178993', '20280522', 'CUST-M1017', 'PROJ-00156'),
  ('AST-00019', 'Support Package', 'SN-63795154', '0000-00-00', 'CUST-M1095', 'PROJ-00296'),
  ('AST-00020', 'API Bundle', 'SN-54768180', '2030-06-09', 'CUST-M1024', 'PROJ-00310'),
  ('AST-00021', 'CRM Seat', 'SN-55968224', '20291023', 'CUST-M1048', 'PROJ-00071'),
  ('AST-00022', 'API Bundle', 'SN-27994513', '11.05.2031', 'CUST-M1006', 'PROJ-M-99180'),
  ('AST-00023', 'CRM Seat', 'SN-88864184', '26.02.2031', 'CUST-M1197', 'PROJ-00092'),
  ('AST-00024', 'Mobile App', 'SN-32788641', '14.10.2029', 'CUST-M1160', 'PROJ-00227'),
  ('AST-00025', 'Mobile App', 'SN-46397666', '09.03.2030', 'CUST-M1036', 'PROJ-00304'),
  ('AST-00026', 'Analytics Add-on', 'SN-26592932', '26.05.2029', 'CUST-M1018_DUP', 'PROJ-00158'),
  ('AST-00027', 'API Bundle', 'SN-58545121', '2030-11-07', 'CUST-M1050', 'PROJ-00025'),
  ('AST-00028', 'Analytics Add-on', 'SN-45298581', '2030-04-25', 'CUST-M1021', 'PROJ-00048'),
  ('AST-00029', 'Data Connector', 'SN-99794735', '09.03.2030', 'CUST-M1076', 'PROJ-00268'),
  ('AST-00030', 'API Bundle', 'SN-71925731', '20310116', 'CUST-M1169', 'PROJ-00228'),
  ('AST-00031', 'CRM Seat', 'SN-16158368', '2029-12-07', 'MISSING-9064', 'PROJ-M-99569'),
  ('AST-00032', 'Mobile App', 'SN-41435335', '20271027', 'CUST-M1145', 'PROJ-00063'),
  ('AST-00033', 'API Bundle', 'SN-89610117', '17.07.2029', 'CUST-M1145', 'PROJ-00262'),
  ('AST-00034', 'Analytics Add-on', 'SN-46309137', '20280320', 'CUST-M1124', 'PROJ-00066'),
  ('AST-00035', 'CRM Seat', 'SN-14892249', '2/24/2028', 'CUST-M1043', 'PROJ-00188'),
  ('AST-00036', 'CRM Seat', 'SN-63871828', '20290821', 'CUST-M1190', 'PROJ-00088'),
  ('AST-00037', 'API Bundle', 'SN-22241788', '2031-02-05', 'MISSING-9078', 'PROJ-00079'),
  ('AST-00038', 'Data Connector', 'SN-70263571', '20290319', 'CUST-M1148', 'PROJ-00231'),
  ('AST-00039', 'Support Package', 'SN-94492653', '06.06.2028', 'CUST-M1174', 'PROJ-00130'),
  ('AST-00040', 'Mobile App', 'SN-99901773', '01.01.2031', 'CUST-M1060', 'PROJ-M-99593'),
  ('AST-00041', 'API Bundle', 'SN-20398158', '12.04.2030', 'CUST-M1067', 'PROJ-00163'),
  ('AST-00042', 'Support Package', 'SN-29621278', '11/15/2027', 'CUST-M1021', 'PROJ-00280'),
  ('AST-00043', 'API Bundle', 'SN-65197825', '8/12/2029', 'CUST-M1072_DUP', 'PROJ-00046'),
  ('AST-00044', 'Mobile App', 'SN-41201197', '20280107', 'CUST-M1093', 'PROJ-00120'),
  ('AST-00045', 'Analytics Add-on', 'SN-76017251', '18.03.2029', 'CUST-M1015', 'PROJ-00190'),
  ('AST-00046', 'Analytics Add-on', 'SN-88238610', '2/2/2028', 'CUST-M1004', 'PROJ-00161'),
  ('AST-00047', 'Analytics Add-on', 'SN-40884673', '2030-12-22', 'CUST-M1074', 'PROJ-00045'),
  ('AST-00048', 'Data Connector', 'SN-54555568', '26.08.2028', 'CUST-M1033', 'PROJ-00301'),
  ('AST-00049', 'Data Connector', 'SN-84368369', '22.06.2030', 'CUST-M1117', 'PROJ-00038'),
  ('AST-00050', 'API Bundle', 'SN-44115995', '20271128', 'CUST-M1162', 'PROJ-00167'),
  ('AST-00051', 'API Bundle', 'SN-46849072', '20271119', 'MISSING-9516', 'PROJ-00187'),
  ('AST-00052', 'CRM Seat', 'SN-21662478', '3/23/2030', 'CUST-M1061', 'PROJ-00280'),
  ('AST-00053', 'CRM Seat', 'SN-34353884', '20280630', 'CUST-M1199', 'PROJ-00192'),
  ('AST-00054', 'API Bundle', 'SN-66322465', '0000-00-00', 'CUST-M1179', 'PROJ-00125'),
  ('AST-00055', 'Data Connector', 'SN-16573221', 'N/A', 'CUST-M1089', 'PROJ-M-99105'),
  ('AST-00056', 'API Bundle', 'SN-41513010', '0000-00-00', 'CUST-M1159', 'PROJ-00036'),
  ('AST-00057', 'Support Package', 'SN-46751327', '2028-08-20', 'CUST-M1121', 'PROJ-00288'),
  ('AST-00058', 'Mobile App', 'SN-82377334', '2027-08-26', 'CUST-M1035', 'PROJ-00103'),
  ('AST-00059', 'Mobile App', 'SN-22051428', '5/23/2029', 'CUST-M1165', 'PROJ-00067'),
  ('AST-00060', 'Analytics Add-on', 'SN-34630181', '20310217', 'CUST-M1199', 'PROJ-00118'),
  ('AST-00061', 'API Bundle', 'SN-94944999', '11/4/2030', 'CUST-M1141', 'PROJ-M-99062'),
  ('AST-00062', 'API Bundle', 'SN-63993435', 'N/A', 'CUST-M1189', 'PROJ-M-99298'),
  ('AST-00063', 'CRM Seat', 'SN-31759888', '10/20/2030', 'CUST-M1150', 'PROJ-00279'),
  ('AST-00064', 'Support Package', 'SN-36862470', '06.10.2027', 'CUST-M1066', 'PROJ-00240'),
  ('AST-00065', 'CRM Seat', 'SN-81195915', '26.06.2031', 'CUST-M1021', 'PROJ-00214'),
  ('AST-00066', 'API Bundle', 'SN-40298521', '24.11.2029', 'CUST-M1089', 'PROJ-00196'),
  ('AST-00067', 'Mobile App', 'SN-80327757', '05.09.2030', 'CUST-M1149', 'PROJ-00056'),
  ('AST-00068', 'Data Connector', 'SN-94586953', '2/17/2031', 'CUST-M1018', 'PROJ-00058'),
  ('AST-00069', 'Analytics Add-on', 'SN-16673822', '20281112', 'CUST-M1073', 'PROJ-00254'),
  ('AST-00070', 'CRM Seat', 'SN-35821402', '3/16/2028', 'CUST-M1117', 'PROJ-00097'),
  ('AST-00071', 'Analytics Add-on', 'SN-48016046', '23.12.2027', 'CUST-M1089', 'PROJ-00158'),
  ('AST-00072', 'CRM Seat', 'SN-37196053', '2029-12-29', 'CUST-M1086', 'PROJ-00107'),
  ('AST-00073', 'Mobile App', 'SN-90751811', '13.04.2031', 'CUST-M1136', 'PROJ-00185'),
  ('AST-00074', 'Mobile App', 'SN-78009829', 'N/A', 'CUST-M1090', 'PROJ-00316'),
  ('AST-00075', 'CRM Seat', 'SN-78233044', NULL, 'CUST-M1169', 'PROJ-M-99968'),
  ('AST-00076', 'CRM Seat', 'SN-71862687', '2029-01-11', 'CUST-M1135', 'PROJ-00146'),
  ('AST-00077', 'API Bundle', 'SN-87932235', '2028-03-14', 'CUST-M1138', 'PROJ-00200'),
  ('AST-00078', 'API Bundle', 'SN-36493125', '4/21/2031', 'MISSING-9706', 'PROJ-00207'),
  ('AST-00079', 'Data Connector', 'SN-99489662', '9/20/2029', 'CUST-M1155', 'PROJ-00297'),
  ('AST-00080', 'Analytics Add-on', 'SN-68434669', NULL, 'CUST-M1052', 'PROJ-00093'),
  ('AST-00081', 'Analytics Add-on', 'SN-45230132', '24.08.2028', 'CUST-M1128', 'PROJ-00108'),
  ('AST-00082', 'Analytics Add-on', 'SN-30139041', '2029-08-01', 'CUST-M1098', 'PROJ-M-99193'),
  ('AST-00083', 'Support Package', 'SN-47085743', '3/15/2030', 'CUST-M1109', 'PROJ-00143'),
  ('AST-00084', 'Support Package', 'SN-61354224', '22.05.2029', 'CUST-M1059', 'PROJ-00286'),
  ('AST-00085', 'CRM Seat', 'SN-10919746', '2030-09-06', 'CUST-M1103', 'PROJ-00043'),
  ('AST-00086', 'Mobile App', 'SN-61728849', '2027-10-18', 'MISSING-9398', 'PROJ-00137'),
  ('AST-00087', 'Mobile App', 'SN-24901790', '2030-03-31', 'CUST-M1026', 'PROJ-00168'),
  ('AST-00088', 'Support Package', 'SN-58507885', '30.03.2030', 'CUST-M1173', 'PROJ-00134'),
  ('AST-00089', 'API Bundle', 'SN-82123252', 'N/A', 'CUST-M1086', 'PROJ-00197'),
  ('AST-00090', 'Support Package', 'SN-76649690', '2029-11-27', 'CUST-M1085', 'PROJ-00015'),
  ('AST-00091', 'CRM Seat', 'SN-86763071', '20290105', 'CUST-M1112', 'PROJ-00056'),
  ('AST-00092', 'Analytics Add-on', 'SN-50825389', '9/30/2027', 'CUST-M1052', 'PROJ-00054'),
  ('AST-00093', 'CRM Seat', 'SN-47478934', NULL, 'MISSING-9876', 'PROJ-00124'),
  ('AST-00094', 'Analytics Add-on', 'SN-77562141', '20290728', 'CUST-M1017', 'PROJ-00020'),
  ('AST-00095', 'Support Package', 'SN-91043993', '28.06.2031', 'CUST-M1022', 'PROJ-00263'),
  ('AST-00096', 'Support Package', 'SN-20324118', '12/9/2029', 'CUST-M1163', 'PROJ-00049'),
  ('AST-00097', 'Analytics Add-on', 'SN-93537441', '5/27/2028', 'CUST-M1114', 'PROJ-00052'),
  ('AST-00098', 'API Bundle', 'SN-91144054', '11.01.2028', 'CUST-M1022', 'PROJ-00205'),
  ('AST-00099', 'API Bundle', 'SN-66785255', '29.11.2028', 'CUST-M1181', 'PROJ-00035'),
  ('AST-00100', 'Mobile App', 'SN-52493448', '2029-07-05', 'CUST-M1088', 'PROJ-00308'),
  ('AST-00101', 'Data Connector', 'SN-69140157', '2031-04-12', 'CUST-M1076', 'PROJ-00128'),
  ('AST-00102', 'Support Package', 'SN-70874340', '7/15/2028', 'CUST-M1010', 'PROJ-M-99959'),
  ('AST-00103', 'Data Connector', 'SN-69492628', '20271121', 'CUST-M1176_DUP', 'PROJ-00059'),
  ('AST-00104', 'Mobile App', 'SN-81957444', '2029-10-15', 'CUST-M1139', 'PROJ-00213'),
  ('AST-00105', 'CRM Seat', 'SN-10103423', '0000-00-00', 'CUST-M1013', 'PROJ-00109'),
  ('AST-00106', 'Data Connector', 'SN-65948068', '0000-00-00', 'CUST-M1019', 'PROJ-00231'),
  ('AST-00107', 'CRM Seat', 'SN-18690859', NULL, 'MISSING-9781', 'PROJ-00058'),
  ('AST-00108', 'Mobile App', 'SN-15055546', '2030-07-02', 'MISSING-9911', 'PROJ-00288'),
  ('AST-00109', 'API Bundle', 'SN-95469716', NULL, 'CUST-M1144', 'PROJ-M-99202'),
  ('AST-00110', 'Support Package', 'SN-86708125', '4/15/2030', 'CUST-M1185', 'PROJ-00222'),
  ('AST-00111', 'Data Connector', 'SN-77506568', '28.05.2028', 'CUST-M1184', 'PROJ-00156'),
  ('AST-00112', 'Support Package', 'SN-70802427', '02.03.2030', 'CUST-M1088', 'PROJ-00060'),
  ('AST-00113', 'API Bundle', 'SN-94683634', '12/14/2027', 'CUST-M1158', 'PROJ-00043'),
  ('AST-00114', 'API Bundle', 'SN-34194651', '20301115', 'CUST-M1182', 'PROJ-00263'),
  ('AST-00115', 'CRM Seat', 'SN-60857071', '10.03.2031', 'CUST-M1121', 'PROJ-00139'),
  ('AST-00116', 'Support Package', 'SN-59492827', '0000-00-00', 'CUST-M1038', 'PROJ-00203'),
  ('AST-00117', 'API Bundle', 'SN-49263767', '0000-00-00', 'CUST-M1117', 'PROJ-00151'),
  ('AST-00118', 'Analytics Add-on', 'SN-93524215', '28.07.2028', 'CUST-M1198', 'PROJ-M-99277'),
  ('AST-00119', 'API Bundle', 'SN-88046584', '2031-05-05', 'CUST-M1151', 'PROJ-00248'),
  ('AST-00120', 'CRM Seat', 'SN-65420568', '4/24/2028', 'CUST-M1068', 'PROJ-00019'),
  ('AST-00121', 'Data Connector', 'SN-49148808', '20290217', 'CUST-M1029', 'PROJ-00220'),
  ('AST-00122', 'Support Package', 'SN-79211557', '0000-00-00', 'CUST-M1138', 'PROJ-00163'),
  ('AST-00123', 'Analytics Add-on', 'SN-55595564', '4/7/2030', 'CUST-M1081_DUP', 'PROJ-00112'),
  ('AST-00124', 'API Bundle', 'SN-88996615', '20300122', 'CUST-M1186_DUP', 'PROJ-00121'),
  ('AST-00125', 'Data Connector', 'SN-22419118', '20270813', 'CUST-M1011', 'PROJ-00174'),
  ('AST-00126', 'Support Package', 'SN-95152320', '8/26/2028', 'CUST-M1044', 'PROJ-00150'),
  ('AST-00127', 'Data Connector', 'SN-47955611', '18.09.2028', 'CUST-M1160', 'PROJ-00103'),
  ('AST-00128', 'Analytics Add-on', 'SN-82997327', '2030-02-04', 'CUST-M1105', 'PROJ-00088'),
  ('AST-00129', 'Analytics Add-on', 'SN-16703858', NULL, 'CUST-M1051', 'PROJ-00169'),
  ('AST-00130', 'Support Package', 'SN-29409499', '5/31/2028', 'CUST-M1149', 'PROJ-M-99088'),
  ('AST-00131', 'API Bundle', 'SN-51131210', '20310301', 'CUST-M1132', 'PROJ-00280'),
  ('AST-00132', 'API Bundle', 'SN-33097008', '2/17/2029', 'CUST-M1111', 'PROJ-00283'),
  ('AST-00133', 'Data Connector', 'SN-62353077', '2030-09-11', 'CUST-M1085', 'PROJ-00254'),
  ('AST-00134', 'API Bundle', 'SN-75802799', '17.05.2031', 'CUST-M1187', 'PROJ-M-99785'),
  ('AST-00135', 'Data Connector', 'SN-15107108', '11.07.2028', 'CUST-M1147', 'PROJ-00125'),
  ('AST-00136', 'Analytics Add-on', 'SN-94556579', '11/17/2029', 'MISSING-9519', 'PROJ-00047'),
  ('AST-00137', 'Data Connector', 'SN-71489583', '2028-12-31', 'MISSING-9468', 'PROJ-M-99537'),
  ('AST-00138', 'Analytics Add-on', 'SN-75822640', '13.06.2028', 'CUST-M1073', 'PROJ-00135'),
  ('AST-00139', 'Mobile App', 'SN-16827715', '2031-05-29', 'CUST-M1051', 'PROJ-00220'),
  ('AST-00140', 'Mobile App', 'SN-27140571', '20280805', 'CUST-M1131', 'PROJ-00115'),
  ('AST-00141', 'Support Package', 'SN-65028537', '2029-10-21', 'CUST-M1117', 'PROJ-00030'),
  ('AST-00142', 'Data Connector', 'SN-34036823', '18.12.2027', 'MISSING-9837', 'PROJ-00283'),
  ('AST-00143', 'CRM Seat', 'SN-77863657', '10.08.2029', 'CUST-M1147', 'PROJ-00189'),
  ('AST-00144', 'CRM Seat', 'SN-39632371', 'N/A', 'CUST-M1075', 'PROJ-M-99029'),
  ('AST-00145', 'Support Package', 'SN-41761065', '2027-08-21', 'CUST-M1182', 'PROJ-00244'),
  ('AST-00146', 'API Bundle', 'SN-81522954', '20280510', 'CUST-M1120', 'PROJ-00041'),
  ('AST-00147', 'Data Connector', 'SN-14696315', '2028-03-11', 'CUST-M1126', 'PROJ-M-99428'),
  ('AST-00148', 'Mobile App', 'SN-95494444', '20271223', 'CUST-M1031', 'PROJ-00281'),
  ('AST-00149', 'API Bundle', 'SN-76799953', '6/18/2028', 'MISSING-9093', 'PROJ-00034'),
  ('AST-00150', 'API Bundle', 'SN-16275429', '29.05.2029', 'CUST-M1073', 'PROJ-00017'),
  ('AST-00151', 'Analytics Add-on', 'SN-33501302', '0000-00-00', 'CUST-M1146', 'PROJ-00020'),
  ('AST-00152', 'API Bundle', 'SN-74814850', '6/2/2028', 'CUST-M1068', 'PROJ-M-99223'),
  ('AST-00153', 'Data Connector', 'SN-65412836', '20301104', 'CUST-M1176_DUP', 'PROJ-00129'),
  ('AST-00154', 'Support Package', 'SN-92489104', 'N/A', 'CUST-M1158', 'PROJ-00256'),
  ('AST-00155', 'Support Package', 'SN-95845988', NULL, 'CUST-M1068', 'PROJ-00086'),
  ('AST-00156', 'Data Connector', 'SN-79972344', '03.07.2027', 'CUST-M1104', 'PROJ-00143'),
  ('AST-00157', 'CRM Seat', 'SN-49602064', '5/29/2031', 'MISSING-9492', 'PROJ-00029'),
  ('AST-00158', 'Support Package', 'SN-51269353', '2030-11-23', 'CUST-M1075', 'PROJ-00129'),
  ('AST-00159', 'Mobile App', 'SN-93093388', NULL, 'CUST-M1072', 'PROJ-00233'),
  ('AST-00160', 'API Bundle', 'SN-67132607', '12/27/2029', 'CUST-M1042', 'PROJ-00015'),
  ('AST-00161', 'Support Package', 'SN-16532864', '7/12/2027', 'CUST-M1002', 'PROJ-00243'),
  ('AST-00162', 'API Bundle', 'SN-69584235', 'N/A', 'MISSING-9486', 'PROJ-00258'),
  ('AST-00163', 'Support Package', 'SN-61171018', '2027-07-31', 'CUST-M1176', 'PROJ-00145'),
  ('AST-00164', 'Mobile App', 'SN-37836572', '0000-00-00', 'CUST-M1110', 'PROJ-00078'),
  ('AST-00165', 'Mobile App', 'SN-94033484', '11/27/2029', 'MISSING-9696', 'PROJ-00142'),
  ('AST-00166', 'API Bundle', 'SN-11873361', '2/13/2031', 'CUST-M1020', 'PROJ-M-99295'),
  ('AST-00167', 'CRM Seat', 'SN-28208875', '05.04.2031', 'CUST-M1155', 'PROJ-00201'),
  ('AST-00168', 'Analytics Add-on', 'SN-76233958', '08.06.2030', 'CUST-M1037', 'PROJ-00078'),
  ('AST-00169', 'Support Package', 'SN-52000224', '18.10.2027', 'CUST-M1036', 'PROJ-00283'),
  ('AST-00170', 'Mobile App', 'SN-77152049', '11.06.2028', 'CUST-M1174', 'PROJ-M-99222'),
  ('AST-00171', 'Analytics Add-on', 'SN-44498410', '11/8/2029', 'CUST-M1061', 'PROJ-00297'),
  ('AST-00172', 'Analytics Add-on', 'SN-29624834', '6/21/2029', 'CUST-M1045', 'PROJ-M-99029'),
  ('AST-00173', 'Support Package', 'SN-96709293', '26.08.2029', 'CUST-M1182', 'PROJ-00278'),
  ('AST-00174', 'CRM Seat', 'SN-15171783', '20310202', 'CUST-M1117', 'PROJ-00307'),
  ('AST-00175', 'Mobile App', 'SN-55051456', 'N/A', 'CUST-M1065', 'PROJ-00094'),
  ('AST-00176', 'CRM Seat', 'SN-47181570', '7/31/2027', 'CUST-M1157', 'PROJ-00191'),
  ('AST-00177', 'Support Package', 'SN-20105568', 'N/A', 'CUST-M1059', 'PROJ-00111'),
  ('AST-00178', 'Mobile App', 'SN-66008796', '20.12.2029', 'MISSING-9416', 'PROJ-M-99900'),
  ('AST-00179', 'CRM Seat', 'SN-97027726', '2031-02-14', 'CUST-M1076', 'PROJ-00014'),
  ('AST-00180', 'Mobile App', 'SN-36217479', '2030-09-20', 'CUST-M1124', 'PROJ-00197'),
  ('AST-00181', 'API Bundle', 'SN-15614131', '2031-04-17', 'CUST-M1187', 'PROJ-00250'),
  ('AST-00182', 'CRM Seat', 'SN-43895777', '20310509', 'CUST-M1136', 'PROJ-00277'),
  ('AST-00183', 'Data Connector', 'SN-71495616', '20280407', 'CUST-M1064', 'PROJ-00270'),
  ('AST-00184', 'CRM Seat', 'SN-27543811', '2030-05-12', 'CUST-M1093', 'PROJ-00290'),
  ('AST-00185', 'Analytics Add-on', 'SN-56275701', '09.06.2028', 'MISSING-9647', 'PROJ-00126'),
  ('AST-00186', 'Analytics Add-on', 'SN-44932151', '22.05.2028', 'CUST-M1029', 'PROJ-M-99888'),
  ('AST-00187', 'CRM Seat', 'SN-17228609', '26.11.2029', 'CUST-M1194', 'PROJ-00043'),
  ('AST-00188', 'API Bundle', 'SN-29169762', '2029-05-18', 'CUST-M1100', 'PROJ-00256'),
  ('AST-00189', 'Support Package', 'SN-94019105', '8/15/2030', 'CUST-M1032', 'PROJ-00080'),
  ('AST-00190', 'Data Connector', 'SN-28407206', '1/25/2028', 'MISSING-9579', 'PROJ-00028'),
  ('AST-00191', 'Mobile App', 'SN-17615001', '20300621', 'CUST-M1153', 'PROJ-00008'),
  ('AST-00192', 'Analytics Add-on', 'SN-78483171', '05.11.2027', 'CUST-M1169', 'PROJ-00043'),
  ('AST-00193', 'Support Package', 'SN-87758171', '2028-11-07', 'CUST-M1085', 'PROJ-00207'),
  ('AST-00194', 'CRM Seat', 'SN-56647042', '20290313', 'MISSING-9708', 'PROJ-00285'),
  ('AST-00195', 'Mobile App', 'SN-44422697', '28.05.2028', 'MISSING-9725', 'PROJ-00006'),
  ('AST-00196', 'Mobile App', 'SN-98181577', '20310420', 'CUST-M1069', 'PROJ-00291'),
  ('AST-00197', 'Support Package', 'SN-92166216', '2027-07-20', 'CUST-M1195', 'PROJ-00152'),
  ('AST-00198', 'CRM Seat', 'SN-66531270', '08.08.2028', 'CUST-M1188', 'PROJ-00259'),
  ('AST-00199', 'Support Package', 'SN-49141733', '19.08.2030', 'MISSING-9974', 'PROJ-M-99644'),
  ('AST-00200', 'CRM Seat', 'SN-16688779', '0000-00-00', 'CUST-M1180', 'PROJ-M-99392'),
  ('AST-00201', 'API Bundle', 'SN-98935276', '2028-12-10', 'MISSING-9655', 'PROJ-00205'),
  ('AST-00202', 'Support Package', 'SN-83075199', NULL, 'CUST-M1057', 'PROJ-00182'),
  ('AST-00203', 'API Bundle', 'SN-20456542', '20280422', 'CUST-M1045', 'PROJ-00075'),
  ('AST-00204', 'Mobile App', 'SN-89816573', '7/7/2029', 'CUST-M1089', 'PROJ-00238'),
  ('AST-00205', 'Mobile App', 'SN-57219123', '6/4/2029', 'CUST-M1055', 'PROJ-00205'),
  ('AST-00206', 'CRM Seat', 'SN-50494102', '20300112', 'CUST-M1137', 'PROJ-00218'),
  ('AST-00207', 'Mobile App', 'SN-44300568', '2031-01-18', 'CUST-M1012', 'PROJ-00126'),
  ('AST-00208', 'Data Connector', 'SN-99742444', '20281103', 'CUST-M1057', 'PROJ-00268'),
  ('AST-00209', 'Data Connector', 'SN-57184004', '18.08.2028', 'CUST-M1006', 'PROJ-00084'),
  ('AST-00210', 'CRM Seat', 'SN-54150670', 'N/A', 'CUST-M1126', 'PROJ-00289'),
  ('AST-00211', 'Data Connector', 'SN-22621203', 'N/A', 'CUST-M1010', 'PROJ-00192'),
  ('AST-00212', 'Analytics Add-on', 'SN-10175668', '20.05.2030', 'CUST-M1026', 'PROJ-00247'),
  ('AST-00213', 'API Bundle', 'SN-98260324', '20280502', 'CUST-M1078', 'PROJ-00066'),
  ('AST-00214', 'Data Connector', 'SN-28453786', '24.10.2028', 'CUST-M1184', 'PROJ-M-99078'),
  ('AST-00215', 'CRM Seat', 'SN-10835001', '0000-00-00', 'CUST-M1196', 'PROJ-M-99978'),
  ('AST-00216', 'API Bundle', 'SN-11420556', '22.12.2028', 'CUST-M1027', 'PROJ-00063'),
  ('AST-00217', 'CRM Seat', 'SN-46259707', '20300720', 'CUST-M1190', 'PROJ-M-99100'),
  ('AST-00218', 'Support Package', 'SN-17916487', '7/30/2029', 'CUST-M1066', 'PROJ-00272'),
  ('AST-00219', 'Mobile App', 'SN-18166499', '20300216', 'CUST-M1041', 'PROJ-00140'),
  ('AST-00220', 'CRM Seat', 'SN-20028089', '04.04.2030', 'CUST-M1005', 'PROJ-00063'),
  ('AST-00221', 'API Bundle', 'SN-12058810', '2029-07-22', 'CUST-M1149', 'PROJ-00152'),
  ('AST-00222', 'Data Connector', 'SN-93009160', '20301114', 'CUST-M1080', 'PROJ-00139'),
  ('AST-00223', 'Analytics Add-on', 'SN-26842260', '2030-06-11', 'CUST-M1161', 'PROJ-00168'),
  ('AST-00224', 'API Bundle', 'SN-80557844', '20281009', 'CUST-M1073', 'PROJ-00164'),
  ('AST-00225', 'Mobile App', 'SN-63099590', '3/2/2030', 'CUST-M1070', 'PROJ-00282'),
  ('AST-00226', 'CRM Seat', 'SN-46296091', '7/11/2028', 'CUST-M1069', 'PROJ-00074'),
  ('AST-00227', 'Analytics Add-on', 'SN-75725629', '9/11/2030', 'CUST-M1168', 'PROJ-00030'),
  ('AST-00228', 'Analytics Add-on', 'SN-89610062', '2030-09-06', 'CUST-M1137', 'PROJ-00028'),
  ('AST-00229', 'CRM Seat', 'SN-50691745', '5/20/2029', 'CUST-M1054', 'PROJ-00145'),
  ('AST-00230', 'CRM Seat', 'SN-92127349', '24.08.2028', 'CUST-M1083', 'PROJ-M-99028'),
  ('AST-00231', 'Analytics Add-on', 'SN-41366890', '10/21/2029', 'CUST-M1160', 'PROJ-00191'),
  ('AST-00232', 'Analytics Add-on', 'SN-54229729', '1/30/2031', 'CUST-M1122', 'PROJ-00064'),
  ('AST-00233', 'CRM Seat', 'SN-47754712', '2029-11-07', 'CUST-M1086', 'PROJ-00019'),
  ('AST-00234', 'Analytics Add-on', 'SN-52686753', '2030-08-01', 'CUST-M1083', 'PROJ-00271'),
  ('AST-00235', 'API Bundle', 'SN-56132654', '20300912', 'CUST-M1156', 'PROJ-00024'),
  ('AST-00236', 'Analytics Add-on', 'SN-10234324', '17.02.2030', 'CUST-M1131', 'PROJ-00048'),
  ('AST-00237', 'API Bundle', 'SN-43117041', '2/13/2030', 'CUST-M1109', 'PROJ-00023'),
  ('AST-00238', 'Support Package', 'SN-24434511', '20300622', 'MISSING-9076', 'PROJ-00174'),
  ('AST-00239', 'Data Connector', 'SN-80563807', '2029-08-26', 'CUST-M1129', 'PROJ-00239'),
  ('AST-00240', 'Support Package', 'SN-43738735', '2031-04-24', 'CUST-M1043', 'PROJ-M-99278'),
  ('AST-00241', 'Analytics Add-on', 'SN-27011279', '2031-05-20', 'CUST-M1179', 'PROJ-00119'),
  ('AST-00242', 'CRM Seat', 'SN-67942907', '2029-07-06', 'CUST-M1093', 'PROJ-00106'),
  ('AST-00243', 'Support Package', 'SN-42243857', '20301119', 'CUST-M1034', 'PROJ-00076'),
  ('AST-00244', 'CRM Seat', 'SN-19255116', '1/7/2031', 'CUST-M1194', 'PROJ-00137'),
  ('AST-00245', 'CRM Seat', 'SN-48332522', '26.07.2029', 'CUST-M1047', 'PROJ-00282'),
  ('AST-00246', 'API Bundle', 'SN-62206643', '10/3/2028', 'CUST-M1158', 'PROJ-00003'),
  ('AST-00247', 'API Bundle', 'SN-85803763', '0000-00-00', 'CUST-M1140', 'PROJ-00036'),
  ('AST-00248', 'CRM Seat', 'SN-51270371', '20280421', 'CUST-M1014', 'PROJ-M-99613'),
  ('AST-00249', 'CRM Seat', 'SN-77962483', '20291129', 'CUST-M1026', 'PROJ-00064'),
  ('AST-00250', 'API Bundle', 'SN-40626860', '20290319', 'CUST-M1178', 'PROJ-M-99354'),
  ('AST-00251', 'Analytics Add-on', 'SN-44682956', NULL, 'CUST-M1132', 'PROJ-00296'),
  ('AST-00252', 'CRM Seat', 'SN-43618549', '2029-02-03', 'CUST-M1122', 'PROJ-00250'),
  ('AST-00253', 'API Bundle', 'SN-84810829', '0000-00-00', 'CUST-M1033', 'PROJ-00096'),
  ('AST-00254', 'Mobile App', 'SN-96862651', '2027-11-06', 'CUST-M1036', 'PROJ-00035'),
  ('AST-00255', 'API Bundle', 'SN-48324586', '2029-04-10', 'MISSING-9765', 'PROJ-00200'),
  ('AST-00256', 'Support Package', 'SN-58931474', 'N/A', 'CUST-M1062', 'PROJ-00229'),
  ('AST-00257', 'Analytics Add-on', 'SN-28745713', '2030-08-14', 'CUST-M1192', 'PROJ-00093'),
  ('AST-00258', 'Support Package', 'SN-26778407', '20290519', 'MISSING-9266', 'PROJ-00241'),
  ('AST-00259', 'CRM Seat', 'SN-32369718', 'N/A', 'CUST-M1182', 'PROJ-00310'),
  ('AST-00260', 'Analytics Add-on', 'SN-94623577', 'N/A', 'CUST-M1071', 'PROJ-M-99815'),
  ('AST-00261', 'Data Connector', 'SN-15870467', '20271008', 'CUST-M1130', 'PROJ-00291'),
  ('AST-00262', 'Data Connector', 'SN-60271373', '20291013', 'CUST-M1031', 'PROJ-M-99198'),
  ('AST-00263', 'API Bundle', 'SN-54448811', NULL, 'CUST-M1106', 'PROJ-00122'),
  ('AST-00264', 'Analytics Add-on', 'SN-65850282', '20310625', 'CUST-M1137', 'PROJ-00148'),
  ('AST-00265', 'Support Package', 'SN-59455488', '2027-12-15', 'CUST-M1012', 'PROJ-M-99556'),
  ('AST-00266', 'CRM Seat', 'SN-82286451', '9/4/2030', 'CUST-M1092', 'PROJ-00256'),
  ('AST-00267', 'Analytics Add-on', 'SN-60265816', '20271012', 'CUST-M1001', 'PROJ-00090'),
  ('AST-00268', 'Data Connector', 'SN-65888948', '3/25/2031', 'CUST-M1193', 'PROJ-00042'),
  ('AST-00269', 'Support Package', 'SN-32760949', '5/21/2030', 'CUST-M1089', 'PROJ-00148'),
  ('AST-00270', 'Support Package', 'SN-67464524', '13.05.2031', 'CUST-M1049', 'PROJ-00088'),
  ('AST-00271', 'Mobile App', 'SN-25255316', '0000-00-00', 'CUST-M1054', 'PROJ-M-99127'),
  ('AST-00272', 'Analytics Add-on', 'SN-96955306', '20300213', 'MISSING-9311', 'PROJ-00168'),
  ('AST-00273', 'Data Connector', 'SN-96523147', '2029-05-12', 'CUST-M1113', 'PROJ-00126'),
  ('AST-00274', 'API Bundle', 'SN-83783123', '15.08.2029', 'CUST-M1072_DUP', 'PROJ-00287'),
  ('AST-00275', 'Data Connector', 'SN-68690512', '11/27/2029', 'MISSING-9738', 'PROJ-00071'),
  ('AST-00276', 'CRM Seat', 'SN-25979367', '3/7/2028', 'CUST-M1026', 'PROJ-M-99329'),
  ('AST-00277', 'Data Connector', 'SN-13952602', '20290118', 'CUST-M1132', 'PROJ-M-99804'),
  ('AST-00278', 'Data Connector', 'SN-81811601', '04.04.2031', 'CUST-M1173', 'PROJ-00200'),
  ('AST-00279', 'CRM Seat', 'SN-68346304', '20280413', 'CUST-M1186_DUP', 'PROJ-00056'),
  ('AST-00280', 'API Bundle', 'SN-88883083', '20280424', 'CUST-M1176_DUP', 'PROJ-00077'),
  ('AST-00281', 'Mobile App', 'SN-89999193', '2029-12-08', 'CUST-M1042', 'PROJ-00079'),
  ('AST-00282', 'Support Package', 'SN-22204538', '20300310', 'CUST-M1001', 'PROJ-00041'),
  ('AST-00283', 'CRM Seat', 'SN-29754619', '2028-08-11', 'CUST-M1092', 'PROJ-00173'),
  ('AST-00284', 'Mobile App', 'SN-43267894', '20310429', 'CUST-M1139', 'PROJ-00071'),
  ('AST-00285', 'Data Connector', 'SN-96113164', '20280826', 'CUST-M1161', 'PROJ-00154'),
  ('AST-00286', 'CRM Seat', 'SN-78610260', '2029-05-05', 'CUST-M1001', 'PROJ-00292'),
  ('AST-00287', 'CRM Seat', 'SN-23408777', '07.08.2030', 'CUST-M1148_DUP', 'PROJ-M-99807'),
  ('AST-00288', 'Analytics Add-on', 'SN-18707161', '20310629', 'CUST-M1104', 'PROJ-M-99599'),
  ('AST-00289', 'Data Connector', 'SN-64226113', '3/31/2029', 'CUST-M1183', 'PROJ-00293'),
  ('AST-00290', 'Support Package', 'SN-34076068', '25.10.2027', 'CUST-M1181', 'PROJ-00089'),
  ('AST-00291', 'API Bundle', 'SN-74454712', '0000-00-00', 'CUST-M1140', 'PROJ-00174'),
  ('AST-00292', 'CRM Seat', 'SN-23932761', '20290127', 'MISSING-9665', 'PROJ-00170'),
  ('AST-00293', 'Support Package', 'SN-36173107', '25.11.2029', 'CUST-M1173', 'PROJ-00204'),
  ('AST-00294', 'Mobile App', 'SN-97159359', 'N/A', 'CUST-M1116', 'PROJ-00266'),
  ('AST-00295', 'Analytics Add-on', 'SN-90657184', '6/6/2028', 'CUST-M1051', 'PROJ-00252'),
  ('AST-00296', 'API Bundle', 'SN-94056981', '20291001', 'CUST-M1062', 'PROJ-00033'),
  ('AST-00297', 'Support Package', 'SN-61427791', '2029-10-04', 'CUST-M1034', 'PROJ-00133'),
  ('AST-00298', 'Data Connector', 'SN-10538985', '2029-02-01', 'CUST-M1012', 'PROJ-00111'),
  ('AST-00299', 'Data Connector', 'SN-25167068', '6/27/2030', 'CUST-M1043', 'PROJ-00073'),
  ('AST-00300', 'CRM Seat', 'SN-99592500', '8/22/2030', 'CUST-M1114', 'PROJ-00231'),
  ('AST-00301', 'CRM Seat', 'SN-89969990', '2029-08-04', 'MISSING-9174', 'PROJ-00010'),
  ('AST-00302', 'Data Connector', 'SN-81851379', '20290705', 'CUST-M1019', 'PROJ-00111'),
  ('AST-00303', 'Support Package', 'SN-74065586', 'N/A', 'CUST-M1077', 'PROJ-00046'),
  ('AST-00304', 'API Bundle', 'SN-51308114', '24.01.2030', 'CUST-M1177', 'PROJ-00012'),
  ('AST-00305', 'Mobile App', 'SN-34146764', '04.05.2029', 'CUST-M1129', 'PROJ-00295'),
  ('AST-00306', 'CRM Seat', 'SN-60620862', '20290105', 'CUST-M1023', 'PROJ-00093'),
  ('AST-00307', 'API Bundle', 'SN-64066603', '12/16/2030', 'CUST-M1130', 'PROJ-00132'),
  ('AST-00308', 'CRM Seat', 'SN-48011138', '20280409', 'CUST-M1188', 'PROJ-00077'),
  ('AST-00309', 'Analytics Add-on', 'SN-35821717', '20271117', 'CUST-M1164', 'PROJ-00218'),
  ('AST-00310', 'CRM Seat', 'SN-64075294', '5/25/2029', 'CUST-M1157', 'PROJ-00079'),
  ('AST-00311', 'API Bundle', 'SN-96807528', '8/18/2028', 'CUST-M1096', 'PROJ-M-99004'),
  ('AST-00312', 'API Bundle', 'SN-34075749', '2030-12-31', 'CUST-M1183', 'PROJ-00164'),
  ('AST-00313', 'Support Package', 'SN-93803595', '2029-05-10', 'CUST-M1070', 'PROJ-00235'),
  ('AST-00314', 'API Bundle', 'SN-33412872', '2030-01-11', 'CUST-M1134', 'PROJ-00249'),
  ('AST-00315', 'Analytics Add-on', 'SN-79180395', '0000-00-00', 'MISSING-9267', 'PROJ-M-99461'),
  ('AST-00316', 'Analytics Add-on', 'SN-98218410', '2030-08-12', 'CUST-M1128', 'PROJ-00125'),
  ('AST-00317', 'Support Package', 'SN-18522926', '12/24/2029', 'CUST-M1076', 'PROJ-00058'),
  ('AST-00318', 'Support Package', 'SN-79158676', '06.07.2030', 'CUST-M1140', 'PROJ-M-99953'),
  ('AST-00319', 'CRM Seat', 'SN-15153222', '7/18/2027', 'CUST-M1161', 'PROJ-00053'),
  ('AST-00320', 'Analytics Add-on', 'SN-72308450', '16.10.2029', 'CUST-M1049', 'PROJ-00157'),
  ('AST-00321', 'Support Package', 'SN-79305344', '20290104', 'CUST-M1178_DUP', 'PROJ-00286'),
  ('AST-00322', 'Data Connector', 'SN-32520050', '11/4/2030', 'CUST-M1002', 'PROJ-00048'),
  ('AST-00323', 'Analytics Add-on', 'SN-10664861', '20310609', 'CUST-M1095', 'PROJ-00108'),
  ('AST-00324', 'API Bundle', 'SN-55011369', '2028-02-06', 'CUST-M1095', 'PROJ-00159'),
  ('AST-00325', 'Analytics Add-on', 'SN-52635887', '7/20/2028', 'CUST-M1148', 'PROJ-M-99657'),
  ('AST-00326', 'Support Package', 'SN-18086517', '0000-00-00', 'CUST-M1089', 'PROJ-00232'),
  ('AST-00327', 'Analytics Add-on', 'SN-71388107', '2030-08-25', 'CUST-M1072', 'PROJ-M-99485'),
  ('AST-00328', 'Data Connector', 'SN-13770504', '15.08.2027', 'CUST-M1018_DUP', 'PROJ-M-99612'),
  ('AST-00329', 'Analytics Add-on', 'SN-81159200', '06.07.2030', 'CUST-M1021', 'PROJ-00210'),
  ('AST-00330', 'Support Package', 'SN-89083392', '2029-08-18', 'CUST-M1197', 'PROJ-00113'),
  ('AST-00331', 'Data Connector', 'SN-29885008', NULL, 'CUST-M1122', 'PROJ-00304'),
  ('AST-00332', 'Mobile App', 'SN-39423252', '2028-03-18', 'CUST-M1133', 'PROJ-00250'),
  ('AST-00333', 'Support Package', 'SN-44390272', '3/11/2028', 'CUST-M1187', 'PROJ-00268'),
  ('AST-00334', 'Support Package', 'SN-73890073', '0000-00-00', 'CUST-M1094', 'PROJ-00287'),
  ('AST-00335', 'CRM Seat', 'SN-46131550', '2029-02-20', 'CUST-M1189', 'PROJ-00144'),
  ('AST-00336', 'API Bundle', 'SN-91516677', '29.07.2029', 'CUST-M1157', 'PROJ-00006'),
  ('AST-00337', 'API Bundle', 'SN-30723069', '20310602', 'CUST-M1007', 'PROJ-00142'),
  ('AST-00338', 'Data Connector', 'SN-45323882', '05.11.2028', 'MISSING-9154', 'PROJ-M-99768'),
  ('AST-00339', 'Mobile App', 'SN-73152022', '29.05.2028', 'CUST-M1155', 'PROJ-00256'),
  ('AST-00340', 'Analytics Add-on', 'SN-50155682', 'N/A', 'CUST-M1146', 'PROJ-00026'),
  ('AST-00341', 'CRM Seat', 'SN-76751028', '20300223', 'CUST-M1083', 'PROJ-00109'),
  ('AST-00342', 'Support Package', 'SN-69289607', 'N/A', 'CUST-M1174', 'PROJ-00308'),
  ('AST-00343', 'Analytics Add-on', 'SN-95413900', '20290227', 'CUST-M1074', 'PROJ-00091'),
  ('AST-00344', 'API Bundle', 'SN-69983582', '26.11.2028', 'CUST-M1125', 'PROJ-00004'),
  ('AST-00345', 'Support Package', 'SN-81293525', 'N/A', 'CUST-M1176_DUP', 'PROJ-00079'),
  ('AST-00346', 'Mobile App', 'SN-12094332', '20270921', 'CUST-M1091', 'PROJ-00299'),
  ('AST-00347', 'API Bundle', 'SN-54782517', NULL, 'CUST-M1010', 'PROJ-00154'),
  ('AST-00348', 'CRM Seat', 'SN-98198974', '0000-00-00', 'CUST-M1058', 'PROJ-00032'),
  ('AST-00349', 'CRM Seat', 'SN-64615216', '28.10.2027', 'CUST-M1004', 'PROJ-00289'),
  ('AST-00350', 'Analytics Add-on', 'SN-52554851', '0000-00-00', 'CUST-M1164', 'PROJ-00002'),
  ('AST-00351', 'CRM Seat', 'SN-82527790', NULL, 'CUST-M1135', 'PROJ-00134'),
  ('AST-00352', 'Data Connector', 'SN-99120625', '29.03.2029', 'CUST-M1055', 'PROJ-M-99281'),
  ('AST-00353', 'Mobile App', 'SN-66303704', '20310123', 'CUST-M1039', 'PROJ-00005'),
  ('AST-00354', 'API Bundle', 'SN-98837427', '11/3/2028', 'CUST-M1098', 'PROJ-00047'),
  ('AST-00355', 'CRM Seat', 'SN-92779291', '14.10.2027', 'CUST-M1008', 'PROJ-00006'),
  ('AST-00356', 'Support Package', 'SN-10906455', '0000-00-00', 'CUST-M1075', 'PROJ-00051'),
  ('AST-00357', 'Mobile App', 'SN-36047399', '29.11.2027', 'CUST-M1097', 'PROJ-00105'),
  ('AST-00358', 'API Bundle', 'SN-96406918', '2031-03-21', 'CUST-M1150', 'PROJ-M-99563'),
  ('AST-00359', 'Support Package', 'SN-99619851', '2028-07-25', 'CUST-M1149', 'PROJ-00031'),
  ('AST-00360', 'CRM Seat', 'SN-13397826', NULL, 'CUST-M1159', 'PROJ-00240'),
  ('AST-00361', 'CRM Seat', 'SN-24821739', 'N/A', 'CUST-M1188', 'PROJ-M-99618'),
  ('AST-00362', 'Support Package', 'SN-14027829', '12.09.2027', 'CUST-M1004', 'PROJ-00291'),
  ('AST-00363', 'CRM Seat', 'SN-28830973', '12.07.2028', 'CUST-M1157', 'PROJ-00137'),
  ('AST-00364', 'CRM Seat', 'SN-24271075', '1/16/2028', 'CUST-M1066', 'PROJ-00011'),
  ('AST-00365', 'CRM Seat', 'SN-31743622', '2030-11-21', 'CUST-M1015', 'PROJ-00008'),
  ('AST-00366', 'Analytics Add-on', 'SN-72971988', '11/23/2029', 'CUST-M1103', 'PROJ-00177'),
  ('AST-00367', 'API Bundle', 'SN-22748708', '15.04.2031', 'CUST-M1140', 'PROJ-00165'),
  ('AST-00368', 'Mobile App', 'SN-74957330', '12/8/2029', 'CUST-M1100', 'PROJ-00081'),
  ('AST-00369', 'Analytics Add-on', 'SN-92768837', '20290605', 'MISSING-9501', 'PROJ-00226'),
  ('AST-00370', 'CRM Seat', 'SN-15598497', '2031-01-20', 'CUST-M1051', 'PROJ-00044'),
  ('AST-00371', 'API Bundle', 'SN-14836337', '20301120', 'CUST-M1062', 'PROJ-00239'),
  ('AST-00372', 'Support Package', 'SN-50272205', '2027-08-20', 'CUST-M1049', 'PROJ-00170'),
  ('AST-00373', 'CRM Seat', 'SN-54720440', '2/5/2028', 'CUST-M1007', 'PROJ-00090'),
  ('AST-00374', 'Data Connector', 'SN-40491777', '20290630', 'CUST-M1059', 'PROJ-00183'),
  ('AST-00375', 'Analytics Add-on', 'SN-87447467', '2029-02-08', 'CUST-M1168', 'PROJ-00171'),
  ('AST-00376', 'Analytics Add-on', 'SN-50803744', '20271211', 'CUST-M1067', 'PROJ-00290'),
  ('AST-00377', 'Data Connector', 'SN-69276045', '20280826', 'CUST-M1016', 'PROJ-00208'),
  ('AST-00378', 'CRM Seat', 'SN-54544515', '2/7/2029', 'CUST-M1034', 'PROJ-00306'),
  ('AST-00379', 'Mobile App', 'SN-57411324', '20301021', 'CUST-M1073', 'PROJ-00240'),
  ('AST-00380', 'Support Package', 'SN-49917164', '03.08.2030', 'CUST-M1179', 'PROJ-00199'),
  ('AST-00381', 'Support Package', 'SN-73590821', '20310412', 'CUST-M1057', 'PROJ-00256'),
  ('AST-00382', 'Analytics Add-on', 'SN-11432378', '20301226', 'CUST-M1019', 'PROJ-00129'),
  ('AST-00383', 'API Bundle', 'SN-33065191', '2029-02-04', 'CUST-M1138', 'PROJ-00072'),
  ('AST-00384', 'Analytics Add-on', 'SN-86762965', '2027-11-18', 'CUST-M1184', 'PROJ-00192'),
  ('AST-00385', 'Support Package', 'SN-73967242', '20271023', 'CUST-M1006', 'PROJ-00240'),
  ('AST-00386', 'Support Package', 'SN-57476267', '20.03.2030', 'CUST-M1046', 'PROJ-00069'),
  ('AST-00387', 'API Bundle', 'SN-30314016', '20310516', 'CUST-M1117', 'PROJ-00111'),
  ('AST-00388', 'Mobile App', 'SN-70686342', '5/16/2030', 'CUST-M1151', 'PROJ-00134'),
  ('AST-00389', 'Data Connector', 'SN-67481187', '2029-06-01', 'MISSING-9793', 'PROJ-00159'),
  ('AST-00390', 'Mobile App', 'SN-63763496', '5/19/2031', 'CUST-M1153', 'PROJ-00284'),
  ('AST-00391', 'API Bundle', 'SN-57598169', '28.05.2030', 'CUST-M1163_DUP', 'PROJ-M-99728'),
  ('AST-00392', 'CRM Seat', 'SN-86940897', '20300211', 'CUST-M1012', 'PROJ-00191'),
  ('AST-00393', 'Support Package', 'SN-87761979', '3/3/2030', 'CUST-M1154', 'PROJ-00168'),
  ('AST-00394', 'Support Package', 'SN-15358969', NULL, 'CUST-M1054', 'PROJ-00074'),
  ('AST-00395', 'CRM Seat', 'SN-46953451', '2031-01-23', 'CUST-M1003', 'PROJ-00065'),
  ('AST-00396', 'Support Package', 'SN-84646284', '2027-09-27', 'CUST-M1064', 'PROJ-00052'),
  ('AST-00397', 'API Bundle', 'SN-67154015', '20271015', 'CUST-M1022', 'PROJ-00260'),
  ('AST-00398', 'CRM Seat', 'SN-24261315', '16.11.2029', 'CUST-M1034', 'PROJ-00134'),
  ('AST-00399', 'API Bundle', 'SN-19634132', NULL, 'CUST-M1176_DUP', 'PROJ-00128'),
  ('AST-00400', 'Support Package', 'SN-28776632', '4/2/2029', 'CUST-M1146', 'PROJ-00063'),
  ('AST-00401', 'Data Connector', 'SN-59762358', 'N/A', 'CUST-M1191', 'PROJ-00098'),
  ('AST-00402', 'Analytics Add-on', 'SN-82767839', 'N/A', 'CUST-M1123', 'PROJ-00020'),
  ('AST-00403', 'Support Package', 'SN-20769205', NULL, 'CUST-M1030', 'PROJ-00180'),
  ('AST-00404', 'API Bundle', 'SN-75775786', '2030-01-29', 'CUST-M1055', 'PROJ-00107'),
  ('AST-00405', 'Support Package', 'SN-90330621', '12/4/2027', 'CUST-M1189', 'PROJ-00055'),
  ('AST-00406', 'API Bundle', 'SN-45559497', '2027-09-04', 'CUST-M1086', 'PROJ-00189'),
  ('AST-00407', 'API Bundle', 'SN-28391507', '7/19/2027', 'MISSING-9190', 'PROJ-M-99645'),
  ('AST-00408', 'CRM Seat', 'SN-35664346', NULL, 'CUST-M1096', 'PROJ-00116'),
  ('AST-00409', 'Data Connector', 'SN-35495751', NULL, 'CUST-M1182', 'PROJ-00048'),
  ('AST-00410', 'CRM Seat', 'SN-36289893', '28.12.2030', 'CUST-M1169', 'PROJ-00083'),
  ('AST-00411', 'Mobile App', 'SN-59364378', '23.11.2030', 'CUST-M1174', 'PROJ-M-99433'),
  ('AST-00412', 'Data Connector', 'SN-71165623', '2029-10-12', 'MISSING-9075', 'PROJ-00177'),
  ('AST-00413', 'Data Connector', 'SN-17834173', '03.02.2029', 'CUST-M1116', 'PROJ-M-99292'),
  ('AST-00414', 'CRM Seat', 'SN-35317791', '28.09.2030', 'CUST-M1109', 'PROJ-00171'),
  ('AST-00415', 'Mobile App', 'SN-57440011', '11/30/2027', 'CUST-M1056', 'PROJ-M-99961'),
  ('AST-00416', 'Support Package', 'SN-30826644', 'N/A', 'CUST-M1127', 'PROJ-00120'),
  ('AST-00417', 'Data Connector', 'SN-60999466', '20310612', 'CUST-M1175', 'PROJ-00238'),
  ('AST-00418', 'Analytics Add-on', 'SN-56898655', '0000-00-00', 'MISSING-9433', 'PROJ-00134'),
  ('AST-00419', 'Data Connector', 'SN-70518732', '1/15/2029', 'CUST-M1163', 'PROJ-00146'),
  ('AST-00420', 'API Bundle', 'SN-38861637', '2029-03-17', 'CUST-M1126', 'PROJ-00060'),
  ('AST-00421', 'Data Connector', 'SN-77139480', '8/27/2030', 'CUST-M1105', 'PROJ-00024'),
  ('AST-00422', 'CRM Seat', 'SN-14407816', '30.06.2028', 'CUST-M1024', 'PROJ-M-99156'),
  ('AST-00423', 'Data Connector', 'SN-50632709', '2030-01-01', 'CUST-M1163', 'PROJ-00092'),
  ('AST-00424', 'Analytics Add-on', 'SN-68670305', '10.02.2029', 'MISSING-9093', 'PROJ-00231'),
  ('AST-00425', 'Analytics Add-on', 'SN-47771678', '7/4/2027', 'CUST-M1184', 'PROJ-00303'),
  ('AST-00426', 'CRM Seat', 'SN-12802086', '17.11.2030', 'CUST-M1055', 'PROJ-00278'),
  ('AST-00427', 'Support Package', 'SN-39187858', '2030-07-07', 'CUST-M1035', 'PROJ-00086'),
  ('AST-00428', 'CRM Seat', 'SN-97917206', '12.04.2028', 'CUST-M1010', 'PROJ-00183'),
  ('AST-00429', 'Data Connector', 'SN-68224407', '20290108', 'CUST-M1121', 'PROJ-00248'),
  ('AST-00430', 'API Bundle', 'SN-72030587', '0000-00-00', 'CUST-M1038', 'PROJ-00140'),
  ('AST-00431', 'CRM Seat', 'SN-37003560', '20310320', 'CUST-M1139', 'PROJ-M-99804'),
  ('AST-00432', 'Analytics Add-on', 'SN-90163096', '0000-00-00', 'CUST-M1050', 'PROJ-00068'),
  ('AST-00433', 'Support Package', 'SN-52876428', '2028-02-08', 'CUST-M1167', 'PROJ-M-99670'),
  ('AST-00434', 'Data Connector', 'SN-40368629', '23.03.2029', 'CUST-M1112', 'PROJ-M-99553'),
  ('AST-00435', 'Support Package', 'SN-48028665', '20280827', 'CUST-M1027', 'PROJ-00254'),
  ('AST-00436', 'Support Package', 'SN-85135399', '20280821', 'CUST-M1193', 'PROJ-00194'),
  ('AST-00437', 'Analytics Add-on', 'SN-76254993', '20290316', 'CUST-M1007', 'PROJ-00265'),
  ('AST-00438', 'Data Connector', 'SN-35923613', '1/19/2029', 'CUST-M1044', 'PROJ-M-99152'),
  ('AST-00439', 'CRM Seat', 'SN-13146009', '23.04.2028', 'MISSING-9614', 'PROJ-00046'),
  ('AST-00440', 'Mobile App', 'SN-26058691', '2028-08-30', 'CUST-M1004', 'PROJ-00063'),
  ('AST-00441', 'Analytics Add-on', 'SN-37587761', '2029-01-19', 'CUST-M1176_DUP', 'PROJ-00022'),
  ('AST-00442', 'API Bundle', 'SN-62980598', '8/18/2027', 'CUST-M1110', 'PROJ-00029'),
  ('AST-00443', 'Mobile App', 'SN-53703145', '2028-02-17', 'CUST-M1068', 'PROJ-00181'),
  ('AST-00444', 'CRM Seat', 'SN-76781455', '20280901', 'CUST-M1184', 'PROJ-00166'),
  ('AST-00445', 'Analytics Add-on', 'SN-91270262', '21.02.2029', 'CUST-M1025', 'PROJ-00110'),
  ('AST-00446', 'Support Package', 'SN-59224295', '26.10.2029', 'CUST-M1135', 'PROJ-00202'),
  ('AST-00447', 'Data Connector', 'SN-59839406', 'N/A', 'CUST-M1091_DUP', 'PROJ-00260'),
  ('AST-00448', 'Analytics Add-on', 'SN-96028483', '0000-00-00', 'CUST-M1066', 'PROJ-00185'),
  ('AST-00449', 'Mobile App', 'SN-50608416', '9/2/2028', 'CUST-M1071', 'PROJ-00178'),
  ('AST-00450', 'Mobile App', 'SN-58649722', 'N/A', 'CUST-M1159', 'PROJ-00117'),
  ('AST-00451', 'Support Package', 'SN-62811303', '2031-02-09', 'CUST-M1198', 'PROJ-00051'),
  ('AST-00452', 'Support Package', 'SN-18393435', '31.03.2030', 'CUST-M1086', 'PROJ-00083'),
  ('AST-00453', 'CRM Seat', 'SN-94623524', '1/15/2028', 'CUST-M1079', 'PROJ-00032'),
  ('AST-00454', 'API Bundle', 'SN-26978233', '4/29/2028', 'CUST-M1090', 'PROJ-00098'),
  ('AST-00455', 'Support Package', 'SN-82568279', '2029-11-14', 'CUST-M1044', 'PROJ-00166'),
  ('AST-00456', 'Analytics Add-on', 'SN-67137562', '20280410', 'CUST-M1090', 'PROJ-M-99916'),
  ('AST-00457', 'API Bundle', 'SN-36457233', '2031-04-19', 'CUST-M1186', 'PROJ-00106'),
  ('AST-00458', 'CRM Seat', 'SN-84430193', '2027-07-09', 'CUST-M1144', 'PROJ-00046'),
  ('AST-00459', 'Analytics Add-on', 'SN-41483832', '2030-06-09', 'CUST-M1168', 'PROJ-00200'),
  ('AST-00460', 'Data Connector', 'SN-30842681', '0000-00-00', 'CUST-M1186_DUP', 'PROJ-M-99685'),
  ('AST-00461', 'Support Package', 'SN-93571652', '4/10/2031', 'CUST-M1135', 'PROJ-00114'),
  ('AST-00462', 'API Bundle', 'SN-54143042', '20280726', 'CUST-M1104', 'PROJ-00073'),
  ('AST-00463', 'API Bundle', 'SN-83827326', '20300429', 'CUST-M1132', 'PROJ-00169'),
  ('AST-00464', 'Support Package', 'SN-39186855', '2/8/2031', 'CUST-M1035', 'PROJ-00310'),
  ('AST-00465', 'Mobile App', 'SN-60670491', '0000-00-00', 'CUST-M1042', 'PROJ-00270'),
  ('AST-00466', 'Data Connector', 'SN-12243069', '2/10/2030', 'CUST-M1086', 'PROJ-00090'),
  ('AST-00467', 'Data Connector', 'SN-51260538', '21.01.2030', 'CUST-M1139', 'PROJ-00038'),
  ('AST-00468', 'Data Connector', 'SN-87136041', '2029-03-11', 'CUST-M1149', 'PROJ-00093'),
  ('AST-00469', 'Support Package', 'SN-74644085', '2027-07-02', 'CUST-M1043', 'PROJ-00095'),
  ('AST-00470', 'Support Package', 'SN-18801008', '21.11.2027', 'CUST-M1050', 'PROJ-00233'),
  ('AST-00471', 'CRM Seat', 'SN-91874591', '2031-05-10', 'CUST-M1042', 'PROJ-00057'),
  ('AST-00472', 'API Bundle', 'SN-23117601', '2029-02-21', 'CUST-M1037', 'PROJ-M-99157'),
  ('AST-00473', 'Data Connector', 'SN-98706886', '2029-06-02', 'CUST-M1081_DUP', 'PROJ-00312'),
  ('AST-00474', 'Data Connector', 'SN-68707867', '10/31/2027', 'CUST-M1160', 'PROJ-00182'),
  ('AST-00475', 'API Bundle', 'SN-79695553', '2031-02-25', 'CUST-M1140', 'PROJ-00029'),
  ('AST-00476', 'Mobile App', 'SN-58123765', '13.07.2029', 'CUST-M1091', 'PROJ-00106'),
  ('AST-00477', 'API Bundle', 'SN-20018558', '20300904', 'CUST-M1139', 'PROJ-00081'),
  ('AST-00478', 'API Bundle', 'SN-99914679', '20290923', 'CUST-M1090', 'PROJ-00034'),
  ('AST-00479', 'Support Package', 'SN-27320340', '9/1/2030', 'CUST-M1043', 'PROJ-M-99226'),
  ('AST-00480', 'Analytics Add-on', 'SN-11017793', '4/2/2030', 'MISSING-9192', 'PROJ-00049'),
  ('AST-00481', 'CRM Seat', 'SN-67018879', '20300710', 'CUST-M1072', 'PROJ-00202'),
  ('AST-00482', 'CRM Seat', 'SN-40644360', '7/6/2030', 'CUST-M1198', 'PROJ-00243'),
  ('AST-00483', 'Analytics Add-on', 'SN-25263517', '20310123', 'CUST-M1068', 'PROJ-00303'),
  ('AST-00484', 'Analytics Add-on', 'SN-36785239', '2028-02-17', 'CUST-M1030', 'PROJ-00159'),
  ('AST-00485', 'API Bundle', 'SN-48409115', '20281023', 'CUST-M1172', 'PROJ-00271'),
  ('AST-00486', 'Mobile App', 'SN-41197800', '20310307', 'CUST-M1156', 'PROJ-00192'),
  ('AST-00487', 'Mobile App', 'SN-51432319', '20290817', 'CUST-M1185', 'PROJ-00182'),
  ('AST-00488', 'CRM Seat', 'SN-19771040', 'N/A', 'CUST-M1178_DUP', 'PROJ-00143'),
  ('AST-00489', 'Analytics Add-on', 'SN-67307056', '2029-08-02', 'CUST-M1004', 'PROJ-M-99927'),
  ('AST-00490', 'Mobile App', 'SN-64558566', '20301009', 'CUST-M1178', 'PROJ-00154'),
  ('AST-00491', 'API Bundle', 'SN-26936572', '21.01.2031', 'CUST-M1139', 'PROJ-00046'),
  ('AST-00492', 'Data Connector', 'SN-46132241', '2027-07-21', 'CUST-M1142', 'PROJ-00158'),
  ('AST-00493', 'Analytics Add-on', 'SN-42669538', '2/16/2030', 'CUST-M1017', 'PROJ-00154'),
  ('AST-00494', 'Data Connector', 'SN-53289845', '20290731', 'CUST-M1109', 'PROJ-00051'),
  ('AST-00495', 'Mobile App', 'SN-54499549', '2028-03-25', 'CUST-M1178', 'PROJ-00067'),
  ('AST-00496', 'Data Connector', 'SN-12096288', '21.11.2028', 'CUST-M1137', 'PROJ-00142'),
  ('AST-00497', 'Mobile App', 'SN-28805562', '15.08.2029', 'CUST-M1040', 'PROJ-00008'),
  ('AST-00498', 'Data Connector', 'SN-71248764', '2029-08-04', 'CUST-M1005', 'PROJ-00090'),
  ('AST-00499', 'Data Connector', 'SN-56838592', '2030-08-24', 'CUST-M1110', 'PROJ-00273'),
  ('AST-00500', 'API Bundle', 'SN-42369564', '2029-04-28', 'CUST-M1136', 'PROJ-00214'),
  ('AST-00501', 'Analytics Add-on', 'SN-62500742', '6/15/2030', 'CUST-M1027', 'PROJ-00127'),
  ('AST-00502', 'Data Connector', 'SN-30228732', '5/10/2031', 'CUST-M1074', 'PROJ-00269'),
  ('AST-00503', 'API Bundle', 'SN-64407560', '2028-11-16', 'CUST-M1168', 'PROJ-00200'),
  ('AST-00504', 'Mobile App', 'SN-47752714', NULL, 'CUST-M1163_DUP', 'PROJ-00240'),
  ('AST-00505', 'Data Connector', 'SN-53197562', '20301003', 'CUST-M1098', 'PROJ-00242'),
  ('AST-00506', 'Data Connector', 'SN-67663528', '28.02.2030', 'CUST-M1075', 'PROJ-00181'),
  ('AST-00507', 'Data Connector', 'SN-55644094', '2/17/2030', 'CUST-M1113', 'PROJ-00299'),
  ('AST-00508', 'Data Connector', 'SN-70216229', '0000-00-00', 'CUST-M1028', 'PROJ-00107'),
  ('AST-00509', 'Data Connector', 'SN-37656769', '2030-07-08', 'CUST-M1103', 'PROJ-00282'),
  ('AST-00510', 'Analytics Add-on', 'SN-26372740', '30.06.2028', 'MISSING-9500', 'PROJ-M-99755'),
  ('AST-00511', 'Mobile App', 'SN-14052589', '20280718', 'CUST-M1159', 'PROJ-00035'),
  ('AST-00512', 'Data Connector', 'SN-74505688', '20270803', 'CUST-M1135', 'PROJ-M-99497'),
  ('AST-00513', 'Analytics Add-on', 'SN-57927034', '0000-00-00', 'CUST-M1026', 'PROJ-00284'),
  ('AST-00514', 'CRM Seat', 'SN-29584758', '20300926', 'CUST-M1114', 'PROJ-00232'),
  ('AST-00515', 'Mobile App', 'SN-97559528', '20271010', 'CUST-M1003', 'PROJ-00015'),
  ('AST-00516', 'CRM Seat', 'SN-51934613', 'N/A', 'CUST-M1072', 'PROJ-M-99830'),
  ('AST-00517', 'Analytics Add-on', 'SN-66393343', '12/10/2027', 'CUST-M1001', 'PROJ-00079'),
  ('AST-00518', 'Analytics Add-on', 'SN-10257322', '31.07.2030', 'CUST-M1040', 'PROJ-00211'),
  ('AST-00519', 'Data Connector', 'SN-96175446', '20301018', 'CUST-M1158', 'PROJ-M-99405'),
  ('AST-00520', 'Support Package', 'SN-31652883', '04.12.2028', 'CUST-M1035', 'PROJ-00239'),
  ('AST-00521', 'Mobile App', 'SN-40791511', '5/5/2031', 'CUST-M1171', 'PROJ-00101'),
  ('AST-00522', 'Support Package', 'SN-50981227', '2029-09-19', 'CUST-M1166', 'PROJ-00178'),
  ('AST-00523', 'Mobile App', 'SN-35149369', '0000-00-00', 'CUST-M1098', 'PROJ-00121'),
  ('AST-00524', 'API Bundle', 'SN-68175547', '2/11/2029', 'CUST-M1018', 'PROJ-00108'),
  ('AST-00525', 'Analytics Add-on', 'SN-13180124', '26.03.2031', 'CUST-M1087', 'PROJ-00136'),
  ('AST-00526', 'Analytics Add-on', 'SN-31095409', '4/21/2028', 'CUST-M1170', 'PROJ-00046'),
  ('AST-00527', 'CRM Seat', 'SN-54293833', '11/1/2030', 'CUST-M1080', 'PROJ-00200'),
  ('AST-00528', 'API Bundle', 'SN-25680063', 'N/A', 'CUST-M1117', 'PROJ-00284'),
  ('AST-00529', 'Mobile App', 'SN-48943375', '20290415', 'CUST-M1157', 'PROJ-00103'),
  ('AST-00530', 'Analytics Add-on', 'SN-11786548', '20280708', 'CUST-M1136', 'PROJ-00129'),
  ('AST-00531', 'CRM Seat', 'SN-38071791', '7/5/2029', 'CUST-M1197', 'PROJ-00256'),
  ('AST-00532', 'Analytics Add-on', 'SN-35786526', '2029-03-10', 'CUST-M1072', 'PROJ-00285'),
  ('AST-00533', 'Data Connector', 'SN-15975472', '06.11.2028', 'CUST-M1069', 'PROJ-00164'),
  ('AST-00534', 'Support Package', 'SN-27800239', '20310415', 'CUST-M1091_DUP', 'PROJ-00198'),
  ('AST-00535', 'CRM Seat', 'SN-91668606', '06.06.2030', 'CUST-M1145', 'PROJ-00064'),
  ('AST-00536', 'API Bundle', 'SN-64143818', '2031-02-05', 'CUST-M1149', 'PROJ-00143'),
  ('AST-00537', 'Mobile App', 'SN-18679836', NULL, 'MISSING-9457', 'PROJ-00229'),
  ('AST-00538', 'Analytics Add-on', 'SN-17851436', '20271028', 'MISSING-9980', 'PROJ-00172'),
  ('AST-00539', 'Data Connector', 'SN-37179657', '1/8/2031', 'CUST-M1172', 'PROJ-00019'),
  ('AST-00540', 'CRM Seat', 'SN-93753356', '8/18/2027', 'CUST-M1050', 'PROJ-00048'),
  ('AST-00541', 'Data Connector', 'SN-36789418', '20310404', 'CUST-M1076', 'PROJ-00310'),
  ('AST-00542', 'Mobile App', 'SN-98788875', '20270928', 'CUST-M1078', 'PROJ-00158'),
  ('AST-00543', 'Data Connector', 'SN-96630056', '20300303', 'CUST-M1038', 'PROJ-00047'),
  ('AST-00544', 'Data Connector', 'SN-74528682', '0000-00-00', 'CUST-M1141', 'PROJ-00069'),
  ('AST-00545', 'Support Package', 'SN-62653078', '06.12.2029', 'CUST-M1065', 'PROJ-00229'),
  ('AST-00546', 'CRM Seat', 'SN-59720880', '20291224', 'CUST-M1013', 'PROJ-00083'),
  ('AST-00547', 'CRM Seat', 'SN-55131898', '20300929', 'CUST-M1082', 'PROJ-00281'),
  ('AST-00548', 'Data Connector', 'SN-86782277', '0000-00-00', 'CUST-M1145', 'PROJ-00123'),
  ('AST-00549', 'Data Connector', 'SN-75129111', '20280128', 'CUST-M1046', 'PROJ-00012'),
  ('AST-00550', 'CRM Seat', 'SN-25206001', '25.04.2029', 'MISSING-9785', 'PROJ-00105'),
  ('AST-00551', 'Data Connector', 'SN-26977596', '20310509', 'CUST-M1025', 'PROJ-00175'),
  ('AST-00552', 'API Bundle', 'SN-78243026', '2029-10-16', 'CUST-M1142', 'PROJ-00225'),
  ('AST-00553', 'CRM Seat', 'SN-98281903', '4/6/2029', 'CUST-M1130', 'PROJ-00148'),
  ('AST-00554', 'Mobile App', 'SN-45361565', '20281017', 'CUST-M1052', 'PROJ-00027'),
  ('AST-00555', 'Data Connector', 'SN-78024658', '3/4/2031', 'CUST-M1022', 'PROJ-00062'),
  ('AST-00556', 'CRM Seat', 'SN-41381009', '20280714', 'CUST-M1163', 'PROJ-00305'),
  ('AST-00557', 'API Bundle', 'SN-33449707', '2029-01-03', 'CUST-M1149', 'PROJ-00085'),
  ('AST-00558', 'API Bundle', 'SN-86864589', '2027-07-27', 'CUST-M1043', 'PROJ-00043'),
  ('AST-00559', 'Support Package', 'SN-46573049', '20301107', 'CUST-M1030', 'PROJ-00151'),
  ('AST-00560', 'Analytics Add-on', 'SN-47765165', '2029-12-06', 'CUST-M1145', 'PROJ-00201'),
  ('AST-00561', 'Data Connector', 'SN-17653625', '04.09.2029', 'CUST-M1169', 'PROJ-00231'),
  ('AST-00562', 'Analytics Add-on', 'SN-86426254', '20290102', 'CUST-M1094', 'PROJ-00109'),
  ('AST-00563', 'CRM Seat', 'SN-88998804', '3/4/2028', 'CUST-M1025', 'PROJ-M-99673'),
  ('AST-00564', 'CRM Seat', 'SN-27943031', '18.07.2027', 'CUST-M1076', 'PROJ-00051'),
  ('AST-00565', 'Data Connector', 'SN-93786567', '11.02.2030', 'CUST-M1043', 'PROJ-00007'),
  ('AST-00566', 'Support Package', 'SN-15706383', 'N/A', 'CUST-M1066', 'PROJ-00222'),
  ('AST-00567', 'API Bundle', 'SN-11784248', '2031-05-09', 'CUST-M1011', 'PROJ-00008'),
  ('AST-00568', 'Data Connector', 'SN-92416405', '2027-10-30', 'CUST-M1042', 'PROJ-00103'),
  ('AST-00569', 'Support Package', 'SN-63268485', '03.05.2030', 'CUST-M1068', 'PROJ-00195'),
  ('AST-00570', 'Support Package', 'SN-35589131', '2030-12-20', 'CUST-M1095', 'PROJ-00297'),
  ('AST-00571', 'Analytics Add-on', 'SN-32359400', '5/16/2031', 'MISSING-9454', 'PROJ-00084'),
  ('AST-00572', 'Mobile App', 'SN-15021299', '20310306', 'CUST-M1151', 'PROJ-00065'),
  ('AST-00573', 'Analytics Add-on', 'SN-58468607', '20290601', 'CUST-M1038', 'PROJ-00257'),
  ('AST-00574', 'CRM Seat', 'SN-60722693', NULL, 'CUST-M1156', 'PROJ-00001'),
  ('AST-00575', 'Mobile App', 'SN-50446331', '20290414', 'CUST-M1089', 'PROJ-M-99574'),
  ('AST-00576', 'Analytics Add-on', 'SN-20581093', '20.04.2029', 'CUST-M1126', 'PROJ-00250'),
  ('AST-00577', 'API Bundle', 'SN-98542489', NULL, 'CUST-M1121', 'PROJ-00018'),
  ('AST-00578', 'Mobile App', 'SN-15777512', '23.12.2028', 'CUST-M1174', 'PROJ-00178'),
  ('AST-00579', 'CRM Seat', 'SN-54632657', '01.11.2027', 'CUST-M1182', 'PROJ-00126'),
  ('AST-00580', 'Support Package', 'SN-48241067', '2029-03-08', 'CUST-M1130', 'PROJ-00188'),
  ('AST-00581', 'Data Connector', 'SN-79417492', '1/3/2031', 'CUST-M1137', 'PROJ-00075'),
  ('AST-00582', 'Mobile App', 'SN-73061915', '0000-00-00', 'CUST-M1064', 'PROJ-00240'),
  ('AST-00583', 'Mobile App', 'SN-19047654', '08.09.2029', 'CUST-M1097', 'PROJ-00225'),
  ('AST-00584', 'API Bundle', 'SN-27548139', 'N/A', 'CUST-M1191', 'PROJ-M-99498'),
  ('AST-00585', 'Analytics Add-on', 'SN-66845638', '2027-12-28', 'CUST-M1064', 'PROJ-00096'),
  ('AST-00586', 'Support Package', 'SN-10845504', '02.11.2030', 'CUST-M1184', 'PROJ-00125'),
  ('AST-00587', 'Support Package', 'SN-83916519', '2028-11-04', 'CUST-M1065', 'PROJ-00203'),
  ('AST-00588', 'Mobile App', 'SN-70071421', '1/13/2031', 'CUST-M1082', 'PROJ-00084'),
  ('AST-00589', 'CRM Seat', 'SN-25664647', '10/16/2027', 'CUST-M1041', 'PROJ-00187'),
  ('AST-00590', 'Data Connector', 'SN-58140700', '2030-02-06', 'CUST-M1066', 'PROJ-00053'),
  ('AST-00591', 'Data Connector', 'SN-14196345', '20290810', 'CUST-M1026', 'PROJ-00045'),
  ('AST-00592', 'Support Package', 'SN-27598054', '2/13/2031', 'CUST-M1178_DUP', 'PROJ-00153'),
  ('AST-00593', 'Data Connector', 'SN-83723686', '1/18/2029', 'MISSING-9151', 'PROJ-00270'),
  ('AST-00594', 'Data Connector', 'SN-41925070', '2029-06-02', 'CUST-M1082', 'PROJ-M-99134'),
  ('AST-00595', 'Support Package', 'SN-74849280', '0000-00-00', 'CUST-M1100', 'PROJ-00281'),
  ('AST-00596', 'Mobile App', 'SN-43088108', '7/2/2028', 'CUST-M1163', 'PROJ-00187'),
  ('AST-00597', 'CRM Seat', 'SN-29573761', '2028-09-24', 'CUST-M1029', 'PROJ-00079'),
  ('AST-00598', 'Support Package', 'SN-27672691', '20280804', 'CUST-M1191', 'PROJ-00034'),
  ('AST-00599', 'Analytics Add-on', 'SN-20664294', '20290501', 'CUST-M1173', 'PROJ-M-99055'),
  ('AST-00600', 'Support Package', 'SN-82773113', '20290120', 'CUST-M1052', 'PROJ-00030'),
  ('AST-00601', 'Analytics Add-on', 'SN-38718051', '2027-07-26', 'MISSING-9401', 'PROJ-00103'),
  ('AST-00602', 'Analytics Add-on', 'SN-14835326', '5/18/2031', 'CUST-M1044', 'PROJ-00194'),
  ('AST-00603', 'API Bundle', 'SN-42294417', '2027-10-15', 'CUST-M1184', 'PROJ-00175'),
  ('AST-00604', 'Support Package', 'SN-60630096', NULL, 'CUST-M1035', 'PROJ-M-99095'),
  ('AST-00605', 'Analytics Add-on', 'SN-24323919', '20301102', 'CUST-M1171', 'PROJ-00064'),
  ('AST-00606', 'Analytics Add-on', 'SN-75152588', '19.12.2029', 'CUST-M1033', 'PROJ-00187'),
  ('AST-00607', 'CRM Seat', 'SN-72673962', '2030-12-03', 'CUST-M1061', 'PROJ-M-99777'),
  ('AST-00608', 'Analytics Add-on', 'SN-62104338', '20290401', 'CUST-M1029', 'PROJ-00273'),
  ('AST-00609', 'API Bundle', 'SN-61965268', 'N/A', 'CUST-M1081', 'PROJ-00137'),
  ('AST-00610', 'Support Package', 'SN-76619533', '4/12/2028', 'CUST-M1013', 'PROJ-00079'),
  ('AST-00611', 'API Bundle', 'SN-44943472', '2030-04-21', 'CUST-M1011', 'PROJ-00114'),
  ('AST-00612', 'CRM Seat', 'SN-87223446', '2028-09-22', 'CUST-M1188', 'PROJ-00133'),
  ('AST-00613', 'Mobile App', 'SN-55131102', '2028-07-10', 'CUST-M1105', 'PROJ-00210'),
  ('AST-00614', 'CRM Seat', 'SN-20228821', '2027-12-18', 'CUST-M1003', 'PROJ-M-99382'),
  ('AST-00615', 'CRM Seat', 'SN-31916479', '20280820', 'CUST-M1017', 'PROJ-00254'),
  ('AST-00616', 'Analytics Add-on', 'SN-37061842', '04.09.2028', 'CUST-M1161', 'PROJ-00100'),
  ('AST-00617', 'Analytics Add-on', 'SN-59172456', '2029-11-02', 'CUST-M1088', 'PROJ-00151'),
  ('AST-00618', 'API Bundle', 'SN-15872259', '2027-10-01', 'CUST-M1191', 'PROJ-M-99585'),
  ('AST-00619', 'Data Connector', 'SN-38406478', '12/1/2028', 'MISSING-9116', 'PROJ-00125'),
  ('AST-00620', 'Support Package', 'SN-67726336', '20280327', 'CUST-M1137', 'PROJ-00076'),
  ('AST-00621', 'Mobile App', 'SN-48439005', '7/21/2030', 'MISSING-9582', 'PROJ-00156'),
  ('AST-00622', 'API Bundle', 'SN-43152271', '2028-01-13', 'CUST-M1009', 'PROJ-00291'),
  ('AST-00623', 'Analytics Add-on', 'SN-75203467', '6/15/2031', 'CUST-M1076', 'PROJ-M-99576'),
  ('AST-00624', 'Support Package', 'SN-50890173', NULL, 'MISSING-9253', 'PROJ-00187'),
  ('AST-00625', 'Mobile App', 'SN-72855464', '2031-03-10', 'CUST-M1100', 'PROJ-00192'),
  ('AST-00626', 'Support Package', 'SN-43941143', '12/4/2029', 'CUST-M1092', 'PROJ-00074'),
  ('AST-00627', 'API Bundle', 'SN-80984358', '9/12/2028', 'CUST-M1024', 'PROJ-00245'),
  ('AST-00628', 'Support Package', 'SN-75899399', 'N/A', 'CUST-M1043', 'PROJ-00233'),
  ('AST-00629', 'CRM Seat', 'SN-36665042', '20280524', 'CUST-M1114', 'PROJ-00115'),
  ('AST-00630', 'Support Package', 'SN-40743603', '20300718', 'CUST-M1001', 'PROJ-00047'),
  ('AST-00631', 'Analytics Add-on', 'SN-90453531', '19.01.2030', 'CUST-M1071', 'PROJ-M-99052'),
  ('AST-00632', 'CRM Seat', 'SN-66840774', '09.12.2027', 'CUST-M1060', 'PROJ-00221'),
  ('AST-00633', 'Mobile App', 'SN-35982658', 'N/A', 'CUST-M1084', 'PROJ-00182'),
  ('AST-00634', 'API Bundle', 'SN-68837713', '16.11.2030', 'CUST-M1186', 'PROJ-00142'),
  ('AST-00635', 'Mobile App', 'SN-55305201', '2029-08-28', 'CUST-M1125', 'PROJ-M-99049'),
  ('AST-00636', 'API Bundle', 'SN-47116772', '5/29/2031', 'CUST-M1174', 'PROJ-00080'),
  ('AST-00637', 'Data Connector', 'SN-38234590', '2028-05-03', 'CUST-M1118', 'PROJ-00226'),
  ('AST-00638', 'Mobile App', 'SN-44597459', '3/18/2028', 'CUST-M1188', 'PROJ-00059'),
  ('AST-00639', 'Mobile App', 'SN-47336377', '2031-01-21', 'CUST-M1029', 'PROJ-00257'),
  ('AST-00640', 'Data Connector', 'SN-93219663', '2027-11-09', 'CUST-M1072', 'PROJ-00247'),
  ('AST-00641', 'Data Connector', 'SN-73932769', '2029-01-06', 'CUST-M1060', 'PROJ-00218'),
  ('AST-00642', 'Analytics Add-on', 'SN-93471089', '01.09.2027', 'CUST-M1101', 'PROJ-00042'),
  ('AST-00643', 'Mobile App', 'SN-81111754', '20270929', 'CUST-M1100', 'PROJ-00180'),
  ('AST-00644', 'Support Package', 'SN-86003797', '23.08.2030', 'CUST-M1109', 'PROJ-00118'),
  ('AST-00645', 'Mobile App', 'SN-68150680', '20271026', 'CUST-M1106', 'PROJ-00251'),
  ('AST-00646', 'Support Package', 'SN-89495522', '5/15/2031', 'CUST-M1051', 'PROJ-00274'),
  ('AST-00647', 'CRM Seat', 'SN-32300456', '2/10/2030', 'CUST-M1184', 'PROJ-00145'),
  ('AST-00648', 'Data Connector', 'SN-11367123', '6/28/2030', 'CUST-M1042', 'PROJ-M-99816'),
  ('AST-00649', 'Data Connector', 'SN-72105375', '20310120', 'CUST-M1190', 'PROJ-00057'),
  ('AST-00650', 'API Bundle', 'SN-34713520', '6/10/2031', 'CUST-M1039', 'PROJ-00229'),
  ('AST-00651', 'CRM Seat', 'SN-82246126', '18.10.2030', 'CUST-M1108', 'PROJ-00049'),
  ('AST-00652', 'Analytics Add-on', 'SN-79967399', '4/19/2031', 'MISSING-9007', 'PROJ-00075'),
  ('AST-00653', 'Mobile App', 'SN-66836322', '2/7/2028', 'CUST-M1183', 'PROJ-00225'),
  ('AST-00654', 'Support Package', 'SN-85800012', '7/28/2029', 'CUST-M1133', 'PROJ-00174'),
  ('AST-00655', 'Data Connector', 'SN-96232602', '18.10.2027', 'MISSING-9894', 'PROJ-00302'),
  ('AST-00656', 'API Bundle', 'SN-43322277', '17.03.2028', 'CUST-M1020', 'PROJ-M-99695'),
  ('AST-00657', 'CRM Seat', 'SN-96812032', '12.01.2030', 'CUST-M1059', 'PROJ-00027'),
  ('AST-00658', 'Data Connector', 'SN-72626015', '2/15/2030', 'CUST-M1187', 'PROJ-00042'),
  ('AST-00659', 'CRM Seat', 'SN-81446698', '19.07.2029', 'MISSING-9440', 'PROJ-00299'),
  ('AST-00660', 'CRM Seat', 'SN-87009371', '1/14/2028', 'CUST-M1023', 'PROJ-00088'),
  ('AST-00661', 'API Bundle', 'SN-51377717', '2028-11-23', 'MISSING-9972', 'PROJ-00311'),
  ('AST-00662', 'Analytics Add-on', 'SN-74284339', '1/18/2028', 'CUST-M1159', 'PROJ-00075'),
  ('AST-00663', 'API Bundle', 'SN-89246860', '2/4/2030', 'CUST-M1080', 'PROJ-00096'),
  ('AST-00664', 'Support Package', 'SN-60491735', '11/5/2028', 'CUST-M1051', 'PROJ-00078'),
  ('AST-00665', 'Analytics Add-on', 'SN-69860058', '23.12.2030', 'CUST-M1121', 'PROJ-M-99869'),
  ('AST-00666', 'CRM Seat', 'SN-52655942', '6/17/2030', 'CUST-M1176', 'PROJ-00026'),
  ('AST-00667', 'Support Package', 'SN-45091549', '12.05.2029', 'CUST-M1175', 'PROJ-00053'),
  ('AST-00668', 'Data Connector', 'SN-70169437', '12/12/2027', 'CUST-M1100', 'PROJ-00159'),
  ('AST-00669', 'CRM Seat', 'SN-12970521', '1/25/2028', 'CUST-M1074', 'PROJ-00084'),
  ('AST-00670', 'Analytics Add-on', 'SN-79031057', '2029-11-04', 'CUST-M1025', 'PROJ-M-99479'),
  ('AST-00671', 'Support Package', 'SN-59135159', '27.05.2028', 'CUST-M1098', 'PROJ-00260'),
  ('AST-00672', 'API Bundle', 'SN-17909602', '20301216', 'MISSING-9734', 'PROJ-00252'),
  ('AST-00673', 'Support Package', 'SN-59437484', '20291217', 'CUST-M1102', 'PROJ-00053'),
  ('AST-00674', 'CRM Seat', 'SN-73567249', '07.06.2028', 'MISSING-9213', 'PROJ-00094'),
  ('AST-00675', 'Analytics Add-on', 'SN-73725097', '25.06.2029', 'CUST-M1137', 'PROJ-00033'),
  ('AST-00676', 'CRM Seat', 'SN-97574591', '2027-08-20', 'CUST-M1170', 'PROJ-00015'),
  ('AST-00677', 'Analytics Add-on', 'SN-76177087', '19.02.2029', 'CUST-M1168', 'PROJ-00085'),
  ('AST-00678', 'Analytics Add-on', 'SN-24913398', '2029-12-11', 'CUST-M1151', 'PROJ-00299'),
  ('AST-00679', 'Data Connector', 'SN-34278726', NULL, 'CUST-M1150', 'PROJ-M-99009'),
  ('AST-00680', 'Data Connector', 'SN-15344936', '02.12.2028', 'CUST-M1190', 'PROJ-00110'),
  ('AST-00681', 'Analytics Add-on', 'SN-22822334', '17.08.2027', 'CUST-M1187', 'PROJ-00216'),
  ('AST-00682', 'Analytics Add-on', 'SN-33894123', '2027-12-23', 'CUST-M1096', 'PROJ-00074'),
  ('AST-00683', 'Analytics Add-on', 'SN-21200455', '11/17/2030', 'CUST-M1148', 'PROJ-00034'),
  ('AST-00684', 'Support Package', 'SN-88313944', '20.04.2029', 'CUST-M1130', 'PROJ-00181'),
  ('AST-00685', 'Support Package', 'SN-19557118', '2027-10-01', 'CUST-M1101', 'PROJ-00047'),
  ('AST-00686', 'Data Connector', 'SN-78817341', '20300821', 'CUST-M1134', 'PROJ-00090'),
  ('AST-00687', 'Analytics Add-on', 'SN-57187449', '12.10.2030', 'CUST-M1015', 'PROJ-00245'),
  ('AST-00688', 'Support Package', 'SN-11291344', '0000-00-00', 'CUST-M1023', 'PROJ-00241'),
  ('AST-00689', 'Support Package', 'SN-88795527', '11.12.2027', 'MISSING-9943', 'PROJ-00234'),
  ('AST-00690', 'Mobile App', 'SN-27149060', '20300128', 'CUST-M1049', 'PROJ-00258'),
  ('AST-00691', 'CRM Seat', 'SN-49341686', '9/17/2027', 'CUST-M1160', 'PROJ-00199'),
  ('AST-00692', 'Analytics Add-on', 'SN-80222030', '2/8/2030', 'CUST-M1169', 'PROJ-00148'),
  ('AST-00693', 'API Bundle', 'SN-29942877', 'N/A', 'CUST-M1112', 'PROJ-00234'),
  ('AST-00694', 'Analytics Add-on', 'SN-71719681', '20290129', 'CUST-M1160', 'PROJ-00018'),
  ('AST-00695', 'Analytics Add-on', 'SN-94422283', '7/1/2027', 'CUST-M1108', 'PROJ-00133'),
  ('AST-00696', 'Analytics Add-on', 'SN-52460594', '5/3/2028', 'CUST-M1054', 'PROJ-M-99891'),
  ('AST-00697', 'API Bundle', 'SN-19074302', NULL, 'CUST-M1164', 'PROJ-00117'),
  ('AST-00698', 'CRM Seat', 'SN-57975495', '07.07.2027', 'CUST-M1030', 'PROJ-00115'),
  ('AST-00699', 'Data Connector', 'SN-67027136', '2028-01-27', 'CUST-M1069', 'PROJ-00267'),
  ('AST-00700', 'Support Package', 'SN-34086597', '10.09.2029', 'CUST-M1175', 'PROJ-00118'),
  ('AST-00701', 'Support Package', 'SN-41577591', '7/8/2028', 'CUST-M1123', 'PROJ-M-99291'),
  ('AST-00702', 'Mobile App', 'SN-97692890', NULL, 'CUST-M1186', 'PROJ-00233'),
  ('AST-00703', 'API Bundle', 'SN-98061207', '06.07.2028', 'CUST-M1122', 'PROJ-00297'),
  ('AST-00704', 'Analytics Add-on', 'SN-97809046', NULL, 'CUST-M1100', 'PROJ-00261'),
  ('AST-00705', 'CRM Seat', 'SN-56479027', '2031-03-28', 'CUST-M1129', 'PROJ-00079'),
  ('AST-00706', 'Support Package', 'SN-98608522', '20301102', 'CUST-M1072', 'PROJ-00079'),
  ('AST-00707', 'Mobile App', 'SN-21426580', '20270930', 'CUST-M1028', 'PROJ-00237'),
  ('AST-00708', 'Analytics Add-on', 'SN-72027928', '4/9/2030', 'CUST-M1044', 'PROJ-00092'),
  ('AST-00709', 'Support Package', 'SN-86798917', '11/9/2030', 'CUST-M1001', 'PROJ-00227'),
  ('AST-00710', 'Data Connector', 'SN-49063316', '2027-08-21', 'CUST-M1061', 'PROJ-00070'),
  ('AST-00711', 'Data Connector', 'SN-27528049', '20310303', 'CUST-M1115', 'PROJ-00271'),
  ('AST-00712', 'CRM Seat', 'SN-31106127', '2027-07-10', 'CUST-M1105', 'PROJ-00295'),
  ('AST-00713', 'Support Package', 'SN-33210305', '2027-07-25', 'CUST-M1169', 'PROJ-00063'),
  ('AST-00714', 'Mobile App', 'SN-66923594', '20290828', 'CUST-M1133', 'PROJ-00124'),
  ('AST-00715', 'CRM Seat', 'SN-74150425', '2030-11-01', 'MISSING-9040', 'PROJ-00208'),
  ('AST-00716', 'API Bundle', 'SN-27604361', '2030-03-16', 'CUST-M1076', 'PROJ-00099'),
  ('AST-00717', 'API Bundle', 'SN-86238432', '20290530', 'CUST-M1180', 'PROJ-00290'),
  ('AST-00718', 'CRM Seat', 'SN-97842708', '20300705', 'CUST-M1063', 'PROJ-00304'),
  ('AST-00719', 'CRM Seat', 'SN-66619125', '20280129', 'CUST-M1139', 'PROJ-M-99104'),
  ('AST-00720', 'CRM Seat', 'SN-17881897', '20270702', 'CUST-M1180', 'PROJ-00003'),
  ('AST-00721', 'CRM Seat', 'SN-21628449', '2031-03-01', 'MISSING-9276', 'PROJ-00027'),
  ('AST-00722', 'Data Connector', 'SN-68542811', '3/25/2028', 'CUST-M1044', 'PROJ-00176'),
  ('AST-00723', 'API Bundle', 'SN-56692275', '0000-00-00', 'CUST-M1153', 'PROJ-00084'),
  ('AST-00724', 'Data Connector', 'SN-76813738', '2/28/2031', 'CUST-M1123', 'PROJ-00118'),
  ('AST-00725', 'Support Package', 'SN-64240017', '2029-10-26', 'CUST-M1035', 'PROJ-00269'),
  ('AST-00726', 'Support Package', 'SN-91183389', '1/2/2031', 'CUST-M1010', 'PROJ-M-99317'),
  ('AST-00727', 'Data Connector', 'SN-41288904', NULL, 'CUST-M1119', 'PROJ-00029'),
  ('AST-00728', 'Support Package', 'SN-79608242', '2029-03-21', 'CUST-M1150', 'PROJ-00116'),
  ('AST-00729', 'Mobile App', 'SN-33052789', '2029-03-27', 'MISSING-9323', 'PROJ-00151'),
  ('AST-00730', 'API Bundle', 'SN-93015812', '3/21/2031', 'CUST-M1038', 'PROJ-00233'),
  ('AST-00731', 'Analytics Add-on', 'SN-50735119', '19.05.2029', 'CUST-M1164', 'PROJ-00045'),
  ('AST-00732', 'Analytics Add-on', 'SN-28580495', '1/22/2030', 'CUST-M1164', 'PROJ-00061'),
  ('AST-00733', 'API Bundle', 'SN-28163157', '2030-03-17', 'CUST-M1030', 'PROJ-00309'),
  ('AST-00734', 'API Bundle', 'SN-13431755', '04.11.2030', 'CUST-M1160', 'PROJ-00309'),
  ('AST-00735', 'Support Package', 'SN-28727778', '12/8/2029', 'CUST-M1123', 'PROJ-00187'),
  ('AST-00736', 'API Bundle', 'SN-78907386', '2028-11-14', 'CUST-M1060', 'PROJ-00290'),
  ('AST-00737', 'Support Package', 'SN-60992808', '06.01.2029', 'MISSING-9831', 'PROJ-00137'),
  ('AST-00738', 'Support Package', 'SN-48393276', '05.12.2029', 'CUST-M1180', 'PROJ-00150'),
  ('AST-00739', 'Mobile App', 'SN-44256357', '2030-02-08', 'MISSING-9843', 'PROJ-00117'),
  ('AST-00740', 'Support Package', 'SN-63120632', '20310529', 'CUST-M1018', 'PROJ-00240'),
  ('AST-00741', 'CRM Seat', 'SN-27102969', 'N/A', 'MISSING-9759', 'PROJ-00184'),
  ('AST-00742', 'Mobile App', 'SN-12949249', '27.04.2029', 'CUST-M1018', 'PROJ-00164'),
  ('AST-00743', 'API Bundle', 'SN-25668246', '2027-09-28', 'CUST-M1062', 'PROJ-00181'),
  ('AST-00744', 'Mobile App', 'SN-67109617', NULL, 'MISSING-9140', 'PROJ-00108'),
  ('AST-00745', 'Data Connector', 'SN-82175275', '4/11/2031', 'CUST-M1102', 'PROJ-00212'),
  ('AST-00746', 'Analytics Add-on', 'SN-50370025', '20301103', 'CUST-M1096', 'PROJ-00293'),
  ('AST-00747', 'Data Connector', 'SN-62537592', '5/11/2029', 'CUST-M1081_DUP', 'PROJ-00093'),
  ('AST-00748', 'API Bundle', 'SN-40878917', '20300716', 'MISSING-9679', 'PROJ-00027'),
  ('AST-00749', 'CRM Seat', 'SN-91566281', '2029-09-04', 'CUST-M1129', 'PROJ-00239'),
  ('AST-00750', 'Support Package', 'SN-23220089', '23.10.2028', 'CUST-M1008', 'PROJ-00214'),
  ('AST-00751', 'Support Package', 'SN-92747018', '2029-08-17', 'CUST-M1027', 'PROJ-00003'),
  ('AST-00752', 'API Bundle', 'SN-24923171', '08.07.2028', 'CUST-M1061', 'PROJ-00308'),
  ('AST-00753', 'Mobile App', 'SN-94420385', '2028-03-01', 'CUST-M1126', 'PROJ-00021'),
  ('AST-00754', 'Support Package', 'SN-13999841', '05.09.2027', 'CUST-M1169', 'PROJ-00030'),
  ('AST-00755', 'CRM Seat', 'SN-36192625', '2031-06-25', 'CUST-M1004', 'PROJ-00268'),
  ('AST-00756', 'Mobile App', 'SN-44654446', '12/19/2027', 'CUST-M1103', 'PROJ-00196'),
  ('AST-00757', 'Mobile App', 'SN-92110434', '4/29/2030', 'CUST-M1067', 'PROJ-00267'),
  ('AST-00758', 'API Bundle', 'SN-98297501', 'N/A', 'MISSING-9404', 'PROJ-00286'),
  ('AST-00759', 'Support Package', 'SN-11471306', '4/12/2028', 'CUST-M1110', 'PROJ-00259'),
  ('AST-00760', 'Analytics Add-on', 'SN-70870008', '7/19/2027', 'CUST-M1194', 'PROJ-00236'),
  ('AST-00761', 'Mobile App', 'SN-39554021', '0000-00-00', 'MISSING-9790', 'PROJ-00134'),
  ('AST-00762', 'API Bundle', 'SN-95830540', '20290117', 'CUST-M1052', 'PROJ-00257'),
  ('AST-00763', 'Mobile App', 'SN-36478486', '4/5/2029', 'CUST-M1128', 'PROJ-00315'),
  ('AST-00764', 'API Bundle', 'SN-48147084', '22.12.2029', 'CUST-M1056', 'PROJ-00224'),
  ('AST-00765', 'Mobile App', 'SN-53406114', '2029-10-24', 'CUST-M1071', 'PROJ-00241'),
  ('AST-00766', 'Mobile App', 'SN-84717288', NULL, 'CUST-M1189', 'PROJ-00080'),
  ('AST-00767', 'API Bundle', 'SN-31838812', '2028-08-31', 'CUST-M1050', 'PROJ-00192'),
  ('AST-00768', 'Mobile App', 'SN-45610006', '7/4/2027', 'CUST-M1117', 'PROJ-00022'),
  ('AST-00769', 'Data Connector', 'SN-80755711', 'N/A', 'CUST-M1060', 'PROJ-00046'),
  ('AST-00770', 'Analytics Add-on', 'SN-38008665', '20300813', 'CUST-M1151', 'PROJ-00015'),
  ('AST-00771', 'Analytics Add-on', 'SN-32500584', '2028-03-26', 'CUST-M1024', 'PROJ-M-99504'),
  ('AST-00772', 'Analytics Add-on', 'SN-79774939', '4/26/2028', 'CUST-M1084', 'PROJ-00022'),
  ('AST-00773', 'CRM Seat', 'SN-59518901', NULL, 'CUST-M1039', 'PROJ-00295'),
  ('AST-00774', 'API Bundle', 'SN-91189482', '0000-00-00', 'CUST-M1110', 'PROJ-00121'),
  ('AST-00775', 'CRM Seat', 'SN-65691377', '7/9/2027', 'CUST-M1020', 'PROJ-00213'),
  ('AST-00776', 'Mobile App', 'SN-38465224', '4/18/2030', 'MISSING-9514', 'PROJ-00295'),
  ('AST-00777', 'CRM Seat', 'SN-55913944', '12.07.2027', 'CUST-M1073', 'PROJ-M-99971'),
  ('AST-00778', 'API Bundle', 'SN-55788268', '20290705', 'CUST-M1094', 'PROJ-M-99137'),
  ('AST-00779', 'CRM Seat', 'SN-30464221', NULL, 'CUST-M1163_DUP', 'PROJ-00256'),
  ('AST-00780', 'Analytics Add-on', 'SN-79837082', '6/11/2028', 'CUST-M1121', 'PROJ-00114'),
  ('AST-00781', 'CRM Seat', 'SN-59268925', '28.04.2031', 'CUST-M1188', 'PROJ-M-99372'),
  ('AST-00782', 'Data Connector', 'SN-74636583', '2027-08-27', 'CUST-M1156', 'PROJ-00141'),
  ('AST-00783', 'Support Package', 'SN-23257769', '2031-02-23', 'CUST-M1102', 'PROJ-00291'),
  ('AST-00784', 'API Bundle', 'SN-57505740', '1/30/2028', 'CUST-M1036', 'PROJ-00173'),
  ('AST-00785', 'Support Package', 'SN-49705042', '30.04.2030', 'CUST-M1023', 'PROJ-00229'),
  ('AST-00786', 'Mobile App', 'SN-47918712', '04.10.2030', 'CUST-M1011', 'PROJ-00266'),
  ('AST-00787', 'Mobile App', 'SN-92725044', 'N/A', 'CUST-M1067', 'PROJ-00122'),
  ('AST-00788', 'Data Connector', 'SN-97379460', '3/23/2029', 'CUST-M1120', 'PROJ-00158'),
  ('AST-00789', 'API Bundle', 'SN-30686541', '17.04.2028', 'CUST-M1178_DUP', 'PROJ-M-99061'),
  ('AST-00790', 'CRM Seat', 'SN-87888240', '20291105', 'CUST-M1121', 'PROJ-00288'),
  ('AST-00791', 'Support Package', 'SN-97596665', '2027-09-25', 'CUST-M1099', 'PROJ-00072'),
  ('AST-00792', 'Support Package', 'SN-59862182', '27.05.2028', 'CUST-M1018', 'PROJ-00272'),
  ('AST-00793', 'Mobile App', 'SN-90637664', '20270815', 'CUST-M1099', 'PROJ-00082'),
  ('AST-00794', 'Support Package', 'SN-26941245', '2028-10-17', 'CUST-M1196', 'PROJ-00273'),
  ('AST-00795', 'CRM Seat', 'SN-34100383', '2029-10-27', 'CUST-M1144', 'PROJ-00049'),
  ('AST-00796', 'Analytics Add-on', 'SN-41153390', '20290921', 'CUST-M1175', 'PROJ-00270'),
  ('AST-00797', 'CRM Seat', 'SN-74371596', '20301223', 'CUST-M1031', 'PROJ-00100'),
  ('AST-00798', 'Data Connector', 'SN-98313332', '29.02.2028', 'CUST-M1161', 'PROJ-00291'),
  ('AST-00799', 'API Bundle', 'SN-40193369', '0000-00-00', 'CUST-M1094', 'PROJ-00267'),
  ('AST-00800', 'Mobile App', 'SN-89199802', '19.05.2028', 'CUST-M1129', 'PROJ-00227');
